,grid_supply_Home_1,household_demand_Home_1,pv_Home_1,pv_feedin_Home_1,pv_selfuse_Home_1,pv_to_home_Home_1,home_battery_BAT1_soc_kWh,wallbox_charge_golf_0,wallbox_discharge_golf_0,pv_direct_wallbox_golf_0,pv_direct_battery_BAT1,grid_price_ct_Home_1,battery_charge_BAT1,battery_discharge_BAT1
2023-04-01 00:00:00+02:00,0.53626667,0.5362666666666667,0.0,0.0,0.0,0.0,0.0,0.0,0.0,0.0,0.0,37.01376,0.0,0.0
2023-04-01 00:15:00+02:00,0.51666667,0.5166666666666666,0.0,0.0,0.0,0.0,0.0,0.0,0.0,0.0,0.0,37.01376,0.0,0.0
2023-04-01 00:30:00+02:00,0.49613333,0.4961333333333333,0.0,0.0,0.0,0.0,0.0,0.0,0.0,0.0,0.0,37.01376,0.0,0.0
2023-04-01 00:45:00+02:00,0.5868,0.5868,0.0,0.0,0.0,0.0,0.0,0.0,0.0,0.0,0.0,37.01376,0.0,0.0
2023-04-01 01:00:00+02:00,0.54926667,0.5492666666666667,0.0,0.0,0.0,0.0,0.0,0.0,0.0,0.0,0.0,37.01376,0.0,0.0
2023-04-01 01:15:00+02:00,0.6108,0.6108,0.0,0.0,0.0,0.0,0.0,0.0,0.0,0.0,0.0,37.01376,0.0,0.0
2023-04-01 01:30:00+02:00,0.54706667,0.5470666666666667,0.0,0.0,0.0,0.0,0.0,0.0,0.0,0.0,0.0,37.01376,0.0,0.0
2023-04-01 01:45:00+02:00,0.3146,0.3146,0.0,0.0,0.0,0.0,0.0,0.0,0.0,0.0,0.0,37.01376,0.0,0.0
2023-04-01 02:00:00+02:00,0.29586667,0.2958666666666666,0.0,0.0,0.0,0.0,0.0,0.0,0.0,0.0,0.0,37.01376,0.0,0.0
2023-04-01 02:15:00+02:00,0.28606667,0.2860666666666666,0.0,0.0,0.0,0.0,0.0,0.0,0.0,0.0,0.0,37.01376,0.0,0.0
2023-04-01 02:30:00+02:00,0.41493333,0.4149333333333333,0.0,0.0,0.0,0.0,0.0,0.0,0.0,0.0,0.0,37.01376,0.0,0.0
2023-04-01 02:45:00+02:00,0.28066667,0.2806666666666667,0.0,0.0,0.0,0.0,0.0,0.0,0.0,0.0,0.0,37.01376,0.0,0.0
2023-04-01 03:00:00+02:00,0.3952,0.3952,0.0,0.0,0.0,0.0,0.0,0.0,0.0,0.0,0.0,37.01376,0.0,0.0
2023-04-01 03:15:00+02:00,0.412,0.412,0.0,0.0,0.0,0.0,0.0,0.0,0.0,0.0,0.0,37.01376,0.0,0.0
2023-04-01 03:30:00+02:00,0.43313333,0.4331333333333333,0.0,0.0,0.0,0.0,0.0,0.0,0.0,0.0,0.0,37.01376,0.0,0.0
2023-04-01 03:45:00+02:00,0.49193333,0.4919333333333333,0.0,0.0,0.0,0.0,0.0,0.0,0.0,0.0,0.0,37.01376,0.0,0.0
2023-04-01 04:00:00+02:00,0.5286,0.5286000000000001,0.0,0.0,0.0,0.0,0.0,0.0,0.0,0.0,0.0,37.01376,0.0,0.0
2023-04-01 04:15:00+02:00,0.3964,0.3964,0.0,0.0,0.0,0.0,0.0,0.0,0.0,0.0,0.0,37.01376,0.0,0.0
2023-04-01 04:30:00+02:00,0.26586667,0.2658666666666667,0.0,0.0,0.0,0.0,0.0,0.0,0.0,0.0,0.0,37.01376,0.0,0.0
2023-04-01 04:45:00+02:00,0.29733333,0.2973333333333333,0.0,0.0,0.0,0.0,0.0,0.0,0.0,0.0,0.0,37.01376,0.0,0.0
2023-04-01 05:00:00+02:00,0.2428,0.2428,0.0,0.0,0.0,0.0,0.0,0.0,0.0,0.0,0.0,37.01376,0.0,0.0
2023-04-01 05:15:00+02:00,0.2698,0.2698,0.0,0.0,0.0,0.0,0.0,0.0,0.0,0.0,0.0,37.01376,0.0,0.0
2023-04-01 05:30:00+02:00,0.2766,0.2766,0.0,0.0,0.0,0.0,0.0,0.0,0.0,0.0,0.0,37.01376,0.0,0.0
2023-04-01 05:45:00+02:00,0.27206667,0.2720666666666667,0.0,0.0,0.0,0.0,0.0,0.0,0.0,0.0,0.0,37.01376,0.0,0.0
2023-04-01 06:00:00+02:00,0.3336,0.3336,0.0,0.0,0.0,0.0,0.0,0.0,0.0,0.0,0.0,37.01376,0.0,0.0
2023-04-01 06:15:00+02:00,0.64826667,0.6482666666666667,0.0,0.0,0.0,0.0,0.0,0.0,0.0,0.0,0.0,37.01376,0.0,0.0
2023-04-01 06:30:00+02:00,0.6214,0.6214,0.0,0.0,0.0,0.0,0.0,0.0,0.0,0.0,0.0,37.01376,0.0,0.0
2023-04-01 06:45:00+02:00,0.850915,0.9489333333333332,0.098018333309738,0.0,0.098018333,0.098018333,0.0,0.0,0.0,0.0,0.0,37.01376,0.0,0.0
2023-04-01 07:00:00+02:00,0.0,0.3142,0.4200585181783678,0.0,0.42005852,0.3142,0.0,0.10585852,0.0,0.10585852,0.0,37.01376,0.0,0.0
2023-04-01 07:15:00+02:00,0.0,0.3347333333333333,0.9650491955348646,0.0,0.9650492,0.33473333,0.0,0.63031586,0.0,0.63031586,0.0,37.01376,0.0,0.0
2023-04-01 07:30:00+02:00,0.0,0.5433333333333333,1.7379187380240404,0.0,1.7379187,0.54333333,0.0,1.1945854,0.0,1.1945854,0.0,37.01376,0.0,0.0
2023-04-01 07:45:00+02:00,0.0,0.2204,2.0094733172669543,0.0,2.0094733,0.2204,0.0,1.7890733,0.0,1.7890733,0.0,37.01376,0.0,0.0
2023-04-01 08:00:00+02:00,0.0,0.2299333333333333,2.432789227642606,0.0,2.4327892,0.22993333,0.0,2.2028559,0.0,2.2028559,0.0,37.01376,0.0,0.0
2023-04-01 08:15:00+02:00,0.0,0.2186,2.999470322438467,0.0,2.9994703,0.2186,0.0,2.7808703,0.0,2.7808703,0.0,37.01376,0.0,0.0
2023-04-01 08:30:00+02:00,0.0,0.2441333333333333,3.5409867712714727,0.0,3.5409868,0.24413333,0.0,3.2968534,0.0,3.2968534,0.0,37.01376,0.0,0.0
2023-04-01 08:45:00+02:00,0.0,0.2842,4.111991931388562,0.0,4.1119919,0.2842,0.0,3.8277919,0.0,3.8277919,0.0,37.01376,0.0,0.0
2023-04-01 09:00:00+02:00,0.0,0.2615333333333333,4.624713008021607,4.3631797,0.26153333,0.26153333,0.0,0.0,0.0,0.0,0.0,37.01376,0.0,0.0
2023-04-01 09:15:00+02:00,0.0,0.3097333333333333,5.131986475052383,4.8222531,0.30973333,0.30973333,0.0,0.0,0.0,0.0,0.0,37.01376,0.0,0.0
2023-04-01 09:30:00+02:00,0.0,0.2218666666666666,5.599192792406604,5.3773261,0.22186667,0.22186667,0.0,0.0,0.0,0.0,0.0,37.01376,0.0,0.0
2023-04-01 09:45:00+02:00,0.0,0.2339333333333333,5.832780923708028,5.5988476,0.23393333,0.23393333,0.0,0.0,0.0,0.0,0.0,37.01376,0.0,0.0
2023-04-01 10:00:00+02:00,0.0,0.2366666666666666,6.364978128950494,6.1283115,0.23666667,0.23666667,0.0,0.0,0.0,0.0,0.0,37.01376,0.0,0.0
2023-04-01 10:15:00+02:00,0.0,0.2170666666666666,6.79306078192168,6.5759941,0.21706667,0.21706667,0.0,0.0,0.0,0.0,0.0,37.01376,0.0,0.0
2023-04-01 10:30:00+02:00,0.0,0.2246,7.163887367742459,6.9392874,0.2246,0.2246,0.0,0.0,0.0,0.0,0.0,37.01376,0.0,0.0
2023-04-01 10:45:00+02:00,0.0,0.2010666666666666,7.453793283393644,7.2527266,0.20106667,0.20106667,0.0,0.0,0.0,0.0,0.0,37.01376,0.0,0.0
2023-04-01 11:00:00+02:00,0.0,0.2656,8.25119803104356,7.985598,0.2656,0.2656,0.0,0.0,0.0,0.0,0.0,37.01376,0.0,0.0
2023-04-01 11:15:00+02:00,0.0,0.3348,7.489499264006421,7.1546993,0.3348,0.3348,0.0,0.0,0.0,0.0,0.0,37.01376,0.0,0.0
2023-04-01 11:30:00+02:00,0.0,0.4716666666666667,5.562325120191155,5.0906585,0.47166667,0.47166667,0.0,0.0,0.0,0.0,0.0,37.01376,0.0,0.0
2023-04-01 11:45:00+02:00,0.0,0.3776,5.284319163492619,4.9067192,0.3776,0.3776,0.0,0.0,0.0,0.0,0.0,37.01376,0.0,0.0
2023-04-01 12:00:00+02:00,0.0,0.3963333333333333,8.142618030175436,7.7462847,0.39633333,0.39633333,0.0,0.0,0.0,0.0,0.0,37.01376,0.0,0.0
2023-04-01 12:15:00+02:00,0.0,0.4289333333333333,7.282191219295106,6.8532579,0.42893333,0.42893333,0.0,0.0,0.0,0.0,0.0,37.01376,0.0,0.0
2023-04-01 12:30:00+02:00,0.0,0.3085333333333334,5.409427963934096,5.1008946,0.30853333,0.30853333,0.0,0.0,0.0,0.0,0.0,37.01376,0.0,0.0
2023-04-01 12:45:00+02:00,0.0,0.4350666666666666,9.423330718620273,8.9882641,0.43506667,0.43506667,0.0,0.0,0.0,0.0,0.0,37.01376,0.0,0.0
2023-04-01 13:00:00+02:00,0.0,0.3654,4.135518185203177,3.7701182,0.3654,0.3654,0.0,0.0,0.0,0.0,0.0,37.01376,0.0,0.0
2023-04-01 13:15:00+02:00,0.0,0.3253333333333333,7.358863138219714,7.0335298,0.32533333,0.32533333,0.0,0.0,0.0,0.0,0.0,37.01376,0.0,0.0
2023-04-01 13:30:00+02:00,0.0,0.3209333333333333,7.299042527153108,2.7106445,4.588398,0.32093333,0.0,0.0,0.0,0.0,4.2674647,37.01376,4.2674647,0.0
2023-04-01 13:45:00+02:00,0.0,0.4868666666666666,6.626088271897668,1.1392216,5.4868667,0.48686667,1.0135229,0.0,0.0,0.0,5.0,37.01376,5.0,0.0
2023-04-01 14:00:00+02:00,0.0,0.5639333333333333,5.543819880700285,0.0,5.5438199,0.56393333,2.2010229,0.0,0.0,0.0,4.9798865,37.01376,4.9798865,0.0
2023-04-01 14:15:00+02:00,0.0,0.5832,3.8723322630206303,0.0,3.8723323,0.5832,3.3837459,0.0,0.0,0.0,3.2891323,37.01376,3.2891323,0.0
2023-04-01 14:30:00+02:00,0.0,0.4923333333333333,3.8331335304489658,0.0,3.8331335,0.49233333,4.1649148,0.0,0.0,0.0,3.3408002,37.01376,3.3408002,0.0
2023-04-01 14:45:00+02:00,0.0,0.3162,3.014109232463777,0.0,3.0141092,0.3162,4.9583549,0.0,0.0,0.0,2.6979092,37.01376,2.6979092,0.0
2023-04-01 15:00:00+02:00,0.0,0.3722,4.711386005177781,0.0,4.711386,0.3722,5.5991083,0.0,0.0,0.0,4.339186,37.01376,4.339186,0.0
2023-04-01 15:15:00+02:00,0.0,0.4254,2.178266691672736,0.0,2.1782667,0.4254,6.629665,0.0,0.0,0.0,1.7528667,37.01376,1.7528667,0.0
2023-04-01 15:30:00+02:00,0.0,0.4108666666666666,4.082972708449195,0.0,4.0829727,0.41086667,7.0459708,0.0,0.0,0.0,3.672106,37.01376,3.672106,0.0
2023-04-01 15:45:00+02:00,0.0,0.3414666666666666,3.930137339436366,0.0,3.9301373,0.34146667,7.918096,0.0,0.0,0.0,3.5886707,37.01376,3.5886707,0.0
2023-04-01 16:00:00+02:00,0.0,0.3258,2.451070492254362,0.0,2.4510705,0.3258,8.7704053,0.0,0.0,0.0,2.1252705,37.01376,2.1252705,0.0
2023-04-01 16:15:00+02:00,0.0,0.3289333333333333,1.4219649323404324,0.0,1.4219649,0.32893333,9.275157,0.0,0.0,0.0,1.0930316,37.01376,1.0930316,0.0
2023-04-01 16:30:00+02:00,0.0,0.4319333333333333,2.3908720933555774,0.0,2.3908721,0.43193333,9.534752,0.0,0.0,0.0,1.9589388,37.01376,1.9589388,0.0
2023-04-01 16:45:00+02:00,0.0,1.3330666666666666,1.026469401633389,0.0,1.0264694,1.0264694,10.0,0.0,0.0,0.0,0.0,37.01376,0.0,0.30659727
2023-04-01 17:00:00+02:00,0.0,1.1170666666666669,1.2044864001932811,0.0,1.2044864,1.1170667,9.9193165,0.0,0.0,0.0,0.087419734,37.01376,0.087419734,0.0
2023-04-01 17:15:00+02:00,0.0,0.8002666666666667,0.3892576048390268,0.0,0.3892576,0.3892576,9.9400787,0.0,0.0,0.0,0.0,37.01376,0.0,0.41100906
2023-04-01 17:30:00+02:00,0.0,2.0060666666666664,0.0793366582688495,0.0,0.079336658,0.079336658,9.8319184,0.0,0.0,0.0,0.0,37.01376,0.0,1.92673
2023-04-01 17:45:00+02:00,0.0,1.0216666666666667,0.0,0.0,0.0,0.0,9.3248842,0.0,0.0,0.0,0.0,37.01376,0.0,1.0216667
2023-04-01 18:00:00+02:00,0.0,1.2428,0.0,0.0,0.0,0.0,9.0560246,0.0,0.0,0.0,0.0,37.01376,0.0,1.2428
2023-04-01 18:15:00+02:00,0.0,0.5664666666666667,0.0,0.0,0.0,0.0,8.7289719,0.0,0.0,0.0,0.0,37.01376,0.0,0.56646667
2023-04-01 18:30:00+02:00,0.0,0.6447999999999999,0.0,0.0,0.0,0.0,8.5799017,0.0,0.0,0.0,0.0,37.01376,0.0,0.6448
2023-04-01 18:45:00+02:00,0.0,0.7944,0.0,0.0,0.0,0.0,8.4102175,0.0,0.0,0.0,0.0,37.01376,0.0,0.7944
2023-04-01 19:00:00+02:00,0.0,2.2606,0.0,0.0,0.0,0.0,8.2011649,0.0,0.0,0.0,0.0,37.01376,0.0,2.2606
2023-04-01 19:15:00+02:00,0.0,1.0639333333333334,0.0,0.0,0.0,0.0,7.6062702,0.0,0.0,0.0,0.0,37.01376,0.0,1.0639333
2023-04-01 19:30:00+02:00,0.0,0.6828,0.0,0.0,0.0,0.0,7.3262877,0.0,0.0,0.0,0.0,37.01376,0.0,0.6828
2023-04-01 19:45:00+02:00,0.0,0.5764666666666667,0.0,0.0,0.0,0.0,7.1466035,0.0,0.0,0.0,0.0,37.01376,0.0,0.57646667
2023-04-01 20:00:00+02:00,0.0,0.6073333333333334,0.0,0.0,0.0,0.0,6.9949017,0.0,0.0,0.0,0.0,18.15226,0.0,0.60733333
2023-04-01 20:15:00+02:00,0.0,0.6696,0.0,0.0,0.0,0.0,6.8350772,0.0,0.0,0.0,0.0,18.15226,0.0,0.6696
2023-04-01 20:30:00+02:00,0.0,3.188333333333333,0.0,0.0,0.0,0.0,6.6588667,0.0,0.0,0.0,0.0,18.15226,0.0,3.1883333
2023-04-01 20:45:00+02:00,0.0,3.3054,0.0,0.0,0.0,0.0,5.8198316,0.0,0.0,0.0,0.0,18.15226,0.0,3.3054
2023-04-01 21:00:00+02:00,1.0835297,1.3298666666666663,0.0,0.0,0.0,0.0,4.9499895,0.0,0.0,0.0,0.0,18.15226,0.0,0.24633693
2023-04-01 21:15:00+02:00,0.8348,0.8348,0.0,0.0,0.0,0.0,4.885164,0.0,0.0,0.0,0.0,18.15226,0.0,0.0
2023-04-01 21:30:00+02:00,0.39326667,0.3932666666666666,0.0,0.0,0.0,0.0,4.885164,0.0,0.0,0.0,0.0,18.15226,0.0,0.0
2023-04-01 21:45:00+02:00,0.4984,0.4983999999999999,0.0,0.0,0.0,0.0,4.885164,0.0,0.0,0.0,0.0,18.15226,0.0,0.0
2023-04-01 22:00:00+02:00,0.34046667,0.3404666666666666,0.0,0.0,0.0,0.0,4.885164,0.0,0.0,0.0,0.0,18.15226,0.0,0.0
2023-04-01 22:15:00+02:00,0.39573333,0.3957333333333333,0.0,0.0,0.0,0.0,4.885164,0.0,0.0,0.0,0.0,18.15226,0.0,0.0
2023-04-01 22:30:00+02:00,0.44453333,0.4445333333333333,0.0,0.0,0.0,0.0,4.885164,0.0,0.0,0.0,0.0,18.15226,0.0,0.0
2023-04-01 22:45:00+02:00,0.45386667,0.4538666666666667,0.0,0.0,0.0,0.0,4.885164,0.0,0.0,0.0,0.0,18.15226,0.0,0.0
2023-04-01 23:00:00+02:00,0.41313333,0.4131333333333333,0.0,0.0,0.0,0.0,4.885164,0.0,0.0,0.0,0.0,18.15226,0.0,0.0
2023-04-01 23:15:00+02:00,0.38793333,0.3879333333333333,0.0,0.0,0.0,0.0,4.885164,0.0,0.0,0.0,0.0,18.15226,0.0,0.0
2023-04-01 23:30:00+02:00,0.3928,0.3928,0.0,0.0,0.0,0.0,4.885164,0.0,0.0,0.0,0.0,18.15226,0.0,0.0
2023-04-01 23:45:00+02:00,0.36326667,0.3632666666666666,0.0,0.0,0.0,0.0,4.885164,0.0,0.0,0.0,0.0,18.15226,0.0,0.0
2023-04-02 00:00:00+02:00,0.43933333,0.4393333333333333,0.0,0.0,0.0,0.0,4.885164,0.0,0.0,0.0,0.0,18.15226,0.0,0.0
2023-04-02 00:15:00+02:00,0.434,0.434,0.0,0.0,0.0,0.0,4.885164,0.0,0.0,0.0,0.0,18.15226,0.0,0.0
2023-04-02 00:30:00+02:00,0.66546667,0.6654666666666667,0.0,0.0,0.0,0.0,4.885164,0.0,0.0,0.0,0.0,18.15226,0.0,0.0
2023-04-02 00:45:00+02:00,1.0019333,1.0019333333333331,0.0,0.0,0.0,0.0,4.885164,0.0,0.0,0.0,0.0,18.15226,0.0,0.0
2023-04-02 01:00:00+02:00,2.2902667,2.2902666666666667,0.0,0.0,0.0,0.0,4.885164,0.0,0.0,0.0,0.0,18.15226,0.0,0.0
2023-04-02 01:15:00+02:00,2.3268667,2.326866666666666,0.0,0.0,0.0,0.0,4.885164,0.0,0.0,0.0,0.0,18.15226,0.0,0.0
2023-04-02 01:30:00+02:00,2.3290667,2.3290666666666664,0.0,0.0,0.0,0.0,4.885164,0.0,0.0,0.0,0.0,18.15226,0.0,0.0
2023-04-02 01:45:00+02:00,2.3022,2.3022,0.0,0.0,0.0,0.0,4.885164,0.0,0.0,0.0,0.0,18.15226,0.0,0.0
2023-04-02 02:00:00+02:00,0.57726667,0.5772666666666667,0.0,0.0,0.0,0.0,4.885164,0.0,0.0,0.0,0.0,18.15226,0.0,0.0
2023-04-02 02:15:00+02:00,0.45866667,0.4586666666666666,0.0,0.0,0.0,0.0,4.885164,0.0,0.0,0.0,0.0,18.15226,0.0,0.0
2023-04-02 02:30:00+02:00,0.3212,0.3212,0.0,0.0,0.0,0.0,4.885164,0.0,0.0,0.0,0.0,18.15226,0.0,0.0
2023-04-02 02:45:00+02:00,0.32186667,0.3218666666666667,0.0,0.0,0.0,0.0,4.885164,0.0,0.0,0.0,0.0,18.15226,0.0,0.0
2023-04-02 03:00:00+02:00,0.29053333,0.2905333333333333,0.0,0.0,0.0,0.0,4.885164,0.0,0.0,0.0,0.0,18.15226,0.0,0.0
2023-04-02 03:15:00+02:00,0.30653333,0.3065333333333334,0.0,0.0,0.0,0.0,4.885164,0.0,0.0,0.0,0.0,18.15226,0.0,0.0
2023-04-02 03:30:00+02:00,0.3164,0.3163999999999999,0.0,0.0,0.0,0.0,4.885164,0.0,0.0,0.0,0.0,18.15226,0.0,0.0
2023-04-02 03:45:00+02:00,0.38766667,0.3876666666666666,0.0,0.0,0.0,0.0,4.885164,0.0,0.0,0.0,0.0,18.15226,0.0,0.0
2023-04-02 04:00:00+02:00,0.40073333,0.4007333333333333,0.0,0.0,0.0,0.0,4.885164,0.0,0.0,0.0,0.0,18.15226,0.0,0.0
2023-04-02 04:15:00+02:00,0.334,0.334,0.0,0.0,0.0,0.0,4.885164,0.0,0.0,0.0,0.0,18.15226,0.0,0.0
2023-04-02 04:30:00+02:00,0.33606667,0.3360666666666667,0.0,0.0,0.0,0.0,4.885164,0.0,0.0,0.0,0.0,18.15226,0.0,0.0
2023-04-02 04:45:00+02:00,0.26173333,0.2617333333333334,0.0,0.0,0.0,0.0,4.885164,0.0,0.0,0.0,0.0,18.15226,0.0,0.0
2023-04-02 05:00:00+02:00,0.31066667,0.3106666666666667,0.0,0.0,0.0,0.0,4.885164,0.0,0.0,0.0,0.0,18.15226,0.0,0.0
2023-04-02 05:15:00+02:00,0.30593333,0.3059333333333333,0.0,0.0,0.0,0.0,4.885164,0.0,0.0,0.0,0.0,18.15226,0.0,0.0
2023-04-02 05:30:00+02:00,0.37833333,0.3783333333333333,0.0,0.0,0.0,0.0,4.885164,0.0,0.0,0.0,0.0,18.15226,0.0,0.0
2023-04-02 05:45:00+02:00,0.31246667,0.3124666666666666,0.0,0.0,0.0,0.0,4.885164,0.0,0.0,0.0,0.0,18.15226,0.0,0.0
2023-04-02 06:00:00+02:00,0.0,0.2897333333333333,0.0,0.0,0.0,0.0,4.885164,0.0,0.0,0.0,0.0,39.806689999999996,0.0,0.28973333
2023-04-02 06:15:00+02:00,0.0,0.311,0.0,0.0,0.0,0.0,4.8089183,0.0,0.0,0.0,0.0,39.806689999999996,0.0,0.311
2023-04-02 06:30:00+02:00,0.0,0.349,0.0,0.0,0.0,0.0,4.7270762,0.0,0.0,0.0,0.0,39.806689999999996,0.0,0.349
2023-04-02 06:45:00+02:00,0.0,0.4259333333333333,0.0007805452761201,0.0,0.00078054528,0.0,4.6352341,2.1887369,0.0,0.00078054528,0.0,39.806689999999996,0.0,2.6138897
2023-04-02 07:00:00+02:00,0.0,0.3406666666666667,0.0875278969892984,0.0,0.087527897,0.0,3.9473684,4.7468612,0.0,0.087527897,0.0,39.806689999999996,0.0,5.0
2023-04-02 07:15:00+02:00,0.0,0.344,0.1887230714507171,0.0,0.18872307,0.0,2.6315789,4.8447231,0.0,0.18872307,0.0,39.806689999999996,0.0,5.0
2023-04-02 07:30:00+02:00,0.0,0.3466666666666667,0.3777495025909737,0.0,0.3777495,0.0,1.3157895,5.0310828,0.0,0.3777495,0.0,39.806689999999996,0.0,5.0
2023-04-02 07:45:00+02:00,0.0,0.2455333333333333,0.6308624954920895,0.0,0.6308625,0.24553333,0.0,0.38532916,0.0,0.38532916,0.0,39.806689999999996,0.0,0.0
2023-04-02 08:00:00+02:00,0.0,0.2231333333333333,0.8797741423165492,0.19540212,0.68437202,0.22313333,0.0,0.0,0.0,0.0,0.46123868,39.806689999999996,0.46123868,0.0
2023-04-02 08:15:00+02:00,0.0,1.6042666666666667,1.1879987536766785,0.0,1.1879988,1.1879988,0.10954419,0.0,0.0,0.0,0.0,39.806689999999996,0.0,0.41626791
2023-04-02 08:30:00+02:00,0.0,1.0782,1.0978738437010076,0.019673844,1.0782,1.0782,0.0,0.0,0.0,0.0,0.0,39.806689999999996,0.0,0.0
2023-04-02 08:45:00+02:00,0.0,0.578,1.1985082035099135,0.6205082,0.578,0.578,0.0,0.0,0.0,0.0,0.0,39.806689999999996,0.0,0.0
2023-04-02 09:00:00+02:00,0.0,0.3315333333333333,1.1893653460039093,0.85783201,0.33153333,0.33153333,0.0,0.0,0.0,0.0,0.0,39.806689999999996,0.0,0.0
2023-04-02 09:15:00+02:00,0.0,0.3245333333333333,1.364243562955545,1.0397102,0.32453333,0.32453333,0.0,0.0,0.0,0.0,0.0,39.806689999999996,0.0,0.0
2023-04-02 09:30:00+02:00,0.0,0.8779333333333332,1.7954009977583378,0.91746766,0.87793333,0.87793333,0.0,0.0,0.0,0.0,0.0,39.806689999999996,0.0,0.0
2023-04-02 09:45:00+02:00,0.0,0.7502666666666666,1.723504690772941,0.97323802,0.75026667,0.75026667,0.0,0.0,0.0,0.0,0.0,39.806689999999996,0.0,0.0
2023-04-02 10:00:00+02:00,0.0,0.286,2.346847177668267,2.0608472,0.286,0.286,0.0,0.0,0.0,0.0,0.0,39.806689999999996,0.0,0.0
2023-04-02 10:15:00+02:00,0.0,0.2211999999999999,2.53696621635408,2.3157662,0.2212,0.2212,0.0,0.0,0.0,0.0,0.0,39.806689999999996,0.0,0.0
2023-04-02 10:30:00+02:00,0.0,0.9442,4.902212436645188,3.9580124,0.9442,0.9442,0.0,0.0,0.0,0.0,0.0,39.806689999999996,0.0,0.0
2023-04-02 10:45:00+02:00,0.0,0.3021999999999999,5.951284610487236,5.6490846,0.3022,0.3022,0.0,0.0,0.0,0.0,0.0,39.806689999999996,0.0,0.0
2023-04-02 11:00:00+02:00,0.0,3.097066666666666,5.8130968949579644,2.7160302,3.0970667,3.0970667,0.0,0.0,0.0,0.0,0.0,39.806689999999996,0.0,0.0
2023-04-02 11:15:00+02:00,0.0,3.7602,7.666241221472733,3.9060412,3.7602,3.7602,0.0,0.0,0.0,0.0,0.0,39.806689999999996,0.0,0.0
2023-04-02 11:30:00+02:00,0.0,0.5610666666666667,7.880392850338799,7.3193262,0.56106667,0.56106667,0.0,0.0,0.0,0.0,0.0,39.806689999999996,0.0,0.0
2023-04-02 11:45:00+02:00,0.0,0.7362000000000001,8.149628647455485,7.4134286,0.7362,0.7362,0.0,0.0,0.0,0.0,0.0,39.806689999999996,0.0,0.0
2023-04-02 12:00:00+02:00,0.0,0.5349333333333333,8.239494689051856,7.7045614,0.53493333,0.53493333,0.0,0.0,0.0,0.0,0.0,39.806689999999996,0.0,0.0
2023-04-02 12:15:00+02:00,0.0,0.6018,8.239310346186569,7.6375103,0.6018,0.6018,0.0,0.0,0.0,0.0,0.0,39.806689999999996,0.0,0.0
2023-04-02 12:30:00+02:00,0.0,0.5392666666666667,8.336740944110904,7.7974743,0.53926667,0.53926667,0.0,0.0,0.0,0.0,0.0,39.806689999999996,0.0,0.0
2023-04-02 12:45:00+02:00,0.0,0.2907333333333333,8.324913282573318,8.0341799,0.29073333,0.29073333,0.0,0.0,0.0,0.0,0.0,39.806689999999996,0.0,0.0
2023-04-02 13:00:00+02:00,0.0,0.2748,8.306890494209288,7.3801192,0.92677128,0.2748,0.0,0.0,0.0,0.0,0.65197128,39.806689999999996,0.65197128,0.0
2023-04-02 13:15:00+02:00,0.0,0.3176666666666667,8.190440659396952,2.872774,5.3176667,0.31766667,0.15484318,0.0,0.0,0.0,5.0,39.806689999999996,5.0,0.0
2023-04-02 13:30:00+02:00,0.0,0.2800666666666667,8.125900904737733,2.8458342,5.2800667,0.28006667,1.3423432,0.0,0.0,0.0,5.0,39.806689999999996,5.0,0.0
2023-04-02 13:45:00+02:00,0.0,0.1234,7.945620841689023,2.8222208,5.1234,0.1234,2.5298432,0.0,0.0,0.0,5.0,39.806689999999996,5.0,0.0
2023-04-02 14:00:00+02:00,0.0,0.1688,7.653443822658263,2.4846438,5.1688,0.1688,3.7173432,0.0,0.0,0.0,5.0,39.806689999999996,5.0,0.0
2023-04-02 14:15:00+02:00,0.0,0.1290666666666666,7.356932936264859,2.2278663,5.1290667,0.12906667,4.9048432,0.0,0.0,0.0,5.0,39.806689999999996,5.0,0.0
2023-04-02 14:30:00+02:00,0.0,0.1626,6.9893882650549255,1.8267883,5.1626,0.1626,6.0923432,0.0,0.0,0.0,5.0,39.806689999999996,5.0,0.0
2023-04-02 14:45:00+02:00,0.0,0.2184666666666666,6.8690251433082805,1.6505585,5.2184667,0.21846667,7.2798432,0.0,0.0,0.0,5.0,39.806689999999996,5.0,0.0
2023-04-02 15:00:00+02:00,0.0,0.1611999999999999,6.551579032233291,0.0,6.551579,0.1612,8.4673432,6.390379,0.0,6.390379,0.0,39.806689999999996,0.0,0.0
2023-04-02 15:15:00+02:00,0.0,0.2626666666666666,6.088732430722836,0.0,6.0887324,0.26266667,8.4673432,5.8260658,0.0,5.8260658,0.0,39.806689999999996,0.0,0.0
2023-04-02 15:30:00+02:00,0.0,0.1945333333333333,5.576387080617876,0.0,5.5763871,0.19453333,8.4673432,5.3818537,0.0,5.3818537,0.0,39.806689999999996,0.0,0.0
2023-04-02 15:45:00+02:00,0.0,0.1714666666666666,5.009446677715309,0.0,5.0094467,0.17146667,8.4673432,4.83798,0.0,4.83798,0.0,39.806689999999996,0.0,0.0
2023-04-02 16:00:00+02:00,0.0,0.1670666666666666,4.367514831974855,0.0,4.3675148,0.16706667,8.4673432,4.2004482,0.0,4.2004482,0.0,39.806689999999996,0.0,0.0
2023-04-02 16:15:00+02:00,0.0,0.2002666666666666,3.681704209317188,0.0,3.6817042,0.20026667,8.4673432,2.9974084,0.0,2.9974084,0.48402916,39.806689999999996,0.48402916,0.0
2023-04-02 16:30:00+02:00,0.0,0.1535333333333333,2.927507782273357,0.0,2.9275078,0.15353333,8.5823001,0.0,0.0,0.0,2.7739744,39.806689999999996,2.7739744,0.0
2023-04-02 16:45:00+02:00,0.0,0.1268,2.0602943220749,0.0,2.0602943,0.1268,9.241119,0.0,0.0,0.0,1.9334943,39.806689999999996,1.9334943,0.0
2023-04-02 17:00:00+02:00,0.0,0.1666,1.1675342557880577,0.0,1.1675343,0.1666,9.7003239,0.0,0.0,0.0,1.0009343,39.806689999999996,1.0009343,0.0
2023-04-02 17:15:00+02:00,0.0,0.1507333333333333,0.4115930253872529,0.0,0.41159303,0.15073333,9.9380458,0.0,0.0,0.0,0.26085969,39.806689999999996,0.26085969,0.0
2023-04-02 17:30:00+02:00,0.0,0.3138,0.2022463558481808,0.0,0.20224636,0.20224636,10.0,0.0,0.0,0.0,0.0,39.806689999999996,0.0,0.11155364
2023-04-02 17:45:00+02:00,0.0,0.4682666666666666,0.0,0.0,0.0,0.0,9.9706438,0.0,0.0,0.0,0.0,39.806689999999996,0.0,0.46826667
2023-04-02 18:00:00+02:00,0.0,0.5222666666666667,0.0,0.0,0.0,0.0,9.8474157,0.0,0.0,0.0,0.0,39.806689999999996,0.0,0.52226667
2023-04-02 18:15:00+02:00,0.0,0.6603333333333333,0.0,0.0,0.0,0.0,9.7099771,0.0,0.0,0.0,0.0,39.806689999999996,0.0,0.66033333
2023-04-02 18:30:00+02:00,0.0,0.4319333333333333,0.0,0.0,0.0,0.0,9.5362052,0.0,0.0,0.0,0.0,39.806689999999996,0.0,0.43193333
2023-04-02 18:45:00+02:00,0.0,2.8969333333333336,0.0,0.0,0.0,0.0,9.4225385,0.0,0.0,0.0,0.0,39.806689999999996,0.0,2.8969333
2023-04-02 19:00:00+02:00,0.0,2.1619333333333333,0.0,0.0,0.0,0.0,8.6601876,0.0,0.0,0.0,0.0,39.806689999999996,0.0,2.1619333
2023-04-02 19:15:00+02:00,0.0,1.8908666666666665,0.0,0.0,0.0,0.0,8.0912578,0.0,0.0,0.0,0.0,39.806689999999996,0.0,1.8908667
2023-04-02 19:30:00+02:00,0.0,0.9183333333333332,0.0,0.0,0.0,0.0,7.5936613,0.0,0.0,0.0,0.0,39.806689999999996,0.0,0.91833333
2023-04-02 19:45:00+02:00,0.0,0.6564,0.0,0.0,0.0,0.0,7.3519947,0.0,0.0,0.0,0.0,39.806689999999996,0.0,0.6564
2023-04-02 20:00:00+02:00,0.0,0.8766666666666666,0.0,0.0,0.0,0.0,7.1792578,0.0,0.0,0.0,0.0,23.137169999999998,0.0,0.87666667
2023-04-02 20:15:00+02:00,0.0,0.6724666666666667,0.0,0.0,0.0,0.0,6.9485561,0.0,0.0,0.0,0.0,23.137169999999998,0.0,0.67246667
2023-04-02 20:30:00+02:00,0.0,0.7351333333333333,0.0,0.0,0.0,0.0,6.7715911,0.0,0.0,0.0,0.0,23.137169999999998,0.0,0.73513333
2023-04-02 20:45:00+02:00,0.0,0.9421333333333334,0.0,0.0,0.0,0.0,6.578135,0.0,0.0,0.0,0.0,23.137169999999998,0.0,0.94213333
2023-04-02 21:00:00+02:00,0.0,0.5859333333333333,0.0,0.0,0.0,0.0,6.3302052,0.0,0.0,0.0,0.0,23.137169999999998,0.0,0.58593333
2023-04-02 21:15:00+02:00,0.0,0.6296,0.0,0.0,0.0,0.0,6.1760122,0.0,0.0,0.0,0.0,23.137169999999998,0.0,0.6296
2023-04-02 21:30:00+02:00,0.0,0.7175333333333334,0.0,0.0,0.0,0.0,6.010328,0.0,0.0,0.0,0.0,23.137169999999998,0.0,0.71753333
2023-04-02 21:45:00+02:00,0.0,0.5784666666666667,0.0,0.0,0.0,0.0,5.8215034,0.0,0.0,0.0,0.0,23.137169999999998,0.0,0.57846667
2023-04-02 22:00:00+02:00,0.0,0.5112,0.0,0.0,0.0,0.0,5.6692754,0.0,0.0,0.0,0.0,23.137169999999998,0.0,0.5112
2023-04-02 22:15:00+02:00,0.0,0.8535333333333333,0.0,0.0,0.0,0.0,5.534749,0.0,0.0,0.0,0.0,23.137169999999998,0.0,0.85353333
2023-04-02 22:30:00+02:00,0.0,2.8394666666666666,0.0,0.0,0.0,0.0,5.310135,0.0,0.0,0.0,0.0,23.137169999999998,0.0,2.8394667
2023-04-02 22:45:00+02:00,0.0,2.6542,0.0,0.0,0.0,0.0,4.5629069,0.0,0.0,0.0,0.0,23.137169999999998,0.0,2.6542
2023-04-02 23:00:00+02:00,0.0,2.2386666666666666,0.0,0.0,0.0,0.0,3.8644333,0.0,0.0,0.0,0.0,23.137169999999998,0.0,2.2386667
2023-04-02 23:15:00+02:00,0.0,1.9514,0.0,0.0,0.0,0.0,3.2753104,0.0,0.0,0.0,0.0,23.137169999999998,0.0,1.9514
2023-04-02 23:30:00+02:00,0.0,2.155333333333333,0.0,0.0,0.0,0.0,2.7617841,0.0,0.0,0.0,0.0,23.137169999999998,0.0,2.1553333
2023-04-02 23:45:00+02:00,0.0,0.904,0.0,0.0,0.0,0.0,2.1945911,0.0,0.0,0.0,0.0,23.137169999999998,0.0,0.904
2023-04-03 00:00:00+02:00,0.0,0.6065333333333333,0.0,0.0,0.0,0.0,1.9566964,0.0,0.0,0.0,0.0,23.137169999999998,0.0,0.60653333
2023-04-03 00:15:00+02:00,0.0,0.6394666666666667,0.0,0.0,0.0,0.0,1.7970824,0.0,0.0,0.0,0.0,23.137169999999998,0.0,0.63946667
2023-04-03 00:30:00+02:00,0.0,0.5804,0.0,0.0,0.0,0.0,1.6288017,0.0,0.0,0.0,0.0,23.137169999999998,0.0,0.5804
2023-04-03 00:45:00+02:00,0.0,0.3875333333333333,0.0,0.0,0.0,0.0,1.4760648,0.0,0.0,0.0,0.0,23.137169999999998,0.0,0.38753333
2023-04-03 01:00:00+02:00,0.0,0.7026666666666667,0.0,0.0,0.0,0.0,1.3740824,0.0,0.0,0.0,0.0,23.137169999999998,0.0,0.70266667
2023-04-03 01:15:00+02:00,0.0,0.5394,0.0,0.0,0.0,0.0,1.1891701,0.0,0.0,0.0,0.0,23.137169999999998,0.0,0.5394
2023-04-03 01:30:00+02:00,0.0,0.5676666666666667,0.0,0.0,0.0,0.0,1.0472227,0.0,0.0,0.0,0.0,23.137169999999998,0.0,0.56766667
2023-04-03 01:45:00+02:00,0.0,0.6633333333333333,0.0,0.0,0.0,0.0,0.89783676,0.0,0.0,0.0,0.0,23.137169999999998,0.0,0.66333333
2023-04-03 02:00:00+02:00,0.0,0.6948666666666666,0.0,0.0,0.0,0.0,0.72327536,0.0,0.0,0.0,0.0,23.137169999999998,0.0,0.69486667
2023-04-03 02:15:00+02:00,0.0,0.6262000000000001,0.0,0.0,0.0,0.0,0.54041571,0.0,0.0,0.0,0.0,23.137169999999998,0.0,0.6262
2023-04-03 02:30:00+02:00,0.0,0.6003999999999999,0.0,0.0,0.0,0.0,0.37562623,0.0,0.0,0.0,0.0,23.137169999999998,0.0,0.6004
2023-04-03 02:45:00+02:00,0.34382274,0.5185333333333333,0.0,0.0,0.0,0.0,0.21762623,0.0,0.0,0.0,0.0,23.137169999999998,0.0,0.17471059
2023-04-03 03:00:00+02:00,0.4672,0.4672,0.0,0.0,0.0,0.0,0.17164976,0.0,0.0,0.0,0.0,23.137169999999998,0.0,0.0
2023-04-03 03:15:00+02:00,0.26333333,0.2633333333333333,0.0,0.0,0.0,0.0,0.17164976,0.0,0.0,0.0,0.0,23.137169999999998,0.0,0.0
2023-04-03 03:30:00+02:00,0.3082,0.3082,0.0,0.0,0.0,0.0,0.17164976,0.0,0.0,0.0,0.0,23.137169999999998,0.0,0.0
2023-04-03 03:45:00+02:00,0.2174,0.2174,0.0,0.0,0.0,0.0,0.17164976,0.0,0.0,0.0,0.0,23.137169999999998,0.0,0.0
2023-04-03 04:00:00+02:00,0.20353333,0.2035333333333333,0.0,0.0,0.0,0.0,0.17164976,0.0,0.0,0.0,0.0,23.137169999999998,0.0,0.0
2023-04-03 04:15:00+02:00,0.20486667,0.2048666666666666,0.0,0.0,0.0,0.0,0.17164976,0.0,0.0,0.0,0.0,23.137169999999998,0.0,0.0
2023-04-03 04:30:00+02:00,0.2732,0.2732,0.0,0.0,0.0,0.0,0.17164976,0.0,0.0,0.0,0.0,23.137169999999998,0.0,0.0
2023-04-03 04:45:00+02:00,0.2702,0.2702,0.0,0.0,0.0,0.0,0.17164976,0.0,0.0,0.0,0.0,23.137169999999998,0.0,0.0
2023-04-03 05:00:00+02:00,0.13933333,0.1393333333333333,0.0,0.0,0.0,0.0,0.17164976,0.0,0.0,0.0,0.0,23.137169999999998,0.0,0.0
2023-04-03 05:15:00+02:00,0.22546667,0.2254666666666666,0.0,0.0,0.0,0.0,0.17164976,0.0,0.0,0.0,0.0,23.137169999999998,0.0,0.0
2023-04-03 05:30:00+02:00,0.1642,0.1641999999999999,0.0,0.0,0.0,0.0,0.17164976,0.0,0.0,0.0,0.0,23.137169999999998,0.0,0.0
2023-04-03 05:45:00+02:00,0.1584,0.1584,0.0,0.0,0.0,0.0,0.17164976,0.0,0.0,0.0,0.0,23.137169999999998,0.0,0.0
2023-04-03 06:00:00+02:00,0.0,0.1581333333333333,0.0,0.0,0.0,0.0,0.17164976,0.0,0.0,0.0,0.0,34.04233,0.0,0.15813333
2023-04-03 06:15:00+02:00,0.0,0.1752,0.0,0.0,0.0,0.0,0.13003573,0.0,0.0,0.0,0.0,34.04233,0.0,0.1752
2023-04-03 06:30:00+02:00,0.0,0.2576666666666667,0.0,0.0,0.0,0.0,0.083930465,0.0,0.0,0.0,0.0,34.04233,0.0,0.25766667
2023-04-03 06:45:00+02:00,0.0,0.2034,0.1421308995739542,0.0,0.1421309,0.1421309,0.016123447,0.0,0.0,0.0,0.0,34.04233,0.0,0.0612691
2023-04-03 07:00:00+02:00,0.0,0.3184666666666666,0.5458090167727204,0.0,0.54580902,0.31846667,0.0,0.22734235,0.0,0.22734235,0.0,34.04233,0.0,0.0
2023-04-03 07:15:00+02:00,0.0,0.3186666666666667,1.0392742827473902,0.0,1.0392743,0.31866667,0.0,0.72060762,0.0,0.72060762,0.0,34.04233,0.0,0.0
2023-04-03 07:30:00+02:00,0.0,0.3393333333333333,1.5425252737960151,0.0,1.5425253,0.33933333,0.0,1.2031919,0.0,1.2031919,0.0,34.04233,0.0,0.0
2023-04-03 07:45:00+02:00,0.0,0.2276666666666666,2.0793599935126323,0.0,2.07936,0.22766667,0.0,1.8516933,0.0,1.8516933,0.0,34.04233,0.0,0.0
2023-04-03 08:00:00+02:00,0.0,1.0269333333333337,2.615938627516888,1.5890053,1.0269333,1.0269333,0.0,0.0,0.0,0.0,0.0,34.04233,0.0,0.0
2023-04-03 08:15:00+02:00,0.0,1.3802666666666668,3.1679678088846788,1.7877011,1.3802667,1.3802667,0.0,0.0,0.0,0.0,0.0,34.04233,0.0,0.0
2023-04-03 08:30:00+02:00,0.0,0.5646666666666667,3.738967896844718,3.1743012,0.56466667,0.56466667,0.0,0.0,0.0,0.0,0.0,34.04233,0.0,0.0
2023-04-03 08:45:00+02:00,0.0,1.1142,4.260662295641319,3.1464623,1.1142,1.1142,0.0,0.0,0.0,0.0,0.0,34.04233,0.0,0.0
2023-04-03 09:00:00+02:00,0.0,1.1848,4.699645532307237,3.5148455,1.1848,1.1848,0.0,0.0,0.0,0.0,0.0,34.04233,0.0,0.0
2023-04-03 09:15:00+02:00,0.0,1.0098,5.190793119703232,4.1809931,1.0098,1.0098,0.0,0.0,0.0,0.0,0.0,34.04233,0.0,0.0
2023-04-03 09:30:00+02:00,0.0,1.6396666666666668,5.640362629799087,4.000696,1.6396667,1.6396667,0.0,0.0,0.0,0.0,0.0,34.04233,0.0,0.0
2023-04-03 09:45:00+02:00,0.0,1.5427333333333333,5.832495327161179,4.289762,1.5427333,1.5427333,0.0,0.0,0.0,0.0,0.0,34.04233,0.0,0.0
2023-04-03 10:00:00+02:00,0.0,1.6443333333333332,6.438911468058917,4.7945781,1.6443333,1.6443333,0.0,0.0,0.0,0.0,0.0,34.04233,0.0,0.0
2023-04-03 10:15:00+02:00,0.0,2.8806666666666665,6.816454093966978,3.9357874,2.8806667,2.8806667,0.0,0.0,0.0,0.0,0.0,34.04233,0.0,0.0
2023-04-03 10:30:00+02:00,0.0,2.1294,7.068062217012577,4.9386622,2.1294,2.1294,0.0,0.0,0.0,0.0,0.0,34.04233,0.0,0.0
2023-04-03 10:45:00+02:00,0.0,1.4456,7.032858783541466,5.5872588,1.4456,1.4456,0.0,0.0,0.0,0.0,0.0,34.04233,0.0,0.0
2023-04-03 11:00:00+02:00,0.0,1.7597333333333334,7.059078682993727,5.2993453,1.7597333,1.7597333,0.0,0.0,0.0,0.0,0.0,34.04233,0.0,0.0
2023-04-03 11:15:00+02:00,0.0,1.9948,7.627224969364296,5.632425,1.9948,1.9948,0.0,0.0,0.0,0.0,0.0,34.04233,0.0,0.0
2023-04-03 11:30:00+02:00,0.0,1.4483333333333333,7.893180413007024,6.4448471,1.4483333,1.4483333,0.0,0.0,0.0,0.0,0.0,34.04233,0.0,0.0
2023-04-03 11:45:00+02:00,0.0,1.466,8.063386905738778,6.5973869,1.466,1.466,0.0,0.0,0.0,0.0,0.0,34.04233,0.0,0.0
2023-04-03 12:00:00+02:00,0.0,0.9729333333333332,8.218630755314818,7.2456974,0.97293333,0.97293333,0.0,0.0,0.0,0.0,0.0,34.04233,0.0,0.0
2023-04-03 12:15:00+02:00,0.0,0.9044,8.252413139109606,7.3480131,0.9044,0.9044,0.0,0.0,0.0,0.0,0.0,34.04233,0.0,0.0
2023-04-03 12:30:00+02:00,0.0,0.5887333333333333,8.317770385662024,7.7290371,0.58873333,0.58873333,0.0,0.0,0.0,0.0,0.0,34.04233,0.0,0.0
2023-04-03 12:45:00+02:00,0.0,0.5841333333333333,8.374082104498218,3.8703136,4.5037685,0.58413333,0.0,0.0,0.0,0.0,3.9196351,34.04233,3.9196351,0.0
2023-04-03 13:00:00+02:00,0.0,1.0584,8.364127503773188,2.3057275,6.0584,1.0584,0.93091334,0.0,0.0,0.0,5.0,34.04233,5.0,0.0
2023-04-03 13:15:00+02:00,0.0,0.7313999999999999,8.295734391098305,2.5643344,5.7314,0.7314,2.1184133,0.0,0.0,0.0,5.0,34.04233,5.0,0.0
2023-04-03 13:30:00+02:00,0.0,0.5933333333333334,8.183842663444707,2.5905093,5.5933333,0.59333333,3.3059133,0.0,0.0,0.0,5.0,34.04233,5.0,0.0
2023-04-03 13:45:00+02:00,0.0,0.4765333333333333,8.035671423895328,2.5591381,5.4765333,0.47653333,4.4934133,0.0,0.0,0.0,5.0,34.04233,5.0,0.0
2023-04-03 14:00:00+02:00,0.0,0.5119333333333334,7.776512113436191,2.2645788,5.5119333,0.51193333,5.6809133,0.0,0.0,0.0,5.0,34.04233,5.0,0.0
2023-04-03 14:15:00+02:00,0.0,0.5464666666666667,7.525196857418768,0.0,7.5251969,0.54646667,6.8684133,6.9787302,0.0,6.9787302,0.0,34.04233,0.0,0.0
2023-04-03 14:30:00+02:00,0.0,0.4674,7.186844504616348,0.0,7.1868445,0.4674,6.8684133,6.7194445,0.0,6.7194445,0.0,34.04233,0.0,0.0
2023-04-03 14:45:00+02:00,0.0,0.542,6.907969333715116,0.0,6.9079693,0.542,6.8684133,6.3659693,0.0,6.3659693,0.0,34.04233,0.0,0.0
2023-04-03 15:00:00+02:00,0.0,0.5327333333333334,6.611905305469778,0.0,6.6119053,0.53273333,6.8684133,5.6438661,0.0,5.6438661,0.43530591,34.04233,0.43530591,0.0
2023-04-03 15:15:00+02:00,0.0,0.5458,6.182202413035865,0.0,6.1822024,0.5458,6.9717985,0.63640241,0.0,0.63640241,5.0,34.04233,5.0,0.0
2023-04-03 15:30:00+02:00,0.0,1.8255333333333328,5.679256377011577,0.0,5.6792564,1.8255333,8.1592985,0.0,0.0,0.0,3.853723,34.04233,3.853723,0.0
2023-04-03 15:45:00+02:00,0.0,3.2624,5.094854725223507,0.0,5.0948547,3.2624,9.0745577,0.0,0.0,0.0,1.8324547,34.04233,1.8324547,0.0
2023-04-03 16:00:00+02:00,0.0,2.3444000000000003,4.4085443467903245,0.0,4.4085443,2.3444,9.5097657,0.0,0.0,0.0,2.0641443,34.04233,2.0641443,0.0
2023-04-03 16:15:00+02:00,0.0,5.2426,3.6927919936713054,0.0,3.692792,3.692792,10.0,0.0,0.0,0.0,0.0,34.04233,0.0,1.549808
2023-04-03 16:30:00+02:00,0.0,5.020266666666666,2.8758260436054988,0.0,2.875826,2.875826,9.5921558,0.0,0.0,0.0,0.0,34.04233,0.0,2.1444406
2023-04-03 16:45:00+02:00,0.0,0.9328666666666666,2.001085731504418,0.0,2.0010857,0.93286667,9.0278293,0.0,0.0,0.0,1.0682191,34.04233,1.0682191,0.0
2023-04-03 17:00:00+02:00,0.0,0.6869333333333333,1.1000240705540338,0.0,1.1000241,0.68693333,9.2815313,0.0,0.0,0.0,0.41309074,34.04233,0.41309074,0.0
2023-04-03 17:15:00+02:00,0.0,0.5491333333333334,0.3606236703303784,0.0,0.36062367,0.36062367,9.3796404,0.0,0.0,0.0,0.0,34.04233,0.0,0.18850966
2023-04-03 17:30:00+02:00,0.0,0.4821333333333333,0.2078526729439725,0.0,0.20785267,0.20785267,9.3300326,0.0,0.0,0.0,0.0,34.04233,0.0,0.27428066
2023-04-03 17:45:00+02:00,0.0,0.3309333333333333,0.0,0.0,0.0,0.0,9.2578535,0.0,0.0,0.0,0.0,34.04233,0.0,0.33093333
2023-04-03 18:00:00+02:00,0.0,0.2864666666666666,0.0,0.0,0.0,0.0,9.1707657,0.0,0.0,0.0,0.0,34.04233,0.0,0.28646667
2023-04-03 18:15:00+02:00,0.0,0.3936666666666666,0.0,0.0,0.0,0.0,9.0953798,0.0,0.0,0.0,0.0,34.04233,0.0,0.39366667
2023-04-03 18:30:00+02:00,0.0,0.6028,0.0,0.0,0.0,0.0,8.9917833,0.0,0.0,0.0,0.0,34.04233,0.0,0.6028
2023-04-03 18:45:00+02:00,0.0,0.2474,0.0,0.0,0.0,0.0,8.8331517,0.0,0.0,0.0,0.0,34.04233,0.0,0.2474
2023-04-03 19:00:00+02:00,0.0,0.2168,0.0,0.0,0.0,0.0,8.7680464,0.0,0.0,0.0,0.0,34.04233,0.0,0.2168
2023-04-03 19:15:00+02:00,0.0,0.1745333333333333,0.0,0.0,0.0,0.0,8.7109938,0.0,0.0,0.0,0.0,34.04233,0.0,0.17453333
2023-04-03 19:30:00+02:00,0.0,0.4313333333333333,0.0,0.0,0.0,0.0,8.665064,0.0,0.0,0.0,0.0,34.04233,0.0,0.43133333
2023-04-03 19:45:00+02:00,0.0,0.7349333333333333,0.0,0.0,0.0,0.0,8.5515552,0.0,0.0,0.0,0.0,34.04233,0.0,0.73493333
2023-04-03 20:00:00+02:00,0.0,0.7943333333333333,0.0,0.0,0.0,0.0,8.3581517,0.0,0.0,0.0,0.0,27.47353,0.0,0.79433333
2023-04-03 20:15:00+02:00,0.0,0.5024666666666666,0.0,0.0,0.0,0.0,8.1491166,0.0,0.0,0.0,0.0,27.47353,0.0,0.50246667
2023-04-03 20:30:00+02:00,0.0,0.4804,0.0,0.0,0.0,0.0,8.0168885,0.0,0.0,0.0,0.0,27.47353,0.0,0.4804
2023-04-03 20:45:00+02:00,0.0,0.5201333333333333,0.0,0.0,0.0,0.0,7.8904675,0.0,0.0,0.0,0.0,27.47353,0.0,0.52013333
2023-04-03 21:00:00+02:00,0.0,0.669,0.0,0.0,0.0,0.0,7.7535903,0.0,0.0,0.0,0.0,27.47353,0.0,0.669
2023-04-03 21:15:00+02:00,0.0,0.5834666666666667,0.0,0.0,0.0,0.0,7.5775377,0.0,0.0,0.0,0.0,27.47353,0.0,0.58346667
2023-04-03 21:30:00+02:00,0.0,0.5175333333333333,0.0,0.0,0.0,0.0,7.4239938,0.0,0.0,0.0,0.0,27.47353,0.0,0.51753333
2023-04-03 21:45:00+02:00,0.0,0.4564666666666666,0.0,0.0,0.0,0.0,7.2878008,0.0,0.0,0.0,0.0,27.47353,0.0,0.45646667
2023-04-03 22:00:00+02:00,0.0,0.5428,0.0,0.0,0.0,0.0,7.167678,0.0,0.0,0.0,0.0,27.47353,0.0,0.5428
2023-04-03 22:15:00+02:00,0.0,0.4740666666666666,0.0,0.0,0.0,0.0,7.0248359,0.0,0.0,0.0,0.0,27.47353,0.0,0.47406667
2023-04-03 22:30:00+02:00,0.0,0.5774,0.0,0.0,0.0,0.0,6.9000815,0.0,0.0,0.0,0.0,27.47353,0.0,0.5774
2023-04-03 22:45:00+02:00,0.0,0.4195333333333333,0.0,0.0,0.0,0.0,6.7481342,0.0,0.0,0.0,0.0,27.47353,0.0,0.41953333
2023-04-03 23:00:00+02:00,0.0,0.6251333333333333,0.0,0.0,0.0,0.0,6.6377307,0.0,0.0,0.0,0.0,27.47353,0.0,0.62513333
2023-04-03 23:15:00+02:00,0.0,0.6733333333333333,0.0,0.0,0.0,0.0,6.4732219,0.0,0.0,0.0,0.0,27.47353,0.0,0.67333333
2023-04-03 23:30:00+02:00,0.0,0.7928666666666667,0.0,0.0,0.0,0.0,6.2960289,0.0,0.0,0.0,0.0,27.47353,0.0,0.79286667
2023-04-03 23:45:00+02:00,0.0,0.8318,0.0,0.0,0.0,0.0,6.0873798,0.0,0.0,0.0,0.0,27.47353,0.0,0.8318
2023-04-04 00:00:00+02:00,0.0,0.7586666666666666,0.0,0.0,0.0,0.0,5.868485,0.0,0.0,0.0,0.0,27.47353,0.0,0.75866667
2023-04-04 00:15:00+02:00,0.0,0.7212666666666666,0.0,0.0,0.0,0.0,5.6688359,0.0,0.0,0.0,0.0,27.47353,0.0,0.72126667
2023-04-04 00:30:00+02:00,0.0,0.9148666666666668,0.0,0.0,0.0,0.0,5.4790289,0.0,0.0,0.0,0.0,27.47353,0.0,0.91486667
2023-04-04 00:45:00+02:00,0.0,0.8502000000000001,0.0,0.0,0.0,0.0,5.2382745,0.0,0.0,0.0,0.0,27.47353,0.0,0.8502
2023-04-04 01:00:00+02:00,0.0,1.8898,0.0,0.0,0.0,0.0,5.0145377,0.0,0.0,0.0,0.0,27.47353,0.0,1.8898
2023-04-04 01:15:00+02:00,0.0,2.606133333333333,0.0,0.0,0.0,0.0,4.5172219,0.0,0.0,0.0,0.0,27.47353,0.0,2.6061333
2023-04-04 01:30:00+02:00,0.0,4.876133333333334,0.0,0.0,0.0,0.0,3.8313973,0.0,0.0,0.0,0.0,27.47353,0.0,4.8761333
2023-04-04 01:45:00+02:00,0.0,0.5668,0.0,0.0,0.0,0.0,2.5482043,0.0,0.0,0.0,0.0,27.47353,0.0,0.5668
2023-04-04 02:00:00+02:00,0.0,0.6410666666666667,0.0,0.0,0.0,0.0,2.3990464,0.0,0.0,0.0,0.0,27.47353,0.0,0.64106667
2023-04-04 02:15:00+02:00,0.0,0.6851333333333334,0.0,0.0,0.0,0.0,2.2303447,0.0,0.0,0.0,0.0,27.47353,0.0,0.68513333
2023-04-04 02:30:00+02:00,0.0,0.6544666666666668,0.0,0.0,0.0,0.0,2.0500464,0.0,0.0,0.0,0.0,27.47353,0.0,0.65446667
2023-04-04 02:45:00+02:00,0.0,0.6433333333333334,0.0,0.0,0.0,0.0,1.8778184,0.0,0.0,0.0,0.0,27.47353,0.0,0.64333333
2023-04-04 03:00:00+02:00,0.0,0.6264666666666667,0.0,0.0,0.0,0.0,1.7085201,0.0,0.0,0.0,0.0,27.47353,0.0,0.62646667
2023-04-04 03:15:00+02:00,0.0,0.614,0.0,0.0,0.0,0.0,1.5436605,0.0,0.0,0.0,0.0,27.47353,0.0,0.614
2023-04-04 03:30:00+02:00,0.0,0.5812,0.0,0.0,0.0,0.0,1.3820815,0.0,0.0,0.0,0.0,27.47353,0.0,0.5812
2023-04-04 03:45:00+02:00,0.0,0.6094666666666667,0.0,0.0,0.0,0.0,1.2291342,0.0,0.0,0.0,0.0,27.47353,0.0,0.60946667
2023-04-04 04:00:00+02:00,0.0,0.6234666666666667,0.0,0.0,0.0,0.0,1.0687482,0.0,0.0,0.0,0.0,27.47353,0.0,0.62346667
2023-04-04 04:15:00+02:00,0.0,0.4856,0.0,0.0,0.0,0.0,0.90467802,0.0,0.0,0.0,0.0,27.47353,0.0,0.4856
2023-04-04 04:30:00+02:00,0.0,0.4968666666666667,0.0,0.0,0.0,0.0,0.77688855,0.0,0.0,0.0,0.0,27.47353,0.0,0.49686667
2023-04-04 04:45:00+02:00,0.0,0.9330666666666668,0.0,0.0,0.0,0.0,0.64613416,0.0,0.0,0.0,0.0,27.47353,0.0,0.93306667
2023-04-04 05:00:00+02:00,0.0,0.3496,0.0,0.0,0.0,0.0,0.4005903,0.0,0.0,0.0,0.0,27.47353,0.0,0.3496
2023-04-04 05:15:00+02:00,0.17339271,0.2658666666666667,0.0,0.0,0.0,0.0,0.3085903,0.0,0.0,0.0,0.0,27.47353,0.0,0.092473954
2023-04-04 05:30:00+02:00,0.23,0.23,0.0,0.0,0.0,0.0,0.28425505,0.0,0.0,0.0,0.0,27.47353,0.0,0.0
2023-04-04 05:45:00+02:00,0.2126,0.2125999999999999,0.0,0.0,0.0,0.0,0.28425505,0.0,0.0,0.0,0.0,27.47353,0.0,0.0
2023-04-04 06:00:00+02:00,0.0,0.2577333333333333,0.0,0.0,0.0,0.0,0.28425505,0.0,0.0,0.0,0.0,29.79998,0.0,0.25773333
2023-04-04 06:15:00+02:00,0.0,0.2472666666666667,0.0,0.0,0.0,0.0,0.21643049,0.0,0.0,0.0,0.0,29.79998,0.0,0.24726667
2023-04-04 06:30:00+02:00,0.0,0.2737333333333333,0.0061947944680965,0.0,0.0061947945,0.0061947945,0.15136031,0.0,0.0,0.0,0.0,29.79998,0.0,0.26753854
2023-04-04 06:45:00+02:00,0.0,0.5035333333333334,0.1959026825104248,0.0,0.19590268,0.19590268,0.080955434,0.0,0.0,0.0,0.0,29.79998,0.0,0.30763065
2023-04-04 07:00:00+02:00,0.0,0.23,0.5395012228097129,0.0,0.53950122,0.23,0.0,0.30950122,0.0,0.30950122,0.0,29.79998,0.0,0.0
2023-04-04 07:15:00+02:00,0.0,0.337,1.0295038018523914,0.0,1.0295038,0.337,0.0,0.6925038,0.0,0.6925038,0.0,29.79998,0.0,0.0
2023-04-04 07:30:00+02:00,0.0,0.3252,1.509905901460057,0.0,1.5099059,0.3252,0.0,1.1847059,0.0,1.1847059,0.0,29.79998,0.0,0.0
2023-04-04 07:45:00+02:00,0.0,0.2648,2.024091574199613,0.0,2.0240916,0.2648,0.0,1.7592916,0.0,1.7592916,0.0,29.79998,0.0,0.0
2023-04-04 08:00:00+02:00,0.0,0.28,2.559325071822603,0.0,2.5593251,0.28,0.0,2.2793251,0.0,2.2793251,0.0,29.79998,0.0,0.0
2023-04-04 08:15:00+02:00,0.0,0.2194666666666666,3.092649258685992,2.8731826,0.21946667,0.21946667,0.0,0.0,0.0,0.0,0.0,29.79998,0.0,0.0
2023-04-04 08:30:00+02:00,0.0,0.2526666666666666,3.608547760786665,3.3558811,0.25266667,0.25266667,0.0,0.0,0.0,0.0,0.0,29.79998,0.0,0.0
2023-04-04 08:45:00+02:00,0.0,0.2056666666666666,4.136692506859597,3.9310258,0.20566667,0.20566667,0.0,0.0,0.0,0.0,0.0,29.79998,0.0,0.0
2023-04-04 09:00:00+02:00,0.0,0.4753333333333333,4.597651619553673,4.1223183,0.47533333,0.47533333,0.0,0.0,0.0,0.0,0.0,29.79998,0.0,0.0
2023-04-04 09:15:00+02:00,0.0,0.9378,5.0318174456729565,4.0940174,0.9378,0.9378,0.0,0.0,0.0,0.0,0.0,29.79998,0.0,0.0
2023-04-04 09:30:00+02:00,0.0,0.4665333333333333,5.468171280437299,5.0016379,0.46653333,0.46653333,0.0,0.0,0.0,0.0,0.0,29.79998,0.0,0.0
2023-04-04 09:45:00+02:00,0.0,1.4095333333333333,5.690393086661165,4.2808598,1.4095333,1.4095333,0.0,0.0,0.0,0.0,0.0,29.79998,0.0,0.0
2023-04-04 10:00:00+02:00,0.0,1.1452,6.224752659164027,5.0795527,1.1452,1.1452,0.0,0.0,0.0,0.0,0.0,29.79998,0.0,0.0
2023-04-04 10:15:00+02:00,0.0,3.5123333333333333,6.544912371598834,3.032579,3.5123333,3.5123333,0.0,0.0,0.0,0.0,0.0,29.79998,0.0,0.0
2023-04-04 10:30:00+02:00,0.0,3.1892,6.840514281228547,3.6513143,3.1892,3.1892,0.0,0.0,0.0,0.0,0.0,29.79998,0.0,0.0
2023-04-04 10:45:00+02:00,0.0,4.508866666666667,7.106004671065867,2.597138,4.5088667,4.5088667,0.0,0.0,0.0,0.0,0.0,29.79998,0.0,0.0
2023-04-04 11:00:00+02:00,0.0,5.520933333333334,7.353271719043172,1.8323384,5.5209333,5.5209333,0.0,0.0,0.0,0.0,0.0,29.79998,0.0,0.0
2023-04-04 11:15:00+02:00,0.0,7.4064,7.589145064137753,0.18274506,7.4064,7.4064,0.0,0.0,0.0,0.0,0.0,29.79998,0.0,0.0
2023-04-04 11:30:00+02:00,0.0,4.7016,7.7637872874080385,3.0621873,4.7016,4.7016,0.0,0.0,0.0,0.0,0.0,29.79998,0.0,0.0
2023-04-04 11:45:00+02:00,0.0,2.2024666666666666,7.930978104539548,5.7285114,2.2024667,2.2024667,0.0,0.0,0.0,0.0,0.0,29.79998,0.0,0.0
2023-04-04 12:00:00+02:00,0.0,1.4154,8.076578642668448,6.6611786,1.4154,1.4154,0.0,0.0,0.0,0.0,0.0,29.79998,0.0,0.0
2023-04-04 12:15:00+02:00,0.0,0.9794666666666668,8.150821427938725,7.1713548,0.97946667,0.97946667,0.0,0.0,0.0,0.0,0.0,29.79998,0.0,0.0
2023-04-04 12:30:00+02:00,0.0,0.7662,8.159974101372889,7.3937741,0.7662,0.7662,0.0,0.0,0.0,0.0,0.0,29.79998,0.0,0.0
2023-04-04 12:45:00+02:00,0.0,0.4699333333333333,8.185233306057219,7.7153,0.46993333,0.46993333,0.0,0.0,0.0,0.0,0.0,29.79998,0.0,0.0
2023-04-04 13:00:00+02:00,0.0,0.4556,8.169984719164534,7.7143847,0.4556,0.4556,0.0,0.0,0.0,0.0,0.0,29.79998,0.0,0.0
2023-04-04 13:15:00+02:00,0.0,0.4457333333333333,8.128273512682174,7.6825402,0.44573333,0.44573333,0.0,0.0,0.0,0.0,0.0,29.79998,0.0,0.0
2023-04-04 13:30:00+02:00,0.0,0.6602666666666667,8.068480295847593,7.4082136,0.66026667,0.66026667,0.0,0.0,0.0,0.0,0.0,29.79998,0.0,0.0
2023-04-04 13:45:00+02:00,0.0,0.7878666666666667,7.854495665192327,7.066629,0.78786667,0.78786667,0.0,0.0,0.0,0.0,0.0,29.79998,0.0,0.0
2023-04-04 14:00:00+02:00,0.0,0.8327333333333333,7.553418728591589,6.7206854,0.83273333,0.83273333,0.0,0.0,0.0,0.0,0.0,29.79998,0.0,0.0
2023-04-04 14:15:00+02:00,0.0,2.3816666666666664,7.359066422748092,4.9773998,2.3816667,2.3816667,0.0,0.0,0.0,0.0,0.0,29.79998,0.0,0.0
2023-04-04 14:30:00+02:00,0.0,1.5944,7.091674704456692,5.4972747,1.5944,1.5944,0.0,0.0,0.0,0.0,0.0,29.79998,0.0,0.0
2023-04-04 14:45:00+02:00,0.0,2.2064666666666666,6.761748479788563,3.0225439,3.7392046,2.2064667,0.0,0.0,0.0,0.0,1.5327379,29.79998,1.5327379,0.0
2023-04-04 15:00:00+02:00,0.0,1.3136,6.205471205064456,0.0,6.2054712,1.3136,0.36402526,0.0,0.0,0.0,4.8918712,29.79998,4.8918712,0.0
2023-04-04 15:15:00+02:00,0.0,0.6986,4.842443378178952,0.0,4.8424434,0.6986,1.5258447,0.0,0.0,0.0,4.1438434,29.79998,4.1438434,0.0
2023-04-04 15:30:00+02:00,0.0,0.6456000000000001,5.960106390430687,0.31450639,5.6456,0.6456,2.5100075,0.0,0.0,0.0,5.0,29.79998,5.0,0.0
2023-04-04 15:45:00+02:00,0.0,1.7895333333333332,5.517553294400115,0.0,5.5175533,1.7895333,3.6975075,0.0,0.0,0.0,3.72802,29.79998,3.72802,0.0
2023-04-04 16:00:00+02:00,0.0,1.4860666666666666,3.484327342713782,0.0,3.4843273,1.4860667,4.5829122,0.0,0.0,0.0,1.9982607,29.79998,1.9982607,0.0
2023-04-04 16:15:00+02:00,0.0,0.2705333333333333,3.6464048027408382,0.0,3.6464048,0.27053333,5.0574991,0.0,0.0,0.0,3.3758715,29.79998,3.3758715,0.0
2023-04-04 16:30:00+02:00,0.0,0.226,2.8587841815479247,0.0,2.8587842,0.226,5.8592686,0.0,0.0,0.0,2.6327842,29.79998,2.6327842,0.0
2023-04-04 16:45:00+02:00,0.0,1.6594666666666666,2.0028701054293183,0.0,2.0028701,1.6594667,6.4845548,0.0,0.0,0.0,0.34340344,29.79998,0.34340344,0.0
2023-04-04 17:00:00+02:00,0.0,2.2793333333333337,1.1043089089833091,0.0,1.1043089,1.1043089,6.5661132,0.0,0.0,0.0,0.0,29.79998,0.0,1.1750244
2023-04-04 17:15:00+02:00,0.0,1.9074,0.4080685766391839,0.0,0.40806858,0.40806858,6.2568962,0.0,0.0,0.0,0.0,29.79998,0.0,1.4993314
2023-04-04 17:30:00+02:00,0.0,1.846666666666667,0.2280047135727502,0.0,0.22800471,0.22800471,5.8623353,0.0,0.0,0.0,0.0,29.79998,0.0,1.618662
2023-04-04 17:45:00+02:00,0.0,1.2209333333333334,0.0,0.0,0.0,0.0,5.4363716,0.0,0.0,0.0,0.0,29.79998,0.0,1.2209333
2023-04-04 18:00:00+02:00,0.0,0.3001333333333333,0.0,0.0,0.0,0.0,5.1150734,0.0,0.0,0.0,0.0,29.79998,0.0,0.30013333
2023-04-04 18:15:00+02:00,0.0,0.2223333333333333,0.0,0.0,0.0,0.0,5.0360909,0.0,0.0,0.0,0.0,29.79998,0.0,0.22233333
2023-04-04 18:30:00+02:00,0.0,0.2641333333333333,0.0,0.0,0.0,0.0,4.9775822,0.0,0.0,0.0,0.0,29.79998,0.0,0.26413333
2023-04-04 18:45:00+02:00,0.0,0.2576,0.0,0.0,0.0,0.0,4.9080734,0.0,0.0,0.0,0.0,29.79998,0.0,0.2576
2023-04-04 19:00:00+02:00,0.0,0.2882,0.0,0.0,0.0,0.0,4.8402839,0.0,0.0,0.0,0.0,29.79998,0.0,0.2882
2023-04-04 19:15:00+02:00,0.0,0.2214,0.0,0.0,0.0,0.0,4.7644418,0.0,0.0,0.0,0.0,29.79998,0.0,0.2214
2023-04-04 19:30:00+02:00,0.0,0.2706,0.0,0.0,0.0,0.0,4.7061786,0.0,0.0,0.0,0.0,29.79998,0.0,0.2706
2023-04-04 19:45:00+02:00,0.0,0.3303999999999999,0.0,0.0,0.0,0.0,4.6349681,0.0,0.0,0.0,0.0,29.79998,0.0,0.3304
2023-04-04 20:00:00+02:00,0.0,0.2712666666666666,0.0,0.0,0.0,0.0,4.5480208,0.0,0.0,0.0,0.0,17.88451,0.0,0.27126667
2023-04-04 20:15:00+02:00,0.0,0.2530666666666666,0.0,0.0,0.0,0.0,4.4766348,0.0,0.0,0.0,0.0,17.88451,0.0,0.25306667
2023-04-04 20:30:00+02:00,0.0,1.1019333333333334,0.0,0.0,0.0,0.0,4.4100383,0.0,0.0,0.0,0.0,17.88451,0.0,1.1019333
2023-04-04 20:45:00+02:00,0.0,0.8141333333333334,0.0,0.0,0.0,0.0,4.1200558,0.0,0.0,0.0,0.0,17.88451,0.0,0.81413333
2023-04-04 21:00:00+02:00,0.0,0.3071333333333333,0.0,0.0,0.0,0.0,3.9058102,0.0,0.0,0.0,0.0,17.88451,0.0,0.30713333
2023-04-04 21:15:00+02:00,0.0,0.3381333333333333,0.0,0.0,0.0,0.0,3.8249857,0.0,0.0,0.0,0.0,17.88451,0.0,0.33813333
2023-04-04 21:30:00+02:00,0.0,0.3346,0.0,0.0,0.0,0.0,3.7360032,0.0,0.0,0.0,0.0,17.88451,0.0,0.3346
2023-04-04 21:45:00+02:00,0.0,0.318,0.0,0.0,0.0,0.0,3.6479506,0.0,0.0,0.0,0.0,17.88451,0.0,0.318
2023-04-04 22:00:00+02:00,0.0,0.3558666666666666,0.0,0.0,0.0,0.0,3.5642664,0.0,0.0,0.0,0.0,17.88451,0.0,0.35586667
2023-04-04 22:15:00+02:00,0.0,0.3205333333333333,0.0,0.0,0.0,0.0,3.4706172,0.0,0.0,0.0,0.0,17.88451,0.0,0.32053333
2023-04-04 22:30:00+02:00,0.0,0.3576,0.0,0.0,0.0,0.0,3.3862664,0.0,0.0,0.0,0.0,17.88451,0.0,0.3576
2023-04-04 22:45:00+02:00,0.0,0.2270666666666666,0.0,0.0,0.0,0.0,3.2921611,0.0,0.0,0.0,0.0,17.88451,0.0,0.22706667
2023-04-04 23:00:00+02:00,0.0,0.2735333333333333,0.0,0.0,0.0,0.0,3.2324067,0.0,0.0,0.0,0.0,17.88451,0.0,0.27353333
2023-04-04 23:15:00+02:00,0.0,0.7992,0.0,0.0,0.0,0.0,3.1604243,0.0,0.0,0.0,0.0,17.88451,0.0,0.7992
2023-04-04 23:30:00+02:00,0.0,0.4953999999999999,0.0,0.0,0.0,0.0,2.9501085,0.0,0.0,0.0,0.0,17.88451,0.0,0.4954
2023-04-04 23:45:00+02:00,0.0,0.5041333333333333,0.0,0.0,0.0,0.0,2.81974,0.0,0.0,0.0,0.0,17.88451,0.0,0.50413333
2023-04-05 00:00:00+02:00,0.0,0.5503333333333333,0.0,0.0,0.0,0.0,2.6870734,0.0,0.0,0.0,0.0,17.88451,0.0,0.55033333
2023-04-05 00:15:00+02:00,0.0,0.5224666666666667,0.0,0.0,0.0,0.0,2.5422488,0.0,0.0,0.0,0.0,17.88451,0.0,0.52246667
2023-04-05 00:30:00+02:00,0.0,0.4897333333333333,0.0,0.0,0.0,0.0,2.4047576,0.0,0.0,0.0,0.0,17.88451,0.0,0.48973333
2023-04-05 00:45:00+02:00,0.0,0.5049333333333333,0.0,0.0,0.0,0.0,2.2758804,0.0,0.0,0.0,0.0,17.88451,0.0,0.50493333
2023-04-05 01:00:00+02:00,0.0,0.3896666666666666,0.0,0.0,0.0,0.0,2.1430032,0.0,0.0,0.0,0.0,17.88451,0.0,0.38966667
2023-04-05 01:15:00+02:00,0.0,0.343,0.0,0.0,0.0,0.0,2.0404593,0.0,0.0,0.0,0.0,17.88451,0.0,0.343
2023-04-05 01:30:00+02:00,0.0,0.2817333333333333,0.0,0.0,0.0,0.0,1.9501962,0.0,0.0,0.0,0.0,17.88451,0.0,0.28173333
2023-04-05 01:45:00+02:00,0.0,0.3736666666666667,0.0,0.0,0.0,0.0,1.8760558,0.0,0.0,0.0,0.0,17.88451,0.0,0.37366667
2023-04-05 02:00:00+02:00,0.0,0.3485333333333333,0.0,0.0,0.0,0.0,1.7777225,0.0,0.0,0.0,0.0,17.88451,0.0,0.34853333
2023-04-05 02:15:00+02:00,0.0,0.3166,0.0,0.0,0.0,0.0,1.6860032,0.0,0.0,0.0,0.0,17.88451,0.0,0.3166
2023-04-05 02:30:00+02:00,0.0,0.3227333333333333,0.0,0.0,0.0,0.0,1.6026874,0.0,0.0,0.0,0.0,17.88451,0.0,0.32273333
2023-04-05 02:45:00+02:00,0.0,0.3,0.0,0.0,0.0,0.0,1.5177576,0.0,0.0,0.0,0.0,17.88451,0.0,0.3
2023-04-05 03:00:00+02:00,0.0,0.3454666666666666,0.0,0.0,0.0,0.0,1.4388102,0.0,0.0,0.0,0.0,17.88451,0.0,0.34546667
2023-04-05 03:15:00+02:00,0.0,0.3461333333333333,0.0,0.0,0.0,0.0,1.3478979,0.0,0.0,0.0,0.0,17.88451,0.0,0.34613333
2023-04-05 03:30:00+02:00,0.0,0.3251333333333333,0.0,0.0,0.0,0.0,1.2568102,0.0,0.0,0.0,0.0,17.88451,0.0,0.32513333
2023-04-05 03:45:00+02:00,0.0,0.3078,0.0,0.0,0.0,0.0,1.1712488,0.0,0.0,0.0,0.0,17.88451,0.0,0.3078
2023-04-05 04:00:00+02:00,0.0,0.6475333333333333,0.0,0.0,0.0,0.0,1.0902488,0.0,0.0,0.0,0.0,17.88451,0.0,0.64753333
2023-04-05 04:15:00+02:00,0.0,0.4517333333333334,0.0,0.0,0.0,0.0,0.91984531,0.0,0.0,0.0,0.0,17.88451,0.0,0.45173333
2023-04-05 04:30:00+02:00,0.0,0.793,0.0,0.0,0.0,0.0,0.80096812,0.0,0.0,0.0,0.0,17.88451,0.0,0.793
2023-04-05 04:45:00+02:00,0.0,0.2951999999999999,0.0,0.0,0.0,0.0,0.59228391,0.0,0.0,0.0,0.0,17.88451,0.0,0.2952
2023-04-05 05:00:00+02:00,0.0,0.2424,0.0,0.0,0.0,0.0,0.5145997,0.0,0.0,0.0,0.0,17.88451,0.0,0.2424
2023-04-05 05:15:00+02:00,0.0,0.2238,0.0,0.0,0.0,0.0,0.45081022,0.0,0.0,0.0,0.0,17.88451,0.0,0.2238
2023-04-05 05:30:00+02:00,0.0,0.2946666666666667,0.0,0.0,0.0,0.0,0.39191549,0.0,0.0,0.0,0.0,17.88451,0.0,0.29466667
2023-04-05 05:45:00+02:00,0.0,0.3382,0.0,0.0,0.0,0.0,0.31437163,0.0,0.0,0.0,0.0,17.88451,0.0,0.3382
2023-04-05 06:00:00+02:00,0.0,0.2159333333333333,0.0,0.0,0.0,0.0,0.22537163,0.0,0.0,0.0,0.0,43.26959,0.0,0.21593333
2023-04-05 06:15:00+02:00,0.0,0.2406666666666666,0.0,0.0,0.0,0.0,0.16854707,0.0,0.0,0.0,0.0,43.26959,0.0,0.24066667
2023-04-05 06:30:00+02:00,0.0,0.2004666666666666,0.0,0.0,0.0,0.0,0.10521373,0.0,0.0,0.0,0.0,43.26959,0.0,0.20046667
2023-04-05 06:45:00+02:00,0.0,0.2513333333333333,0.0519878139306847,0.0,0.051987814,0.051987814,0.052459347,0.0,0.0,0.0,0.0,43.26959,0.0,0.19934552
2023-04-05 07:00:00+02:00,0.0,0.2152666666666667,0.2753552977727574,0.060088631,0.21526667,0.21526667,0.0,0.0,0.0,0.0,0.0,43.26959,0.0,0.0
2023-04-05 07:15:00+02:00,0.0,0.2591333333333333,0.3952682464275623,0.13613491,0.25913333,0.25913333,0.0,0.0,0.0,0.0,0.0,43.26959,0.0,0.0
2023-04-05 07:30:00+02:00,0.0,0.2460666666666666,0.7060740425487979,0.0,0.70607404,0.24606667,0.0,0.46000738,0.0,0.46000738,0.0,43.26959,0.0,0.0
2023-04-05 07:45:00+02:00,0.0,0.3202666666666666,1.0810453894845484,0.0,1.0810454,0.32026667,0.0,0.76077872,0.0,0.76077872,0.0,43.26959,0.0,0.0
2023-04-05 08:00:00+02:00,0.0,0.3407333333333333,1.4540567920163483,1.1133235,0.34073333,0.34073333,0.0,0.0,0.0,0.0,0.0,43.26959,0.0,0.0
2023-04-05 08:15:00+02:00,0.0,0.2497333333333333,1.8648023548853152,0.0,1.8648024,0.24973333,0.0,1.615069,0.0,1.615069,0.0,43.26959,0.0,0.0
2023-04-05 08:30:00+02:00,0.0,0.2402,1.555583600438722,1.3153836,0.2402,0.2402,0.0,0.0,0.0,0.0,0.0,43.26959,0.0,0.0
2023-04-05 08:45:00+02:00,0.0,0.7279333333333333,2.561921369349696,0.0,2.5619214,0.72793333,0.0,1.833988,0.0,1.833988,0.0,43.26959,0.0,0.0
2023-04-05 09:00:00+02:00,0.0,0.6033333333333334,1.316011658868692,0.0,1.3160117,0.60333333,0.0,0.71267833,0.0,0.71267833,0.0,43.26959,0.0,0.0
2023-04-05 09:15:00+02:00,0.0,0.3198,1.334962062837464,1.0151621,0.3198,0.3198,0.0,0.0,0.0,0.0,0.0,43.26959,0.0,0.0
2023-04-05 09:30:00+02:00,0.0,0.2702,1.3805449622748784,1.110345,0.2702,0.2702,0.0,0.0,0.0,0.0,0.0,43.26959,0.0,0.0
2023-04-05 09:45:00+02:00,0.0,0.7313333333333334,1.2963237963176104,0.0,1.2963238,0.73133333,0.0,0.56499046,0.0,0.56499046,0.0,43.26959,0.0,0.0
2023-04-05 10:00:00+02:00,0.0,0.5519333333333333,1.7242690100149536,0.0,1.724269,0.55193333,0.0,1.1723357,0.0,1.1723357,0.0,43.26959,0.0,0.0
2023-04-05 10:15:00+02:00,0.0,0.28,7.898120500358097,0.0,7.8981205,0.28,0.0,7.6181205,0.0,7.6181205,0.0,43.26959,0.0,0.0
2023-04-05 10:30:00+02:00,0.0,0.3541333333333333,7.547007355281062,7.192874,0.35413333,0.35413333,0.0,0.0,0.0,0.0,0.0,43.26959,0.0,0.0
2023-04-05 10:45:00+02:00,0.0,0.3165333333333333,7.12726020982038,6.8107269,0.31653333,0.31653333,0.0,0.0,0.0,0.0,0.0,43.26959,0.0,0.0
2023-04-05 11:00:00+02:00,0.0,4.674533333333334,4.906668430275703,0.0,4.9066684,4.6745333,0.0,0.2321351,0.0,0.2321351,0.0,43.26959,0.0,0.0
2023-04-05 11:15:00+02:00,0.0,1.6628,6.229828358672946,0.0,6.2298284,1.6628,0.0,4.5670284,0.0,4.5670284,0.0,43.26959,0.0,0.0
2023-04-05 11:30:00+02:00,0.0,1.4438666666666666,8.345424390870939,6.9015577,1.4438667,1.4438667,0.0,0.0,0.0,0.0,0.0,43.26959,0.0,0.0
2023-04-05 11:45:00+02:00,0.0,1.232,8.759254730515789,7.5272547,1.232,1.232,0.0,0.0,0.0,0.0,0.0,43.26959,0.0,0.0
2023-04-05 12:00:00+02:00,0.0,0.4588666666666667,8.829227078035405,0.0,8.8292271,0.45886667,0.0,8.3703604,0.0,8.3703604,0.0,43.26959,0.0,0.0
2023-04-05 12:15:00+02:00,0.0,0.2486666666666666,6.483553323020384,0.0,6.4835533,0.24866667,0.0,6.2348867,0.0,6.2348867,0.0,43.26959,0.0,0.0
2023-04-05 12:30:00+02:00,0.0,0.1838,8.978920696269164,0.0,8.9789207,0.1838,0.0,8.7951207,0.0,8.7951207,0.0,43.26959,0.0,0.0
2023-04-05 12:45:00+02:00,0.0,1.0794,7.587497653215636,6.5080977,1.0794,1.0794,0.0,0.0,0.0,0.0,0.0,43.26959,0.0,0.0
2023-04-05 13:00:00+02:00,0.0,1.4882666666666666,4.703813673178686,0.0,4.7038137,1.4882667,0.0,3.215547,0.0,3.215547,0.0,43.26959,0.0,0.0
2023-04-05 13:15:00+02:00,0.0,0.3276,4.174023050257816,0.0,4.1740231,0.3276,0.0,3.8464231,0.0,3.8464231,0.0,43.26959,0.0,0.0
2023-04-05 13:30:00+02:00,0.0,0.1635333333333333,5.336647504610679,0.21809743,5.1185501,0.16353333,0.0,4.9550167,0.0,4.9550167,0.0,43.26959,0.0,0.0
2023-04-05 13:45:00+02:00,0.0,0.2058,6.453217285227691,6.2474173,0.2058,0.2058,0.0,0.0,0.0,0.0,0.0,43.26959,0.0,0.0
2023-04-05 14:00:00+02:00,0.0,0.1606666666666666,4.99686105817436,4.8361944,0.16066667,0.16066667,0.0,0.0,0.0,0.0,0.0,43.26959,0.0,0.0
2023-04-05 14:15:00+02:00,0.0,0.1938,5.401813918961174,5.2080139,0.1938,0.1938,0.0,0.0,0.0,0.0,0.0,43.26959,0.0,0.0
2023-04-05 14:30:00+02:00,0.0,0.5409333333333333,5.082531838056469,4.5415985,0.54093333,0.54093333,0.0,0.0,0.0,0.0,0.0,43.26959,0.0,0.0
2023-04-05 14:45:00+02:00,0.0,0.5126000000000001,7.2659098046955615,0.0,7.2659098,0.5126,0.0,2.086406,0.0,2.086406,4.6669038,43.26959,4.6669038,0.0
2023-04-05 15:00:00+02:00,0.0,0.37,4.719551647458327,0.0,4.7195516,0.37,1.1083897,0.0,0.0,0.0,4.3495516,43.26959,4.3495516,0.0
2023-04-05 15:15:00+02:00,0.0,0.6715333333333333,4.256780181255799,0.0,4.2567802,0.67153333,2.1414082,0.0,0.0,0.0,3.5852468,43.26959,3.5852468,0.0
2023-04-05 15:30:00+02:00,0.0,0.582,5.338506397595122,0.0,5.3385064,0.582,2.9929043,0.0,0.0,0.0,4.7565064,43.26959,4.7565064,0.0
2023-04-05 15:45:00+02:00,0.0,0.6372666666666666,5.076950598781287,0.0,5.0769506,0.63726667,4.1225746,0.0,0.0,0.0,4.4396839,43.26959,4.4396839,0.0
2023-04-05 16:00:00+02:00,0.0,0.5783333333333334,4.415237461329832,0.0,4.4152375,0.57833333,5.1769995,0.0,0.0,0.0,3.8369041,43.26959,3.8369041,0.0
2023-04-05 16:15:00+02:00,0.0,0.4903333333333333,2.957525302128097,0.0,2.9575253,0.49033333,6.0882642,0.0,0.0,0.0,2.467192,43.26959,2.467192,0.0
2023-04-05 16:30:00+02:00,0.0,0.5251333333333333,1.823637998446856,0.0,1.823638,0.52513333,6.6742223,0.0,0.0,0.0,1.2985047,43.26959,1.2985047,0.0
2023-04-05 16:45:00+02:00,0.0,0.4754,2.429424551929161,0.0,2.4294246,0.4754,6.9826172,0.0,0.0,0.0,1.9540246,43.26959,1.9540246,0.0
2023-04-05 17:00:00+02:00,0.0,0.5346666666666666,1.2237923348068478,0.0,1.2237923,0.53466667,7.446698,0.0,0.0,0.0,0.68912567,43.26959,0.68912567,0.0
2023-04-05 17:15:00+02:00,0.0,0.5845333333333333,0.4725596648768227,0.0,0.47255966,0.47255966,7.6103654,0.0,0.0,0.0,0.0,43.26959,0.0,0.11197367
2023-04-05 17:30:00+02:00,0.0,0.5144666666666667,0.2714522975081552,0.0,0.2714523,0.2714523,7.5808986,0.0,0.0,0.0,0.0,43.26959,0.0,0.24301437
2023-04-05 17:45:00+02:00,0.0,0.8458,0.0,0.0,0.0,0.0,7.5169475,0.0,0.0,0.0,0.0,43.26959,0.0,0.8458
2023-04-05 18:00:00+02:00,0.0,0.5590666666666667,0.0,0.0,0.0,0.0,7.2943685,0.0,0.0,0.0,0.0,43.26959,0.0,0.55906667
2023-04-05 18:15:00+02:00,0.0,0.5648,0.0,0.0,0.0,0.0,7.1472457,0.0,0.0,0.0,0.0,43.26959,0.0,0.5648
2023-04-05 18:30:00+02:00,0.0,0.6325333333333333,0.0,0.0,0.0,0.0,6.9986141,0.0,0.0,0.0,0.0,43.26959,0.0,0.63253333
2023-04-05 18:45:00+02:00,0.0,0.6544,0.0,0.0,0.0,0.0,6.832158,0.0,0.0,0.0,0.0,43.26959,0.0,0.6544
2023-04-05 19:00:00+02:00,0.0,0.5739333333333333,0.0,0.0,0.0,0.0,6.6599475,0.0,0.0,0.0,0.0,43.26959,0.0,0.57393333
2023-04-05 19:15:00+02:00,0.0,0.5586666666666666,0.0,0.0,0.0,0.0,6.5089124,0.0,0.0,0.0,0.0,43.26959,0.0,0.55866667
2023-04-05 19:30:00+02:00,0.0,0.7778666666666667,0.0,0.0,0.0,0.0,6.3618948,0.0,0.0,0.0,0.0,43.26959,0.0,0.77786667
2023-04-05 19:45:00+02:00,0.0,1.5844,0.0,0.0,0.0,0.0,6.1571931,0.0,0.0,0.0,0.0,43.26959,0.0,1.5844
2023-04-05 20:00:00+02:00,0.0,2.5784,0.0,0.0,0.0,0.0,5.7402457,0.0,0.0,0.0,0.0,17.20502,0.0,2.5784
2023-04-05 20:15:00+02:00,0.0,0.9255333333333332,0.0,0.0,0.0,0.0,5.0617194,0.0,0.0,0.0,0.0,17.20502,0.0,0.92553333
2023-04-05 20:30:00+02:00,0.0,0.582,0.0,0.0,0.0,0.0,4.818158,0.0,0.0,0.0,0.0,17.20502,0.0,0.582
2023-04-05 20:45:00+02:00,0.0,0.7041333333333333,0.0,0.0,0.0,0.0,4.6650001,0.0,0.0,0.0,0.0,17.20502,0.0,0.70413333
2023-04-05 21:00:00+02:00,0.0,0.7840666666666667,0.0,0.0,0.0,0.0,4.4797018,0.0,0.0,0.0,0.0,17.20502,0.0,0.78406667
2023-04-05 21:15:00+02:00,0.0,0.6354,0.0,0.0,0.0,0.0,4.2733685,0.0,0.0,0.0,0.0,17.20502,0.0,0.6354
2023-04-05 21:30:00+02:00,0.0,0.5957333333333333,0.0,0.0,0.0,0.0,4.106158,0.0,0.0,0.0,0.0,17.20502,0.0,0.59573333
2023-04-05 21:45:00+02:00,0.0,0.5435333333333333,0.0,0.0,0.0,0.0,3.9493861,0.0,0.0,0.0,0.0,17.20502,0.0,0.54353333
2023-04-05 22:00:00+02:00,0.0,0.5146000000000001,0.0,0.0,0.0,0.0,3.806351,0.0,0.0,0.0,0.0,17.20502,0.0,0.5146
2023-04-05 22:15:00+02:00,0.0,0.5241333333333333,0.0,0.0,0.0,0.0,3.6709299,0.0,0.0,0.0,0.0,17.20502,0.0,0.52413333
2023-04-05 22:30:00+02:00,0.0,0.5521333333333334,0.0,0.0,0.0,0.0,3.5330001,0.0,0.0,0.0,0.0,17.20502,0.0,0.55213333
2023-04-05 22:45:00+02:00,0.0,0.5983333333333334,0.0,0.0,0.0,0.0,3.3877018,0.0,0.0,0.0,0.0,17.20502,0.0,0.59833333
2023-04-05 23:00:00+02:00,0.0,0.5439333333333333,0.0,0.0,0.0,0.0,3.2302457,0.0,0.0,0.0,0.0,17.20502,0.0,0.54393333
2023-04-05 23:15:00+02:00,0.0,0.4674666666666666,0.0,0.0,0.0,0.0,3.0871054,0.0,0.0,0.0,0.0,17.20502,0.0,0.46746667
2023-04-05 23:30:00+02:00,0.0,0.5209333333333332,0.0,0.0,0.0,0.0,2.9640878,0.0,0.0,0.0,0.0,17.20502,0.0,0.52093333
2023-04-05 23:45:00+02:00,0.0,0.5294,0.0,0.0,0.0,0.0,2.8270001,0.0,0.0,0.0,0.0,17.20502,0.0,0.5294
2023-04-06 00:00:00+02:00,0.0,0.6553333333333333,0.0,0.0,0.0,0.0,2.6876843,0.0,0.0,0.0,0.0,17.20502,0.0,0.65533333
2023-04-06 00:15:00+02:00,0.0,0.565,0.0,0.0,0.0,0.0,2.5152282,0.0,0.0,0.0,0.0,17.20502,0.0,0.565
2023-04-06 00:30:00+02:00,0.0,0.5923333333333334,0.0,0.0,0.0,0.0,2.3665439,0.0,0.0,0.0,0.0,17.20502,0.0,0.59233333
2023-04-06 00:45:00+02:00,0.0,0.7028666666666666,0.0,0.0,0.0,0.0,2.2106668,0.0,0.0,0.0,0.0,17.20502,0.0,0.70286667
2023-04-06 01:00:00+02:00,0.0,0.3931333333333333,0.0,0.0,0.0,0.0,2.0257018,0.0,0.0,0.0,0.0,17.20502,0.0,0.39313333
2023-04-06 01:15:00+02:00,0.0,0.4682,0.0,0.0,0.0,0.0,1.9222457,0.0,0.0,0.0,0.0,17.20502,0.0,0.4682
2023-04-06 01:30:00+02:00,0.0,0.3408666666666666,0.0,0.0,0.0,0.0,1.7990352,0.0,0.0,0.0,0.0,17.20502,0.0,0.34086667
2023-04-06 01:45:00+02:00,0.0,0.4130666666666666,0.0,0.0,0.0,0.0,1.7093334,0.0,0.0,0.0,0.0,17.20502,0.0,0.41306667
2023-04-06 02:00:00+02:00,0.0,0.3256,0.0,0.0,0.0,0.0,1.6006317,0.0,0.0,0.0,0.0,17.20502,0.0,0.3256
2023-04-06 02:15:00+02:00,0.0,0.3552,0.0,0.0,0.0,0.0,1.5149475,0.0,0.0,0.0,0.0,17.20502,0.0,0.3552
2023-04-06 02:30:00+02:00,0.0,0.3507333333333333,0.0,0.0,0.0,0.0,1.4214738,0.0,0.0,0.0,0.0,17.20502,0.0,0.35073333
2023-04-06 02:45:00+02:00,0.0,0.3040666666666666,0.0,0.0,0.0,0.0,1.3291755,0.0,0.0,0.0,0.0,17.20502,0.0,0.30406667
2023-04-06 03:00:00+02:00,0.0,0.3229333333333333,0.0,0.0,0.0,0.0,1.249158,0.0,0.0,0.0,0.0,17.20502,0.0,0.32293333
2023-04-06 03:15:00+02:00,0.0,0.1626666666666666,0.0,0.0,0.0,0.0,1.1641755,0.0,0.0,0.0,0.0,17.20502,0.0,0.16266667
2023-04-06 03:30:00+02:00,0.0,0.2388666666666666,0.0,0.0,0.0,0.0,1.1213685,0.0,0.0,0.0,0.0,17.20502,0.0,0.23886667
2023-04-06 03:45:00+02:00,0.0,0.2889333333333333,0.0,0.0,0.0,0.0,1.0585089,0.0,0.0,0.0,0.0,17.20502,0.0,0.28893333
2023-04-06 04:00:00+02:00,0.0,0.2857333333333333,0.0,0.0,0.0,0.0,0.98247377,0.0,0.0,0.0,0.0,17.20502,0.0,0.28573333
2023-04-06 04:15:00+02:00,0.0,0.2334666666666666,0.0,0.0,0.0,0.0,0.90728079,0.0,0.0,0.0,0.0,17.20502,0.0,0.23346667
2023-04-06 04:30:00+02:00,0.0,0.2744666666666666,0.0,0.0,0.0,0.0,0.84584219,0.0,0.0,0.0,0.0,17.20502,0.0,0.27446667
2023-04-06 04:45:00+02:00,0.0,0.2653333333333333,0.0,0.0,0.0,0.0,0.77361412,0.0,0.0,0.0,0.0,17.20502,0.0,0.26533333
2023-04-06 05:00:00+02:00,0.0,0.2670666666666667,0.0,0.0,0.0,0.0,0.70378956,0.0,0.0,0.0,0.0,17.20502,0.0,0.26706667
2023-04-06 05:15:00+02:00,0.0,0.3601999999999999,0.0,0.0,0.0,0.0,0.63350886,0.0,0.0,0.0,0.0,17.20502,0.0,0.3602
2023-04-06 05:30:00+02:00,0.0,0.2834666666666666,0.0,0.0,0.0,0.0,0.53871939,0.0,0.0,0.0,0.0,17.20502,0.0,0.28346667
2023-04-06 05:45:00+02:00,0.0,0.3238,0.0,0.0,0.0,0.0,0.46412289,0.0,0.0,0.0,0.0,17.20502,0.0,0.3238
2023-04-06 06:00:00+02:00,0.0,0.2437333333333333,0.0,0.0,0.0,0.0,0.37891237,0.0,0.0,0.0,0.0,45.31639,0.0,0.24373333
2023-04-06 06:15:00+02:00,0.0,0.2313333333333333,0.0,0.0,0.0,0.0,0.31477202,0.0,0.0,0.0,0.0,45.31639,0.0,0.23133333
2023-04-06 06:30:00+02:00,0.0,0.5624666666666667,0.0708758662287481,0.0,0.070875866,0.070875866,0.25389482,0.0,0.0,0.0,0.0,45.31639,0.0,0.4915908
2023-04-06 06:45:00+02:00,0.0,0.8312666666666666,0.3580571350002338,0.0,0.35805714,0.35805714,0.12452882,0.0,0.0,0.0,0.0,45.31639,0.0,0.47320953
2023-04-06 07:00:00+02:00,0.0,0.2821333333333333,0.8781335688727341,0.0,0.87813357,0.28213333,0.0,0.59600024,0.0,0.59600024,0.0,45.31639,0.0,0.0
2023-04-06 07:15:00+02:00,0.0,0.2539333333333333,0.982936968559282,0.0,0.98293697,0.25393333,0.0,0.72900364,0.0,0.72900364,0.0,45.31639,0.0,0.0
2023-04-06 07:30:00+02:00,0.0,0.3841333333333333,1.8509975404295027,0.0,1.8509975,0.38413333,0.0,1.4668642,0.0,1.4668642,0.0,45.31639,0.0,0.0
2023-04-06 07:45:00+02:00,0.0,0.2946,0.894916114547344,0.60031611,0.2946,0.2946,0.0,0.0,0.0,0.0,0.0,45.31639,0.0,0.0
2023-04-06 08:00:00+02:00,0.0,0.3056,2.082013981259529,0.0,2.082014,0.3056,0.0,1.776414,0.0,1.776414,0.0,45.31639,0.0,0.0
2023-04-06 08:15:00+02:00,0.0,0.2268666666666666,3.539098946739767,3.3122323,0.22686667,0.22686667,0.0,0.0,0.0,0.0,0.0,45.31639,0.0,0.0
2023-04-06 08:30:00+02:00,0.0,0.2578,4.115052648385602,3.8572526,0.2578,0.2578,0.0,0.0,0.0,0.0,0.0,45.31639,0.0,0.0
2023-04-06 08:45:00+02:00,0.0,0.2322666666666666,4.68546059245069,4.4531939,0.23226667,0.23226667,0.0,0.0,0.0,0.0,0.0,45.31639,0.0,0.0
2023-04-06 09:00:00+02:00,0.0,0.2,5.268377244161932,5.0683772,0.2,0.2,0.0,0.0,0.0,0.0,0.0,45.31639,0.0,0.0
2023-04-06 09:15:00+02:00,0.0,0.2092,5.764043370327639,5.5548434,0.2092,0.2092,0.0,0.0,0.0,0.0,0.0,45.31639,0.0,0.0
2023-04-06 09:30:00+02:00,0.0,0.2638666666666667,6.237277342706204,5.9734107,0.26386667,0.26386667,0.0,0.0,0.0,0.0,0.0,45.31639,0.0,0.0
2023-04-06 09:45:00+02:00,0.0,0.3339333333333333,6.587872088440559,6.2539388,0.33393333,0.33393333,0.0,0.0,0.0,0.0,0.0,45.31639,0.0,0.0
2023-04-06 10:00:00+02:00,0.0,0.3772666666666666,5.423004754642486,5.0457381,0.37726667,0.37726667,0.0,0.0,0.0,0.0,0.0,45.31639,0.0,0.0
2023-04-06 10:15:00+02:00,0.0,0.3470666666666667,8.386157028887109,8.0390904,0.34706667,0.34706667,0.0,0.0,0.0,0.0,0.0,45.31639,0.0,0.0
2023-04-06 10:30:00+02:00,0.0,0.3167333333333333,5.66670589955784,5.3499726,0.31673333,0.31673333,0.0,0.0,0.0,0.0,0.0,45.31639,0.0,0.0
2023-04-06 10:45:00+02:00,0.0,0.3765333333333334,8.27905655378563,7.9025232,0.37653333,0.37653333,0.0,0.0,0.0,0.0,0.0,45.31639,0.0,0.0
2023-04-06 11:00:00+02:00,0.0,0.4092,7.934847666126435,7.5256477,0.4092,0.4092,0.0,0.0,0.0,0.0,0.0,45.31639,0.0,0.0
2023-04-06 11:15:00+02:00,0.0,0.6926,8.824582805666509,8.1319828,0.6926,0.6926,0.0,0.0,0.0,0.0,0.0,45.31639,0.0,0.0
2023-04-06 11:30:00+02:00,0.0,0.9563333333333334,8.046278458868562,7.0899451,0.95633333,0.95633333,0.0,0.0,0.0,0.0,0.0,45.31639,0.0,0.0
2023-04-06 11:45:00+02:00,0.0,0.6574666666666666,9.098316773789982,8.4408501,0.65746667,0.65746667,0.0,0.0,0.0,0.0,0.0,45.31639,0.0,0.0
2023-04-06 12:00:00+02:00,0.0,2.6491333333333333,6.401002125504441,3.7518688,2.6491333,2.6491333,0.0,0.0,0.0,0.0,0.0,45.31639,0.0,0.0
2023-04-06 12:15:00+02:00,0.0,4.5178666666666665,8.375742536259484,3.8578759,4.5178667,4.5178667,0.0,0.0,0.0,0.0,0.0,45.31639,0.0,0.0
2023-04-06 12:30:00+02:00,0.0,0.3394,7.632432712965009,7.2930327,0.3394,0.3394,0.0,0.0,0.0,0.0,0.0,45.31639,0.0,0.0
2023-04-06 12:45:00+02:00,0.0,0.2349333333333333,6.813799497430153,6.5788662,0.23493333,0.23493333,0.0,0.0,0.0,0.0,0.0,45.31639,0.0,0.0
2023-04-06 13:00:00+02:00,0.0,0.4014,7.958806006301016,7.557406,0.4014,0.4014,0.0,0.0,0.0,0.0,0.0,45.31639,0.0,0.0
2023-04-06 13:15:00+02:00,0.0,0.3251333333333333,9.49337577448239,9.1682424,0.32513333,0.32513333,0.0,0.0,0.0,0.0,0.0,45.31639,0.0,0.0
2023-04-06 13:30:00+02:00,0.0,0.3128666666666667,7.496207336487686,7.1833407,0.31286667,0.31286667,0.0,0.0,0.0,0.0,0.0,45.31639,0.0,0.0
2023-04-06 13:45:00+02:00,0.0,0.3270666666666666,8.727406351434855,8.4003397,0.32706667,0.32706667,0.0,0.0,0.0,0.0,0.0,45.31639,0.0,0.0
2023-04-06 14:00:00+02:00,0.0,0.3156,8.130207353641008,7.8146074,0.3156,0.3156,0.0,0.0,0.0,0.0,0.0,45.31639,0.0,0.0
2023-04-06 14:15:00+02:00,0.0,0.4162666666666667,6.188984444607497,1.6000876,4.5888969,0.41626667,0.0,0.0,0.0,0.0,4.1726302,45.31639,4.1726302,0.0
2023-04-06 14:30:00+02:00,0.0,0.331,7.725738357256412,2.3947384,5.331,0.331,0.99099968,0.0,0.0,0.0,5.0,45.31639,5.0,0.0
2023-04-06 14:45:00+02:00,0.0,0.3177333333333333,7.688198284343096,2.370465,5.3177333,0.31773333,2.1784997,0.0,0.0,0.0,5.0,45.31639,5.0,0.0
2023-04-06 15:00:00+02:00,0.0,0.2986666666666667,7.237870022222867,1.9392034,5.2986667,0.29866667,3.3659997,0.0,0.0,0.0,5.0,45.31639,5.0,0.0
2023-04-06 15:15:00+02:00,0.0,0.4000666666666667,6.754995106377023,1.3549284,5.4000667,0.40006667,4.5534997,0.0,0.0,0.0,5.0,45.31639,5.0,0.0
2023-04-06 15:30:00+02:00,0.0,0.4241333333333333,6.193208024312409,0.76907469,5.4241333,0.42413333,5.7409997,0.0,0.0,0.0,5.0,45.31639,5.0,0.0
2023-04-06 15:45:00+02:00,0.0,0.4616,5.558901879924202,0.09730188,5.4616,0.4616,6.9284997,0.0,0.0,0.0,5.0,45.31639,5.0,0.0
2023-04-06 16:00:00+02:00,0.0,0.4783333333333333,4.842780191498789,0.0,4.8427802,0.47833333,8.1159997,0.0,0.0,0.0,4.3644469,45.31639,4.3644469,0.0
2023-04-06 16:15:00+02:00,0.0,0.4728666666666666,4.041052738500178,0.0,4.0410527,0.47286667,9.1525558,0.0,0.0,0.0,3.5681861,45.31639,3.5681861,0.0
2023-04-06 16:30:00+02:00,0.0,0.6512666666666667,3.155762037483373,0.0,3.155762,0.0,10.0,3.155762,0.0,3.155762,0.0,45.31639,0.0,0.65126667
2023-04-06 16:45:00+02:00,0.0,0.7068666666666666,2.211875849143447,0.0,2.2118758,0.0,9.828614,2.2118758,0.0,2.2118758,0.0,45.31639,0.0,0.70686667
2023-04-06 17:00:00+02:00,0.0,0.5116,1.2530557430454758,0.0,1.2530557,0.0,9.6425965,1.2530557,0.0,1.2530557,0.0,45.31639,0.0,0.5116
2023-04-06 17:15:00+02:00,0.0,0.4877333333333333,0.4607755611489895,0.0,0.46077556,0.0,9.5079649,0.46077556,0.0,0.46077556,0.0,45.31639,0.0,0.48773333
2023-04-06 17:30:00+02:00,0.0,0.6237333333333334,0.2945458230268735,0.0,0.29454582,0.0,9.379614,0.29454582,0.0,0.29454582,0.0,45.31639,0.0,0.62373333
2023-04-06 17:45:00+02:00,0.0,0.6650666666666667,0.1137833564893073,0.0,0.11378336,0.0,9.2154737,0.11378336,0.0,0.11378336,0.0,45.31639,0.0,0.66506667
2023-04-06 18:00:00+02:00,0.0,0.3592666666666667,0.0,0.0,0.0,0.0,9.0404561,0.0,0.0,0.0,0.0,45.31639,0.0,0.35926667
2023-04-06 18:15:00+02:00,0.0,0.3607333333333333,0.0,0.0,0.0,0.0,8.9459123,0.0,0.0,0.0,0.0,45.31639,0.0,0.36073333
2023-04-06 18:30:00+02:00,0.0,0.2008666666666666,0.0,0.0,0.0,0.0,8.8509825,0.0,0.0,0.0,0.0,45.31639,0.0,0.20086667
2023-04-06 18:45:00+02:00,0.0,0.1840666666666666,0.0,0.0,0.0,0.0,8.7981228,0.0,0.0,0.0,0.0,45.31639,0.0,0.18406667
2023-04-06 19:00:00+02:00,0.0,0.2629333333333333,0.0,0.0,0.0,0.0,8.7496842,0.0,0.0,0.0,0.0,45.31639,0.0,0.26293333
2023-04-06 19:15:00+02:00,0.0,0.1898,0.0,0.0,0.0,0.0,8.6804912,0.0,0.0,0.0,0.0,45.31639,0.0,0.1898
2023-04-06 19:30:00+02:00,0.0,0.1585333333333333,0.0,0.0,0.0,0.0,8.6305439,0.0,0.0,0.0,0.0,45.31639,0.0,0.15853333
2023-04-06 19:45:00+02:00,0.0,0.1678,0.0,0.0,0.0,0.0,8.5888246,0.0,0.0,0.0,0.0,45.31639,0.0,0.1678
2023-04-06 20:00:00+02:00,0.0,0.193,0.0,0.0,0.0,0.0,8.5446667,0.0,0.0,0.0,0.0,20.19073,0.0,0.193
2023-04-06 20:15:00+02:00,0.0,0.1924,0.0,0.0,0.0,0.0,8.4938772,0.0,0.0,0.0,0.0,20.19073,0.0,0.1924
2023-04-06 20:30:00+02:00,0.0,0.2257333333333333,0.0,0.0,0.0,0.0,8.4432456,0.0,0.0,0.0,0.0,20.19073,0.0,0.22573333
2023-04-06 20:45:00+02:00,0.0,1.6194000000000002,0.0,0.0,0.0,0.0,8.3838421,0.0,0.0,0.0,0.0,20.19073,0.0,1.6194
2023-04-06 21:00:00+02:00,0.0,0.5064666666666666,0.0,0.0,0.0,0.0,7.9576842,0.0,0.0,0.0,0.0,20.19073,0.0,0.50646667
2023-04-06 21:15:00+02:00,0.0,0.3847333333333333,0.0,0.0,0.0,0.0,7.8244035,0.0,0.0,0.0,0.0,20.19073,0.0,0.38473333
2023-04-06 21:30:00+02:00,0.0,0.4398,0.0,0.0,0.0,0.0,7.7231579,0.0,0.0,0.0,0.0,20.19073,0.0,0.4398
2023-04-06 21:45:00+02:00,0.0,0.4732,0.0,0.0,0.0,0.0,7.6074211,0.0,0.0,0.0,0.0,20.19073,0.0,0.4732
2023-04-06 22:00:00+02:00,0.0,0.4122666666666666,0.0,0.0,0.0,0.0,7.4828947,0.0,0.0,0.0,0.0,20.19073,0.0,0.41226667
2023-04-06 22:15:00+02:00,0.0,0.4284,0.0,0.0,0.0,0.0,7.3744035,0.0,0.0,0.0,0.0,20.19073,0.0,0.4284
2023-04-06 22:30:00+02:00,0.0,0.6456000000000001,0.0,0.0,0.0,0.0,7.2616667,0.0,0.0,0.0,0.0,20.19073,0.0,0.6456
2023-04-06 22:45:00+02:00,0.0,0.6243333333333334,0.0,0.0,0.0,0.0,7.0917719,0.0,0.0,0.0,0.0,20.19073,0.0,0.62433333
2023-04-06 23:00:00+02:00,0.0,0.8292666666666666,0.0,0.0,0.0,0.0,6.9274737,0.0,0.0,0.0,0.0,20.19073,0.0,0.82926667
2023-04-06 23:15:00+02:00,0.0,0.6939333333333333,0.0,0.0,0.0,0.0,6.7092456,0.0,0.0,0.0,0.0,20.19073,0.0,0.69393333
2023-04-06 23:30:00+02:00,0.0,0.9529333333333332,0.0,0.0,0.0,0.0,6.5266316,0.0,0.0,0.0,0.0,20.19073,0.0,0.95293333
2023-04-06 23:45:00+02:00,0.0,0.7142000000000001,0.0,0.0,0.0,0.0,6.2758596,0.0,0.0,0.0,0.0,20.19073,0.0,0.7142
2023-04-07 00:00:00+02:00,0.0,0.6950666666666667,0.0,0.0,0.0,0.0,6.0879123,0.0,0.0,0.0,0.0,20.19073,0.0,0.69506667
2023-04-07 00:15:00+02:00,0.0,0.7424,0.0,0.0,0.0,0.0,5.905,0.0,0.0,0.0,0.0,20.19073,0.0,0.7424
2023-04-07 00:30:00+02:00,0.0,0.5244,0.0,0.0,0.0,0.0,5.7096316,0.0,0.0,0.0,0.0,20.19073,0.0,0.5244
2023-04-07 00:45:00+02:00,0.0,0.5112666666666666,0.0,0.0,0.0,0.0,5.5716316,0.0,0.0,0.0,0.0,20.19073,0.0,0.51126667
2023-04-07 01:00:00+02:00,0.0,0.402,0.0,0.0,0.0,0.0,5.4370877,0.0,0.0,0.0,0.0,20.19073,0.0,0.402
2023-04-07 01:15:00+02:00,0.0,0.4121333333333333,0.0,0.0,0.0,0.0,5.3312982,0.0,0.0,0.0,0.0,20.19073,0.0,0.41213333
2023-04-07 01:30:00+02:00,0.0,0.4148,0.0,0.0,0.0,0.0,5.2228421,0.0,0.0,0.0,0.0,20.19073,0.0,0.4148
2023-04-07 01:45:00+02:00,0.0,0.3721333333333333,0.0,0.0,0.0,0.0,5.1136842,0.0,0.0,0.0,0.0,20.19073,0.0,0.37213333
2023-04-07 02:00:00+02:00,0.0,0.2302666666666666,0.0,0.0,0.0,0.0,5.0157544,0.0,0.0,0.0,0.0,20.19073,0.0,0.23026667
2023-04-07 02:15:00+02:00,0.0,0.3062666666666666,0.0,0.0,0.0,0.0,4.9551579,0.0,0.0,0.0,0.0,20.19073,0.0,0.30626667
2023-04-07 02:30:00+02:00,0.0,0.2759333333333333,0.0,0.0,0.0,0.0,4.8745614,0.0,0.0,0.0,0.0,20.19073,0.0,0.27593333
2023-04-07 02:45:00+02:00,0.0,0.1977333333333333,0.0,0.0,0.0,0.0,4.8019474,0.0,0.0,0.0,0.0,20.19073,0.0,0.19773333
2023-04-07 03:00:00+02:00,0.0,0.241,0.0,0.0,0.0,0.0,4.7499123,0.0,0.0,0.0,0.0,20.19073,0.0,0.241
2023-04-07 03:15:00+02:00,0.0,0.3,0.0,0.0,0.0,0.0,4.6864912,0.0,0.0,0.0,0.0,20.19073,0.0,0.3
2023-04-07 03:30:00+02:00,0.0,0.3293999999999999,0.0,0.0,0.0,0.0,4.6075439,0.0,0.0,0.0,0.0,20.19073,0.0,0.3294
2023-04-07 03:45:00+02:00,0.0,0.2486,0.0,0.0,0.0,0.0,4.5208596,0.0,0.0,0.0,0.0,20.19073,0.0,0.2486
2023-04-07 04:00:00+02:00,0.0,0.3138666666666667,0.0,0.0,0.0,0.0,4.4554386,0.0,0.0,0.0,0.0,20.19073,0.0,0.31386667
2023-04-07 04:15:00+02:00,0.0,0.3096,0.0,0.0,0.0,0.0,4.3728421,0.0,0.0,0.0,0.0,20.19073,0.0,0.3096
2023-04-07 04:30:00+02:00,0.0,0.3072666666666666,0.0,0.0,0.0,0.0,4.2913684,0.0,0.0,0.0,0.0,20.19073,0.0,0.30726667
2023-04-07 04:45:00+02:00,0.0,0.3128,0.0,0.0,0.0,0.0,4.2105088,0.0,0.0,0.0,0.0,20.19073,0.0,0.3128
2023-04-07 05:00:00+02:00,0.0,0.2676,0.0,0.0,0.0,0.0,4.128193,0.0,0.0,0.0,0.0,20.19073,0.0,0.2676
2023-04-07 05:15:00+02:00,0.0,0.2366,0.0,0.0,0.0,0.0,4.0577719,0.0,0.0,0.0,0.0,20.19073,0.0,0.2366
2023-04-07 05:30:00+02:00,0.0,0.2758,0.0,0.0,0.0,0.0,3.9955088,0.0,0.0,0.0,0.0,20.19073,0.0,0.2758
2023-04-07 05:45:00+02:00,0.22178231,0.2444,0.0,0.0,0.0,0.0,3.9229298,0.0,0.0,0.0,0.0,20.19073,0.0,0.022617685
2023-04-07 06:00:00+02:00,0.0,0.7005333333333333,0.0,0.0,0.0,0.0,3.9169778,0.0,0.0,0.0,0.0,26.065759999999997,0.0,0.70053333
2023-04-07 06:15:00+02:00,0.0,0.4228666666666666,0.0,0.0,0.0,0.0,3.7326269,0.0,0.0,0.0,0.0,26.065759999999997,0.0,0.42286667
2023-04-07 06:30:00+02:00,0.0,0.1747333333333333,0.0,0.0,0.0,0.0,3.6213462,0.0,0.0,0.0,0.0,26.065759999999997,0.0,0.17473333
2023-04-07 06:45:00+02:00,0.0,1.2518,0.0193655708159315,0.0,0.019365571,0.0,3.5753638,0.019365571,0.0,0.019365571,0.0,26.065759999999997,0.0,1.2518
2023-04-07 07:00:00+02:00,0.0,0.7323999999999999,0.0994436509177815,0.0,0.099443651,0.0,3.2459427,0.099443651,0.0,0.099443651,0.0,26.065759999999997,0.0,0.7324
2023-04-07 07:15:00+02:00,0.0,0.4308666666666667,0.1872000032227362,0.0,0.1872,0.0,3.0532059,0.1872,0.0,0.1872,0.0,26.065759999999997,0.0,0.43086667
2023-04-07 07:30:00+02:00,0.0,0.2060666666666666,0.2919382698928713,0.0,0.29193827,0.0,2.9398199,0.29193827,0.0,0.29193827,0.0,26.065759999999997,0.0,0.20606667
2023-04-07 07:45:00+02:00,0.0,1.3882,0.3846103886324949,0.0,0.38461039,0.0,2.8855918,0.38461039,0.0,0.38461039,0.0,26.065759999999997,0.0,1.3882
2023-04-07 08:00:00+02:00,0.0,0.5756666666666667,0.5202132311440752,0.0,0.52021323,0.0,2.520276,4.5215955,0.0,0.52021323,0.0,26.065759999999997,0.0,4.577049
2023-04-07 08:15:00+02:00,0.0,0.2712,0.621669252993716,0.0,0.62166925,0.0,1.3157895,5.3504693,0.0,0.62166925,0.0,26.065759999999997,0.0,5.0
2023-04-07 08:30:00+02:00,0.0,0.2037333333333333,1.0586876905222422,0.85495436,0.20373333,0.20373333,0.0,0.0,0.0,0.0,0.0,26.065759999999997,0.0,0.0
2023-04-07 08:45:00+02:00,0.0,0.2662,1.1224589698473002,0.85625897,0.2662,0.2662,0.0,0.0,0.0,0.0,0.0,26.065759999999997,0.0,0.0
2023-04-07 09:00:00+02:00,0.0,0.2264666666666666,0.9924083729034388,0.76594171,0.22646667,0.22646667,0.0,0.0,0.0,0.0,0.0,26.065759999999997,0.0,0.0
2023-04-07 09:15:00+02:00,0.0,0.2798,1.048575253823099,0.76877525,0.2798,0.2798,0.0,0.0,0.0,0.0,0.0,26.065759999999997,0.0,0.0
2023-04-07 09:30:00+02:00,0.0,0.27,2.0606230771250447,1.7906231,0.27,0.27,0.0,0.0,0.0,0.0,0.0,26.065759999999997,0.0,0.0
2023-04-07 09:45:00+02:00,0.0,0.3708,5.348566653940862,4.9777667,0.3708,0.3708,0.0,0.0,0.0,0.0,0.0,26.065759999999997,0.0,0.0
2023-04-07 10:00:00+02:00,0.0,0.35,4.3866332898351095,4.0366333,0.35,0.35,0.0,0.0,0.0,0.0,0.0,26.065759999999997,0.0,0.0
2023-04-07 10:15:00+02:00,0.0,0.3008,6.825230858475184,6.5244309,0.3008,0.3008,0.0,0.0,0.0,0.0,0.0,26.065759999999997,0.0,0.0
2023-04-07 10:30:00+02:00,0.0,0.3609333333333333,5.464768402256842,5.1038351,0.36093333,0.36093333,0.0,0.0,0.0,0.0,0.0,26.065759999999997,0.0,0.0
2023-04-07 10:45:00+02:00,0.0,0.5066666666666667,6.756624220184281,6.2499576,0.50666667,0.50666667,0.0,0.0,0.0,0.0,0.0,26.065759999999997,0.0,0.0
2023-04-07 11:00:00+02:00,0.0,0.5606,6.429588446817571,5.8689884,0.5606,0.5606,0.0,0.0,0.0,0.0,0.0,26.065759999999997,0.0,0.0
2023-04-07 11:15:00+02:00,0.0,0.3198,5.656697088237516,5.3368971,0.3198,0.3198,0.0,0.0,0.0,0.0,0.0,26.065759999999997,0.0,0.0
2023-04-07 11:30:00+02:00,0.0,0.2824666666666666,6.093167739439494,5.8107011,0.28246667,0.28246667,0.0,0.0,0.0,0.0,0.0,26.065759999999997,0.0,0.0
2023-04-07 11:45:00+02:00,0.0,0.2515333333333333,4.728319980712391,4.4767866,0.25153333,0.25153333,0.0,0.0,0.0,0.0,0.0,26.065759999999997,0.0,0.0
2023-04-07 12:00:00+02:00,0.0,0.2836666666666667,4.660955386436254,4.3772887,0.28366667,0.28366667,0.0,0.0,0.0,0.0,0.0,26.065759999999997,0.0,0.0
2023-04-07 12:15:00+02:00,0.0,0.3158,4.13246596197751,3.816666,0.3158,0.3158,0.0,0.0,0.0,0.0,0.0,26.065759999999997,0.0,0.0
2023-04-07 12:30:00+02:00,0.0,0.2854,5.267161450773875,4.9817615,0.2854,0.2854,0.0,0.0,0.0,0.0,0.0,26.065759999999997,0.0,0.0
2023-04-07 12:45:00+02:00,0.0,0.3654,5.063166132889338,4.6977661,0.3654,0.3654,0.0,0.0,0.0,0.0,0.0,26.065759999999997,0.0,0.0
2023-04-07 13:00:00+02:00,0.0,0.3944,4.947392671192926,4.5529927,0.3944,0.3944,0.0,0.0,0.0,0.0,0.0,26.065759999999997,0.0,0.0
2023-04-07 13:15:00+02:00,0.0,0.3834666666666666,5.216373240916306,4.8329066,0.38346667,0.38346667,0.0,0.0,0.0,0.0,0.0,26.065759999999997,0.0,0.0
2023-04-07 13:30:00+02:00,0.0,0.4304666666666666,8.061546739544939,3.3506164,4.7109303,0.43046667,0.0,0.0,0.0,0.0,4.2804637,26.065759999999997,4.2804637,0.0
2023-04-07 13:45:00+02:00,0.0,0.4353333333333333,5.287791747125169,0.0,5.2877917,0.43533333,1.0166101,0.0,0.0,0.0,4.8524584,26.065759999999997,4.8524584,0.0
2023-04-07 14:00:00+02:00,0.0,0.4911333333333333,3.777690247853928,0.0,3.7776902,0.49113333,2.169069,0.0,0.0,0.0,3.2865569,26.065759999999997,3.2865569,0.0
2023-04-07 14:15:00+02:00,0.0,0.6564666666666666,3.4007528921939647,0.0,3.4007529,0.65646667,2.9496263,0.0,0.0,0.0,2.7442862,26.065759999999997,2.7442862,0.0
2023-04-07 14:30:00+02:00,0.0,0.7934666666666667,5.305810394975522,0.0,5.3058104,0.79346667,3.6013942,0.0,0.0,0.0,4.5123437,26.065759999999997,4.5123437,0.0
2023-04-07 14:45:00+02:00,0.0,0.3458,5.300133436504666,0.0,5.3001334,0.3458,4.6730759,0.0,0.0,0.0,4.9543334,26.065759999999997,4.9543334,0.0
2023-04-07 15:00:00+02:00,0.0,0.306,3.135676943599845,0.0,3.1356769,0.306,5.8497301,0.0,0.0,0.0,2.8296769,26.065759999999997,2.8296769,0.0
2023-04-07 15:15:00+02:00,0.0,0.3090666666666666,2.562460507455483,0.0,2.5624605,0.30906667,6.5217783,0.0,0.0,0.0,2.2533938,26.065759999999997,2.2533938,0.0
2023-04-07 15:30:00+02:00,0.0,0.2078,3.3911032330226702,0.0,3.3911032,0.2078,7.0569594,0.0,0.0,0.0,3.1833032,26.065759999999997,3.1833032,0.0
2023-04-07 15:45:00+02:00,0.0,0.4167333333333333,2.734380228663767,0.0,2.7343802,0.41673333,7.8129939,0.0,0.0,0.0,2.3176469,26.065759999999997,2.3176469,0.0
2023-04-07 16:00:00+02:00,0.0,0.4742,2.508140983915919,0.0,2.508141,0.4742,8.363435,0.0,0.0,0.0,2.033941,26.065759999999997,2.033941,0.0
2023-04-07 16:15:00+02:00,0.0,0.2968,2.682962683672674,0.0,2.6829627,0.2968,8.846496,0.0,0.0,0.0,2.3861627,26.065759999999997,2.3861627,0.0
2023-04-07 16:30:00+02:00,0.0,0.2573999999999999,1.9315789180059824,0.0,1.9315789,0.2574,9.4132097,0.0,0.0,0.0,1.6741789,26.065759999999997,1.6741789,0.0
2023-04-07 16:45:00+02:00,0.0,0.5156000000000001,0.9813679507939024,0.0,0.98136795,0.5156,9.8108271,0.0,0.0,0.0,0.46576795,26.065759999999997,0.46576795,0.0
2023-04-07 17:00:00+02:00,0.0,0.3447333333333333,0.6754826614821821,0.0,0.67548266,0.34473333,9.921447,0.0,0.0,0.0,0.33074933,26.065759999999997,0.33074933,0.0
2023-04-07 17:15:00+02:00,0.0,0.3299333333333333,0.5389844220691433,0.0,0.53898442,0.0,10.0,0.53898442,0.0,0.53898442,0.0,26.065759999999997,0.0,0.32993333
2023-04-07 17:30:00+02:00,0.0,0.24,0.2607014362201351,0.0,0.26070144,0.0,9.9131754,0.26070144,0.0,0.26070144,0.0,26.065759999999997,0.0,0.24
2023-04-07 17:45:00+02:00,0.0,0.3892666666666666,0.0,0.0,0.0,0.0,9.8500175,0.0,0.0,0.0,0.0,26.065759999999997,0.0,0.38926667
2023-04-07 18:00:00+02:00,0.0,0.6906666666666667,0.0,0.0,0.0,0.0,9.7475789,0.0,0.0,0.0,0.0,26.065759999999997,0.0,0.69066667
2023-04-07 18:15:00+02:00,0.0,0.3070666666666666,0.0,0.0,0.0,0.0,9.5658246,0.0,0.0,0.0,0.0,26.065759999999997,0.0,0.30706667
2023-04-07 18:30:00+02:00,0.0,0.5762,0.0,0.0,0.0,0.0,9.4850175,0.0,0.0,0.0,0.0,26.065759999999997,0.0,0.5762
2023-04-07 18:45:00+02:00,0.0,0.8542000000000001,0.0,0.0,0.0,0.0,9.333386,0.0,0.0,0.0,0.0,26.065759999999997,0.0,0.8542
2023-04-07 19:00:00+02:00,0.0,0.7912,0.0,0.0,0.0,0.0,9.1085965,0.0,0.0,0.0,0.0,26.065759999999997,0.0,0.7912
2023-04-07 19:15:00+02:00,0.0,0.4321333333333333,0.0,0.0,0.0,0.0,8.900386,0.0,0.0,0.0,0.0,26.065759999999997,0.0,0.43213333
2023-04-07 19:30:00+02:00,0.0,0.6396666666666666,0.0,0.0,0.0,0.0,8.7866667,0.0,0.0,0.0,0.0,26.065759999999997,0.0,0.63966667
2023-04-07 19:45:00+02:00,0.0,0.478,0.0,0.0,0.0,0.0,8.6183333,0.0,0.0,0.0,0.0,26.065759999999997,0.0,0.478
2023-04-07 20:00:00+02:00,0.308,0.308,0.0,0.0,0.0,0.0,8.4925439,0.0,0.0,0.0,0.0,20.32639,0.0,0.0
2023-04-07 20:15:00+02:00,0.44473333,0.4447333333333333,0.0,0.0,0.0,0.0,8.4925439,0.0,0.0,0.0,0.0,20.32639,0.0,0.0
2023-04-07 20:30:00+02:00,1.5392,1.5392,0.0,0.0,0.0,0.0,8.4925439,0.0,0.0,0.0,0.0,20.32639,0.0,0.0
2023-04-07 20:45:00+02:00,0.76353333,0.7635333333333333,0.0,0.0,0.0,0.0,8.4925439,0.0,0.0,0.0,0.0,20.32639,0.0,0.0
2023-04-07 21:00:00+02:00,0.38586667,0.3858666666666667,0.0,0.0,0.0,0.0,8.4925439,0.0,0.0,0.0,0.0,20.32639,0.0,0.0
2023-04-07 21:15:00+02:00,0.45693333,0.4569333333333333,0.0,0.0,0.0,0.0,8.4925439,0.0,0.0,0.0,0.0,20.32639,0.0,0.0
2023-04-07 21:30:00+02:00,0.54013333,0.5401333333333334,0.0,0.0,0.0,0.0,8.4925439,0.0,0.0,0.0,0.0,20.32639,0.0,0.0
2023-04-07 21:45:00+02:00,0.5388,0.5388,0.0,0.0,0.0,0.0,8.4925439,0.0,0.0,0.0,0.0,20.32639,0.0,0.0
2023-04-07 22:00:00+02:00,0.5832,0.5832,0.0,0.0,0.0,0.0,8.4925439,0.0,0.0,0.0,0.0,20.32639,0.0,0.0
2023-04-07 22:15:00+02:00,0.65313333,0.6531333333333333,0.0,0.0,0.0,0.0,8.4925439,0.0,0.0,0.0,0.0,20.32639,0.0,0.0
2023-04-07 22:30:00+02:00,0.5948,0.5948,0.0,0.0,0.0,0.0,8.4925439,0.0,0.0,0.0,0.0,20.32639,0.0,0.0
2023-04-07 22:45:00+02:00,0.5544,0.5544,0.0,0.0,0.0,0.0,8.4925439,0.0,0.0,0.0,0.0,20.32639,0.0,0.0
2023-04-07 23:00:00+02:00,0.59273333,0.5927333333333333,0.0,0.0,0.0,0.0,8.4925439,0.0,0.0,0.0,0.0,20.32639,0.0,0.0
2023-04-07 23:15:00+02:00,0.50926667,0.5092666666666666,0.0,0.0,0.0,0.0,8.4925439,0.0,0.0,0.0,0.0,20.32639,0.0,0.0
2023-04-07 23:30:00+02:00,0.61186667,0.6118666666666667,0.0,0.0,0.0,0.0,8.4925439,0.0,0.0,0.0,0.0,20.32639,0.0,0.0
2023-04-07 23:45:00+02:00,0.51213333,0.5121333333333333,0.0,0.0,0.0,0.0,8.4925439,0.0,0.0,0.0,0.0,20.32639,0.0,0.0
2023-04-08 00:00:00+02:00,0.60126667,0.6012666666666666,0.0,0.0,0.0,0.0,8.4925439,0.0,0.0,0.0,0.0,20.32639,0.0,0.0
2023-04-08 00:15:00+02:00,0.6176,0.6176,0.0,0.0,0.0,0.0,8.4925439,0.0,0.0,0.0,0.0,20.32639,0.0,0.0
2023-04-08 00:30:00+02:00,0.65813333,0.6581333333333333,0.0,0.0,0.0,0.0,8.4925439,0.0,0.0,0.0,0.0,20.32639,0.0,0.0
2023-04-08 00:45:00+02:00,0.58113333,0.5811333333333333,0.0,0.0,0.0,0.0,8.4925439,0.0,0.0,0.0,0.0,20.32639,0.0,0.0
2023-04-08 01:00:00+02:00,0.5536,0.5536,0.0,0.0,0.0,0.0,8.4925439,0.0,0.0,0.0,0.0,20.32639,0.0,0.0
2023-04-08 01:15:00+02:00,0.49566667,0.4956666666666667,0.0,0.0,0.0,0.0,8.4925439,0.0,0.0,0.0,0.0,20.32639,0.0,0.0
2023-04-08 01:30:00+02:00,0.48826667,0.4882666666666666,0.0,0.0,0.0,0.0,8.4925439,0.0,0.0,0.0,0.0,20.32639,0.0,0.0
2023-04-08 01:45:00+02:00,0.3156,0.3156,0.0,0.0,0.0,0.0,8.4925439,0.0,0.0,0.0,0.0,20.32639,0.0,0.0
2023-04-08 02:00:00+02:00,0.311,0.311,0.0,0.0,0.0,0.0,8.4925439,0.0,0.0,0.0,0.0,20.32639,0.0,0.0
2023-04-08 02:15:00+02:00,0.2334,0.2334,0.0,0.0,0.0,0.0,8.4925439,0.0,0.0,0.0,0.0,20.32639,0.0,0.0
2023-04-08 02:30:00+02:00,0.17953333,0.1795333333333333,0.0,0.0,0.0,0.0,8.4925439,0.0,0.0,0.0,0.0,20.32639,0.0,0.0
2023-04-08 02:45:00+02:00,0.204,0.204,0.0,0.0,0.0,0.0,8.4925439,0.0,0.0,0.0,0.0,20.32639,0.0,0.0
2023-04-08 03:00:00+02:00,0.21553333,0.2155333333333333,0.0,0.0,0.0,0.0,8.4925439,0.0,0.0,0.0,0.0,20.32639,0.0,0.0
2023-04-08 03:15:00+02:00,0.24233333,0.2423333333333333,0.0,0.0,0.0,0.0,8.4925439,0.0,0.0,0.0,0.0,20.32639,0.0,0.0
2023-04-08 03:30:00+02:00,0.1492,0.1492,0.0,0.0,0.0,0.0,8.4925439,0.0,0.0,0.0,0.0,20.32639,0.0,0.0
2023-04-08 03:45:00+02:00,0.14713333,0.1471333333333333,0.0,0.0,0.0,0.0,8.4925439,0.0,0.0,0.0,0.0,20.32639,0.0,0.0
2023-04-08 04:00:00+02:00,4.341517,0.1482666666666666,0.0,0.0,0.0,0.0,8.4925439,4.1932503,0.0,0.0,0.0,20.32639,0.0,0.0
2023-04-08 04:15:00+02:00,0.2004,0.2004,0.0,0.0,0.0,0.0,8.4925439,0.0,0.0,0.0,0.0,20.32639,0.0,0.0
2023-04-08 04:30:00+02:00,0.14313333,0.1431333333333333,0.0,0.0,0.0,0.0,8.4925439,0.0,0.0,0.0,0.0,20.32639,0.0,0.0
2023-04-08 04:45:00+02:00,0.1962,0.1961999999999999,0.0,0.0,0.0,0.0,8.4925439,0.0,0.0,0.0,0.0,20.32639,0.0,0.0
2023-04-08 05:00:00+02:00,0.23,0.23,0.0,0.0,0.0,0.0,8.4925439,0.0,0.0,0.0,0.0,20.32639,0.0,0.0
2023-04-08 05:15:00+02:00,0.21793333,0.2179333333333333,0.0,0.0,0.0,0.0,8.4925439,0.0,0.0,0.0,0.0,20.32639,0.0,0.0
2023-04-08 05:30:00+02:00,0.3274,0.3273999999999999,0.0,0.0,0.0,0.0,8.4925439,0.0,0.0,0.0,0.0,20.32639,0.0,0.0
2023-04-08 05:45:00+02:00,0.32446667,0.3244666666666666,0.0,0.0,0.0,0.0,8.4925439,0.0,0.0,0.0,0.0,20.32639,0.0,0.0
2023-04-08 06:00:00+02:00,0.0,0.3488,0.0,0.0,0.0,0.0,8.4925439,0.0,0.0,0.0,0.0,33.009409999999995,0.0,0.3488
2023-04-08 06:15:00+02:00,0.0,0.2728,0.0,0.0,0.0,0.0,8.4007544,0.0,0.0,0.0,0.0,33.009409999999995,0.0,0.2728
2023-04-08 06:30:00+02:00,0.0,0.2901333333333333,0.0234792876193771,0.0,0.023479288,0.0,8.3289649,0.023479288,0.0,0.023479288,0.0,33.009409999999995,0.0,0.29013333
2023-04-08 06:45:00+02:00,0.0,0.4502,0.0684902553213287,0.0,0.068490255,0.0,8.252614,0.97822359,0.0,0.068490255,0.0,33.009409999999995,0.0,1.3599333
2023-04-08 07:00:00+02:00,0.0,0.7175333333333334,0.0802788535115868,0.0,0.080278854,0.0,7.8947368,4.3627455,0.0,0.080278854,0.0,33.009409999999995,0.0,5.0
2023-04-08 07:15:00+02:00,0.0,0.3459333333333333,0.1940097934244034,0.0,0.19400979,0.0,6.5789474,4.8480765,0.0,0.19400979,0.0,33.009409999999995,0.0,5.0
2023-04-08 07:30:00+02:00,0.0,0.2115333333333333,0.3636806085678359,0.0,0.36368061,0.0,5.2631579,5.1521473,0.0,0.36368061,0.0,33.009409999999995,0.0,5.0
2023-04-08 07:45:00+02:00,0.0,0.1827333333333333,0.5843163215995152,0.0,0.58431632,0.0,3.9473684,5.401583,0.0,0.58431632,0.0,33.009409999999995,0.0,5.0
2023-04-08 08:00:00+02:00,0.0,0.2283333333333333,0.8950554813361589,0.0,0.89505548,0.0,2.6315789,5.6667221,0.0,0.89505548,0.0,33.009409999999995,0.0,5.0
2023-04-08 08:15:00+02:00,0.0,0.2488,1.250402130501744,0.0,1.2504021,0.0,1.3157895,6.0016021,0.0,1.2504021,0.0,33.009409999999995,0.0,5.0
2023-04-08 08:30:00+02:00,0.0,0.1789333333333333,2.064753171057642,1.8858198,0.17893333,0.17893333,0.0,0.0,0.0,0.0,0.0,33.009409999999995,0.0,0.0
2023-04-08 08:45:00+02:00,0.0,0.2248,3.1808599613685304,2.95606,0.2248,0.2248,0.0,0.0,0.0,0.0,0.0,33.009409999999995,0.0,0.0
2023-04-08 09:00:00+02:00,0.0,0.1400666666666666,4.743874700186019,4.603808,0.14006667,0.14006667,0.0,0.0,0.0,0.0,0.0,33.009409999999995,0.0,0.0
2023-04-08 09:15:00+02:00,0.0,0.1748666666666666,4.409505181956053,4.2346385,0.17486667,0.17486667,0.0,0.0,0.0,0.0,0.0,33.009409999999995,0.0,0.0
2023-04-08 09:30:00+02:00,0.0,0.1402,6.366652370864767,6.2264524,0.1402,0.1402,0.0,0.0,0.0,0.0,0.0,33.009409999999995,0.0,0.0
2023-04-08 09:45:00+02:00,0.0,0.1766,6.442969732049843,6.2663697,0.1766,0.1766,0.0,0.0,0.0,0.0,0.0,33.009409999999995,0.0,0.0
2023-04-08 10:00:00+02:00,0.0,0.145,6.683480702329248,6.5384807,0.145,0.145,0.0,0.0,0.0,0.0,0.0,33.009409999999995,0.0,0.0
2023-04-08 10:15:00+02:00,0.0,0.1580666666666666,7.1114208003352255,6.9533541,0.15806667,0.15806667,0.0,0.0,0.0,0.0,0.0,33.009409999999995,0.0,0.0
2023-04-08 10:30:00+02:00,0.0,0.2002666666666666,7.506048043686689,7.3057814,0.20026667,0.20026667,0.0,0.0,0.0,0.0,0.0,33.009409999999995,0.0,0.0
2023-04-08 10:45:00+02:00,0.0,0.5815333333333333,7.751130496586122,7.1695972,0.58153333,0.58153333,0.0,0.0,0.0,0.0,0.0,33.009409999999995,0.0,0.0
2023-04-08 11:00:00+02:00,0.0,0.7062,8.014591416817924,7.3083914,0.7062,0.7062,0.0,0.0,0.0,0.0,0.0,33.009409999999995,0.0,0.0
2023-04-08 11:15:00+02:00,0.0,0.3055333333333334,8.222100081519635,7.9165667,0.30553333,0.30553333,0.0,0.0,0.0,0.0,0.0,33.009409999999995,0.0,0.0
2023-04-08 11:30:00+02:00,0.0,0.2536,8.469586099094043,8.2159861,0.2536,0.2536,0.0,0.0,0.0,0.0,0.0,33.009409999999995,0.0,0.0
2023-04-08 11:45:00+02:00,0.0,0.2190666666666666,8.51358031772718,8.2945137,0.21906667,0.21906667,0.0,0.0,0.0,0.0,0.0,33.009409999999995,0.0,0.0
2023-04-08 12:00:00+02:00,0.0,0.4635333333333333,9.12966095039141,8.6661276,0.46353333,0.46353333,0.0,0.0,0.0,0.0,0.0,33.009409999999995,0.0,0.0
2023-04-08 12:15:00+02:00,0.0,0.3364666666666666,5.227642042195644,4.8911754,0.33646667,0.33646667,0.0,0.0,0.0,0.0,0.0,33.009409999999995,0.0,0.0
2023-04-08 12:30:00+02:00,0.0,0.4536666666666666,6.569882700391547,6.116216,0.45366667,0.45366667,0.0,0.0,0.0,0.0,0.0,33.009409999999995,0.0,0.0
2023-04-08 12:45:00+02:00,0.0,0.3374666666666666,4.794754553436666,4.4572879,0.33746667,0.33746667,0.0,0.0,0.0,0.0,0.0,33.009409999999995,0.0,0.0
2023-04-08 13:00:00+02:00,0.0,0.3322,8.04178532453059,7.7095853,0.3322,0.3322,0.0,0.0,0.0,0.0,0.0,33.009409999999995,0.0,0.0
2023-04-08 13:15:00+02:00,0.0,0.3180666666666666,8.463634357942407,8.1455677,0.31806667,0.31806667,0.0,0.0,0.0,0.0,0.0,33.009409999999995,0.0,0.0
2023-04-08 13:30:00+02:00,0.0,0.3967333333333333,5.826881097208199,5.4301478,0.39673333,0.39673333,0.0,0.0,0.0,0.0,0.0,33.009409999999995,0.0,0.0
2023-04-08 13:45:00+02:00,0.0,0.3327333333333333,7.796428689407963,6.8240711,0.9723576,0.33273333,0.0,0.0,0.0,0.0,0.63962427,33.009409999999995,0.63962427,0.0
2023-04-08 14:00:00+02:00,0.0,0.3402666666666666,7.512350809122412,2.1720841,5.3402667,0.34026667,0.15191076,0.0,0.0,0.0,5.0,33.009409999999995,5.0,0.0
2023-04-08 14:15:00+02:00,0.0,0.5893999999999999,2.741079827365149,0.0,2.7410798,0.5894,1.3394108,0.0,0.0,0.0,2.1516798,33.009409999999995,2.1516798,0.0
2023-04-08 14:30:00+02:00,0.0,0.9762,6.817824466862811,0.84162447,5.9762,0.9762,1.8504347,0.0,0.0,0.0,5.0,33.009409999999995,5.0,0.0
2023-04-08 14:45:00+02:00,0.0,0.833,5.6724007471366855,0.0,5.6724007,0.833,3.0379347,0.0,0.0,0.0,4.8394007,33.009409999999995,4.8394007,0.0
2023-04-08 15:00:00+02:00,0.0,0.3750666666666666,3.417075744310415,0.0,3.4170757,0.37506667,4.1872924,0.0,0.0,0.0,3.0420091,33.009409999999995,3.0420091,0.0
2023-04-08 15:15:00+02:00,0.0,1.0992,4.518252619044091,0.0,4.5182526,1.0992,4.9097696,0.0,0.0,0.0,3.4190526,33.009409999999995,3.4190526,0.0
2023-04-08 15:30:00+02:00,0.0,0.3494,5.347693717925305,0.0,5.3476937,0.3494,5.7217946,0.0,0.0,0.0,4.9982937,33.009409999999995,4.9982937,0.0
2023-04-08 15:45:00+02:00,0.0,0.3936666666666666,5.58572615169715,0.19205949,5.3936667,0.39366667,6.9088893,0.0,0.0,0.0,5.0,33.009409999999995,5.0,0.0
2023-04-08 16:00:00+02:00,0.0,0.4008,5.185943401416677,0.0,5.1859434,0.4008,8.0963893,0.0,0.0,0.0,4.7851434,33.009409999999995,4.7851434,0.0
2023-04-08 16:15:00+02:00,0.0,0.4671333333333333,3.697192830478498,0.0,3.6971928,0.46713333,9.2328609,0.0,0.0,0.0,3.2300595,33.009409999999995,3.2300595,0.0
2023-04-08 16:30:00+02:00,0.0,0.2633999999999999,3.504400832390726,0.0,3.5044008,0.0,10.0,3.5044008,0.0,3.5044008,0.0,33.009409999999995,0.0,0.2634
2023-04-08 16:45:00+02:00,0.0,0.3208666666666667,2.477468960181881,0.0,2.477469,0.0,9.9306842,2.477469,0.0,2.477469,0.0,33.009409999999995,0.0,0.32086667
2023-04-08 17:00:00+02:00,0.0,0.3255333333333333,1.2739654020965183,0.0,1.2739654,0.0,9.8462456,1.2739654,0.0,1.2739654,0.0,33.009409999999995,0.0,0.32553333
2023-04-08 17:15:00+02:00,0.0,0.3634666666666666,0.8404928584919206,0.0,0.84049286,0.0,9.7605789,0.84049286,0.0,0.84049286,0.0,33.009409999999995,0.0,0.36346667
2023-04-08 17:30:00+02:00,0.0,0.3274666666666666,0.5331804532420084,0.0,0.53318045,0.0,9.6649298,0.53318045,0.0,0.53318045,0.0,33.009409999999995,0.0,0.32746667
2023-04-08 17:45:00+02:00,0.0,0.319,0.0,0.0,0.0,0.0,9.5787544,0.0,0.0,0.0,0.0,33.009409999999995,0.0,0.319
2023-04-08 18:00:00+02:00,0.0,0.6855333333333333,0.0,0.0,0.0,0.0,9.494807,0.0,0.0,0.0,0.0,33.009409999999995,0.0,0.68553333
2023-04-08 18:15:00+02:00,0.0,0.4076666666666667,0.0,0.0,0.0,0.0,9.3144035,0.0,0.0,0.0,0.0,33.009409999999995,0.0,0.40766667
2023-04-08 18:30:00+02:00,0.0,0.4818,0.0,0.0,0.0,0.0,9.2071228,0.0,0.0,0.0,0.0,33.009409999999995,0.0,0.4818
2023-04-08 18:45:00+02:00,0.0,0.3342,0.0,0.0,0.0,0.0,9.0803333,0.0,0.0,0.0,0.0,33.009409999999995,0.0,0.3342
2023-04-08 19:00:00+02:00,0.0,0.7448666666666667,0.0,0.0,0.0,0.0,8.992386,0.0,0.0,0.0,0.0,33.009409999999995,0.0,0.74486667
2023-04-08 19:15:00+02:00,0.0,1.335,0.0,0.0,0.0,0.0,8.7963684,0.0,0.0,0.0,0.0,33.009409999999995,0.0,1.335
2023-04-08 19:30:00+02:00,0.0,0.6332000000000001,0.0,0.0,0.0,0.0,8.4450526,0.0,0.0,0.0,0.0,33.009409999999995,0.0,0.6332
2023-04-08 19:45:00+02:00,0.0,2.349733333333333,0.0,0.0,0.0,0.0,8.2784211,0.0,0.0,0.0,0.0,33.009409999999995,0.0,2.3497333
2023-04-08 20:00:00+02:00,0.0,4.315066666666667,0.0,0.0,0.0,0.0,7.6600702,0.0,0.0,0.0,0.0,21.0511,0.0,4.3150667
2023-04-08 20:15:00+02:00,0.0,1.2647333333333333,0.0,0.0,0.0,0.0,6.5245263,0.0,0.0,0.0,0.0,21.0511,0.0,1.2647333
2023-04-08 20:30:00+02:00,0.0,0.7413333333333334,0.0,0.0,0.0,0.0,6.1917018,0.0,0.0,0.0,0.0,21.0511,0.0,0.74133333
2023-04-08 20:45:00+02:00,0.0,1.9721333333333333,0.0,0.0,0.0,0.0,5.996614,0.0,0.0,0.0,0.0,21.0511,0.0,1.9721333
2023-04-08 21:00:00+02:00,0.0,2.1790666666666665,0.0,0.0,0.0,0.0,5.4776316,0.0,0.0,0.0,0.0,21.0511,0.0,2.1790667
2023-04-08 21:15:00+02:00,0.0,0.993,0.0,0.0,0.0,0.0,4.904193,0.0,0.0,0.0,0.0,21.0511,0.0,0.993
2023-04-08 21:30:00+02:00,0.0,0.8016666666666666,0.0,0.0,0.0,0.0,4.6428772,0.0,0.0,0.0,0.0,21.0511,0.0,0.80166667
2023-04-08 21:45:00+02:00,0.0,0.7538666666666667,0.0,0.0,0.0,0.0,4.4319123,0.0,0.0,0.0,0.0,21.0511,0.0,0.75386667
2023-04-08 22:00:00+02:00,0.0,0.5928,0.0,0.0,0.0,0.0,4.2335263,0.0,0.0,0.0,0.0,21.0511,0.0,0.5928
2023-04-08 22:15:00+02:00,0.0,0.6490666666666667,0.0,0.0,0.0,0.0,4.0775263,0.0,0.0,0.0,0.0,21.0511,0.0,0.64906667
2023-04-08 22:30:00+02:00,0.0,0.5861333333333333,0.0,0.0,0.0,0.0,3.9067193,0.0,0.0,0.0,0.0,21.0511,0.0,0.58613333
2023-04-08 22:45:00+02:00,0.0,0.4963333333333333,0.0,0.0,0.0,0.0,3.7524737,0.0,0.0,0.0,0.0,21.0511,0.0,0.49633333
2023-04-08 23:00:00+02:00,0.0,0.433,0.0,0.0,0.0,0.0,3.6218596,0.0,0.0,0.0,0.0,21.0511,0.0,0.433
2023-04-08 23:15:00+02:00,0.0,0.4095333333333333,0.0,0.0,0.0,0.0,3.5079123,0.0,0.0,0.0,0.0,21.0511,0.0,0.40953333
2023-04-08 23:30:00+02:00,0.0,0.534,0.0,0.0,0.0,0.0,3.4001404,0.0,0.0,0.0,0.0,21.0511,0.0,0.534
2023-04-08 23:45:00+02:00,0.0,0.4982,0.0,0.0,0.0,0.0,3.259614,0.0,0.0,0.0,0.0,21.0511,0.0,0.4982
2023-04-09 00:00:00+02:00,0.0,0.4938666666666667,0.0,0.0,0.0,0.0,3.1285088,0.0,0.0,0.0,0.0,21.0511,0.0,0.49386667
2023-04-09 00:15:00+02:00,0.0,0.4937333333333333,0.0,0.0,0.0,0.0,2.9985439,0.0,0.0,0.0,0.0,21.0511,0.0,0.49373333
2023-04-09 00:30:00+02:00,0.0,0.5416,0.0,0.0,0.0,0.0,2.868614,0.0,0.0,0.0,0.0,21.0511,0.0,0.5416
2023-04-09 00:45:00+02:00,0.0,0.4312666666666666,0.0,0.0,0.0,0.0,2.7260877,0.0,0.0,0.0,0.0,21.0511,0.0,0.43126667
2023-04-09 01:00:00+02:00,0.0,0.4012666666666666,0.0,0.0,0.0,0.0,2.6125965,0.0,0.0,0.0,0.0,21.0511,0.0,0.40126667
2023-04-09 01:15:00+02:00,0.0,0.4056,0.0,0.0,0.0,0.0,2.507,0.0,0.0,0.0,0.0,21.0511,0.0,0.4056
2023-04-09 01:30:00+02:00,0.0,0.4463999999999999,0.0,0.0,0.0,0.0,2.4002632,0.0,0.0,0.0,0.0,21.0511,0.0,0.4464
2023-04-09 01:45:00+02:00,0.0,0.4933999999999999,0.0,0.0,0.0,0.0,2.2827895,0.0,0.0,0.0,0.0,21.0511,0.0,0.4934
2023-04-09 02:00:00+02:00,0.0,0.4782666666666667,0.0,0.0,0.0,0.0,2.1529474,0.0,0.0,0.0,0.0,21.0511,0.0,0.47826667
2023-04-09 02:15:00+02:00,0.0,0.2996,0.0,0.0,0.0,0.0,2.0270877,0.0,0.0,0.0,0.0,21.0511,0.0,0.2996
2023-04-09 02:30:00+02:00,0.0,0.3619333333333333,0.0,0.0,0.0,0.0,1.9482456,0.0,0.0,0.0,0.0,21.0511,0.0,0.36193333
2023-04-09 02:45:00+02:00,0.0,0.3538,0.0,0.0,0.0,0.0,1.853,0.0,0.0,0.0,0.0,21.0511,0.0,0.3538
2023-04-09 03:00:00+02:00,0.0,0.4134666666666666,0.0,0.0,0.0,0.0,1.7598947,0.0,0.0,0.0,0.0,21.0511,0.0,0.41346667
2023-04-09 03:15:00+02:00,0.0,0.6267333333333334,0.0,0.0,0.0,0.0,1.6510877,0.0,0.0,0.0,0.0,21.0511,0.0,0.62673333
2023-04-09 03:30:00+02:00,0.0,0.1212,0.0,0.0,0.0,0.0,1.4861579,0.0,0.0,0.0,0.0,21.0511,0.0,0.1212
2023-04-09 03:45:00+02:00,0.0,0.1656666666666666,0.0,0.0,0.0,0.0,1.4542632,0.0,0.0,0.0,0.0,21.0511,0.0,0.16566667
2023-04-09 04:00:00+02:00,0.0,0.1686,0.0,0.0,0.0,0.0,1.4106667,0.0,0.0,0.0,0.0,21.0511,0.0,0.1686
2023-04-09 04:15:00+02:00,0.0,0.2743333333333333,0.0,0.0,0.0,0.0,1.3662982,0.0,0.0,0.0,0.0,21.0511,0.0,0.27433333
2023-04-09 04:30:00+02:00,0.0,0.2631333333333333,0.0,0.0,0.0,0.0,1.2941053,0.0,0.0,0.0,0.0,21.0511,0.0,0.26313333
2023-04-09 04:45:00+02:00,0.0,0.2013333333333333,0.0,0.0,0.0,0.0,1.2248596,0.0,0.0,0.0,0.0,21.0511,0.0,0.20133333
2023-04-09 05:00:00+02:00,0.0,0.2260666666666666,0.0,0.0,0.0,0.0,1.1718772,0.0,0.0,0.0,0.0,21.0511,0.0,0.22606667
2023-04-09 05:15:00+02:00,0.0,0.154,0.0,0.0,0.0,0.0,1.112386,0.0,0.0,0.0,0.0,21.0511,0.0,0.154
2023-04-09 05:30:00+02:00,0.0,0.1439333333333333,0.0,0.0,0.0,0.0,1.0718596,0.0,0.0,0.0,0.0,21.0511,0.0,0.14393333
2023-04-09 05:45:00+02:00,0.0,0.1542666666666667,0.0,0.0,0.0,0.0,1.0339825,0.0,0.0,0.0,0.0,21.0511,0.0,0.15426667
2023-04-09 06:00:00+02:00,0.0,0.3289333333333333,0.0,0.0,0.0,0.0,0.99338596,0.0,0.0,0.0,0.0,31.091129999999996,0.0,0.32893333
2023-04-09 06:15:00+02:00,0.0,0.7862666666666667,0.0,0.0,0.0,0.0,0.90682456,0.0,0.0,0.0,0.0,31.091129999999996,0.0,0.78626667
2023-04-09 06:30:00+02:00,0.0,0.2833333333333333,0.0,0.0,0.0,0.0,0.69991228,0.0,0.0,0.0,0.0,31.091129999999996,0.0,0.28333333
2023-04-09 06:45:00+02:00,0.0,0.2484,0.0473290790406953,0.0,0.047329079,0.0,0.62535088,0.047329079,0.0,0.047329079,0.0,31.091129999999996,0.0,0.2484
2023-04-09 07:00:00+02:00,0.0,0.2541333333333333,0.0743468597548352,0.0,0.07434686,0.0,0.55998246,0.07434686,0.0,0.07434686,0.0,31.091129999999996,0.0,0.25413333
2023-04-09 07:15:00+02:00,0.0,0.1608,0.1106424502911522,0.0,0.11064245,0.0,0.49310526,0.11064245,0.0,0.11064245,0.0,31.091129999999996,0.0,0.1608
2023-04-09 07:30:00+02:00,0.0,0.1631999999999999,0.292303463684111,0.0,0.29230346,0.0,0.45078947,0.29230346,0.0,0.29230346,0.0,31.091129999999996,0.0,0.1632
2023-04-09 07:45:00+02:00,0.0,0.1228666666666666,0.3815730063465789,0.0,0.38157301,0.0,0.40784211,0.38157301,0.0,0.38157301,0.0,31.091129999999996,0.0,0.12286667
2023-04-09 08:00:00+02:00,0.0,0.1832666666666667,0.4068959022577996,0.0,0.4068959,0.0,0.37550877,1.2321495,0.0,0.4068959,0.0,31.091129999999996,0.0,1.0085203
2023-04-09 08:15:00+02:00,0.0,0.1943333333333333,0.4198421738330923,0.0,0.41984217,0.19433333,0.1101087,0.22550884,0.0,0.22550884,0.0,31.091129999999996,0.0,0.0
2023-04-09 08:30:00+02:00,0.0,0.2419333333333333,0.5609829560555709,0.0,0.56098296,0.24193333,0.1101087,0.0,0.0,0.0,0.31904962,31.091129999999996,0.31904962,0.0
2023-04-09 08:45:00+02:00,0.0,0.6890666666666667,0.5407598269298467,0.0,0.54075983,0.54075983,0.18588299,0.0,0.0,0.0,0.0,31.091129999999996,0.0,0.14830684
2023-04-09 09:00:00+02:00,0.0,0.9672,0.6881055212665521,0.0,0.68810552,0.68810552,0.14685487,0.0,0.0,0.0,0.0,31.091129999999996,0.0,0.27909448
2023-04-09 09:15:00+02:00,0.0,1.0764,0.7974459596791745,0.0,0.79744596,0.79744596,0.073408958,0.0,0.0,0.0,0.0,31.091129999999996,0.0,0.27895404
2023-04-09 09:30:00+02:00,0.0,0.3927333333333333,1.1016305416461387,0.70889721,0.39273333,0.39273333,0.0,0.0,0.0,0.0,0.0,31.091129999999996,0.0,0.0
2023-04-09 09:45:00+02:00,0.0,1.2891333333333337,1.8102170994823432,0.52108377,1.2891333,1.2891333,0.0,0.0,0.0,0.0,0.0,31.091129999999996,0.0,0.0
2023-04-09 10:00:00+02:00,0.0,0.2771333333333333,1.2261795325460485,0.9490462,0.27713333,0.27713333,0.0,0.0,0.0,0.0,0.0,31.091129999999996,0.0,0.0
2023-04-09 10:15:00+02:00,0.0,0.3271333333333333,5.654608146630609,5.3274748,0.32713333,0.32713333,0.0,0.0,0.0,0.0,0.0,31.091129999999996,0.0,0.0
2023-04-09 10:30:00+02:00,0.0,0.2823333333333333,3.102223118452047,2.8198898,0.28233333,0.28233333,0.0,0.0,0.0,0.0,0.0,31.091129999999996,0.0,0.0
2023-04-09 10:45:00+02:00,0.0,0.2886666666666667,5.680455684996572,5.391789,0.28866667,0.28866667,0.0,0.0,0.0,0.0,0.0,31.091129999999996,0.0,0.0
2023-04-09 11:00:00+02:00,0.0,0.142,7.803586978363737,7.661587,0.142,0.142,0.0,0.0,0.0,0.0,0.0,31.091129999999996,0.0,0.0
2023-04-09 11:15:00+02:00,0.0,0.1587333333333333,7.878836637622164,7.7201033,0.15873333,0.15873333,0.0,0.0,0.0,0.0,0.0,31.091129999999996,0.0,0.0
2023-04-09 11:30:00+02:00,0.0,0.2012666666666666,8.059499814436236,7.8582331,0.20126667,0.20126667,0.0,0.0,0.0,0.0,0.0,31.091129999999996,0.0,0.0
2023-04-09 11:45:00+02:00,0.0,0.236,8.247527291128971,8.0115273,0.236,0.236,0.0,0.0,0.0,0.0,0.0,31.091129999999996,0.0,0.0
2023-04-09 12:00:00+02:00,0.0,0.2460666666666666,8.841012046505893,8.5949454,0.24606667,0.24606667,0.0,0.0,0.0,0.0,0.0,31.091129999999996,0.0,0.0
2023-04-09 12:15:00+02:00,0.0,0.1284,5.150386310013059,4.1297628,1.0206235,0.1284,0.0,0.0,0.0,0.0,0.89222351,31.091129999999996,0.89222351,0.0
2023-04-09 12:30:00+02:00,0.0,0.1704666666666666,4.716085648447288,0.0,4.7160856,0.17046667,0.21190308,0.0,0.0,0.0,4.545619,31.091129999999996,4.545619,0.0
2023-04-09 12:45:00+02:00,0.0,0.1226666666666666,4.422207459176944,0.0,4.4222075,0.12266667,1.2914876,0.0,0.0,0.0,4.2995408,31.091129999999996,4.2995408,0.0
2023-04-09 13:00:00+02:00,0.0,0.2594666666666666,2.6229987292886467,0.0,2.6229987,0.25946667,2.3126285,0.0,0.0,0.0,2.3635321,31.091129999999996,2.3635321,0.0
2023-04-09 13:15:00+02:00,0.0,0.3029333333333333,7.293285286355305,1.990352,5.3029333,0.30293333,2.8739674,0.0,0.0,0.0,5.0,31.091129999999996,5.0,0.0
2023-04-09 13:30:00+02:00,0.0,0.3585333333333333,5.073750666741023,0.0,5.0737507,0.35853333,4.0614674,0.0,0.0,0.0,4.7152173,31.091129999999996,4.7152173,0.0
2023-04-09 13:45:00+02:00,0.0,0.3115333333333334,7.183635205467874,1.8721019,5.3115333,0.31153333,5.1813315,0.0,0.0,0.0,5.0,31.091129999999996,5.0,0.0
2023-04-09 14:00:00+02:00,0.0,0.4738,7.054422452241076,1.5806225,5.4738,0.4738,6.3688315,0.0,0.0,0.0,5.0,31.091129999999996,5.0,0.0
2023-04-09 14:15:00+02:00,0.0,0.5838,2.8696425324993737,0.0,2.8696425,0.5838,7.5563315,0.0,0.0,0.0,2.2858425,31.091129999999996,2.2858425,0.0
2023-04-09 14:30:00+02:00,0.0,0.5616666666666666,1.6960118217473688,0.0,1.6960118,0.56166667,8.0992191,0.0,0.0,0.0,1.1343452,31.091129999999996,1.1343452,0.0
2023-04-09 14:45:00+02:00,0.0,0.9872666666666666,2.21835312040029,0.0,2.2183531,0.98726667,8.3686261,0.0,0.0,0.0,1.2310865,31.091129999999996,1.2310865,0.0
2023-04-09 15:00:00+02:00,0.0,2.6377333333333333,1.9520702532160537,0.0,1.9520703,1.9520703,8.6610091,0.0,0.0,0.0,0.0,31.091129999999996,0.0,0.68566308
2023-04-09 15:15:00+02:00,0.0,0.8180666666666667,2.405490855674729,0.0,2.4054909,0.81806667,8.4805715,0.0,0.0,0.0,1.5874242,31.091129999999996,1.5874242,0.0
2023-04-09 15:30:00+02:00,0.0,0.6322666666666666,1.8087302330161008,0.0,1.8087302,0.63226667,8.8575847,0.0,0.0,0.0,1.1764636,31.091129999999996,1.1764636,0.0
2023-04-09 15:45:00+02:00,0.0,0.6410666666666667,1.423173318633485,0.0,1.4231733,0.64106667,9.1369948,0.0,0.0,0.0,0.78210665,31.091129999999996,0.78210665,0.0
2023-04-09 16:00:00+02:00,0.0,0.6056,0.9962003569076404,0.0,0.99620036,0.6056,9.3227451,0.0,0.0,0.0,0.39060036,31.091129999999996,0.39060036,0.0
2023-04-09 16:15:00+02:00,0.0,0.6368666666666667,0.961797966350864,0.0,0.96179797,0.63686667,9.4155127,0.0,0.0,0.0,0.3249313,31.091129999999996,0.3249313,0.0
2023-04-09 16:30:00+02:00,0.0,0.6778,1.745550969498408,0.0,1.745551,0.6778,9.4926839,0.0,0.0,0.0,1.067751,31.091129999999996,1.067751,0.0
2023-04-09 16:45:00+02:00,0.0,0.6665333333333333,1.4105356108397555,0.0,1.4105356,0.66653333,9.7462748,0.0,0.0,0.0,0.74400228,31.091129999999996,0.74400228,0.0
2023-04-09 17:00:00+02:00,0.0,0.5138666666666667,0.778409753938883,0.0,0.77840975,0.51386667,9.9229753,0.0,0.0,0.0,0.26454309,31.091129999999996,0.26454309,0.0
2023-04-09 17:15:00+02:00,0.0,0.5310666666666667,0.5908380918104006,0.0,0.59083809,0.53106667,9.9858043,0.0,0.0,0.0,0.059771425,31.091129999999996,0.059771425,0.0
2023-04-09 17:30:00+02:00,0.0,0.4743333333333333,0.0,0.0,0.0,0.0,10.0,0.0,0.0,0.0,0.0,31.091129999999996,0.0,0.47433333
2023-04-09 17:45:00+02:00,0.0,0.4462666666666666,0.0,0.0,0.0,0.0,9.8751754,0.0,0.0,0.0,0.0,31.091129999999996,0.0,0.44626667
2023-04-09 18:00:00+02:00,0.0,0.407,0.0,0.0,0.0,0.0,9.7577368,0.0,0.0,0.0,0.0,31.091129999999996,0.0,0.407
2023-04-09 18:15:00+02:00,0.0,0.2934,0.0,0.0,0.0,0.0,9.6506316,0.0,0.0,0.0,0.0,31.091129999999996,0.0,0.2934
2023-04-09 18:30:00+02:00,0.0,0.2326,0.0,0.0,0.0,0.0,9.5734211,0.0,0.0,0.0,0.0,31.091129999999996,0.0,0.2326
2023-04-09 18:45:00+02:00,0.0,0.2045333333333333,0.0,0.0,0.0,0.0,9.5122105,0.0,0.0,0.0,0.0,31.091129999999996,0.0,0.20453333
2023-04-09 19:00:00+02:00,0.0,0.3048666666666667,0.0,0.0,0.0,0.0,9.458386,0.0,0.0,0.0,0.0,31.091129999999996,0.0,0.30486667
2023-04-09 19:15:00+02:00,0.0,0.2807333333333333,0.0,0.0,0.0,0.0,9.3781579,0.0,0.0,0.0,0.0,31.091129999999996,0.0,0.28073333
2023-04-09 19:30:00+02:00,0.0,0.2769333333333333,0.0,0.0,0.0,0.0,9.3042807,0.0,0.0,0.0,0.0,31.091129999999996,0.0,0.27693333
2023-04-09 19:45:00+02:00,0.0,0.5324666666666666,0.0,0.0,0.0,0.0,9.2314035,0.0,0.0,0.0,0.0,31.091129999999996,0.0,0.53246667
2023-04-09 20:00:00+02:00,0.0,0.6836666666666666,0.0,0.0,0.0,0.0,9.0912807,0.0,0.0,0.0,0.0,24.19389,0.0,0.68366667
2023-04-09 20:15:00+02:00,0.0,1.5328666666666666,0.0,0.0,0.0,0.0,8.9113684,0.0,0.0,0.0,0.0,24.19389,0.0,1.5328667
2023-04-09 20:30:00+02:00,0.0,0.839,0.0,0.0,0.0,0.0,8.5079825,0.0,0.0,0.0,0.0,24.19389,0.0,0.839
2023-04-09 20:45:00+02:00,0.0,0.664,0.0,0.0,0.0,0.0,8.287193,0.0,0.0,0.0,0.0,24.19389,0.0,0.664
2023-04-09 21:00:00+02:00,0.0,0.6610666666666667,0.0,0.0,0.0,0.0,8.1124561,0.0,0.0,0.0,0.0,24.19389,0.0,0.66106667
2023-04-09 21:15:00+02:00,0.0,0.2954666666666666,0.0,0.0,0.0,0.0,7.9384912,0.0,0.0,0.0,0.0,24.19389,0.0,0.29546667
2023-04-09 21:30:00+02:00,0.0,0.5038666666666667,0.0,0.0,0.0,0.0,7.8607368,0.0,0.0,0.0,0.0,24.19389,0.0,0.50386667
2023-04-09 21:45:00+02:00,0.0,0.5598,0.0,0.0,0.0,0.0,7.7281404,0.0,0.0,0.0,0.0,24.19389,0.0,0.5598
2023-04-09 22:00:00+02:00,0.0,0.5340666666666667,0.0,0.0,0.0,0.0,7.5808246,0.0,0.0,0.0,0.0,24.19389,0.0,0.53406667
2023-04-09 22:15:00+02:00,0.0,0.6892666666666667,0.0,0.0,0.0,0.0,7.4402807,0.0,0.0,0.0,0.0,24.19389,0.0,0.68926667
2023-04-09 22:30:00+02:00,0.0,0.7331333333333333,0.0,0.0,0.0,0.0,7.2588947,0.0,0.0,0.0,0.0,24.19389,0.0,0.73313333
2023-04-09 22:45:00+02:00,0.0,0.8302666666666666,0.0,0.0,0.0,0.0,7.0659649,0.0,0.0,0.0,0.0,24.19389,0.0,0.83026667
2023-04-09 23:00:00+02:00,0.0,0.7689333333333332,0.0,0.0,0.0,0.0,6.8474737,0.0,0.0,0.0,0.0,24.19389,0.0,0.76893333
2023-04-09 23:15:00+02:00,0.0,0.7085333333333333,0.0,0.0,0.0,0.0,6.6451228,0.0,0.0,0.0,0.0,24.19389,0.0,0.70853333
2023-04-09 23:30:00+02:00,0.0,0.757,0.0,0.0,0.0,0.0,6.4586667,0.0,0.0,0.0,0.0,24.19389,0.0,0.757
2023-04-09 23:45:00+02:00,0.0,0.4646666666666667,0.0,0.0,0.0,0.0,6.2594561,0.0,0.0,0.0,0.0,24.19389,0.0,0.46466667
2023-04-10 00:00:00+02:00,0.0,0.5464,0.0,0.0,0.0,0.0,6.1371754,0.0,0.0,0.0,0.0,24.19389,0.0,0.5464
2023-04-10 00:15:00+02:00,0.0,0.5258666666666667,0.0,0.0,0.0,0.0,5.993386,0.0,0.0,0.0,0.0,24.19389,0.0,0.52586667
2023-04-10 00:30:00+02:00,0.0,0.5285333333333333,0.0,0.0,0.0,0.0,5.855,0.0,0.0,0.0,0.0,24.19389,0.0,0.52853333
2023-04-10 00:45:00+02:00,0.0,0.3488,0.0,0.0,0.0,0.0,5.7159123,0.0,0.0,0.0,0.0,24.19389,0.0,0.3488
2023-04-10 01:00:00+02:00,0.0,0.2158666666666666,0.0,0.0,0.0,0.0,5.6241228,0.0,0.0,0.0,0.0,24.19389,0.0,0.21586667
2023-04-10 01:15:00+02:00,0.0,0.1518,0.0,0.0,0.0,0.0,5.5673158,0.0,0.0,0.0,0.0,24.19389,0.0,0.1518
2023-04-10 01:30:00+02:00,0.0,0.1938666666666667,0.0,0.0,0.0,0.0,5.5273684,0.0,0.0,0.0,0.0,24.19389,0.0,0.19386667
2023-04-10 01:45:00+02:00,0.0,0.1545333333333333,0.0,0.0,0.0,0.0,5.4763509,0.0,0.0,0.0,0.0,24.19389,0.0,0.15453333
2023-04-10 02:00:00+02:00,0.0,0.1819333333333333,0.0,0.0,0.0,0.0,5.4356842,0.0,0.0,0.0,0.0,24.19389,0.0,0.18193333
2023-04-10 02:15:00+02:00,0.0,0.1412,0.0,0.0,0.0,0.0,5.387807,0.0,0.0,0.0,0.0,24.19389,0.0,0.1412
2023-04-10 02:30:00+02:00,0.0,0.2210666666666666,0.0,0.0,0.0,0.0,5.3506491,0.0,0.0,0.0,0.0,24.19389,0.0,0.22106667
2023-04-10 02:45:00+02:00,0.0,0.2642,0.0,0.0,0.0,0.0,5.2924737,0.0,0.0,0.0,0.0,24.19389,0.0,0.2642
2023-04-10 03:00:00+02:00,0.0,0.2231333333333333,0.0,0.0,0.0,0.0,5.2229474,0.0,0.0,0.0,0.0,24.19389,0.0,0.22313333
2023-04-10 03:15:00+02:00,0.0,0.1934666666666666,0.0,0.0,0.0,0.0,5.1642281,0.0,0.0,0.0,0.0,24.19389,0.0,0.19346667
2023-04-10 03:30:00+02:00,0.0,0.1374666666666666,0.0,0.0,0.0,0.0,5.1133158,0.0,0.0,0.0,0.0,24.19389,0.0,0.13746667
2023-04-10 03:45:00+02:00,0.0,0.1566666666666666,0.0,0.0,0.0,0.0,5.0771404,0.0,0.0,0.0,0.0,24.19389,0.0,0.15666667
2023-04-10 04:00:00+02:00,0.0,0.1409333333333333,0.0,0.0,0.0,0.0,5.0359123,0.0,0.0,0.0,0.0,24.19389,0.0,0.14093333
2023-04-10 04:15:00+02:00,0.0,0.1619333333333333,0.0,0.0,0.0,0.0,4.9988246,0.0,0.0,0.0,0.0,24.19389,0.0,0.16193333
2023-04-10 04:30:00+02:00,0.0,0.1953333333333333,0.0,0.0,0.0,0.0,4.9562105,0.0,0.0,0.0,0.0,24.19389,0.0,0.19533333
2023-04-10 04:45:00+02:00,0.0,0.3309333333333333,0.0,0.0,0.0,0.0,4.904807,0.0,0.0,0.0,0.0,24.19389,0.0,0.33093333
2023-04-10 05:00:00+02:00,0.0,0.2523333333333333,0.0,0.0,0.0,0.0,4.8177193,2.5168,0.0,0.0,0.0,24.19389,0.0,2.7691333
2023-04-10 05:15:00+02:00,0.0,0.3383333333333333,0.0,0.0,0.0,0.0,4.089,4.6616667,0.0,0.0,0.0,24.19389,0.0,5.0
2023-04-10 05:30:00+02:00,0.0,0.2371333333333333,0.0,0.0,0.0,0.0,2.7732105,4.7628667,0.0,0.0,0.0,24.19389,0.0,5.0
2023-04-10 05:45:00+02:00,0.0,0.2454666666666666,0.0,0.0,0.0,0.0,1.4574211,4.7545333,0.0,0.0,0.0,24.19389,0.0,5.0
2023-04-10 06:00:00+02:00,0.0,0.2745333333333333,0.0,0.0,0.0,0.0,0.14163158,0.0,0.0,0.0,0.0,18.430719999999997,0.0,0.27453333
2023-04-10 06:15:00+02:00,0.0,0.2636666666666666,0.0,0.0,0.0,0.0,0.069385965,0.0,0.0,0.0,0.0,18.430719999999997,0.0,0.26366667
2023-04-10 06:30:00+02:00,9.281251,0.253,0.0,0.0,0.0,0.0,0.0,9.028251,0.0,0.0,0.0,18.430719999999997,0.0,0.0
2023-04-10 06:45:00+02:00,0.29873333,0.2987333333333333,0.027456005507419,0.0,0.027456006,0.0,0.0,0.027456006,0.0,0.027456006,0.0,18.430719999999997,0.0,0.0
2023-04-10 07:00:00+02:00,0.33233333,0.3323333333333333,0.0583134949067412,0.0,0.058313495,0.0,0.0,0.058313495,0.0,0.058313495,0.0,18.430719999999997,0.0,0.0
2023-04-10 07:15:00+02:00,0.29026667,0.2902666666666667,0.0923887231795608,0.0,0.092388723,0.0,0.0,0.092388723,0.0,0.092388723,0.0,18.430719999999997,0.0,0.0
2023-04-10 07:30:00+02:00,1.2726,1.2726,0.1503230952550001,0.0,0.1503231,0.0,0.0,0.1503231,0.0,0.1503231,0.0,18.430719999999997,0.0,0.0
2023-04-10 07:45:00+02:00,0.25093333,0.2509333333333333,0.2393791280284902,0.0,0.23937913,0.0,0.0,0.23937913,0.0,0.23937913,0.0,18.430719999999997,0.0,0.0
2023-04-10 08:00:00+02:00,0.44026667,0.4402666666666666,0.3351106152110725,0.0,0.33511062,0.0,0.0,0.33511062,0.0,0.33511062,0.0,18.430719999999997,0.0,0.0
2023-04-10 08:15:00+02:00,0.5678,0.5678,0.540264388666338,0.0,0.54026439,0.0,0.0,0.54026439,0.0,0.54026439,0.0,18.430719999999997,0.0,0.0
2023-04-10 08:30:00+02:00,0.0,0.7240666666666667,0.8553104810813502,0.0,0.85531048,0.72406667,0.0,0.0,0.0,0.0,0.13124381,18.430719999999997,0.13124381,0.0
2023-04-10 08:45:00+02:00,1.3425045,2.3660666666666668,0.9051146382069152,0.0,0.90511464,0.90511464,0.031170406,0.0,0.0,0.0,0.0,18.430719999999997,0.0,0.11844754
2023-04-10 09:00:00+02:00,0.38212052,1.3514666666666666,0.969346146513877,0.0,0.96934615,0.96934615,0.0,0.0,0.0,0.0,0.0,18.430719999999997,0.0,0.0
2023-04-10 09:15:00+02:00,0.0,0.4559333333333333,1.199201745370123,0.74326841,0.45593333,0.45593333,0.0,0.0,0.0,0.0,0.0,18.430719999999997,0.0,0.0
2023-04-10 09:30:00+02:00,0.0,0.4122666666666666,1.9849040939546616,1.5726374,0.41226667,0.41226667,0.0,0.0,0.0,0.0,0.0,18.430719999999997,0.0,0.0
2023-04-10 09:45:00+02:00,0.0,1.566,2.0235225675202884,0.45752257,1.566,1.566,0.0,0.0,0.0,0.0,0.0,18.430719999999997,0.0,0.0
2023-04-10 10:00:00+02:00,0.0,1.1690666666666667,3.076148452478156,1.9070818,1.1690667,1.1690667,0.0,0.0,0.0,0.0,0.0,18.430719999999997,0.0,0.0
2023-04-10 10:15:00+02:00,0.0,0.3128,5.589100008175158,5.2763,0.3128,0.3128,0.0,0.0,0.0,0.0,0.0,18.430719999999997,0.0,0.0
2023-04-10 10:30:00+02:00,0.0,0.2371333333333333,7.632900413169271,7.3957671,0.23713333,0.23713333,0.0,0.0,0.0,0.0,0.0,18.430719999999997,0.0,0.0
2023-04-10 10:45:00+02:00,0.0,0.1629333333333333,7.835059082750177,7.6721257,0.16293333,0.16293333,0.0,0.0,0.0,0.0,0.0,18.430719999999997,0.0,0.0
2023-04-10 11:00:00+02:00,0.0,0.1795333333333333,8.050186740768288,7.8706534,0.17953333,0.17953333,0.0,0.0,0.0,0.0,0.0,18.430719999999997,0.0,0.0
2023-04-10 11:15:00+02:00,0.0,0.2093333333333333,8.310804259825519,8.1014709,0.20933333,0.20933333,0.0,0.0,0.0,0.0,0.0,18.430719999999997,0.0,0.0
2023-04-10 11:30:00+02:00,0.0,0.1819333333333333,6.940992535458935,6.7590592,0.18193333,0.18193333,0.0,0.0,0.0,0.0,0.0,18.430719999999997,0.0,0.0
2023-04-10 11:45:00+02:00,0.0,0.1280666666666666,6.842108432569897,6.7140418,0.12806667,0.12806667,0.0,0.0,0.0,0.0,0.0,18.430719999999997,0.0,0.0
2023-04-10 12:00:00+02:00,0.0,0.2105333333333333,7.944854931300748,7.7343216,0.21053333,0.21053333,0.0,0.0,0.0,0.0,0.0,18.430719999999997,0.0,0.0
2023-04-10 12:15:00+02:00,0.0,1.1545999999999998,8.845825370038993,7.6912254,1.1546,1.1546,0.0,0.0,0.0,0.0,0.0,18.430719999999997,0.0,0.0
2023-04-10 12:30:00+02:00,0.0,3.4752,9.05026307734968,5.5750631,3.4752,3.4752,0.0,0.0,0.0,0.0,0.0,18.430719999999997,0.0,0.0
2023-04-10 12:45:00+02:00,0.0,0.3692666666666666,8.743234851806676,8.3739682,0.36926667,0.36926667,0.0,0.0,0.0,0.0,0.0,18.430719999999997,0.0,0.0
2023-04-10 13:00:00+02:00,0.0,0.3896666666666666,8.705114591705225,8.3154479,0.38966667,0.38966667,0.0,0.0,0.0,0.0,0.0,18.430719999999997,0.0,0.0
2023-04-10 13:15:00+02:00,0.0,0.3452,8.50509804745152,8.159898,0.3452,0.3452,0.0,0.0,0.0,0.0,0.0,18.430719999999997,0.0,0.0
2023-04-10 13:30:00+02:00,0.0,0.2445333333333333,8.532980513804914,8.2884472,0.24453333,0.24453333,0.0,0.0,0.0,0.0,0.0,18.430719999999997,0.0,0.0
2023-04-10 13:45:00+02:00,0.0,0.2796666666666667,8.011474904873095,7.7318082,0.27966667,0.27966667,0.0,0.0,0.0,0.0,0.0,18.430719999999997,0.0,0.0
2023-04-10 14:00:00+02:00,0.0,0.2206,7.578794050201222,6.3640402,1.2147539,0.2206,0.0,0.0,0.0,0.0,0.99415387,18.430719999999997,0.99415387,0.0
2023-04-10 14:15:00+02:00,0.0,0.2368666666666666,6.866503841120858,6.6296372,0.23686667,0.23686667,0.23611155,0.0,0.0,0.0,0.0,18.430719999999997,0.0,0.0
2023-04-10 14:30:00+02:00,0.0,0.2409333333333333,7.006351321136014,1.765418,5.2409333,0.24093333,0.23611155,0.0,0.0,0.0,5.0,18.430719999999997,5.0,0.0
2023-04-10 14:45:00+02:00,0.0,0.398,6.365248767788945,0.96724877,5.398,0.398,1.4236115,0.0,0.0,0.0,5.0,18.430719999999997,5.0,0.0
2023-04-10 15:00:00+02:00,0.0,0.3228666666666667,6.033823252078707,0.71095659,5.3228667,0.32286667,2.6111115,0.0,0.0,0.0,5.0,18.430719999999997,5.0,0.0
2023-04-10 15:15:00+02:00,0.0,0.4871999999999999,5.49156957950967,0.0043695795,5.4872,0.4872,3.7986115,0.0,0.0,0.0,5.0,18.430719999999997,5.0,0.0
2023-04-10 15:30:00+02:00,0.0,0.5322666666666667,5.413346967774953,0.0,5.413347,0.53226667,4.9861115,0.0,0.0,0.0,4.8810803,18.430719999999997,4.8810803,0.0
2023-04-10 15:45:00+02:00,0.0,0.3956666666666666,4.42456365128958,0.0,4.4245637,0.39566667,6.1453681,0.0,0.0,0.0,4.028897,18.430719999999997,4.028897,0.0
2023-04-10 16:00:00+02:00,0.0,0.7970666666666667,3.798216358237763,0.0,3.7982164,0.79706667,7.1022312,0.0,0.0,0.0,3.0011497,18.430719999999997,3.0011497,0.0
2023-04-10 16:15:00+02:00,0.0,0.355,3.8326772117043473,0.0,3.8326772,0.355,7.8150042,0.0,0.0,0.0,3.4776772,18.430719999999997,3.4776772,0.0
2023-04-10 16:30:00+02:00,0.0,1.939533333333333,3.12293297838038,0.0,3.122933,1.9395333,8.6409525,0.0,0.0,0.0,1.1833996,18.430719999999997,1.1833996,0.0
2023-04-10 16:45:00+02:00,0.0,0.5049333333333333,2.453829467648828,0.0,2.4538295,0.50493333,8.92201,0.0,0.0,0.0,1.9488961,18.430719999999997,1.9488961,0.0
2023-04-10 17:00:00+02:00,0.0,0.3022666666666666,1.8692525377460147,0.0,1.8692525,0.30226667,9.3848728,0.0,0.0,0.0,1.5669859,18.430719999999997,1.5669859,0.0
2023-04-10 17:15:00+02:00,0.0,0.3056,1.3286234443442877,0.0,1.3286234,0.3056,9.7570319,0.0,0.0,0.0,1.0230234,18.430719999999997,1.0230234,0.0
2023-04-10 17:30:00+02:00,0.0,0.4671333333333333,0.4130401307800853,0.0,0.41304013,0.41304013,10.0,0.0,0.0,0.0,0.0,18.430719999999997,0.0,0.054093203
2023-04-10 17:45:00+02:00,0.0,1.0959333333333334,0.0,0.0,0.0,0.0,9.9857649,0.0,0.0,0.0,0.0,18.430719999999997,0.0,1.0959333
2023-04-10 18:00:00+02:00,0.0,1.6594666666666666,0.0,0.0,0.0,0.0,9.6973614,0.0,0.0,0.0,0.0,18.430719999999997,0.0,1.6594667
2023-04-10 18:15:00+02:00,0.0,0.2956,0.0,0.0,0.0,0.0,9.2606597,0.0,0.0,0.0,0.0,18.430719999999997,0.0,0.2956
2023-04-10 18:30:00+02:00,0.0,0.2517333333333333,0.0,0.0,0.0,0.0,9.1828702,0.0,0.0,0.0,0.0,18.430719999999997,0.0,0.25173333
2023-04-10 18:45:00+02:00,0.0,0.1976,0.0,0.0,0.0,0.0,9.1166246,0.0,0.0,0.0,0.0,18.430719999999997,0.0,0.1976
2023-04-10 19:00:00+02:00,0.0,0.2888666666666666,0.0,0.0,0.0,0.0,9.0646246,0.0,0.0,0.0,0.0,18.430719999999997,0.0,0.28886667
2023-04-10 19:15:00+02:00,0.0,0.4294666666666666,0.0,0.0,0.0,0.0,8.9886071,0.0,0.0,0.0,0.0,18.430719999999997,0.0,0.42946667
2023-04-10 19:30:00+02:00,0.0,0.5946,0.0,0.0,0.0,0.0,8.8755895,0.0,0.0,0.0,0.0,18.430719999999997,0.0,0.5946
2023-04-10 19:45:00+02:00,0.0,1.778,0.0,0.0,0.0,0.0,8.7191158,0.0,0.0,0.0,0.0,18.430719999999997,0.0,1.778
2023-04-10 20:00:00+02:00,0.94013333,0.9401333333333334,0.0,0.0,0.0,0.0,8.2512211,0.0,0.0,0.0,0.0,18.353369999999998,0.0,0.0
2023-04-10 20:15:00+02:00,0.56193333,0.5619333333333333,0.0,0.0,0.0,0.0,8.2512211,0.0,0.0,0.0,0.0,18.353369999999998,0.0,0.0
2023-04-10 20:30:00+02:00,0.4606,0.4606,0.0,0.0,0.0,0.0,8.2512211,0.0,0.0,0.0,0.0,18.353369999999998,0.0,0.0
2023-04-10 20:45:00+02:00,0.40973333,0.4097333333333333,0.0,0.0,0.0,0.0,8.2512211,0.0,0.0,0.0,0.0,18.353369999999998,0.0,0.0
2023-04-10 21:00:00+02:00,0.36133333,0.3613333333333333,0.0,0.0,0.0,0.0,8.2512211,0.0,0.0,0.0,0.0,18.353369999999998,0.0,0.0
2023-04-10 21:15:00+02:00,0.3382,0.3382,0.0,0.0,0.0,0.0,8.2512211,0.0,0.0,0.0,0.0,18.353369999999998,0.0,0.0
2023-04-10 21:30:00+02:00,0.26386667,0.2638666666666667,0.0,0.0,0.0,0.0,8.2512211,0.0,0.0,0.0,0.0,18.353369999999998,0.0,0.0
2023-04-10 21:45:00+02:00,0.30633333,0.3063333333333333,0.0,0.0,0.0,0.0,8.2512211,0.0,0.0,0.0,0.0,18.353369999999998,0.0,0.0
2023-04-10 22:00:00+02:00,0.30566667,0.3056666666666667,0.0,0.0,0.0,0.0,8.2512211,0.0,0.0,0.0,0.0,18.353369999999998,0.0,0.0
2023-04-10 22:15:00+02:00,0.3258,0.3258,0.0,0.0,0.0,0.0,8.2512211,0.0,0.0,0.0,0.0,18.353369999999998,0.0,0.0
2023-04-10 22:30:00+02:00,0.33333333,0.3333333333333333,0.0,0.0,0.0,0.0,8.2512211,0.0,0.0,0.0,0.0,18.353369999999998,0.0,0.0
2023-04-10 22:45:00+02:00,0.29726667,0.2972666666666667,0.0,0.0,0.0,0.0,8.2512211,0.0,0.0,0.0,0.0,18.353369999999998,0.0,0.0
2023-04-10 23:00:00+02:00,0.36693333,0.3669333333333333,0.0,0.0,0.0,0.0,8.2512211,0.0,0.0,0.0,0.0,18.353369999999998,0.0,0.0
2023-04-10 23:15:00+02:00,0.35926667,0.3592666666666667,0.0,0.0,0.0,0.0,8.2512211,0.0,0.0,0.0,0.0,18.353369999999998,0.0,0.0
2023-04-10 23:30:00+02:00,0.33246667,0.3324666666666666,0.0,0.0,0.0,0.0,8.2512211,0.0,0.0,0.0,0.0,18.353369999999998,0.0,0.0
2023-04-10 23:45:00+02:00,0.2946,0.2946,0.0,0.0,0.0,0.0,8.2512211,0.0,0.0,0.0,0.0,18.353369999999998,0.0,0.0
2023-04-11 00:00:00+02:00,0.41093333,0.4109333333333333,0.0,0.0,0.0,0.0,8.2512211,0.0,0.0,0.0,0.0,18.353369999999998,0.0,0.0
2023-04-11 00:15:00+02:00,0.32533333,0.3253333333333333,0.0,0.0,0.0,0.0,8.2512211,0.0,0.0,0.0,0.0,18.353369999999998,0.0,0.0
2023-04-11 00:30:00+02:00,0.2686,0.2686,0.0,0.0,0.0,0.0,8.2512211,0.0,0.0,0.0,0.0,18.353369999999998,0.0,0.0
2023-04-11 00:45:00+02:00,0.2716,0.2716,0.0,0.0,0.0,0.0,8.2512211,0.0,0.0,0.0,0.0,18.353369999999998,0.0,0.0
2023-04-11 01:00:00+02:00,0.29386667,0.2938666666666666,0.0,0.0,0.0,0.0,8.2512211,0.0,0.0,0.0,0.0,18.353369999999998,0.0,0.0
2023-04-11 01:15:00+02:00,0.29166667,0.2916666666666667,0.0,0.0,0.0,0.0,8.2512211,0.0,0.0,0.0,0.0,18.353369999999998,0.0,0.0
2023-04-11 01:30:00+02:00,0.4592,0.4592,0.0,0.0,0.0,0.0,8.2512211,0.0,0.0,0.0,0.0,18.353369999999998,0.0,0.0
2023-04-11 01:45:00+02:00,0.2724,0.2724,0.0,0.0,0.0,0.0,8.2512211,0.0,0.0,0.0,0.0,18.353369999999998,0.0,0.0
2023-04-11 02:00:00+02:00,0.23853333,0.2385333333333333,0.0,0.0,0.0,0.0,8.2512211,0.0,0.0,0.0,0.0,18.353369999999998,0.0,0.0
2023-04-11 02:15:00+02:00,0.18113333,0.1811333333333333,0.0,0.0,0.0,0.0,8.2512211,0.0,0.0,0.0,0.0,18.353369999999998,0.0,0.0
2023-04-11 02:30:00+02:00,0.13793333,0.1379333333333333,0.0,0.0,0.0,0.0,8.2512211,0.0,0.0,0.0,0.0,18.353369999999998,0.0,0.0
2023-04-11 02:45:00+02:00,0.15246667,0.1524666666666666,0.0,0.0,0.0,0.0,8.2512211,0.0,0.0,0.0,0.0,18.353369999999998,0.0,0.0
2023-04-11 03:00:00+02:00,0.1204,0.1204,0.0,0.0,0.0,0.0,8.2512211,0.0,0.0,0.0,0.0,18.353369999999998,0.0,0.0
2023-04-11 03:15:00+02:00,0.1614,0.1614,0.0,0.0,0.0,0.0,8.2512211,0.0,0.0,0.0,0.0,18.353369999999998,0.0,0.0
2023-04-11 03:30:00+02:00,0.15513333,0.1551333333333333,0.0,0.0,0.0,0.0,8.2512211,0.0,0.0,0.0,0.0,18.353369999999998,0.0,0.0
2023-04-11 03:45:00+02:00,0.17346667,0.1734666666666666,0.0,0.0,0.0,0.0,8.2512211,0.0,0.0,0.0,0.0,18.353369999999998,0.0,0.0
2023-04-11 04:00:00+02:00,0.24546667,0.2454666666666666,0.0,0.0,0.0,0.0,8.2512211,0.0,0.0,0.0,0.0,18.353369999999998,0.0,0.0
2023-04-11 04:15:00+02:00,0.24893333,0.2489333333333333,0.0,0.0,0.0,0.0,8.2512211,0.0,0.0,0.0,0.0,18.353369999999998,0.0,0.0
2023-04-11 04:30:00+02:00,0.14273333,0.1427333333333333,0.0,0.0,0.0,0.0,8.2512211,0.0,0.0,0.0,0.0,18.353369999999998,0.0,0.0
2023-04-11 04:45:00+02:00,0.146,0.146,0.0,0.0,0.0,0.0,8.2512211,0.0,0.0,0.0,0.0,18.353369999999998,0.0,0.0
2023-04-11 05:00:00+02:00,21.745302,0.1556666666666666,0.0,0.0,0.0,0.0,8.2512211,21.589636,0.0,0.0,0.0,18.353369999999998,0.0,0.0
2023-04-11 05:15:00+02:00,0.1466,0.1466,0.0,0.0,0.0,0.0,8.2512211,0.0,0.0,0.0,0.0,18.353369999999998,0.0,0.0
2023-04-11 05:30:00+02:00,0.2134,0.2134,0.0,0.0,0.0,0.0,8.2512211,0.0,0.0,0.0,0.0,18.353369999999998,0.0,0.0
2023-04-11 05:45:00+02:00,0.14873333,0.1487333333333333,0.0,0.0,0.0,0.0,8.2512211,0.0,0.0,0.0,0.0,18.353369999999998,0.0,0.0
2023-04-11 06:00:00+02:00,0.0,0.1698666666666666,0.0,0.0,0.0,0.0,8.2512211,0.0,0.0,0.0,0.0,30.673440000000003,0.0,0.16986667
2023-04-11 06:15:00+02:00,0.0,0.156,0.0,0.0,0.0,0.0,8.2065193,0.0,0.0,0.0,0.0,30.673440000000003,0.0,0.156
2023-04-11 06:30:00+02:00,0.0,0.313,0.0,0.0,0.0,0.0,8.1654667,0.0,0.0,0.0,0.0,30.673440000000003,0.0,0.313
2023-04-11 06:45:00+02:00,0.0,0.2841333333333333,0.0901480996379655,0.0,0.0901481,0.0,8.0830983,0.0901481,0.0,0.0901481,0.0,30.673440000000003,0.0,0.28413333
2023-04-11 07:00:00+02:00,0.0,0.308,0.1863926782714356,0.0,0.18639268,0.0,8.0083264,0.18639268,0.0,0.18639268,0.0,30.673440000000003,0.0,0.308
2023-04-11 07:15:00+02:00,0.0,0.2498666666666666,0.2630272764120334,0.0,0.26302728,0.0,7.9272737,3.3129816,0.0,0.26302728,0.0,30.673440000000003,0.0,3.299821
2023-04-11 07:30:00+02:00,0.0,0.2810666666666667,0.3473492760138886,0.0,0.34734928,0.0,7.0588998,5.0662826,0.0,0.34734928,0.0,30.673440000000003,0.0,5.0
2023-04-11 07:45:00+02:00,0.0,0.2973333333333333,0.300977712876885,0.0,0.30097771,0.0,5.7431103,5.0036444,0.0,0.30097771,0.0,30.673440000000003,0.0,5.0
2023-04-11 08:00:00+02:00,0.0,0.2386,0.5294044818627107,0.0,0.52940448,0.0,4.4273208,5.2908045,0.0,0.52940448,0.0,30.673440000000003,0.0,5.0
2023-04-11 08:15:00+02:00,0.0,0.2128666666666666,0.4742096460433109,0.0,0.47420965,0.21286667,3.1115314,0.0,0.0,0.0,0.26134298,30.673440000000003,0.26134298,0.0
2023-04-11 08:30:00+02:00,0.0,0.2193333333333333,0.4600372239242206,0.0,0.46003722,0.21933333,3.1736003,0.0,0.0,0.0,0.24070389,30.673440000000003,0.24070389,0.0
2023-04-11 08:45:00+02:00,0.0,0.4062,0.3991783220867945,0.0,0.39917832,0.39917832,3.2307675,0.0,0.0,0.0,0.0,30.673440000000003,0.0,0.0070216779
2023-04-11 09:00:00+02:00,0.0,0.8551333333333333,0.7231941081348494,0.0,0.72319411,0.72319411,3.2289197,0.0,0.0,0.0,0.0,30.673440000000003,0.0,0.13193923
2023-04-11 09:15:00+02:00,0.0,1.2565333333333333,1.2965589978432484,0.0,1.296559,1.2565333,3.1941988,0.0,0.0,0.0,0.040025665,30.673440000000003,0.040025665,0.0
2023-04-11 09:30:00+02:00,0.0,0.3186666666666667,1.8208042126886013,0.0,1.8208042,0.31866667,3.2037049,0.0,0.0,0.0,1.5021375,30.673440000000003,1.5021375,0.0
2023-04-11 09:45:00+02:00,0.0,0.3293999999999999,2.1177133432168707,0.0,2.1177133,0.3294,3.5604626,0.0,0.0,0.0,1.7883133,30.673440000000003,1.7883133,0.0
2023-04-11 10:00:00+02:00,0.0,0.1937333333333333,2.8076404572386213,0.0,2.8076405,0.19373333,3.985187,0.0,0.0,0.0,2.6139071,30.673440000000003,2.6139071,0.0
2023-04-11 10:15:00+02:00,0.0,0.4934666666666666,2.8008764777237976,0.0,2.8008765,0.49346667,4.60599,0.0,0.0,0.0,2.3074098,30.673440000000003,2.3074098,0.0
2023-04-11 10:30:00+02:00,0.0,0.3666666666666667,1.962611288436928,0.0,1.9626113,0.36666667,5.1539998,0.0,0.0,0.0,1.5959446,30.673440000000003,1.5959446,0.0
2023-04-11 10:45:00+02:00,0.0,0.7166,3.728945114213688,0.0,3.7289451,0.7166,5.5330366,0.0,0.0,0.0,3.0123451,30.673440000000003,3.0123451,0.0
2023-04-11 11:00:00+02:00,0.0,2.0916,2.0541190985345783,0.0,2.0541191,2.0541191,6.2484686,0.0,0.0,0.0,0.0,30.673440000000003,0.0,0.037480901
2023-04-11 11:15:00+02:00,0.0,1.2127333333333334,1.2321172523093806,0.0,1.2321173,1.2127333,6.2386052,0.0,0.0,0.0,0.019383919,30.673440000000003,0.019383919,0.0
2023-04-11 11:30:00+02:00,0.0,2.5401333333333334,1.217467820144873,0.0,1.2174678,1.2174678,6.2432089,0.0,0.0,0.0,0.0,30.673440000000003,0.0,1.3226655
2023-04-11 11:45:00+02:00,0.0,3.0408000000000004,0.8342135340998282,0.0,0.83421353,0.83421353,5.895139,0.0,0.0,0.0,0.0,30.673440000000003,0.0,2.2065865
2023-04-11 12:00:00+02:00,0.0,3.9578,0.7673218732507763,0.0,0.76732187,0.76732187,5.3144584,0.0,0.0,0.0,0.0,30.673440000000003,0.0,3.1904781
2023-04-11 12:15:00+02:00,0.0,3.1842,1.0066062245541714,0.0,1.0066062,1.0066062,4.4748589,0.0,0.0,0.0,0.0,30.673440000000003,0.0,2.1775938
2023-04-11 12:30:00+02:00,0.0,1.7404666666666666,1.009075626830612,0.0,1.0090756,1.0090756,3.9018079,0.0,0.0,0.0,0.0,30.673440000000003,0.0,0.73139104
2023-04-11 12:45:00+02:00,0.0,0.6068666666666667,0.8023131844689955,0.0,0.80231318,0.60686667,3.7093365,0.0,0.0,0.0,0.19544652,30.673440000000003,0.19544652,0.0
2023-04-11 13:00:00+02:00,0.0,0.2649333333333333,1.01766518587184,0.0,1.0176652,0.26493333,3.7557551,0.0,0.0,0.0,0.75273185,30.673440000000003,0.75273185,0.0
2023-04-11 13:15:00+02:00,0.0,0.2547333333333333,1.042211858234693,0.0,1.0422119,0.25473333,3.9345289,0.0,0.0,0.0,0.78747852,30.673440000000003,0.78747852,0.0
2023-04-11 13:30:00+02:00,0.0,0.2268,0.9988593393767436,0.0,0.99885934,0.2268,4.121555,0.0,0.0,0.0,0.77205934,30.673440000000003,0.77205934,0.0
2023-04-11 13:45:00+02:00,0.0,0.2497333333333333,0.8304833522769197,0.0,0.83048335,0.24973333,4.3049191,0.0,0.0,0.0,0.58075002,30.673440000000003,0.58075002,0.0
2023-04-11 14:00:00+02:00,0.0,0.3054666666666666,0.8325085013103867,0.0,0.8325085,0.30546667,4.4428473,0.0,0.0,0.0,0.52704183,30.673440000000003,0.52704183,0.0
2023-04-11 14:15:00+02:00,0.0,0.3380666666666667,0.8854518631937669,0.0,0.88545186,0.33806667,4.5680197,0.0,0.0,0.0,0.5473852,30.673440000000003,0.5473852,0.0
2023-04-11 14:30:00+02:00,0.0,0.3585333333333333,0.9759218514803326,0.0,0.97592185,0.35853333,4.6980237,0.0,0.0,0.0,0.61738852,30.673440000000003,0.61738852,0.0
2023-04-11 14:45:00+02:00,0.0,0.18,1.091299155971267,0.0,1.0912992,0.18,4.8446535,0.0,0.0,0.0,0.91129916,30.673440000000003,0.91129916,0.0
2023-04-11 15:00:00+02:00,0.0,0.4878666666666666,0.9515312700871597,0.0,0.95153127,0.48786667,5.061087,0.0,0.0,0.0,0.4636646,30.673440000000003,0.4636646,0.0
2023-04-11 15:15:00+02:00,0.0,0.7961333333333334,0.6630108539959562,0.0,0.66301085,0.66301085,5.1712074,0.0,0.0,0.0,0.0,30.673440000000003,0.0,0.13312248
2023-04-11 15:30:00+02:00,0.0,0.2375333333333333,0.769963615483302,0.0,0.76996362,0.23753333,5.1361751,0.0,0.0,0.0,0.53243028,30.673440000000003,0.53243028,0.0
2023-04-11 15:45:00+02:00,0.0,0.3072,1.2318933346559886,0.0,1.2318933,0.3072,5.2626273,0.0,0.0,0.0,0.92469333,30.673440000000003,0.92469333,0.0
2023-04-11 16:00:00+02:00,0.0,0.1951999999999999,1.9263712367937729,0.0,1.9263712,0.1952,5.482242,0.0,0.0,0.0,1.7311712,30.673440000000003,1.7311712,0.0
2023-04-11 16:15:00+02:00,0.0,0.1703333333333333,1.6758083294875816,0.0,1.6758083,0.17033333,5.8933951,0.0,0.0,0.0,1.505475,30.673440000000003,1.505475,0.0
2023-04-11 16:30:00+02:00,0.0,0.2059333333333333,1.9358068089776488,0.0,1.9358068,0.20593333,6.2509455,0.0,0.0,0.0,1.7298735,30.673440000000003,1.7298735,0.0
2023-04-11 16:45:00+02:00,0.0,0.2151333333333333,1.80226971592232,0.0,1.8022697,0.21513333,6.6617904,0.0,0.0,0.0,1.5871364,30.673440000000003,1.5871364,0.0
2023-04-11 17:00:00+02:00,0.0,0.2418666666666666,1.0999481688638584,0.0,1.0999482,0.24186667,7.0387353,0.0,0.0,0.0,0.8580815,30.673440000000003,0.8580815,0.0
2023-04-11 17:15:00+02:00,0.0,0.1726,0.7739834220040283,0.0,0.77398342,0.1726,7.2425297,0.0,0.0,0.0,0.60138342,30.673440000000003,0.60138342,0.0
2023-04-11 17:30:00+02:00,0.0,0.193,0.334038769707666,0.0,0.33403877,0.193,7.3853582,0.0,0.0,0.0,0.14103877,30.673440000000003,0.14103877,0.0
2023-04-11 17:45:00+02:00,0.0,0.2209333333333333,0.0588743872073114,0.0,0.058874387,0.058874387,7.4188549,0.0,0.0,0.0,0.0,30.673440000000003,0.0,0.16205895
2023-04-11 18:00:00+02:00,0.0,0.343,0.0,0.0,0.0,0.0,7.3762078,0.0,0.0,0.0,0.0,30.673440000000003,0.0,0.343
2023-04-11 18:15:00+02:00,0.0,0.3740666666666666,0.0,0.0,0.0,0.0,7.2859447,0.0,0.0,0.0,0.0,30.673440000000003,0.0,0.37406667
2023-04-11 18:30:00+02:00,0.0,0.3707333333333333,0.0,0.0,0.0,0.0,7.1875061,0.0,0.0,0.0,0.0,30.673440000000003,0.0,0.37073333
2023-04-11 18:45:00+02:00,0.0,0.2688,0.0,0.0,0.0,0.0,7.0899447,0.0,0.0,0.0,0.0,30.673440000000003,0.0,0.2688
2023-04-11 19:00:00+02:00,0.0,0.3146,0.0,0.0,0.0,0.0,7.0192078,0.0,0.0,0.0,0.0,30.673440000000003,0.0,0.3146
2023-04-11 19:15:00+02:00,0.0,0.4470666666666666,0.0,0.0,0.0,0.0,6.9364184,0.0,0.0,0.0,0.0,30.673440000000003,0.0,0.44706667
2023-04-11 19:30:00+02:00,0.0,0.4988,0.0,0.0,0.0,0.0,6.8187692,0.0,0.0,0.0,0.0,30.673440000000003,0.0,0.4988
2023-04-11 19:45:00+02:00,0.0,1.0793333333333333,0.0,0.0,0.0,0.0,6.6875061,0.0,0.0,0.0,0.0,30.673440000000003,0.0,1.0793333
2023-04-11 20:00:00+02:00,0.0,0.8280666666666667,0.0,0.0,0.0,0.0,6.403471,0.0,0.0,0.0,0.0,26.829739999999997,0.0,0.82806667
2023-04-11 20:15:00+02:00,0.0,0.9282666666666668,0.0,0.0,0.0,0.0,6.1855587,0.0,0.0,0.0,0.0,26.829739999999997,0.0,0.92826667
2023-04-11 20:30:00+02:00,0.0,0.7306666666666666,0.0,0.0,0.0,0.0,5.941278,0.0,0.0,0.0,0.0,26.829739999999997,0.0,0.73066667
2023-04-11 20:45:00+02:00,0.0,0.8014,0.0,0.0,0.0,0.0,5.7489973,0.0,0.0,0.0,0.0,26.829739999999997,0.0,0.8014
2023-04-11 21:00:00+02:00,0.0,0.8534666666666667,0.0,0.0,0.0,0.0,5.5381026,0.0,0.0,0.0,0.0,26.829739999999997,0.0,0.85346667
2023-04-11 21:15:00+02:00,0.0,0.7485333333333333,0.0,0.0,0.0,0.0,5.3135061,0.0,0.0,0.0,0.0,26.829739999999997,0.0,0.74853333
2023-04-11 21:30:00+02:00,0.0,0.6622,0.0,0.0,0.0,0.0,5.1165236,0.0,0.0,0.0,0.0,26.829739999999997,0.0,0.6622
2023-04-11 21:45:00+02:00,0.0,0.7964666666666667,0.0,0.0,0.0,0.0,4.9422605,0.0,0.0,0.0,0.0,26.829739999999997,0.0,0.79646667
2023-04-11 22:00:00+02:00,0.0,0.7882666666666667,0.0,0.0,0.0,0.0,4.732664,0.0,0.0,0.0,0.0,26.829739999999997,0.0,0.78826667
2023-04-11 22:15:00+02:00,0.0,0.8230666666666667,0.0,0.0,0.0,0.0,4.5252254,0.0,0.0,0.0,0.0,26.829739999999997,0.0,0.82306667
2023-04-11 22:30:00+02:00,0.0,1.1838,0.0,0.0,0.0,0.0,4.3086289,0.0,0.0,0.0,0.0,26.829739999999997,0.0,1.1838
2023-04-11 22:45:00+02:00,0.0,0.8900666666666667,0.0,0.0,0.0,0.0,3.9971026,0.0,0.0,0.0,0.0,26.829739999999997,0.0,0.89006667
2023-04-11 23:00:00+02:00,0.0,0.5861333333333333,0.0,0.0,0.0,0.0,3.7628745,0.0,0.0,0.0,0.0,26.829739999999997,0.0,0.58613333
2023-04-11 23:15:00+02:00,0.0,0.4935333333333334,0.0,0.0,0.0,0.0,3.6086289,0.0,0.0,0.0,0.0,26.829739999999997,0.0,0.49353333
2023-04-11 23:30:00+02:00,0.0,0.6387333333333334,0.0,0.0,0.0,0.0,3.4787517,0.0,0.0,0.0,0.0,26.829739999999997,0.0,0.63873333
2023-04-11 23:45:00+02:00,0.0,0.5121333333333333,0.0,0.0,0.0,0.0,3.310664,0.0,0.0,0.0,0.0,26.829739999999997,0.0,0.51213333
2023-04-12 00:00:00+02:00,0.0,0.6233333333333334,0.0,0.0,0.0,0.0,3.175892,0.0,0.0,0.0,0.0,26.829739999999997,0.0,0.62333333
2023-04-12 00:15:00+02:00,0.0,0.6103999999999999,0.0,0.0,0.0,0.0,3.011857,0.0,0.0,0.0,0.0,26.829739999999997,0.0,0.6104
2023-04-12 00:30:00+02:00,0.0,0.6033333333333334,0.0,0.0,0.0,0.0,2.8512254,0.0,0.0,0.0,0.0,26.829739999999997,0.0,0.60333333
2023-04-12 00:45:00+02:00,0.0,0.6294666666666667,0.0,0.0,0.0,0.0,2.6924535,0.0,0.0,0.0,0.0,26.829739999999997,0.0,0.62946667
2023-04-12 01:00:00+02:00,0.0,0.455,0.0,0.0,0.0,0.0,2.5268043,0.0,0.0,0.0,0.0,26.829739999999997,0.0,0.455
2023-04-12 01:15:00+02:00,0.0,0.5573333333333333,0.0,0.0,0.0,0.0,2.4070675,0.0,0.0,0.0,0.0,26.829739999999997,0.0,0.55733333
2023-04-12 01:30:00+02:00,0.0,0.4542,0.0,0.0,0.0,0.0,2.2604008,0.0,0.0,0.0,0.0,26.829739999999997,0.0,0.4542
2023-04-12 01:45:00+02:00,0.0,0.4325333333333334,0.0,0.0,0.0,0.0,2.1408745,0.0,0.0,0.0,0.0,26.829739999999997,0.0,0.43253333
2023-04-12 02:00:00+02:00,0.0,0.491,0.0,0.0,0.0,0.0,2.0270499,0.0,0.0,0.0,0.0,26.829739999999997,0.0,0.491
2023-04-12 02:15:00+02:00,0.0,0.2964666666666666,0.0,0.0,0.0,0.0,1.8978394,0.0,0.0,0.0,0.0,26.829739999999997,0.0,0.29646667
2023-04-12 02:30:00+02:00,0.0,0.6209333333333332,0.0,0.0,0.0,0.0,1.8198219,0.0,0.0,0.0,0.0,26.829739999999997,0.0,0.62093333
2023-04-12 02:45:00+02:00,0.0,0.5352666666666667,0.0,0.0,0.0,0.0,1.6564184,0.0,0.0,0.0,0.0,26.829739999999997,0.0,0.53526667
2023-04-12 03:00:00+02:00,0.0,0.4632666666666666,0.0,0.0,0.0,0.0,1.5155587,0.0,0.0,0.0,0.0,26.829739999999997,0.0,0.46326667
2023-04-12 03:15:00+02:00,0.0,0.3189333333333333,0.0,0.0,0.0,0.0,1.3936464,0.0,0.0,0.0,0.0,26.829739999999997,0.0,0.31893333
2023-04-12 03:30:00+02:00,0.0,0.5136666666666666,0.0,0.0,0.0,0.0,1.3097166,0.0,0.0,0.0,0.0,26.829739999999997,0.0,0.51366667
2023-04-12 03:45:00+02:00,0.0,0.4334666666666666,0.0,0.0,0.0,0.0,1.1745412,0.0,0.0,0.0,0.0,26.829739999999997,0.0,0.43346667
2023-04-12 04:00:00+02:00,0.0,0.4676666666666667,0.0,0.0,0.0,0.0,1.060471,0.0,0.0,0.0,0.0,26.829739999999997,0.0,0.46766667
2023-04-12 04:15:00+02:00,0.0,0.5243333333333333,0.0,0.0,0.0,0.0,0.93740082,0.0,0.0,0.0,0.0,26.829739999999997,0.0,0.52433333
2023-04-12 04:30:00+02:00,0.0,0.3132,0.0,0.0,0.0,0.0,0.79941836,0.0,0.0,0.0,0.0,26.829739999999997,0.0,0.3132
2023-04-12 04:45:00+02:00,0.0,0.2398,0.0,0.0,0.0,0.0,0.71699731,0.0,0.0,0.0,0.0,26.829739999999997,0.0,0.2398
2023-04-12 05:00:00+02:00,0.0,0.1888666666666666,0.0,0.0,0.0,0.0,0.65389205,0.0,0.0,0.0,0.0,26.829739999999997,0.0,0.18886667
2023-04-12 05:15:00+02:00,0.0,0.2058,0.0,0.0,0.0,0.0,0.60419029,0.0,0.0,0.0,0.0,26.829739999999997,0.0,0.2058
2023-04-12 05:30:00+02:00,0.0,0.2208666666666666,0.0,0.0,0.0,0.0,0.5500324,0.0,0.0,0.0,0.0,26.829739999999997,0.0,0.22086667
2023-04-12 05:45:00+02:00,0.0,0.2180666666666666,0.0,0.0,0.0,0.0,0.49190959,0.0,0.0,0.0,0.0,26.829739999999997,0.0,0.21806667
2023-04-12 06:00:00+02:00,0.0,0.2752666666666666,0.0,0.0,0.0,0.0,0.43452363,0.0,0.0,0.0,0.0,20.37637,0.0,0.27526667
2023-04-12 06:15:00+02:00,0.0,0.3192,0.0,0.0,0.0,0.0,0.36208503,0.0,0.0,0.0,0.0,20.37637,0.0,0.3192
2023-04-12 06:30:00+02:00,0.0,0.4710666666666667,0.0313258234203233,0.0,0.031325823,0.031325823,0.27808503,0.0,0.0,0.0,0.0,20.37637,0.0,0.43974084
2023-04-12 06:45:00+02:00,0.0,0.7363999999999999,0.13658900687111,0.0,0.13658901,0.13658901,0.16236376,0.0,0.0,0.0,0.0,20.37637,0.0,0.59981099
2023-04-12 07:00:00+02:00,0.0,0.2971999999999999,0.2800287209084135,0.0,0.28002872,0.28002872,0.0045187577,0.0,0.0,0.0,0.0,20.37637,0.0,0.017171279
2023-04-12 07:15:00+02:00,0.0,0.3398,0.4496731180591249,0.0,0.44967312,0.3398,0.0,0.10987312,0.0,0.10987312,0.0,20.37637,0.0,0.0
2023-04-12 07:30:00+02:00,0.0,0.1664,0.8075324971035771,0.6411325,0.1664,0.1664,0.0,0.0,0.0,0.0,0.0,20.37637,0.0,0.0
2023-04-12 07:45:00+02:00,0.0,0.2168666666666666,0.9873701232457284,0.0,0.98737012,0.21686667,0.0,0.77050346,0.0,0.77050346,0.0,20.37637,0.0,0.0
2023-04-12 08:00:00+02:00,0.0,0.2407333333333333,0.9832271977646256,0.74249386,0.24073333,0.24073333,0.0,0.0,0.0,0.0,0.0,20.37637,0.0,0.0
2023-04-12 08:15:00+02:00,0.0,0.1988666666666666,1.2942194474541164,0.0,1.2942194,0.19886667,0.0,1.0953528,0.0,1.0953528,0.0,20.37637,0.0,0.0
2023-04-12 08:30:00+02:00,0.0,0.1672666666666666,1.9533043268914043,0.0,1.9533043,0.16726667,0.0,1.7860377,0.0,1.7860377,0.0,20.37637,0.0,0.0
2023-04-12 08:45:00+02:00,0.0,0.1301333333333333,3.057693801895694,0.0,3.0576938,0.13013333,0.0,2.9275605,0.0,2.9275605,0.0,20.37637,0.0,0.0
2023-04-12 09:00:00+02:00,0.0,0.1788666666666666,2.1682482362153337,1.9893816,0.17886667,0.17886667,0.0,0.0,0.0,0.0,0.0,20.37637,0.0,0.0
2023-04-12 09:15:00+02:00,0.0,0.1354,3.1612421228985244,0.0,3.1612421,0.1354,0.0,3.0258421,0.0,3.0258421,0.0,20.37637,0.0,0.0
2023-04-12 09:30:00+02:00,0.0,0.2060666666666666,3.64852719901565,3.4424605,0.20606667,0.20606667,0.0,0.0,0.0,0.0,0.0,20.37637,0.0,0.0
2023-04-12 09:45:00+02:00,0.0,0.1408,2.286663438329209,0.0,2.2866634,0.1408,0.0,2.1458634,0.0,2.1458634,0.0,20.37637,0.0,0.0
2023-04-12 10:00:00+02:00,0.0,0.1452,2.556618788577199,0.0,2.5566188,0.1452,0.0,2.4114188,0.0,2.4114188,0.0,20.37637,0.0,0.0
2023-04-12 10:15:00+02:00,0.0,0.1496666666666666,1.599293866388002,1.4496272,0.14966667,0.14966667,0.0,0.0,0.0,0.0,0.0,20.37637,0.0,0.0
2023-04-12 10:30:00+02:00,0.0,0.1801333333333333,1.3045360188921251,0.0,1.304536,0.18013333,0.0,1.1244027,0.0,1.1244027,0.0,20.37637,0.0,0.0
2023-04-12 10:45:00+02:00,0.0,0.2270666666666666,1.4493793700542934,1.2223127,0.22706667,0.22706667,0.0,0.0,0.0,0.0,0.0,20.37637,0.0,0.0
2023-04-12 11:00:00+02:00,0.0,0.2172666666666667,1.762055743460106,0.0,1.7620557,0.21726667,0.0,1.5447891,0.0,1.5447891,0.0,20.37637,0.0,0.0
2023-04-12 11:15:00+02:00,0.0,0.37,2.4386037509166907,0.0,2.4386038,0.37,0.0,2.0686038,0.0,2.0686038,0.0,20.37637,0.0,0.0
2023-04-12 11:30:00+02:00,0.0,0.9634,2.3755428892623023,0.0,2.3755429,0.9634,0.0,1.4121429,0.0,1.4121429,0.0,20.37637,0.0,0.0
2023-04-12 11:45:00+02:00,0.0,0.4282666666666666,2.480369643468169,2.052103,0.42826667,0.42826667,0.0,0.0,0.0,0.0,0.0,20.37637,0.0,0.0
2023-04-12 12:00:00+02:00,0.0,0.2835333333333333,2.549226877674338,2.2656935,0.28353333,0.28353333,0.0,0.0,0.0,0.0,0.0,20.37637,0.0,0.0
2023-04-12 12:15:00+02:00,0.0,0.4628666666666666,2.910019264630514,0.0,2.9100193,0.46286667,0.0,2.4471526,0.0,2.4471526,0.0,20.37637,0.0,0.0
2023-04-12 12:30:00+02:00,0.0,0.5189333333333332,3.624509674394195,0.0,3.6245097,0.51893333,0.0,3.1055763,0.0,3.1055763,0.0,20.37637,0.0,0.0
2023-04-12 12:45:00+02:00,0.0,0.4258,4.269764936181967,0.0,4.2697649,0.4258,0.0,3.8439649,0.0,3.8439649,0.0,20.37637,0.0,0.0
2023-04-12 13:00:00+02:00,0.0,0.5004,7.553680655048925,0.0,7.5536807,0.5004,0.0,7.0532807,0.0,7.0532807,0.0,20.37637,0.0,0.0
2023-04-12 13:15:00+02:00,0.0,1.408,7.460865525915791,0.49152023,6.9693453,1.408,0.0,5.5613453,0.0,5.5613453,0.0,20.37637,0.0,0.0
2023-04-12 13:30:00+02:00,0.0,1.7038,8.040894518552319,6.3370945,1.7038,1.7038,0.0,0.0,0.0,0.0,0.0,20.37637,0.0,0.0
2023-04-12 13:45:00+02:00,0.0,0.5038,7.794303143704517,0.0,7.7943031,0.5038,0.0,7.2905031,0.0,7.2905031,0.0,20.37637,0.0,0.0
2023-04-12 14:00:00+02:00,0.0,0.5141333333333333,7.50467669066761,0.0,7.5046767,0.51413333,0.0,6.9905434,0.0,6.9905434,0.0,20.37637,0.0,0.0
2023-04-12 14:15:00+02:00,0.0,0.6000666666666667,7.267025880736356,0.0,7.2670259,0.60006667,0.0,6.6669592,0.0,6.6669592,0.0,20.37637,0.0,0.0
2023-04-12 14:30:00+02:00,0.0,0.6998,7.0990195819263,0.0,7.0990196,0.6998,0.0,6.3992196,0.0,6.3992196,0.0,20.37637,0.0,0.0
2023-04-12 14:45:00+02:00,0.0,0.4002666666666666,6.758388120193845,1.6522946,5.1060935,0.40026667,0.0,0.0,0.0,0.0,4.7058268,20.37637,4.7058268,0.0
2023-04-12 15:00:00+02:00,0.0,0.7726000000000001,6.441111440905493,0.0,6.4411114,0.7726,1.1176339,0.66851144,0.0,0.66851144,5.0,20.37637,5.0,0.0
2023-04-12 15:15:00+02:00,0.0,0.6784,6.0214952116437175,0.0,6.0214952,0.6784,2.3051339,0.34309521,0.0,0.34309521,5.0,20.37637,5.0,0.0
2023-04-12 15:30:00+02:00,0.0,0.7785333333333333,5.37625672064832,0.0,5.3762567,0.77853333,3.4926339,0.0,0.0,0.0,4.5977234,20.37637,4.5977234,0.0
2023-04-12 15:45:00+02:00,0.0,0.8366,4.752167734436492,0.0,4.7521677,0.8366,4.5845932,0.0,0.0,0.0,3.9155677,20.37637,3.9155677,0.0
2023-04-12 16:00:00+02:00,0.0,0.5102,4.1769963953655145,0.0,4.1769964,0.5102,5.5145405,0.0,0.0,0.0,3.6667964,20.37637,3.6667964,0.0
2023-04-12 16:15:00+02:00,0.0,0.7492666666666666,3.525499748615713,0.0,3.5254997,0.74926667,6.3854047,0.0,0.0,0.0,2.7762331,20.37637,2.7762331,0.0
2023-04-12 16:30:00+02:00,0.0,0.6998666666666666,2.88017079277658,0.0,2.8801708,0.69986667,7.04476,0.0,0.0,0.0,2.1803041,20.37637,2.1803041,0.0
2023-04-12 16:45:00+02:00,0.0,0.5204666666666667,2.118907086262807,0.0,2.1189071,0.52046667,7.5625822,0.0,0.0,0.0,1.5984404,20.37637,1.5984404,0.0
2023-04-12 17:00:00+02:00,0.0,0.7455333333333333,1.3819828111857682,0.0,1.3819828,0.74553333,7.9422118,0.0,0.0,0.0,0.63644948,20.37637,0.63644948,0.0
2023-04-12 17:15:00+02:00,0.0,0.5313333333333333,0.6632589174684115,0.0,0.66325892,0.53133333,8.0933686,0.0,0.0,0.0,0.13192558,20.37637,0.13192558,0.0
2023-04-12 17:30:00+02:00,0.0,0.345,0.4246819711174281,0.0,0.42468197,0.345,8.1247009,0.0,0.0,0.0,0.079681971,20.37637,0.079681971,0.0
2023-04-12 17:45:00+02:00,0.0,0.3756666666666667,0.1995588306810476,0.0,0.19955883,0.19955883,8.1436254,0.0,0.0,0.0,0.0,20.37637,0.0,0.17610784
2023-04-12 18:00:00+02:00,0.0,0.4266,0.0,0.0,0.0,0.0,8.0972812,0.0,0.0,0.0,0.0,20.37637,0.0,0.4266
2023-04-12 18:15:00+02:00,0.0,0.3586666666666667,0.0,0.0,0.0,0.0,7.9850181,0.0,0.0,0.0,0.0,20.37637,0.0,0.35866667
2023-04-12 18:30:00+02:00,0.0,0.6511333333333333,0.0,0.0,0.0,0.0,7.8906321,0.0,0.0,0.0,0.0,20.37637,0.0,0.65113333
2023-04-12 18:45:00+02:00,0.0,1.1521333333333337,0.0,0.0,0.0,0.0,7.7192812,0.0,0.0,0.0,0.0,20.37637,0.0,1.1521333
2023-04-12 19:00:00+02:00,0.0,0.7281333333333333,0.0,0.0,0.0,0.0,7.4160882,0.0,0.0,0.0,0.0,20.37637,0.0,0.72813333
2023-04-12 19:15:00+02:00,0.0,0.4108,0.0,0.0,0.0,0.0,7.2244742,0.0,0.0,0.0,0.0,20.37637,0.0,0.4108
2023-04-12 19:30:00+02:00,0.0,0.5266000000000001,0.0,0.0,0.0,0.0,7.1163689,0.0,0.0,0.0,0.0,20.37637,0.0,0.5266
2023-04-12 19:45:00+02:00,0.0,0.5535333333333333,0.0,0.0,0.0,0.0,6.97779,0.0,0.0,0.0,0.0,20.37637,0.0,0.55353333
2023-04-12 20:00:00+02:00,0.0,0.6717333333333333,0.0,0.0,0.0,0.0,6.8321233,0.0,0.0,0.0,0.0,19.120919999999998,0.0,0.67173333
2023-04-12 20:15:00+02:00,0.0,0.6311333333333333,0.0,0.0,0.0,0.0,6.6553514,0.0,0.0,0.0,0.0,19.120919999999998,0.0,0.63113333
2023-04-12 20:30:00+02:00,0.0,0.7544,0.0,0.0,0.0,0.0,6.4892637,0.0,0.0,0.0,0.0,19.120919999999998,0.0,0.7544
2023-04-12 20:45:00+02:00,0.0,0.9724666666666668,0.0,0.0,0.0,0.0,6.2907374,0.0,0.0,0.0,0.0,19.120919999999998,0.0,0.97246667
2023-04-12 21:00:00+02:00,0.0,0.3092,0.0,0.0,0.0,0.0,6.0348251,0.0,0.0,0.0,0.0,19.120919999999998,0.0,0.3092
2023-04-12 21:15:00+02:00,0.0,0.5683333333333334,0.0,0.0,0.0,0.0,5.9534567,0.0,0.0,0.0,0.0,19.120919999999998,0.0,0.56833333
2023-04-12 21:30:00+02:00,0.0,0.4396666666666667,0.0,0.0,0.0,0.0,5.8038953,0.0,0.0,0.0,0.0,19.120919999999998,0.0,0.43966667
2023-04-12 21:45:00+02:00,0.0,0.4052,0.0,0.0,0.0,0.0,5.6881935,0.0,0.0,0.0,0.0,19.120919999999998,0.0,0.4052
2023-04-12 22:00:00+02:00,0.0,0.5871333333333333,0.0,0.0,0.0,0.0,5.5815619,0.0,0.0,0.0,0.0,19.120919999999998,0.0,0.58713333
2023-04-12 22:15:00+02:00,0.0,1.7521333333333335,0.0,0.0,0.0,0.0,5.4270532,0.0,0.0,0.0,0.0,19.120919999999998,0.0,1.7521333
2023-04-12 22:30:00+02:00,0.0,0.8478,0.0,0.0,0.0,0.0,4.9659654,0.0,0.0,0.0,0.0,19.120919999999998,0.0,0.8478
2023-04-12 22:45:00+02:00,0.0,0.8074,0.0,0.0,0.0,0.0,4.7428602,0.0,0.0,0.0,0.0,19.120919999999998,0.0,0.8074
2023-04-12 23:00:00+02:00,0.0,0.7183333333333334,0.0,0.0,0.0,0.0,4.5303865,0.0,0.0,0.0,0.0,19.120919999999998,0.0,0.71833333
2023-04-12 23:15:00+02:00,0.0,0.5778,0.0,0.0,0.0,0.0,4.3413514,0.0,0.0,0.0,0.0,19.120919999999998,0.0,0.5778
2023-04-12 23:30:00+02:00,0.0,0.6357999999999999,0.0,0.0,0.0,0.0,4.1892988,0.0,0.0,0.0,0.0,19.120919999999998,0.0,0.6358
2023-04-12 23:45:00+02:00,0.0,0.6167333333333334,0.0,0.0,0.0,0.0,4.021983,0.0,0.0,0.0,0.0,19.120919999999998,0.0,0.61673333
2023-04-13 00:00:00+02:00,0.0,0.6058666666666667,0.0,0.0,0.0,0.0,3.8596847,0.0,0.0,0.0,0.0,19.120919999999998,0.0,0.60586667
2023-04-13 00:15:00+02:00,0.0,0.5499333333333333,0.0,0.0,0.0,0.0,3.7002461,0.0,0.0,0.0,0.0,19.120919999999998,0.0,0.54993333
2023-04-13 00:30:00+02:00,0.0,0.4823333333333333,0.0,0.0,0.0,0.0,3.5555268,0.0,0.0,0.0,0.0,19.120919999999998,0.0,0.48233333
2023-04-13 00:45:00+02:00,0.0,0.4759333333333333,0.0,0.0,0.0,0.0,3.428597,0.0,0.0,0.0,0.0,19.120919999999998,0.0,0.47593333
2023-04-13 01:00:00+02:00,0.0,0.3806,0.0,0.0,0.0,0.0,3.3033514,0.0,0.0,0.0,0.0,19.120919999999998,0.0,0.3806
2023-04-13 01:15:00+02:00,0.0,0.3673333333333333,0.0,0.0,0.0,0.0,3.2031935,0.0,0.0,0.0,0.0,19.120919999999998,0.0,0.36733333
2023-04-13 01:30:00+02:00,0.0,0.2656,0.0,0.0,0.0,0.0,3.1065268,0.0,0.0,0.0,0.0,19.120919999999998,0.0,0.2656
2023-04-13 01:45:00+02:00,0.0,0.2892666666666666,0.0,0.0,0.0,0.0,3.0366321,0.0,0.0,0.0,0.0,19.120919999999998,0.0,0.28926667
2023-04-13 02:00:00+02:00,0.0,0.2995333333333334,0.0,0.0,0.0,0.0,2.9605093,0.0,0.0,0.0,0.0,19.120919999999998,0.0,0.29953333
2023-04-13 02:15:00+02:00,0.0,0.3245333333333333,0.0,0.0,0.0,0.0,2.8816847,0.0,0.0,0.0,0.0,19.120919999999998,0.0,0.32453333
2023-04-13 02:30:00+02:00,0.0,0.3748,0.0,0.0,0.0,0.0,2.7962812,0.0,0.0,0.0,0.0,19.120919999999998,0.0,0.3748
2023-04-13 02:45:00+02:00,0.0,0.4556,0.0,0.0,0.0,0.0,2.6976496,0.0,0.0,0.0,0.0,19.120919999999998,0.0,0.4556
2023-04-13 03:00:00+02:00,0.0,0.3028,0.0,0.0,0.0,0.0,2.5777549,0.0,0.0,0.0,0.0,19.120919999999998,0.0,0.3028
2023-04-13 03:15:00+02:00,0.0,0.2721333333333333,0.0,0.0,0.0,0.0,2.4980707,0.0,0.0,0.0,0.0,19.120919999999998,0.0,0.27213333
2023-04-13 03:30:00+02:00,0.0,0.3135333333333334,0.0,0.0,0.0,0.0,2.4264567,0.0,0.0,0.0,0.0,19.120919999999998,0.0,0.31353333
2023-04-13 03:45:00+02:00,0.0,0.286,0.0,0.0,0.0,0.0,2.3439479,0.0,0.0,0.0,0.0,19.120919999999998,0.0,0.286
2023-04-13 04:00:00+02:00,0.0,0.4942666666666666,0.0,0.0,0.0,0.0,2.2686847,0.0,0.0,0.0,0.0,19.120919999999998,0.0,0.49426667
2023-04-13 04:15:00+02:00,0.0,1.4150666666666667,0.0,0.0,0.0,0.0,2.1386146,0.0,0.0,0.0,0.0,19.120919999999998,0.0,1.4150667
2023-04-13 04:30:00+02:00,0.0,2.3750666666666667,0.0,0.0,0.0,0.0,1.7662286,0.0,0.0,0.0,0.0,19.120919999999998,0.0,2.3750667
2023-04-13 04:45:00+02:00,0.0,1.4258,0.0,0.0,0.0,0.0,1.141211,0.0,0.0,0.0,0.0,19.120919999999998,0.0,1.4258
2023-04-13 05:00:00+02:00,0.0,0.4420666666666666,0.0,0.0,0.0,0.0,0.76600052,0.0,0.0,0.0,0.0,19.120919999999998,0.0,0.44206667
2023-04-13 05:15:00+02:00,0.0,0.1475333333333333,0.0,0.0,0.0,0.0,0.64966719,0.0,0.0,0.0,0.0,19.120919999999998,0.0,0.14753333
2023-04-13 05:30:00+02:00,0.0,0.1570666666666666,0.0,0.0,0.0,0.0,0.61084263,0.0,0.0,0.0,0.0,19.120919999999998,0.0,0.15706667
2023-04-13 05:45:00+02:00,0.0,0.2001333333333333,0.0,0.0,0.0,0.0,0.56950929,0.0,0.0,0.0,0.0,19.120919999999998,0.0,0.20013333
2023-04-13 06:00:00+02:00,0.0,0.4685333333333333,0.0,0.0,0.0,0.0,0.51684263,0.0,0.0,0.0,0.0,25.43149,0.0,0.46853333
2023-04-13 06:15:00+02:00,0.0,0.5612,0.0001577894901552,0.0,0.00015778949,0.00015778949,0.39354438,0.0,0.0,0.0,0.0,25.43149,0.0,0.56104221
2023-04-13 06:30:00+02:00,0.0,1.0503333333333331,0.1159068977499756,0.0,0.1159069,0.1159069,0.24590169,0.0,0.0,0.0,0.0,25.43149,0.0,0.93442644
2023-04-13 06:45:00+02:00,0.0,0.4950666666666666,0.5225463059651174,0.0,0.52254631,0.49506667,0.0,0.027479639,0.0,0.027479639,0.0,25.43149,0.0,0.0
2023-04-13 07:00:00+02:00,0.0,0.3712666666666666,0.9507893505336322,0.57952268,0.37126667,0.37126667,0.0,0.0,0.0,0.0,0.0,25.43149,0.0,0.0
2023-04-13 07:15:00+02:00,0.0,0.2599333333333333,1.4036470858192285,0.0,1.4036471,0.25993333,0.0,1.1437138,0.0,1.1437138,0.0,25.43149,0.0,0.0
2023-04-13 07:30:00+02:00,0.0,0.1785333333333333,1.955993583922996,0.0,1.9559936,0.17853333,0.0,1.7774603,0.0,1.7774603,0.0,25.43149,0.0,0.0
2023-04-13 07:45:00+02:00,0.0,0.1900666666666666,2.538594535606968,0.0,2.5385945,0.19006667,0.0,2.3485279,0.0,2.3485279,0.0,25.43149,0.0,0.0
2023-04-13 08:00:00+02:00,0.0,0.1825999999999999,3.208640598416823,3.0260406,0.1826,0.1826,0.0,0.0,0.0,0.0,0.0,25.43149,0.0,0.0
2023-04-13 08:15:00+02:00,0.0,0.1402666666666666,3.872327429455658,0.0,3.8723274,0.14026667,0.0,3.7320608,0.0,3.7320608,0.0,25.43149,0.0,0.0
2023-04-13 08:30:00+02:00,0.0,0.1548,3.0909716899963366,2.9361717,0.1548,0.1548,0.0,0.0,0.0,0.0,0.0,25.43149,0.0,0.0
2023-04-13 08:45:00+02:00,0.0,0.1398666666666666,4.588696274710974,4.4488296,0.13986667,0.13986667,0.0,0.0,0.0,0.0,0.0,25.43149,0.0,0.0
2023-04-13 09:00:00+02:00,0.0,0.7460666666666668,5.107289216362188,4.3612225,0.74606667,0.74606667,0.0,0.0,0.0,0.0,0.0,25.43149,0.0,0.0
2023-04-13 09:15:00+02:00,0.0,2.7362,5.5450173372469385,2.8088173,2.7362,2.7362,0.0,0.0,0.0,0.0,0.0,25.43149,0.0,0.0
2023-04-13 09:30:00+02:00,0.0,1.1648,5.954389454043805,4.7895895,1.1648,1.1648,0.0,0.0,0.0,0.0,0.0,25.43149,0.0,0.0
2023-04-13 09:45:00+02:00,0.0,0.4894666666666666,6.150932868189479,5.6614662,0.48946667,0.48946667,0.0,0.0,0.0,0.0,0.0,25.43149,0.0,0.0
2023-04-13 10:00:00+02:00,0.0,0.333,6.652338676410384,6.3193387,0.333,0.333,0.0,0.0,0.0,0.0,0.0,25.43149,0.0,0.0
2023-04-13 10:15:00+02:00,0.0,0.3675333333333334,6.965153771646151,6.5976204,0.36753333,0.36753333,0.0,0.0,0.0,0.0,0.0,25.43149,0.0,0.0
2023-04-13 10:30:00+02:00,0.0,0.4573333333333333,7.235855671433543,6.7785223,0.45733333,0.45733333,0.0,0.0,0.0,0.0,0.0,25.43149,0.0,0.0
2023-04-13 10:45:00+02:00,0.0,0.2766666666666666,7.444359634351614,7.167693,0.27666667,0.27666667,0.0,0.0,0.0,0.0,0.0,25.43149,0.0,0.0
2023-04-13 11:00:00+02:00,0.0,0.3971333333333333,7.734412707486735,7.3372794,0.39713333,0.39713333,0.0,0.0,0.0,0.0,0.0,25.43149,0.0,0.0
2023-04-13 11:15:00+02:00,0.0,0.3364666666666666,7.313453980743494,6.9769873,0.33646667,0.33646667,0.0,0.0,0.0,0.0,0.0,25.43149,0.0,0.0
2023-04-13 11:30:00+02:00,0.0,0.4532,7.572471458772704,7.1192715,0.4532,0.4532,0.0,0.0,0.0,0.0,0.0,25.43149,0.0,0.0
2023-04-13 11:45:00+02:00,0.0,0.4216666666666667,8.481929912644246,8.0602632,0.42166667,0.42166667,0.0,0.0,0.0,0.0,0.0,25.43149,0.0,0.0
2023-04-13 12:00:00+02:00,0.0,0.4552,6.013667605047186,5.5584676,0.4552,0.4552,0.0,0.0,0.0,0.0,0.0,25.43149,0.0,0.0
2023-04-13 12:15:00+02:00,0.0,0.5344,7.462702070041469,6.9283021,0.5344,0.5344,0.0,0.0,0.0,0.0,0.0,25.43149,0.0,0.0
2023-04-13 12:30:00+02:00,0.0,0.5187999999999999,7.134336289381945,2.4850372,4.6492991,0.5188,0.0,0.0,0.0,0.0,4.1304991,25.43149,4.1304991,0.0
2023-04-13 12:45:00+02:00,0.0,0.4944666666666666,8.32485985745974,2.8303932,5.4944667,0.49446667,0.98099353,0.0,0.0,0.0,5.0,25.43149,5.0,0.0
2023-04-13 13:00:00+02:00,0.0,0.5869333333333333,5.558014713494281,0.0,5.5580147,0.58693333,2.1684935,0.0,0.0,0.0,4.9710814,25.43149,4.9710814,0.0
2023-04-13 13:15:00+02:00,0.0,0.6673333333333333,2.230591904169964,0.0,2.2305919,0.66733333,3.3491254,0.0,0.0,0.0,1.5632586,25.43149,1.5632586,0.0
2023-04-13 13:30:00+02:00,0.0,1.6316,2.482676442910912,0.0,2.4826764,1.6316,3.7203993,0.0,0.0,0.0,0.85107644,25.43149,0.85107644,0.0
2023-04-13 13:45:00+02:00,0.0,0.8150666666666667,1.432020128652559,0.0,1.4320201,0.81506667,3.9225299,0.0,0.0,0.0,0.61695346,25.43149,0.61695346,0.0
2023-04-13 14:00:00+02:00,0.0,0.4935333333333334,1.6060469812687188,0.0,1.606047,0.49353333,4.0690564,0.0,0.0,0.0,1.1125136,25.43149,1.1125136,0.0
2023-04-13 14:15:00+02:00,0.0,1.0086,2.165643036211671,0.0,2.165643,1.0086,4.3332784,0.0,0.0,0.0,1.157043,25.43149,1.157043,0.0
2023-04-13 14:30:00+02:00,0.0,3.4673333333333334,4.652090493494681,0.0,4.6520905,3.4673333,4.6080761,0.0,0.0,0.0,1.1847572,25.43149,1.1847572,0.0
2023-04-13 14:45:00+02:00,0.0,1.1052666666666666,7.539632710322064,1.434366,6.1052667,1.1052667,4.8894559,0.0,0.0,0.0,5.0,25.43149,5.0,0.0
2023-04-13 15:00:00+02:00,0.0,0.572,6.9154271394297,1.3434271,5.572,0.572,6.0769559,0.0,0.0,0.0,5.0,25.43149,5.0,0.0
2023-04-13 15:15:00+02:00,0.0,0.7282666666666666,5.8337658252560605,0.10549916,5.7282667,0.72826667,7.2644559,0.0,0.0,0.0,5.0,25.43149,5.0,0.0
2023-04-13 15:30:00+02:00,0.0,0.413,3.502823459507391,0.0,3.5028235,0.413,8.4519559,0.0,0.0,0.0,3.0898235,25.43149,3.0898235,0.0
2023-04-13 15:45:00+02:00,0.0,0.5755333333333333,3.194073164399736,0.0,3.1940732,0.57553333,9.185789,0.0,0.0,0.0,2.6185398,25.43149,2.6185398,0.0
2023-04-13 16:00:00+02:00,0.0,0.6503333333333333,1.4600504231651723,0.0,1.4600504,0.65033333,9.8076922,0.0,0.0,0.0,0.80971709,25.43149,0.80971709,0.0
2023-04-13 16:15:00+02:00,0.0,1.0780666666666665,0.5725837832747805,0.0,0.57258378,0.57258378,10.0,0.0,0.0,0.0,0.0,25.43149,0.0,0.50548288
2023-04-13 16:30:00+02:00,0.0,2.4289333333333336,0.4582209930330308,0.0,0.45822099,0.45822099,9.8669782,0.0,0.0,0.0,0.0,25.43149,0.0,1.9707123
2023-04-13 16:45:00+02:00,0.0,0.9977333333333334,0.4570215742599209,0.0,0.45702157,0.45702157,9.3483697,0.0,0.0,0.0,0.0,25.43149,0.0,0.54071176
2023-04-13 17:00:00+02:00,0.0,2.0600666666666667,0.2467390066435526,0.0,0.24673901,0.24673901,9.2060771,0.0,0.0,0.0,0.0,25.43149,0.0,1.8133277
2023-04-13 17:15:00+02:00,0.39691653,5.603666666666667,0.2067501399875794,0.0,0.20675014,0.20675014,8.7288856,0.0,0.0,0.0,0.0,25.43149,0.0,5.0
2023-04-13 17:30:00+02:00,0.0,0.6127999999999999,0.3301264094547845,0.0,0.33012641,0.33012641,7.4130961,0.0,0.0,0.0,0.0,25.43149,0.0,0.28267359
2023-04-13 17:45:00+02:00,0.0,0.7295333333333333,0.0,0.0,0.0,0.0,7.3387084,0.0,0.0,0.0,0.0,25.43149,0.0,0.72953333
2023-04-13 18:00:00+02:00,0.0,0.6174,0.0,0.0,0.0,0.0,7.1467259,0.0,0.0,0.0,0.0,25.43149,0.0,0.6174
2023-04-13 18:15:00+02:00,0.0,0.7888666666666667,0.0,0.0,0.0,0.0,6.9842522,0.0,0.0,0.0,0.0,25.43149,0.0,0.78886667
2023-04-13 18:30:00+02:00,0.0,1.4984000000000002,0.0,0.0,0.0,0.0,6.7766557,0.0,0.0,0.0,0.0,25.43149,0.0,1.4984
2023-04-13 18:45:00+02:00,0.0,0.5292,0.0,0.0,0.0,0.0,6.3823399,0.0,0.0,0.0,0.0,25.43149,0.0,0.5292
2023-04-13 19:00:00+02:00,0.0,0.4096,0.0,0.0,0.0,0.0,6.2430768,0.0,0.0,0.0,0.0,25.43149,0.0,0.4096
2023-04-13 19:15:00+02:00,0.0,0.4196666666666667,0.0,0.0,0.0,0.0,6.1352873,0.0,0.0,0.0,0.0,25.43149,0.0,0.41966667
2023-04-13 19:30:00+02:00,0.0,0.4703333333333333,0.0,0.0,0.0,0.0,6.0248487,0.0,0.0,0.0,0.0,25.43149,0.0,0.47033333
2023-04-13 19:45:00+02:00,0.0,0.3368666666666666,0.0,0.0,0.0,0.0,5.9010768,0.0,0.0,0.0,0.0,25.43149,0.0,0.33686667
2023-04-13 20:00:00+02:00,0.2995923,0.3637333333333333,0.0,0.0,0.0,0.0,5.8124277,0.0,0.0,0.0,0.0,17.96067,0.0,0.064141034
2023-04-13 20:15:00+02:00,0.6094,0.6093999999999999,0.0,0.0,0.0,0.0,5.7955484,0.0,0.0,0.0,0.0,17.96067,0.0,0.0
2023-04-13 20:30:00+02:00,1.3390667,1.3390666666666666,0.0,0.0,0.0,0.0,5.7955484,0.0,0.0,0.0,0.0,17.96067,0.0,0.0
2023-04-13 20:45:00+02:00,0.4822,0.4821999999999999,0.0,0.0,0.0,0.0,5.7955484,0.0,0.0,0.0,0.0,17.96067,0.0,0.0
2023-04-13 21:00:00+02:00,0.4432,0.4432,0.0,0.0,0.0,0.0,5.7955484,0.0,0.0,0.0,0.0,17.96067,0.0,0.0
2023-04-13 21:15:00+02:00,0.4496,0.4496,0.0,0.0,0.0,0.0,5.7955484,0.0,0.0,0.0,0.0,17.96067,0.0,0.0
2023-04-13 21:30:00+02:00,0.44346667,0.4434666666666666,0.0,0.0,0.0,0.0,5.7955484,0.0,0.0,0.0,0.0,17.96067,0.0,0.0
2023-04-13 21:45:00+02:00,0.4864,0.4864,0.0,0.0,0.0,0.0,5.7955484,0.0,0.0,0.0,0.0,17.96067,0.0,0.0
2023-04-13 22:00:00+02:00,0.63826667,0.6382666666666666,0.0,0.0,0.0,0.0,5.7955484,0.0,0.0,0.0,0.0,17.96067,0.0,0.0
2023-04-13 22:15:00+02:00,0.74266667,0.7426666666666666,0.0,0.0,0.0,0.0,5.7955484,0.0,0.0,0.0,0.0,17.96067,0.0,0.0
2023-04-13 22:30:00+02:00,0.803,0.803,0.0,0.0,0.0,0.0,5.7955484,0.0,0.0,0.0,0.0,17.96067,0.0,0.0
2023-04-13 22:45:00+02:00,0.581,0.581,0.0,0.0,0.0,0.0,5.7955484,0.0,0.0,0.0,0.0,17.96067,0.0,0.0
2023-04-13 23:00:00+02:00,0.28766667,0.2876666666666667,0.0,0.0,0.0,0.0,5.7955484,0.0,0.0,0.0,0.0,17.96067,0.0,0.0
2023-04-13 23:15:00+02:00,0.249,0.249,0.0,0.0,0.0,0.0,5.7955484,0.0,0.0,0.0,0.0,17.96067,0.0,0.0
2023-04-13 23:30:00+02:00,0.29113333,0.2911333333333333,0.0,0.0,0.0,0.0,5.7955484,0.0,0.0,0.0,0.0,17.96067,0.0,0.0
2023-04-13 23:45:00+02:00,0.27266667,0.2726666666666666,0.0,0.0,0.0,0.0,5.7955484,0.0,0.0,0.0,0.0,17.96067,0.0,0.0
2023-04-14 00:00:00+02:00,0.25006667,0.2500666666666666,0.0,0.0,0.0,0.0,5.7955484,0.0,0.0,0.0,0.0,17.96067,0.0,0.0
2023-04-14 00:15:00+02:00,0.38333333,0.3833333333333333,0.0,0.0,0.0,0.0,5.7955484,0.0,0.0,0.0,0.0,17.96067,0.0,0.0
2023-04-14 00:30:00+02:00,0.3644,0.3644,0.0,0.0,0.0,0.0,5.7955484,0.0,0.0,0.0,0.0,17.96067,0.0,0.0
2023-04-14 00:45:00+02:00,0.28266667,0.2826666666666667,0.0,0.0,0.0,0.0,5.7955484,0.0,0.0,0.0,0.0,17.96067,0.0,0.0
2023-04-14 01:00:00+02:00,0.3214,0.3213999999999999,0.0,0.0,0.0,0.0,5.7955484,0.0,0.0,0.0,0.0,17.96067,0.0,0.0
2023-04-14 01:15:00+02:00,0.42433333,0.4243333333333333,0.0,0.0,0.0,0.0,5.7955484,0.0,0.0,0.0,0.0,17.96067,0.0,0.0
2023-04-14 01:30:00+02:00,0.31293333,0.3129333333333333,0.0,0.0,0.0,0.0,5.7955484,0.0,0.0,0.0,0.0,17.96067,0.0,0.0
2023-04-14 01:45:00+02:00,0.31073333,0.3107333333333333,0.0,0.0,0.0,0.0,5.7955484,0.0,0.0,0.0,0.0,17.96067,0.0,0.0
2023-04-14 02:00:00+02:00,0.38466667,0.3846666666666667,0.0,0.0,0.0,0.0,5.7955484,0.0,0.0,0.0,0.0,17.96067,0.0,0.0
2023-04-14 02:15:00+02:00,0.32946667,0.3294666666666666,0.0,0.0,0.0,0.0,5.7955484,0.0,0.0,0.0,0.0,17.96067,0.0,0.0
2023-04-14 02:30:00+02:00,0.403,0.403,0.0,0.0,0.0,0.0,5.7955484,0.0,0.0,0.0,0.0,17.96067,0.0,0.0
2023-04-14 02:45:00+02:00,0.2752,0.2752,0.0,0.0,0.0,0.0,5.7955484,0.0,0.0,0.0,0.0,17.96067,0.0,0.0
2023-04-14 03:00:00+02:00,0.17533333,0.1753333333333333,0.0,0.0,0.0,0.0,5.7955484,0.0,0.0,0.0,0.0,17.96067,0.0,0.0
2023-04-14 03:15:00+02:00,0.23533333,0.2353333333333333,0.0,0.0,0.0,0.0,5.7955484,0.0,0.0,0.0,0.0,17.96067,0.0,0.0
2023-04-14 03:30:00+02:00,0.1912,0.1911999999999999,0.0,0.0,0.0,0.0,5.7955484,0.0,0.0,0.0,0.0,17.96067,0.0,0.0
2023-04-14 03:45:00+02:00,0.174,0.174,0.0,0.0,0.0,0.0,5.7955484,0.0,0.0,0.0,0.0,17.96067,0.0,0.0
2023-04-14 04:00:00+02:00,0.20246667,0.2024666666666666,0.0,0.0,0.0,0.0,5.7955484,0.0,0.0,0.0,0.0,17.96067,0.0,0.0
2023-04-14 04:15:00+02:00,0.26773333,0.2677333333333333,0.0,0.0,0.0,0.0,5.7955484,0.0,0.0,0.0,0.0,17.96067,0.0,0.0
2023-04-14 04:30:00+02:00,0.2688,0.2688,0.0,0.0,0.0,0.0,5.7955484,0.0,0.0,0.0,0.0,17.96067,0.0,0.0
2023-04-14 04:45:00+02:00,0.25873333,0.2587333333333333,0.0,0.0,0.0,0.0,5.7955484,0.0,0.0,0.0,0.0,17.96067,0.0,0.0
2023-04-14 05:00:00+02:00,0.20893333,0.2089333333333333,0.0,0.0,0.0,0.0,5.7955484,0.0,0.0,0.0,0.0,17.96067,0.0,0.0
2023-04-14 05:15:00+02:00,0.2492,0.2491999999999999,0.0,0.0,0.0,0.0,5.7955484,0.0,0.0,0.0,0.0,17.96067,0.0,0.0
2023-04-14 05:30:00+02:00,0.1824,0.1824,0.0,0.0,0.0,0.0,5.7955484,0.0,0.0,0.0,0.0,17.96067,0.0,0.0
2023-04-14 05:45:00+02:00,0.18713333,0.1871333333333333,0.0,0.0,0.0,0.0,5.7955484,0.0,0.0,0.0,0.0,17.96067,0.0,0.0
2023-04-14 06:00:00+02:00,0.0,0.2748666666666666,0.0,0.0,0.0,0.0,5.7955484,0.0,0.0,0.0,0.0,36.04391,0.0,0.27486667
2023-04-14 06:15:00+02:00,0.0,0.2533333333333333,0.0107665408249025,0.0,0.010766541,0.0,5.7232151,0.010766541,0.0,0.010766541,0.0,36.04391,0.0,0.25333333
2023-04-14 06:30:00+02:00,0.0,0.3522,0.1374430369886336,0.0,0.13744304,0.0,5.6565484,0.13744304,0.0,0.13744304,0.0,36.04391,0.0,0.3522
2023-04-14 06:45:00+02:00,0.0,1.3276,0.1834952851089616,0.0,0.18349529,0.0,5.5638642,0.18349529,0.0,0.18349529,0.0,36.04391,0.0,1.3276
2023-04-14 07:00:00+02:00,0.0,1.3046666666666666,0.278712832456539,0.0,0.27871283,0.0,5.2144958,0.27871283,0.0,0.27871283,0.0,36.04391,0.0,1.3046667
2023-04-14 07:15:00+02:00,0.0,0.3121333333333333,0.9868278113842436,0.0,0.98682781,0.0,4.8711625,0.98682781,0.0,0.98682781,0.0,36.04391,0.0,0.31213333
2023-04-14 07:30:00+02:00,0.0,0.315,1.3735458663038438,0.0,1.3735459,0.0,4.7890221,1.3735459,0.0,1.3735459,0.0,36.04391,0.0,0.315
2023-04-14 07:45:00+02:00,0.0,0.1964666666666666,2.4175172290072444,0.0,2.4175172,0.0,4.7061274,5.1043346,0.0,2.4175172,0.0,36.04391,0.0,2.8832841
2023-04-14 08:00:00+02:00,0.0,0.3134666666666666,2.932414493461665,0.0,2.9324145,0.0,3.9473684,7.6189478,0.0,2.9324145,0.0,36.04391,0.0,5.0
2023-04-14 08:15:00+02:00,0.0,0.2886666666666667,3.179675890437923,0.0,3.1796759,0.0,2.6315789,7.8910092,0.0,3.1796759,0.0,36.04391,0.0,5.0
2023-04-14 08:30:00+02:00,0.0,0.2362666666666666,3.5089034954002507,0.0,3.5089035,0.0,1.3157895,8.2726368,0.0,3.5089035,0.0,36.04391,0.0,5.0
2023-04-14 08:45:00+02:00,0.0,1.0205333333333333,4.41974427740942,3.3992109,1.0205333,1.0205333,0.0,0.0,0.0,0.0,0.0,36.04391,0.0,0.0
2023-04-14 09:00:00+02:00,0.0,0.7502000000000001,4.938863593173994,4.1886636,0.7502,0.7502,0.0,0.0,0.0,0.0,0.0,36.04391,0.0,0.0
2023-04-14 09:15:00+02:00,0.0,0.3722,5.326931681878207,4.9547317,0.3722,0.3722,0.0,0.0,0.0,0.0,0.0,36.04391,0.0,0.0
2023-04-14 09:30:00+02:00,0.0,0.2366666666666666,5.570032010085639,5.3333653,0.23666667,0.23666667,0.0,0.0,0.0,0.0,0.0,36.04391,0.0,0.0
2023-04-14 09:45:00+02:00,0.0,0.2956,3.7801995040862817,3.4845995,0.2956,0.2956,0.0,0.0,0.0,0.0,0.0,36.04391,0.0,0.0
2023-04-14 10:00:00+02:00,0.0,0.2422666666666666,1.6020547240046188,1.3597881,0.24226667,0.24226667,0.0,0.0,0.0,0.0,0.0,36.04391,0.0,0.0
2023-04-14 10:15:00+02:00,0.0,0.3060666666666666,1.5454182765672762,1.2393516,0.30606667,0.30606667,0.0,0.0,0.0,0.0,0.0,36.04391,0.0,0.0
2023-04-14 10:30:00+02:00,0.0,0.4235333333333334,3.5173791953981777,3.0938459,0.42353333,0.42353333,0.0,0.0,0.0,0.0,0.0,36.04391,0.0,0.0
2023-04-14 10:45:00+02:00,0.0,0.2779333333333333,3.829757925184236,3.5518246,0.27793333,0.27793333,0.0,0.0,0.0,0.0,0.0,36.04391,0.0,0.0
2023-04-14 11:00:00+02:00,0.0,0.2254,4.270725487363756,4.0453255,0.2254,0.2254,0.0,0.0,0.0,0.0,0.0,36.04391,0.0,0.0
2023-04-14 11:15:00+02:00,0.0,0.1898666666666666,3.8669638119043217,3.6770971,0.18986667,0.18986667,0.0,0.0,0.0,0.0,0.0,36.04391,0.0,0.0
2023-04-14 11:30:00+02:00,0.0,0.2660666666666667,4.330546116407104,4.0644794,0.26606667,0.26606667,0.0,0.0,0.0,0.0,0.0,36.04391,0.0,0.0
2023-04-14 11:45:00+02:00,0.0,0.2196,2.707232869846159,2.4876329,0.2196,0.2196,0.0,0.0,0.0,0.0,0.0,36.04391,0.0,0.0
2023-04-14 12:00:00+02:00,0.0,0.2178666666666666,4.231145394572351,4.0132787,0.21786667,0.21786667,0.0,0.0,0.0,0.0,0.0,36.04391,0.0,0.0
2023-04-14 12:15:00+02:00,0.0,0.8689333333333333,3.8059635708836175,2.9370302,0.86893333,0.86893333,0.0,0.0,0.0,0.0,0.0,36.04391,0.0,0.0
2023-04-14 12:30:00+02:00,0.0,1.034266666666667,5.197615636174466,4.163349,1.0342667,1.0342667,0.0,0.0,0.0,0.0,0.0,36.04391,0.0,0.0
2023-04-14 12:45:00+02:00,0.0,0.9319333333333332,5.987524886645643,5.0555916,0.93193333,0.93193333,0.0,0.0,0.0,0.0,0.0,36.04391,0.0,0.0
2023-04-14 13:00:00+02:00,0.0,1.1008,6.817330934329327,5.7165309,1.1008,1.1008,0.0,0.0,0.0,0.0,0.0,36.04391,0.0,0.0
2023-04-14 13:15:00+02:00,0.0,0.6010666666666667,7.588936056600299,6.9878694,0.60106667,0.60106667,0.0,0.0,0.0,0.0,0.0,36.04391,0.0,0.0
2023-04-14 13:30:00+02:00,0.0,0.5248666666666667,6.755076337433274,3.5503506,3.2047257,0.52486667,0.0,0.0,0.0,0.0,2.6798591,36.04391,2.6798591,0.0
2023-04-14 13:45:00+02:00,0.0,0.5305333333333333,2.831097254026082,0.0,2.8310973,0.53053333,0.63646653,0.0,0.0,0.0,2.3005639,36.04391,2.3005639,0.0
2023-04-14 14:00:00+02:00,0.0,0.7512000000000001,7.057566769589293,1.3063668,5.7512,0.7512,1.1828505,0.0,0.0,0.0,5.0,36.04391,5.0,0.0
2023-04-14 14:15:00+02:00,0.0,0.8473999999999999,7.64033834252313,1.7929383,5.8474,0.8474,2.3703505,0.0,0.0,0.0,5.0,36.04391,5.0,0.0
2023-04-14 14:30:00+02:00,0.0,1.020333333333333,4.410943404197514,0.0,4.4109434,1.0203333,3.5578505,0.0,0.0,0.0,3.3906101,36.04391,3.3906101,0.0
2023-04-14 14:45:00+02:00,0.0,2.5718,5.623835993157699,0.0,5.623836,2.5718,4.3631203,0.0,0.0,0.0,3.052036,36.04391,3.052036,0.0
2023-04-14 15:00:00+02:00,0.0,2.2492,5.797643230064653,0.0,5.7976432,2.2492,5.0879789,0.0,0.0,0.0,3.5484432,36.04391,3.5484432,0.0
2023-04-14 15:15:00+02:00,0.0,1.6543333333333332,3.547019961110726,0.0,3.54702,1.6543333,5.9307342,0.0,0.0,0.0,1.8926866,36.04391,1.8926866,0.0
2023-04-14 15:30:00+02:00,0.0,0.7077333333333333,3.6045521364701263,0.0,3.6045521,0.70773333,6.3802472,0.0,0.0,0.0,2.8968188,36.04391,2.8968188,0.0
2023-04-14 15:45:00+02:00,0.0,0.5352666666666667,5.099480489524119,0.0,5.0994805,0.53526667,7.0682417,0.0,0.0,0.0,4.5642138,36.04391,4.5642138,0.0
2023-04-14 16:00:00+02:00,0.0,0.5994666666666667,4.204356730662261,0.0,4.2043567,0.59946667,8.1522425,0.0,0.0,0.0,3.6048901,36.04391,3.6048901,0.0
2023-04-14 16:15:00+02:00,0.0,0.5544,1.9611780467383149,0.0,1.961178,0.5544,9.0084039,0.0,0.0,0.0,1.406778,36.04391,1.406778,0.0
2023-04-14 16:30:00+02:00,0.0,0.5830666666666667,2.462372968982561,0.0,2.462373,0.58306667,9.3425137,0.0,0.0,0.0,1.8793063,36.04391,1.8793063,0.0
2023-04-14 16:45:00+02:00,0.0,0.7322666666666666,1.6213238825939005,0.0,1.6213239,0.73226667,9.7888489,0.0,0.0,0.0,0.88905722,36.04391,0.88905722,0.0
2023-04-14 17:00:00+02:00,0.0,0.5535333333333333,1.6011778887558206,0.0,1.6011779,0.0,10.0,1.6011779,0.0,1.6011779,0.0,36.04391,0.0,0.55353333
2023-04-14 17:15:00+02:00,0.0,0.4777333333333333,1.0573138059618667,0.0,1.0573138,0.0,9.8543333,1.0573138,0.0,1.0573138,0.0,36.04391,0.0,0.47773333
2023-04-14 17:30:00+02:00,0.0,0.565,0.4815718154922087,0.0,0.48157182,0.0,9.728614,0.48157182,0.0,0.48157182,0.0,36.04391,0.0,0.565
2023-04-14 17:45:00+02:00,0.0,0.5328666666666667,0.2045504892596527,0.0,0.20455049,0.0,9.5799298,0.20455049,0.0,0.20455049,0.0,36.04391,0.0,0.53286667
2023-04-14 18:00:00+02:00,0.0,0.5882666666666666,0.0,0.0,0.0,0.0,9.4397018,0.0,0.0,0.0,0.0,36.04391,0.0,0.58826667
2023-04-14 18:15:00+02:00,0.0,0.4489333333333333,0.0,0.0,0.0,0.0,9.2848947,0.0,0.0,0.0,0.0,36.04391,0.0,0.44893333
2023-04-14 18:30:00+02:00,0.0,0.5954666666666667,0.0,0.0,0.0,0.0,9.1667544,0.0,0.0,0.0,0.0,36.04391,0.0,0.59546667
2023-04-14 18:45:00+02:00,0.0,0.6530666666666667,0.0,0.0,0.0,0.0,9.0100526,0.0,0.0,0.0,0.0,36.04391,0.0,0.65306667
2023-04-14 19:00:00+02:00,0.0,0.9496,0.0,0.0,0.0,0.0,8.838193,0.0,0.0,0.0,0.0,36.04391,0.0,0.9496
2023-04-14 19:15:00+02:00,0.0,1.2635999999999998,0.0,0.0,0.0,0.0,8.5882982,0.0,0.0,0.0,0.0,36.04391,0.0,1.2636
2023-04-14 19:30:00+02:00,0.0,0.8046666666666666,0.0,0.0,0.0,0.0,8.2557719,0.0,0.0,0.0,0.0,36.04391,0.0,0.80466667
2023-04-14 19:45:00+02:00,0.0,0.5366666666666666,0.0,0.0,0.0,0.0,8.0440175,0.0,0.0,0.0,0.0,36.04391,0.0,0.53666667
2023-04-14 20:00:00+02:00,0.0,0.389,0.0,0.0,0.0,0.0,7.9027895,0.0,0.0,0.0,0.0,21.8008,0.0,0.389
2023-04-14 20:15:00+02:00,0.0,0.6036666666666666,0.0,0.0,0.0,0.0,7.8004211,0.0,0.0,0.0,0.0,21.8008,0.0,0.60366667
2023-04-14 20:30:00+02:00,0.0,0.4983999999999999,0.0,0.0,0.0,0.0,7.6415614,0.0,0.0,0.0,0.0,21.8008,0.0,0.4984
2023-04-14 20:45:00+02:00,0.0,0.3598666666666666,0.0,0.0,0.0,0.0,7.5104035,0.0,0.0,0.0,0.0,21.8008,0.0,0.35986667
2023-04-14 21:00:00+02:00,0.0,0.3591999999999999,0.0,0.0,0.0,0.0,7.4157018,0.0,0.0,0.0,0.0,21.8008,0.0,0.3592
2023-04-14 21:15:00+02:00,0.0,0.4415333333333333,0.0,0.0,0.0,0.0,7.3211754,0.0,0.0,0.0,0.0,21.8008,0.0,0.44153333
2023-04-14 21:30:00+02:00,0.0,0.5132666666666666,0.0,0.0,0.0,0.0,7.2049825,0.0,0.0,0.0,0.0,21.8008,0.0,0.51326667
2023-04-14 21:45:00+02:00,0.0,0.4248,0.0,0.0,0.0,0.0,7.0699123,0.0,0.0,0.0,0.0,21.8008,0.0,0.4248
2023-04-14 22:00:00+02:00,0.0,0.3868666666666667,0.0,0.0,0.0,0.0,6.9581228,0.0,0.0,0.0,0.0,21.8008,0.0,0.38686667
2023-04-14 22:15:00+02:00,0.0,0.414,0.0,0.0,0.0,0.0,6.8563158,0.0,0.0,0.0,0.0,21.8008,0.0,0.414
2023-04-14 22:30:00+02:00,0.0,0.3504666666666666,0.0,0.0,0.0,0.0,6.7473684,0.0,0.0,0.0,0.0,21.8008,0.0,0.35046667
2023-04-14 22:45:00+02:00,0.0,0.3859333333333333,0.0,0.0,0.0,0.0,6.6551404,0.0,0.0,0.0,0.0,21.8008,0.0,0.38593333
2023-04-14 23:00:00+02:00,0.0,0.3469333333333333,0.0,0.0,0.0,0.0,6.5535789,0.0,0.0,0.0,0.0,21.8008,0.0,0.34693333
2023-04-14 23:15:00+02:00,0.0,0.4116,0.0,0.0,0.0,0.0,6.4622807,0.0,0.0,0.0,0.0,21.8008,0.0,0.4116
2023-04-14 23:30:00+02:00,0.0,0.3668666666666667,0.0,0.0,0.0,0.0,6.3539649,0.0,0.0,0.0,0.0,21.8008,0.0,0.36686667
2023-04-14 23:45:00+02:00,0.0,0.4046666666666667,0.0,0.0,0.0,0.0,6.2574211,0.0,0.0,0.0,0.0,21.8008,0.0,0.40466667
2023-04-15 00:00:00+02:00,0.0,0.5720666666666667,0.0,0.0,0.0,0.0,6.1509298,0.0,0.0,0.0,0.0,21.8008,0.0,0.57206667
2023-04-15 00:15:00+02:00,0.0,0.6282666666666666,0.0,0.0,0.0,0.0,6.000386,0.0,0.0,0.0,0.0,21.8008,0.0,0.62826667
2023-04-15 00:30:00+02:00,0.0,0.4569333333333333,0.0,0.0,0.0,0.0,5.8350526,0.0,0.0,0.0,0.0,21.8008,0.0,0.45693333
2023-04-15 00:45:00+02:00,0.0,0.3562666666666667,0.0,0.0,0.0,0.0,5.714807,0.0,0.0,0.0,0.0,21.8008,0.0,0.35626667
2023-04-15 01:00:00+02:00,0.0,0.3327333333333333,0.0,0.0,0.0,0.0,5.6210526,0.0,0.0,0.0,0.0,21.8008,0.0,0.33273333
2023-04-15 01:15:00+02:00,0.0,0.4154,0.0,0.0,0.0,0.0,5.5334912,0.0,0.0,0.0,0.0,21.8008,0.0,0.4154
2023-04-15 01:30:00+02:00,0.0,0.3239333333333333,0.0,0.0,0.0,0.0,5.4241754,0.0,0.0,0.0,0.0,21.8008,0.0,0.32393333
2023-04-15 01:45:00+02:00,0.0,0.3232,0.0,0.0,0.0,0.0,5.3389298,0.0,0.0,0.0,0.0,21.8008,0.0,0.3232
2023-04-15 02:00:00+02:00,0.0,0.2956,0.0,0.0,0.0,0.0,5.2538772,0.0,0.0,0.0,0.0,21.8008,0.0,0.2956
2023-04-15 02:15:00+02:00,0.0,0.2804666666666666,0.0,0.0,0.0,0.0,5.1760877,0.0,0.0,0.0,0.0,21.8008,0.0,0.28046667
2023-04-15 02:30:00+02:00,0.0,0.2937333333333333,0.0,0.0,0.0,0.0,5.1022807,0.0,0.0,0.0,0.0,21.8008,0.0,0.29373333
2023-04-15 02:45:00+02:00,0.0,0.5708666666666666,0.0,0.0,0.0,0.0,5.0249825,0.0,0.0,0.0,0.0,21.8008,0.0,0.57086667
2023-04-15 03:00:00+02:00,0.0,0.4210666666666666,0.0,0.0,0.0,0.0,4.8747544,0.0,0.0,0.0,0.0,21.8008,0.0,0.42106667
2023-04-15 03:15:00+02:00,0.0,0.4125333333333333,0.0,0.0,0.0,0.0,4.7639474,0.0,0.0,0.0,0.0,21.8008,0.0,0.41253333
2023-04-15 03:30:00+02:00,0.0,0.3232666666666666,0.0,0.0,0.0,0.0,4.655386,0.0,0.0,0.0,0.0,21.8008,0.0,0.32326667
2023-04-15 03:45:00+02:00,0.0,0.318,0.0,0.0,0.0,0.0,4.5703158,0.0,0.0,0.0,0.0,21.8008,0.0,0.318
2023-04-15 04:00:00+02:00,0.0,0.2858666666666666,0.0,0.0,0.0,0.0,4.4866316,0.0,0.0,0.0,0.0,21.8008,0.0,0.28586667
2023-04-15 04:15:00+02:00,0.0,0.0994,0.0,0.0,0.0,0.0,4.4114035,0.0,0.0,0.0,0.0,21.8008,0.0,0.0994
2023-04-15 04:30:00+02:00,0.0,0.1736,0.0,0.0,0.0,0.0,4.3852456,0.0,0.0,0.0,0.0,21.8008,0.0,0.1736
2023-04-15 04:45:00+02:00,0.0,0.3811333333333333,0.0,0.0,0.0,0.0,4.3395614,0.0,0.0,0.0,0.0,21.8008,0.0,0.38113333
2023-04-15 05:00:00+02:00,0.0,0.8484666666666667,0.0,0.0,0.0,0.0,4.2392632,0.0,0.0,0.0,0.0,21.8008,0.0,0.84846667
2023-04-15 05:15:00+02:00,0.0,0.8134,0.0,0.0,0.0,0.0,4.0159825,0.0,0.0,0.0,0.0,21.8008,0.0,0.8134
2023-04-15 05:30:00+02:00,0.0,0.8466666666666667,0.0,0.0,0.0,0.0,3.8019298,0.0,0.0,0.0,0.0,21.8008,0.0,0.84666667
2023-04-15 05:45:00+02:00,0.0,1.2306,0.0,0.0,0.0,0.0,3.5791228,0.0,0.0,0.0,0.0,21.8008,0.0,1.2306
2023-04-15 06:00:00+02:00,0.0,0.4504666666666666,0.0,0.0,0.0,0.0,3.2552807,0.0,0.0,0.0,0.0,40.80153,0.0,0.45046667
2023-04-15 06:15:00+02:00,0.0,0.4564666666666666,0.0213108160888508,0.0,0.021310816,0.0,3.1367368,0.021310816,0.0,0.021310816,0.0,40.80153,0.0,0.45646667
2023-04-15 06:30:00+02:00,0.0,0.2444,0.16429965108891,0.0,0.16429965,0.0,3.016614,0.16429965,0.0,0.16429965,0.0,40.80153,0.0,0.2444
2023-04-15 06:45:00+02:00,0.0,0.1978,0.5913444450707906,0.0,0.59134445,0.0,2.9522982,0.59134445,0.0,0.59134445,0.0,40.80153,0.0,0.1978
2023-04-15 07:00:00+02:00,0.0,0.2133333333333333,0.954483657690498,0.0,0.95448366,0.0,2.9002456,0.95448366,0.0,0.95448366,0.0,40.80153,0.0,0.21333333
2023-04-15 07:15:00+02:00,0.0,0.2224,1.294116022409714,0.0,1.294116,0.0,2.8441053,1.294116,0.0,1.294116,0.0,40.80153,0.0,0.2224
2023-04-15 07:30:00+02:00,0.0,0.2373333333333333,1.9972299890645888,0.0,1.99723,0.0,2.7855789,1.99723,0.0,1.99723,0.0,40.80153,0.0,0.23733333
2023-04-15 07:45:00+02:00,0.0,0.1914,2.539416787713124,0.0,2.5394168,0.0,2.7231228,2.5394168,0.0,2.5394168,0.0,40.80153,0.0,0.1914
2023-04-15 08:00:00+02:00,0.0,0.1639333333333333,3.0144322287393623,0.0,3.0144322,0.0,2.6727544,3.0144322,0.0,3.0144322,0.0,40.80153,0.0,0.16393333
2023-04-15 08:15:00+02:00,0.0,0.1373333333333333,3.4979215790513454,0.0,3.4979216,0.0,2.629614,8.3531216,0.0,3.4979216,0.0,40.80153,0.0,4.9925333
2023-04-15 08:30:00+02:00,0.0,0.1702666666666666,4.0254979431325095,0.0,4.0254979,0.0,1.3157895,8.8552313,0.0,4.0254979,0.0,40.80153,0.0,5.0
2023-04-15 08:45:00+02:00,0.0,0.1189333333333333,4.513317277644519,4.3943839,0.11893333,0.11893333,0.0,0.0,0.0,0.0,0.0,40.80153,0.0,0.0
2023-04-15 09:00:00+02:00,0.0,0.1763333333333333,5.050322299200282,4.873989,0.17633333,0.17633333,0.0,0.0,0.0,0.0,0.0,40.80153,0.0,0.0
2023-04-15 09:15:00+02:00,0.0,0.1866666666666666,5.564556749227727,5.3778901,0.18666667,0.18666667,0.0,0.0,0.0,0.0,0.0,40.80153,0.0,0.0
2023-04-15 09:30:00+02:00,0.0,0.3123999999999999,5.931097443711717,5.6186974,0.3124,0.3124,0.0,0.0,0.0,0.0,0.0,40.80153,0.0,0.0
2023-04-15 09:45:00+02:00,0.0,0.1985333333333333,6.048850951220361,5.8503176,0.19853333,0.19853333,0.0,0.0,0.0,0.0,0.0,40.80153,0.0,0.0
2023-04-15 10:00:00+02:00,0.0,0.1597333333333333,6.657359577487516,6.4976262,0.15973333,0.15973333,0.0,0.0,0.0,0.0,0.0,40.80153,0.0,0.0
2023-04-15 10:15:00+02:00,0.0,0.1560666666666666,6.964033242676138,6.8079666,0.15606667,0.15606667,0.0,0.0,0.0,0.0,0.0,40.80153,0.0,0.0
2023-04-15 10:30:00+02:00,0.0,0.1417333333333333,7.227757245907476,7.0860239,0.14173333,0.14173333,0.0,0.0,0.0,0.0,0.0,40.80153,0.0,0.0
2023-04-15 10:45:00+02:00,0.0,0.1546666666666666,7.529259315886623,7.3745926,0.15466667,0.15466667,0.0,0.0,0.0,0.0,0.0,40.80153,0.0,0.0
2023-04-15 11:00:00+02:00,0.0,0.1690666666666666,6.765629907834539,6.5965632,0.16906667,0.16906667,0.0,0.0,0.0,0.0,0.0,40.80153,0.0,0.0
2023-04-15 11:15:00+02:00,0.0,0.4185333333333333,7.356852008230982,6.9383187,0.41853333,0.41853333,0.0,0.0,0.0,0.0,0.0,40.80153,0.0,0.0
2023-04-15 11:30:00+02:00,0.0,0.6434,4.483717214367089,0.048343314,4.4353739,0.6434,0.0,0.0,0.0,0.0,3.7919739,40.80153,3.7919739,0.0
2023-04-15 11:45:00+02:00,0.0,0.2349333333333333,6.332494755880889,1.0975614,5.2349333,0.23493333,0.9005938,0.0,0.0,0.0,5.0,40.80153,5.0,0.0
2023-04-15 12:00:00+02:00,0.0,0.3188666666666667,3.465227056832856,0.0,3.4652271,0.31886667,2.0880938,0.0,0.0,0.0,3.1463604,40.80153,3.1463604,0.0
2023-04-15 12:15:00+02:00,0.0,0.4685333333333333,7.861276289221023,2.392743,5.4685333,0.46853333,2.8353544,0.0,0.0,0.0,5.0,40.80153,5.0,0.0
2023-04-15 12:30:00+02:00,0.0,0.9157333333333334,5.448033469024727,0.0,5.4480335,0.91573333,4.0228544,0.0,0.0,0.0,4.5323001,40.80153,4.5323001,0.0
2023-04-15 12:45:00+02:00,0.0,0.7158666666666667,3.4008034817408297,0.0,3.4008035,0.71586667,5.0992757,0.0,0.0,0.0,2.6849368,40.80153,2.6849368,0.0
2023-04-15 13:00:00+02:00,0.0,0.4850666666666666,4.298464432476012,0.0,4.2984644,0.48506667,5.7369482,0.0,0.0,0.0,3.8133978,40.80153,3.8133978,0.0
2023-04-15 13:15:00+02:00,0.0,0.4326666666666667,2.8492205323287227,0.0,2.8492205,0.43266667,6.6426301,0.0,0.0,0.0,2.4165539,40.80153,2.4165539,0.0
2023-04-15 13:30:00+02:00,0.0,0.6692666666666667,2.989034300440484,0.0,2.9890343,0.66926667,7.2165617,0.0,0.0,0.0,2.3197676,40.80153,2.3197676,0.0
2023-04-15 13:45:00+02:00,0.0,0.3419333333333333,2.067854269531291,0.0,2.0678543,0.34193333,7.7675065,0.0,0.0,0.0,1.7259209,40.80153,1.7259209,0.0
2023-04-15 14:00:00+02:00,0.0,1.622,1.634681434329846,0.0,1.6346814,1.622,8.1774127,0.0,0.0,0.0,0.012681434,40.80153,0.012681434,0.0
2023-04-15 14:15:00+02:00,0.0,0.4503999999999999,3.360946831706703,0.0,3.3609468,0.4504,8.1804246,0.0,0.0,0.0,2.9105468,40.80153,2.9105468,0.0
2023-04-15 14:30:00+02:00,0.0,0.5454,2.870710329042629,0.0,2.8707103,0.5454,8.8716794,0.0,0.0,0.0,2.3253103,40.80153,2.3253103,0.0
2023-04-15 14:45:00+02:00,0.0,0.4306666666666667,1.2925724483544274,0.0,1.2925724,0.43066667,9.4239406,0.0,0.0,0.0,0.86190578,40.80153,0.86190578,0.0
2023-04-15 15:00:00+02:00,0.0,0.5020666666666667,1.5291759384068164,0.0,1.5291759,0.50206667,9.6286433,0.0,0.0,0.0,1.0271093,40.80153,1.0271093,0.0
2023-04-15 15:15:00+02:00,0.0,0.4365333333333334,0.9730313997127517,0.0,0.9730314,0.43653333,9.8725817,0.0,0.0,0.0,0.53649807,40.80153,0.53649807,0.0
2023-04-15 15:30:00+02:00,0.0,0.418,1.3245557398238308,0.0,1.3245557,0.0,10.0,1.3245557,0.0,1.3245557,0.0,40.80153,0.0,0.418
2023-04-15 15:45:00+02:00,0.0,0.681,0.9666622269938764,0.0,0.96666223,0.0,9.89,0.96666223,0.0,0.96666223,0.0,40.80153,0.0,0.681
2023-04-15 16:00:00+02:00,0.0,0.8625333333333333,1.2181223396721403,0.0,1.2181223,0.0,9.7107895,1.2181223,0.0,1.2181223,0.0,40.80153,0.0,0.86253333
2023-04-15 16:15:00+02:00,0.0,3.1980666666666666,0.8657484694548607,0.0,0.86574847,0.0,9.483807,0.86574847,0.0,0.86574847,0.0,40.80153,0.0,3.1980667
2023-04-15 16:30:00+02:00,0.0,1.7658,0.7570455993523034,0.0,0.7570456,0.0,8.6422105,0.7570456,0.0,0.7570456,0.0,40.80153,0.0,1.7658
2023-04-15 16:45:00+02:00,0.0,0.5818,0.4454879473040868,0.0,0.44548795,0.0,8.1775263,0.44548795,0.0,0.44548795,0.0,40.80153,0.0,0.5818
2023-04-15 17:00:00+02:00,0.0,0.4645333333333333,0.5910371736862318,0.0,0.59103717,0.0,8.0244211,0.59103717,0.0,0.59103717,0.0,40.80153,0.0,0.46453333
2023-04-15 17:15:00+02:00,0.0,0.6399333333333332,0.1783784299253013,0.0,0.17837843,0.0,7.9021754,0.17837843,0.0,0.17837843,0.0,40.80153,0.0,0.63993333
2023-04-15 17:30:00+02:00,0.0,0.6276666666666666,0.0676986206682429,0.0,0.067698621,0.0,7.7337719,0.067698621,0.0,0.067698621,0.0,40.80153,0.0,0.62766667
2023-04-15 17:45:00+02:00,0.0,0.744,0.1699845092189611,0.0,0.16998451,0.0,7.5685965,0.16998451,0.0,0.16998451,0.0,40.80153,0.0,0.744
2023-04-15 18:00:00+02:00,0.0,0.9729333333333332,0.0881440234131101,0.0,0.088144023,0.0,7.372807,0.088144023,0.0,0.088144023,0.0,40.80153,0.0,0.97293333
2023-04-15 18:15:00+02:00,0.0,0.5942000000000001,0.0,0.0,0.0,0.0,7.1167719,0.0,0.0,0.0,0.0,40.80153,0.0,0.5942
2023-04-15 18:30:00+02:00,0.0,0.8208,0.0,0.0,0.0,0.0,6.9604035,0.0,0.0,0.0,0.0,40.80153,0.0,0.8208
2023-04-15 18:45:00+02:00,0.0,0.7201333333333333,0.0,0.0,0.0,0.0,6.7444035,0.0,0.0,0.0,0.0,40.80153,0.0,0.72013333
2023-04-15 19:00:00+02:00,0.0,1.0051333333333334,0.0,0.0,0.0,0.0,6.5548947,0.0,0.0,0.0,0.0,40.80153,0.0,1.0051333
2023-04-15 19:15:00+02:00,0.0,1.186,0.0,0.0,0.0,0.0,6.290386,0.0,0.0,0.0,0.0,40.80153,0.0,1.186
2023-04-15 19:30:00+02:00,0.0,0.8081333333333334,0.0,0.0,0.0,0.0,5.9782807,0.0,0.0,0.0,0.0,40.80153,0.0,0.80813333
2023-04-15 19:45:00+02:00,0.0,0.4941333333333333,0.0,0.0,0.0,0.0,5.765614,0.0,0.0,0.0,0.0,40.80153,0.0,0.49413333
2023-04-15 20:00:00+02:00,0.0,0.8611333333333333,0.0,0.0,0.0,0.0,5.6355789,0.0,0.0,0.0,0.0,18.192719999999998,0.0,0.86113333
2023-04-15 20:15:00+02:00,0.0,0.6299333333333332,0.0,0.0,0.0,0.0,5.4089649,0.0,0.0,0.0,0.0,18.192719999999998,0.0,0.62993333
2023-04-15 20:30:00+02:00,0.0,0.6322666666666666,0.0,0.0,0.0,0.0,5.243193,0.0,0.0,0.0,0.0,18.192719999999998,0.0,0.63226667
2023-04-15 20:45:00+02:00,0.0,0.6220666666666668,0.0,0.0,0.0,0.0,5.076807,0.0,0.0,0.0,0.0,18.192719999999998,0.0,0.62206667
2023-04-15 21:00:00+02:00,0.0,0.5746666666666667,0.0,0.0,0.0,0.0,4.9131053,0.0,0.0,0.0,0.0,18.192719999999998,0.0,0.57466667
2023-04-15 21:15:00+02:00,0.0,0.6326666666666666,0.0,0.0,0.0,0.0,4.7618772,0.0,0.0,0.0,0.0,18.192719999999998,0.0,0.63266667
2023-04-15 21:30:00+02:00,0.0,0.6592,0.0,0.0,0.0,0.0,4.595386,0.0,0.0,0.0,0.0,18.192719999999998,0.0,0.6592
2023-04-15 21:45:00+02:00,0.0,0.6032000000000001,0.0,0.0,0.0,0.0,4.4219123,0.0,0.0,0.0,0.0,18.192719999999998,0.0,0.6032
2023-04-15 22:00:00+02:00,0.0,0.5580666666666667,0.0,0.0,0.0,0.0,4.2631754,0.0,0.0,0.0,0.0,18.192719999999998,0.0,0.55806667
2023-04-15 22:15:00+02:00,0.0,0.6447333333333334,0.0,0.0,0.0,0.0,4.1163158,0.0,0.0,0.0,0.0,18.192719999999998,0.0,0.64473333
2023-04-15 22:30:00+02:00,0.0,0.6135333333333333,0.0,0.0,0.0,0.0,3.9466491,0.0,0.0,0.0,0.0,18.192719999999998,0.0,0.61353333
2023-04-15 22:45:00+02:00,0.0,0.585,0.0,0.0,0.0,0.0,3.785193,0.0,0.0,0.0,0.0,18.192719999999998,0.0,0.585
2023-04-15 23:00:00+02:00,0.0,0.2703333333333333,0.0,0.0,0.0,0.0,3.6312456,0.0,0.0,0.0,0.0,18.192719999999998,0.0,0.27033333
2023-04-15 23:15:00+02:00,0.0,0.3856666666666667,0.0,0.0,0.0,0.0,3.5601053,0.0,0.0,0.0,0.0,18.192719999999998,0.0,0.38566667
2023-04-15 23:30:00+02:00,0.0,0.3595333333333333,0.0,0.0,0.0,0.0,3.458614,0.0,0.0,0.0,0.0,18.192719999999998,0.0,0.35953333
2023-04-15 23:45:00+02:00,0.0,0.3261333333333333,0.0,0.0,0.0,0.0,3.364,0.0,0.0,0.0,0.0,18.192719999999998,0.0,0.32613333
2023-04-16 00:00:00+02:00,0.0,0.2437333333333333,0.0,0.0,0.0,0.0,3.2781754,0.0,0.0,0.0,0.0,18.192719999999998,0.0,0.24373333
2023-04-16 00:15:00+02:00,0.0,0.3118666666666667,0.0,0.0,0.0,0.0,3.2140351,0.0,0.0,0.0,0.0,18.192719999999998,0.0,0.31186667
2023-04-16 00:30:00+02:00,0.0,0.2503333333333333,0.0,0.0,0.0,0.0,3.1319649,0.0,0.0,0.0,0.0,18.192719999999998,0.0,0.25033333
2023-04-16 00:45:00+02:00,0.0,0.2974666666666666,0.0,0.0,0.0,0.0,3.0660877,0.0,0.0,0.0,0.0,18.192719999999998,0.0,0.29746667
2023-04-16 01:00:00+02:00,0.0,0.3383333333333333,0.0,0.0,0.0,0.0,2.987807,0.0,0.0,0.0,0.0,18.192719999999998,0.0,0.33833333
2023-04-16 01:15:00+02:00,0.0,0.3411333333333333,0.0,0.0,0.0,0.0,2.8987719,0.0,0.0,0.0,0.0,18.192719999999998,0.0,0.34113333
2023-04-16 01:30:00+02:00,0.0,0.3621333333333333,0.0,0.0,0.0,0.0,2.809,0.0,0.0,0.0,0.0,18.192719999999998,0.0,0.36213333
2023-04-16 01:45:00+02:00,0.0,0.1412666666666666,0.0,0.0,0.0,0.0,2.7137018,0.0,0.0,0.0,0.0,18.192719999999998,0.0,0.14126667
2023-04-16 02:00:00+02:00,0.0,0.1472666666666666,0.0,0.0,0.0,0.0,2.6765263,0.0,0.0,0.0,0.0,18.192719999999998,0.0,0.14726667
2023-04-16 02:15:00+02:00,0.0,0.1265333333333333,0.0,0.0,0.0,0.0,2.6377719,0.0,0.0,0.0,0.0,18.192719999999998,0.0,0.12653333
2023-04-16 02:30:00+02:00,0.0,0.1416666666666666,0.0,0.0,0.0,0.0,2.6044737,0.0,0.0,0.0,0.0,18.192719999999998,0.0,0.14166667
2023-04-16 02:45:00+02:00,0.0,0.2132666666666667,0.0,0.0,0.0,0.0,2.567193,0.0,0.0,0.0,0.0,18.192719999999998,0.0,0.21326667
2023-04-16 03:00:00+02:00,0.0,0.1639333333333333,0.0,0.0,0.0,0.0,2.5110702,0.0,0.0,0.0,0.0,18.192719999999998,0.0,0.16393333
2023-04-16 03:15:00+02:00,0.0,0.1401333333333333,0.0,0.0,0.0,0.0,2.4679298,0.0,0.0,0.0,0.0,18.192719999999998,0.0,0.14013333
2023-04-16 03:30:00+02:00,0.0,0.1427333333333333,0.0,0.0,0.0,0.0,2.4310526,0.0,0.0,0.0,0.0,18.192719999999998,0.0,0.14273333
2023-04-16 03:45:00+02:00,0.0,0.2279333333333333,0.0,0.0,0.0,0.0,2.3934912,0.0,0.0,0.0,0.0,18.192719999999998,0.0,0.22793333
2023-04-16 04:00:00+02:00,0.0,0.2034,0.0,0.0,0.0,0.0,2.3335088,0.0,0.0,0.0,0.0,18.192719999999998,0.0,0.2034
2023-04-16 04:15:00+02:00,0.0,0.1712,0.0,0.0,0.0,0.0,2.2799825,0.0,0.0,0.0,0.0,18.192719999999998,0.0,0.1712
2023-04-16 04:30:00+02:00,0.0,0.1879333333333333,0.0,0.0,0.0,0.0,2.2349298,0.0,0.0,0.0,0.0,18.192719999999998,0.0,0.18793333
2023-04-16 04:45:00+02:00,0.0,0.1896,0.0,0.0,0.0,0.0,2.1854737,0.0,0.0,0.0,0.0,18.192719999999998,0.0,0.1896
2023-04-16 05:00:00+02:00,0.0,0.1811333333333333,0.0,0.0,0.0,0.0,2.1355789,0.0,0.0,0.0,0.0,18.192719999999998,0.0,0.18113333
2023-04-16 05:15:00+02:00,0.0,0.1609333333333333,0.0,0.0,0.0,0.0,2.0879123,0.0,0.0,0.0,0.0,18.192719999999998,0.0,0.16093333
2023-04-16 05:30:00+02:00,0.0,0.1409333333333333,0.0,0.0,0.0,0.0,2.0455614,0.0,0.0,0.0,0.0,18.192719999999998,0.0,0.14093333
2023-04-16 05:45:00+02:00,0.0,0.1475333333333333,0.0,0.0,0.0,0.0,2.0084737,0.0,0.0,0.0,0.0,18.192719999999998,0.0,0.14753333
2023-04-16 06:00:00+02:00,0.0,0.3986666666666666,0.0,0.0,0.0,0.0,1.9696491,0.0,0.0,0.0,0.0,33.8317,0.0,0.39866667
2023-04-16 06:15:00+02:00,0.0,0.436,0.0,0.0,0.0,0.0,1.8647368,0.0,0.0,0.0,0.0,33.8317,0.0,0.436
2023-04-16 06:30:00+02:00,0.0,0.6176,0.0526068066830551,0.0,0.052606807,0.0,1.75,0.052606807,0.0,0.052606807,0.0,33.8317,0.0,0.6176
2023-04-16 06:45:00+02:00,0.0,0.8134,0.3421720054309465,0.0,0.34217201,0.0,1.5874737,0.34217201,0.0,0.34217201,0.0,33.8317,0.0,0.8134
2023-04-16 07:00:00+02:00,0.0,0.3606666666666667,0.9160202427916442,0.0,0.91602024,0.0,1.3734211,0.91602024,0.0,0.91602024,0.0,33.8317,0.0,0.36066667
2023-04-16 07:15:00+02:00,0.0,0.3310666666666667,1.35478793241384,0.0,1.3547879,0.0,1.2785088,1.3547879,0.0,1.3547879,0.0,33.8317,0.0,0.33106667
2023-04-16 07:30:00+02:00,0.0,0.1446666666666666,1.8391812693163208,0.0,1.8391813,0.0,1.191386,1.8391813,0.0,1.8391813,0.0,33.8317,0.0,0.14466667
2023-04-16 07:45:00+02:00,0.0,0.1472666666666666,2.386299656472334,0.0,2.3862997,0.0,1.1533158,2.3862997,0.0,2.3862997,0.0,33.8317,0.0,0.14726667
2023-04-16 08:00:00+02:00,0.0,0.1217333333333333,2.9276085267433505,0.0,2.9276085,0.0,1.1145614,7.0412085,0.0,2.9276085,0.0,33.8317,0.0,4.2353333
2023-04-16 08:15:00+02:00,0.0,0.1469333333333333,3.53939852606058,3.3924652,0.14693333,0.14693333,0.0,0.0,0.0,0.0,0.0,33.8317,0.0,0.0
2023-04-16 08:30:00+02:00,0.0,0.1522,4.085316259879994,3.9331163,0.1522,0.1522,0.0,0.0,0.0,0.0,0.0,33.8317,0.0,0.0
2023-04-16 08:45:00+02:00,0.0,0.1648666666666666,4.557076310720596,4.3922096,0.16486667,0.16486667,0.0,0.0,0.0,0.0,0.0,33.8317,0.0,0.0
2023-04-16 09:00:00+02:00,0.0,0.2639333333333333,4.987539389447106,4.7236061,0.26393333,0.26393333,0.0,0.0,0.0,0.0,0.0,33.8317,0.0,0.0
2023-04-16 09:15:00+02:00,0.0,0.2377333333333333,5.431473964180714,5.1937406,0.23773333,0.23773333,0.0,0.0,0.0,0.0,0.0,33.8317,0.0,0.0
2023-04-16 09:30:00+02:00,0.0,0.1267333333333333,5.887098535733047,5.7603652,0.12673333,0.12673333,0.0,0.0,0.0,0.0,0.0,33.8317,0.0,0.0
2023-04-16 09:45:00+02:00,0.0,0.1831333333333333,5.887442494932907,5.7043092,0.18313333,0.18313333,0.0,0.0,0.0,0.0,0.0,33.8317,0.0,0.0
2023-04-16 10:00:00+02:00,0.0,0.1215333333333333,6.603684519811772,6.4821512,0.12153333,0.12153333,0.0,0.0,0.0,0.0,0.0,33.8317,0.0,0.0
2023-04-16 10:15:00+02:00,0.0,0.136,6.906995872431066,6.7709959,0.136,0.136,0.0,0.0,0.0,0.0,0.0,33.8317,0.0,0.0
2023-04-16 10:30:00+02:00,0.0,0.1360666666666666,7.108015467521274,6.9719488,0.13606667,0.13606667,0.0,0.0,0.0,0.0,0.0,33.8317,0.0,0.0
2023-04-16 10:45:00+02:00,0.0,0.2052,7.4230668165913665,7.2178668,0.2052,0.2052,0.0,0.0,0.0,0.0,0.0,33.8317,0.0,0.0
2023-04-16 11:00:00+02:00,0.0,0.6265333333333333,7.651391827400015,7.0248585,0.62653333,0.62653333,0.0,0.0,0.0,0.0,0.0,33.8317,0.0,0.0
2023-04-16 11:15:00+02:00,0.0,0.8501333333333333,7.828441714945256,6.9783084,0.85013333,0.85013333,0.0,0.0,0.0,0.0,0.0,33.8317,0.0,0.0
2023-04-16 11:30:00+02:00,0.0,1.1779333333333335,7.806061281101825,6.6281279,1.1779333,1.1779333,0.0,0.0,0.0,0.0,0.0,33.8317,0.0,0.0
2023-04-16 11:45:00+02:00,0.0,0.2895333333333333,7.53852540587998,7.2489921,0.28953333,0.28953333,0.0,0.0,0.0,0.0,0.0,33.8317,0.0,0.0
2023-04-16 12:00:00+02:00,0.0,0.3114666666666666,7.291023448556953,6.9795568,0.31146667,0.31146667,0.0,0.0,0.0,0.0,0.0,33.8317,0.0,0.0
2023-04-16 12:15:00+02:00,0.0,0.2779333333333333,8.351106705981348,8.0731734,0.27793333,0.27793333,0.0,0.0,0.0,0.0,0.0,33.8317,0.0,0.0
2023-04-16 12:30:00+02:00,0.0,0.2782,8.054028410706728,7.7758284,0.2782,0.2782,0.0,0.0,0.0,0.0,0.0,33.8317,0.0,0.0
2023-04-16 12:45:00+02:00,0.0,0.3187333333333333,8.237386875026067,7.9186535,0.31873333,0.31873333,0.0,0.0,0.0,0.0,0.0,33.8317,0.0,0.0
2023-04-16 13:00:00+02:00,0.0,0.3045333333333334,8.161178588102404,7.8566453,0.30453333,0.30453333,0.0,0.0,0.0,0.0,0.0,33.8317,0.0,0.0
2023-04-16 13:15:00+02:00,0.0,0.2902,8.02487453914013,7.7346745,0.2902,0.2902,0.0,0.0,0.0,0.0,0.0,33.8317,0.0,0.0
2023-04-16 13:30:00+02:00,0.0,0.7936666666666666,7.947005566745597,7.1533389,0.79366667,0.79366667,0.0,0.0,0.0,0.0,0.0,33.8317,0.0,0.0
2023-04-16 13:45:00+02:00,0.0,0.6259333333333332,7.631090302872147,7.005157,0.62593333,0.62593333,0.0,0.0,0.0,0.0,0.0,33.8317,0.0,0.0
2023-04-16 14:00:00+02:00,0.0,0.3962,7.593744110663472,7.1975441,0.3962,0.3962,0.0,0.0,0.0,0.0,0.0,33.8317,0.0,0.0
2023-04-16 14:15:00+02:00,0.0,0.3471333333333333,7.356504831810742,3.3980763,3.9584285,0.34713333,0.0,0.0,0.0,0.0,3.6112952,33.8317,3.6112952,0.0
2023-04-16 14:30:00+02:00,0.0,0.6677333333333334,6.5752039107369376,0.90747058,5.6677333,0.66773333,0.85768261,0.0,0.0,0.0,5.0,33.8317,5.0,0.0
2023-04-16 14:45:00+02:00,0.0,1.5828,6.284467648261534,0.0,6.2844676,1.5828,2.0451826,0.0,0.0,0.0,4.7016676,33.8317,4.7016676,0.0
2023-04-16 15:00:00+02:00,0.0,1.1412666666666669,4.828795161983368,0.0,4.8287952,1.1412667,3.1618287,0.0,0.0,0.0,3.6875285,33.8317,3.6875285,0.0
2023-04-16 15:15:00+02:00,0.0,0.4917333333333333,5.96084466481725,0.46911133,5.4917333,0.49173333,4.0376167,0.0,0.0,0.0,5.0,33.8317,5.0,0.0
2023-04-16 15:30:00+02:00,0.0,0.3559333333333333,5.3767209250298205,0.020787592,5.3559333,0.35593333,5.2251167,0.0,0.0,0.0,5.0,33.8317,5.0,0.0
2023-04-16 15:45:00+02:00,0.0,0.4791333333333333,4.586953950309529,0.0,4.586954,0.47913333,6.4126167,0.0,0.0,0.0,4.1078206,33.8317,4.1078206,0.0
2023-04-16 16:00:00+02:00,0.0,0.8023333333333333,4.050672899045123,0.0,4.0506729,0.80233333,7.3882241,0.0,0.0,0.0,3.2483396,33.8317,3.2483396,0.0
2023-04-16 16:15:00+02:00,0.0,1.5146,3.548734000661903,0.0,3.548734,1.5146,8.1597047,0.0,0.0,0.0,2.034134,33.8317,2.034134,0.0
2023-04-16 16:30:00+02:00,0.0,1.2425333333333333,2.705238262257844,0.0,2.7052383,1.2425333,8.6428116,0.0,0.0,0.0,1.4627049,33.8317,1.4627049,0.0
2023-04-16 16:45:00+02:00,0.0,0.3617333333333333,2.3713077870063293,0.0,2.3713078,0.36173333,8.990204,0.0,0.0,0.0,2.0095745,33.8317,2.0095745,0.0
2023-04-16 17:00:00+02:00,0.0,0.3386666666666666,1.55696203146149,0.0,1.556962,0.33866667,9.4674779,0.0,0.0,0.0,1.2182954,33.8317,1.2182954,0.0
2023-04-16 17:15:00+02:00,0.0,0.3194666666666666,0.8640061713219755,0.0,0.86400617,0.31946667,9.7568231,0.0,0.0,0.0,0.5445395,33.8317,0.5445395,0.0
2023-04-16 17:30:00+02:00,0.0,0.1834,0.5937279902194468,0.0,0.59372799,0.1834,9.8861512,0.0,0.0,0.0,0.41032799,33.8317,0.41032799,0.0
2023-04-16 17:45:00+02:00,0.0,0.1486666666666666,0.2177020530498649,0.0,0.21770205,0.14866667,9.9836041,0.0,0.0,0.0,0.069035386,33.8317,0.069035386,0.0
2023-04-16 18:00:00+02:00,0.0,0.1644,0.0,0.0,0.0,0.0,10.0,0.0,0.0,0.0,0.0,33.8317,0.0,0.1644
2023-04-16 18:15:00+02:00,0.0,0.1434,0.0,0.0,0.0,0.0,9.9567368,0.0,0.0,0.0,0.0,33.8317,0.0,0.1434
2023-04-16 18:30:00+02:00,0.0,0.1732,0.0,0.0,0.0,0.0,9.919,0.0,0.0,0.0,0.0,33.8317,0.0,0.1732
2023-04-16 18:45:00+02:00,0.0,0.2472666666666667,0.0,0.0,0.0,0.0,9.8734211,0.0,0.0,0.0,0.0,33.8317,0.0,0.24726667
2023-04-16 19:00:00+02:00,0.0,0.1770666666666666,0.0,0.0,0.0,0.0,9.8083509,0.0,0.0,0.0,0.0,33.8317,0.0,0.17706667
2023-04-16 19:15:00+02:00,0.0,0.1832,0.0,0.0,0.0,0.0,9.7617544,0.0,0.0,0.0,0.0,33.8317,0.0,0.1832
2023-04-16 19:30:00+02:00,0.0,0.1372,0.0,0.0,0.0,0.0,9.7135439,0.0,0.0,0.0,0.0,33.8317,0.0,0.1372
2023-04-16 19:45:00+02:00,0.0,0.178,0.0,0.0,0.0,0.0,9.6774386,0.0,0.0,0.0,0.0,33.8317,0.0,0.178
2023-04-16 20:00:00+02:00,0.0,0.2751333333333333,0.0,0.0,0.0,0.0,9.6305965,0.0,0.0,0.0,0.0,24.522329999999997,0.0,0.27513333
2023-04-16 20:15:00+02:00,0.0,0.3337333333333333,0.0,0.0,0.0,0.0,9.558193,0.0,0.0,0.0,0.0,24.522329999999997,0.0,0.33373333
2023-04-16 20:30:00+02:00,0.0,0.5793333333333334,0.0,0.0,0.0,0.0,9.4703684,0.0,0.0,0.0,0.0,24.522329999999997,0.0,0.57933333
2023-04-16 20:45:00+02:00,0.0,0.6030666666666668,0.0,0.0,0.0,0.0,9.3179123,0.0,0.0,0.0,0.0,24.522329999999997,0.0,0.60306667
2023-04-16 21:00:00+02:00,0.0,0.5394666666666666,0.0,0.0,0.0,0.0,9.1592105,0.0,0.0,0.0,0.0,24.522329999999997,0.0,0.53946667
2023-04-16 21:15:00+02:00,0.0,0.545,0.0,0.0,0.0,0.0,9.0172456,0.0,0.0,0.0,0.0,24.522329999999997,0.0,0.545
2023-04-16 21:30:00+02:00,0.0,0.4984666666666666,0.0,0.0,0.0,0.0,8.8738246,0.0,0.0,0.0,0.0,24.522329999999997,0.0,0.49846667
2023-04-16 21:45:00+02:00,0.0,0.5305333333333333,0.0,0.0,0.0,0.0,8.7426491,0.0,0.0,0.0,0.0,24.522329999999997,0.0,0.53053333
2023-04-16 22:00:00+02:00,0.0,0.3281333333333333,0.0,0.0,0.0,0.0,8.6030351,0.0,0.0,0.0,0.0,24.522329999999997,0.0,0.32813333
2023-04-16 22:15:00+02:00,0.0,0.376,0.0,0.0,0.0,0.0,8.5166842,0.0,0.0,0.0,0.0,24.522329999999997,0.0,0.376
2023-04-16 22:30:00+02:00,0.0,0.2915333333333333,0.0,0.0,0.0,0.0,8.4177368,0.0,0.0,0.0,0.0,24.522329999999997,0.0,0.29153333
2023-04-16 22:45:00+02:00,0.0,0.2922,0.0,0.0,0.0,0.0,8.3410175,0.0,0.0,0.0,0.0,24.522329999999997,0.0,0.2922
2023-04-16 23:00:00+02:00,0.0,0.3020666666666666,0.0,0.0,0.0,0.0,8.2641228,0.0,0.0,0.0,0.0,24.522329999999997,0.0,0.30206667
2023-04-16 23:15:00+02:00,0.0,0.266,0.0,0.0,0.0,0.0,8.1846316,0.0,0.0,0.0,0.0,24.522329999999997,0.0,0.266
2023-04-16 23:30:00+02:00,0.0,0.285,0.0,0.0,0.0,0.0,8.1146316,0.0,0.0,0.0,0.0,24.522329999999997,0.0,0.285
2023-04-16 23:45:00+02:00,0.0,0.3996,0.0,0.0,0.0,0.0,8.0396316,0.0,0.0,0.0,0.0,24.522329999999997,0.0,0.3996
2023-04-17 00:00:00+02:00,0.0,0.8593333333333334,0.0,0.0,0.0,0.0,7.9344737,0.0,0.0,0.0,0.0,24.522329999999997,0.0,0.85933333
2023-04-17 00:15:00+02:00,0.0,0.4095333333333333,0.0,0.0,0.0,0.0,7.7083333,0.0,0.0,0.0,0.0,24.522329999999997,0.0,0.40953333
2023-04-17 00:30:00+02:00,0.0,0.4080666666666667,0.0,0.0,0.0,0.0,7.6005614,0.0,0.0,0.0,0.0,24.522329999999997,0.0,0.40806667
2023-04-17 00:45:00+02:00,0.0,0.3200666666666666,0.0,0.0,0.0,0.0,7.4931754,0.0,0.0,0.0,0.0,24.522329999999997,0.0,0.32006667
2023-04-17 01:00:00+02:00,0.0,0.3282,0.0,0.0,0.0,0.0,7.4089474,0.0,0.0,0.0,0.0,24.522329999999997,0.0,0.3282
2023-04-17 01:15:00+02:00,0.0,0.3175333333333333,0.0,0.0,0.0,0.0,7.3225789,0.0,0.0,0.0,0.0,24.522329999999997,0.0,0.31753333
2023-04-17 01:30:00+02:00,0.0,0.4011333333333333,0.0,0.0,0.0,0.0,7.2390175,0.0,0.0,0.0,0.0,24.522329999999997,0.0,0.40113333
2023-04-17 01:45:00+02:00,0.0,0.2113333333333333,0.0,0.0,0.0,0.0,7.1334561,0.0,0.0,0.0,0.0,24.522329999999997,0.0,0.21133333
2023-04-17 02:00:00+02:00,0.0,0.5920666666666667,0.0,0.0,0.0,0.0,7.0778421,0.0,0.0,0.0,0.0,24.522329999999997,0.0,0.59206667
2023-04-17 02:15:00+02:00,0.0,0.1561333333333333,0.0,0.0,0.0,0.0,6.9220351,0.0,0.0,0.0,0.0,24.522329999999997,0.0,0.15613333
2023-04-17 02:30:00+02:00,0.0,0.1627333333333333,0.0,0.0,0.0,0.0,6.8809474,0.0,0.0,0.0,0.0,24.522329999999997,0.0,0.16273333
2023-04-17 02:45:00+02:00,0.0,0.2382,0.0,0.0,0.0,0.0,6.8381228,0.0,0.0,0.0,0.0,24.522329999999997,0.0,0.2382
2023-04-17 03:00:00+02:00,0.0,0.247,0.0,0.0,0.0,0.0,6.7754386,0.0,0.0,0.0,0.0,24.522329999999997,0.0,0.247
2023-04-17 03:15:00+02:00,0.0,0.2335333333333333,0.0,0.0,0.0,0.0,6.7104386,0.0,0.0,0.0,0.0,24.522329999999997,0.0,0.23353333
2023-04-17 03:30:00+02:00,0.0,0.1341333333333333,0.0,0.0,0.0,0.0,6.6489825,0.0,0.0,0.0,0.0,24.522329999999997,0.0,0.13413333
2023-04-17 03:45:00+02:00,0.0,0.1894,0.0,0.0,0.0,0.0,6.6136842,0.0,0.0,0.0,0.0,24.522329999999997,0.0,0.1894
2023-04-17 04:00:00+02:00,0.0,0.1418666666666666,0.0,0.0,0.0,0.0,6.5638421,0.0,0.0,0.0,0.0,24.522329999999997,0.0,0.14186667
2023-04-17 04:15:00+02:00,0.0,0.1734666666666666,0.0,0.0,0.0,0.0,6.5265088,0.0,0.0,0.0,0.0,24.522329999999997,0.0,0.17346667
2023-04-17 04:30:00+02:00,0.0,0.1566666666666666,0.0,0.0,0.0,0.0,6.4808596,0.0,0.0,0.0,0.0,24.522329999999997,0.0,0.15666667
2023-04-17 04:45:00+02:00,0.0,0.2044666666666666,0.0,0.0,0.0,0.0,6.4396316,0.0,0.0,0.0,0.0,24.522329999999997,0.0,0.20446667
2023-04-17 05:00:00+02:00,0.0,0.2722666666666666,0.0,0.0,0.0,0.0,6.3858246,0.0,0.0,0.0,0.0,24.522329999999997,0.0,0.27226667
2023-04-17 05:15:00+02:00,0.0,0.2339333333333333,0.0,0.0,0.0,0.0,6.3141754,0.0,0.0,0.0,0.0,24.522329999999997,0.0,0.23393333
2023-04-17 05:30:00+02:00,0.0,0.1865333333333333,0.0,0.0,0.0,0.0,6.252614,0.0,0.0,0.0,0.0,24.522329999999997,0.0,0.18653333
2023-04-17 05:45:00+02:00,0.0,0.8621333333333333,0.0,0.0,0.0,0.0,6.2035263,0.0,0.0,0.0,0.0,24.522329999999997,0.0,0.86213333
2023-04-17 06:00:00+02:00,0.0,0.1993333333333333,0.0,0.0,0.0,0.0,5.9766491,0.0,0.0,0.0,0.0,37.60876,0.0,0.19933333
2023-04-17 06:15:00+02:00,0.0,0.2116666666666666,0.0382956463145404,0.0,0.038295646,0.0,5.924193,0.038295646,0.0,0.038295646,0.0,37.60876,0.0,0.21166667
2023-04-17 06:30:00+02:00,0.0,0.3211333333333333,0.1454382250162685,0.0,0.14543823,0.0,5.8684912,0.14543823,0.0,0.14543823,0.0,37.60876,0.0,0.32113333
2023-04-17 06:45:00+02:00,0.0,0.2225333333333333,0.2055766137224397,0.0,0.20557661,0.0,5.7839825,0.20557661,0.0,0.20557661,0.0,37.60876,0.0,0.22253333
2023-04-17 07:00:00+02:00,0.0,0.2292666666666666,0.365587844803047,0.0,0.36558784,0.0,5.7254211,0.36558784,0.0,0.36558784,0.0,37.60876,0.0,0.22926667
2023-04-17 07:15:00+02:00,0.0,0.235,0.7488191241959387,0.0,0.74881912,0.0,5.6650877,0.74881912,0.0,0.74881912,0.0,37.60876,0.0,0.235
2023-04-17 07:30:00+02:00,0.0,0.2541333333333333,1.2808296585389196,0.0,1.2808297,0.0,5.6032456,2.3190297,0.0,1.2808297,0.0,37.60876,0.0,1.2923333
2023-04-17 07:45:00+02:00,0.0,0.3498,2.266663398442229,0.0,2.2666634,0.0,5.2631579,6.9168634,0.0,2.2666634,0.0,37.60876,0.0,5.0
2023-04-17 08:00:00+02:00,0.0,1.5406666666666669,1.987119048477248,0.0,1.987119,0.0,3.9473684,5.4464524,0.0,1.987119,0.0,37.60876,0.0,5.0
2023-04-17 08:15:00+02:00,0.0,1.1718,2.582965558116067,0.0,2.5829656,0.0,2.6315789,6.4111656,0.0,2.5829656,0.0,37.60876,0.0,5.0
2023-04-17 08:30:00+02:00,0.0,0.5306000000000001,1.2030183269750985,0.0,1.2030183,0.0,1.3157895,5.6724183,0.0,1.2030183,0.0,37.60876,0.0,5.0
2023-04-17 08:45:00+02:00,0.0,0.2847333333333333,1.5224037418220515,1.2376704,0.28473333,0.28473333,0.0,0.0,0.0,0.0,0.0,37.60876,0.0,0.0
2023-04-17 09:00:00+02:00,0.0,0.299,1.5227365227197451,1.2237365,0.299,0.299,0.0,0.0,0.0,0.0,0.0,37.60876,0.0,0.0
2023-04-17 09:15:00+02:00,0.0,0.2016,2.3421198561345355,2.1405199,0.2016,0.2016,0.0,0.0,0.0,0.0,0.0,37.60876,0.0,0.0
2023-04-17 09:30:00+02:00,0.0,0.2199333333333333,5.634405635075373,5.4144723,0.21993333,0.21993333,0.0,0.0,0.0,0.0,0.0,37.60876,0.0,0.0
2023-04-17 09:45:00+02:00,0.0,0.2037333333333333,5.847992810726932,5.6442595,0.20373333,0.20373333,0.0,0.0,0.0,0.0,0.0,37.60876,0.0,0.0
2023-04-17 10:00:00+02:00,0.0,0.2676666666666666,6.87293739007518,6.6052707,0.26766667,0.26766667,0.0,0.0,0.0,0.0,0.0,37.60876,0.0,0.0
2023-04-17 10:15:00+02:00,0.0,0.2862,6.880002671107756,6.5938027,0.2862,0.2862,0.0,0.0,0.0,0.0,0.0,37.60876,0.0,0.0
2023-04-17 10:30:00+02:00,0.0,0.313,7.053621292914344,6.7406213,0.313,0.313,0.0,0.0,0.0,0.0,0.0,37.60876,0.0,0.0
2023-04-17 10:45:00+02:00,0.0,0.226,7.221793300601547,6.9957933,0.226,0.226,0.0,0.0,0.0,0.0,0.0,37.60876,0.0,0.0
2023-04-17 11:00:00+02:00,0.0,0.212,7.475088259944557,7.2630883,0.212,0.212,0.0,0.0,0.0,0.0,0.0,37.60876,0.0,0.0
2023-04-17 11:15:00+02:00,0.0,0.2264666666666666,7.686278038622155,7.4598114,0.22646667,0.22646667,0.0,0.0,0.0,0.0,0.0,37.60876,0.0,0.0
2023-04-17 11:30:00+02:00,0.0,0.4342666666666666,7.855206965799202,7.4209403,0.43426667,0.43426667,0.0,0.0,0.0,0.0,0.0,37.60876,0.0,0.0
2023-04-17 11:45:00+02:00,0.0,2.9481333333333333,7.886524093316965,4.9383908,2.9481333,2.9481333,0.0,0.0,0.0,0.0,0.0,37.60876,0.0,0.0
2023-04-17 12:00:00+02:00,0.0,2.5836,7.962620399711571,5.3790204,2.5836,2.5836,0.0,0.0,0.0,0.0,0.0,37.60876,0.0,0.0
2023-04-17 12:15:00+02:00,0.0,1.788,7.983117286066341,6.1951173,1.788,1.788,0.0,0.0,0.0,0.0,0.0,37.60876,0.0,0.0
2023-04-17 12:30:00+02:00,0.0,0.3562666666666667,8.04726468989421,7.690998,0.35626667,0.35626667,0.0,0.0,0.0,0.0,0.0,37.60876,0.0,0.0
2023-04-17 12:45:00+02:00,0.0,0.3061333333333333,8.011345493248847,7.7052122,0.30613333,0.30613333,0.0,0.0,0.0,0.0,0.0,37.60876,0.0,0.0
2023-04-17 13:00:00+02:00,0.0,0.4012666666666666,8.031898647056655,7.630632,0.40126667,0.40126667,0.0,0.0,0.0,0.0,0.0,37.60876,0.0,0.0
2023-04-17 13:15:00+02:00,0.0,0.2951999999999999,7.651788688786278,7.3565887,0.2952,0.2952,0.0,0.0,0.0,0.0,0.0,37.60876,0.0,0.0
2023-04-17 13:30:00+02:00,0.0,0.1941999999999999,6.376458845725344,6.1822588,0.1942,0.1942,0.0,0.0,0.0,0.0,0.0,37.60876,0.0,0.0
2023-04-17 13:45:00+02:00,0.0,1.2423333333333333,5.653152442133686,0.73718217,4.9159703,1.2423333,0.0,0.0,0.0,0.0,3.6736369,37.60876,3.6736369,0.0
2023-04-17 14:00:00+02:00,0.0,1.927533333333333,4.915367994370923,0.0,4.915368,1.9275333,0.87248877,0.0,0.0,0.0,2.9878347,37.60876,2.9878347,0.0
2023-04-17 14:15:00+02:00,0.0,1.6728,4.030562387876545,0.0,4.0305624,1.6728,1.5820995,0.0,0.0,0.0,2.3577624,37.60876,2.3577624,0.0
2023-04-17 14:30:00+02:00,0.0,0.5963333333333334,4.065497006381538,0.0,4.065497,0.59633333,2.1420681,0.0,0.0,0.0,3.4691637,37.60876,3.4691637,0.0
2023-04-17 14:45:00+02:00,0.0,0.2418666666666666,4.526830636444171,0.0,4.5268306,0.24186667,2.9659944,0.0,0.0,0.0,4.284964,37.60876,4.284964,0.0
2023-04-17 15:00:00+02:00,0.0,0.311,4.221397925662655,0.0,4.2213979,0.311,3.9836734,0.0,0.0,0.0,3.9103979,37.60876,3.9103979,0.0
2023-04-17 15:15:00+02:00,0.0,0.5118,3.408466991732458,0.0,3.408467,0.5118,4.9123929,0.0,0.0,0.0,2.896667,37.60876,2.896667,0.0
2023-04-17 15:30:00+02:00,0.0,0.5730666666666667,4.990217502039874,0.0,4.9902175,0.57306667,5.6003513,0.0,0.0,0.0,4.4171508,37.60876,4.4171508,0.0
2023-04-17 15:45:00+02:00,0.0,0.4004666666666666,2.6374217069494987,0.0,2.6374217,0.40046667,6.6494246,0.0,0.0,0.0,2.236955,37.60876,2.236955,0.0
2023-04-17 16:00:00+02:00,0.0,0.4076,3.0683222887180155,0.0,3.0683223,0.4076,7.1807015,0.0,0.0,0.0,2.6607223,37.60876,2.6607223,0.0
2023-04-17 16:15:00+02:00,0.0,0.3259333333333333,2.797117721199538,0.0,2.7971177,0.32593333,7.812623,0.0,0.0,0.0,2.4711844,37.60876,2.4711844,0.0
2023-04-17 16:30:00+02:00,0.0,0.1745333333333333,3.1418428786367163,0.0,3.1418429,0.17453333,8.3995293,0.0,0.0,0.0,2.9673095,37.60876,2.9673095,0.0
2023-04-17 16:45:00+02:00,0.0,0.2653999999999999,1.4942397647456782,0.0,1.4942398,0.2654,9.1042653,0.0,0.0,0.0,1.2288398,37.60876,1.2288398,0.0
2023-04-17 17:00:00+02:00,0.0,0.2632,1.8748980956754149,0.0,1.8748981,0.2632,9.3961147,0.0,0.0,0.0,1.6116981,37.60876,1.6116981,0.0
2023-04-17 17:15:00+02:00,0.0,0.1994,1.104919135460292,0.0,1.1049191,0.1994,9.778893,0.0,0.0,0.0,0.90551914,37.60876,0.90551914,0.0
2023-04-17 17:30:00+02:00,0.0,0.2101333333333333,0.2355908462305407,0.0,0.23559085,0.21013333,9.9939538,0.0,0.0,0.0,0.025457513,37.60876,0.025457513,0.0
2023-04-17 17:45:00+02:00,0.0,0.2362,0.0,0.0,0.0,0.0,10.0,0.0,0.0,0.0,0.0,37.60876,0.0,0.2362
2023-04-17 18:00:00+02:00,0.0,0.2184,0.0,0.0,0.0,0.0,9.9378421,0.0,0.0,0.0,0.0,37.60876,0.0,0.2184
2023-04-17 18:15:00+02:00,0.0,0.1825999999999999,0.0,0.0,0.0,0.0,9.8803684,0.0,0.0,0.0,0.0,37.60876,0.0,0.1826
2023-04-17 18:30:00+02:00,0.0,0.1094,0.0,0.0,0.0,0.0,9.8323158,0.0,0.0,0.0,0.0,37.60876,0.0,0.1094
2023-04-17 18:45:00+02:00,0.0,0.1577333333333333,0.0,0.0,0.0,0.0,9.8035263,0.0,0.0,0.0,0.0,37.60876,0.0,0.15773333
2023-04-17 19:00:00+02:00,0.0,0.1316,0.0,0.0,0.0,0.0,9.7620175,0.0,0.0,0.0,0.0,37.60876,0.0,0.1316
2023-04-17 19:15:00+02:00,0.0,0.1635333333333333,0.0,0.0,0.0,0.0,9.727386,0.0,0.0,0.0,0.0,37.60876,0.0,0.16353333
2023-04-17 19:30:00+02:00,0.0,0.1740666666666666,0.0,0.0,0.0,0.0,9.6843509,0.0,0.0,0.0,0.0,37.60876,0.0,0.17406667
2023-04-17 19:45:00+02:00,0.0,0.1067999999999999,0.0,0.0,0.0,0.0,9.6385439,0.0,0.0,0.0,0.0,37.60876,0.0,0.1068
2023-04-17 20:00:00+02:00,0.0,0.1585333333333333,0.0,0.0,0.0,0.0,9.6104386,0.0,0.0,0.0,0.0,19.13401,0.0,0.15853333
2023-04-17 20:15:00+02:00,0.0,1.074,0.0,0.0,0.0,0.0,9.5687193,0.0,0.0,0.0,0.0,19.13401,0.0,1.074
2023-04-17 20:30:00+02:00,1.8656,6.865600000000001,0.0,0.0,0.0,0.0,9.2860877,0.0,0.0,0.0,0.0,19.13401,0.0,5.0
2023-04-17 20:45:00+02:00,4.2576667,9.257666666666664,0.0,0.0,0.0,0.0,7.9702982,0.0,0.0,0.0,0.0,19.13401,0.0,5.0
2023-04-17 21:00:00+02:00,0.0,0.3721333333333333,0.0,0.0,0.0,0.0,6.6545088,0.0,0.0,0.0,0.0,19.13401,0.0,0.37213333
2023-04-17 21:15:00+02:00,0.0,0.391,0.0,0.0,0.0,0.0,6.5565789,0.0,0.0,0.0,0.0,19.13401,0.0,0.391
2023-04-17 21:30:00+02:00,0.0,4.462,0.0,0.0,0.0,0.0,6.4536842,0.0,0.0,0.0,0.0,19.13401,0.0,4.462
2023-04-17 21:45:00+02:00,0.0,3.7706666666666666,0.0,0.0,0.0,0.0,5.2794737,0.0,0.0,0.0,0.0,19.13401,0.0,3.7706667
2023-04-17 22:00:00+02:00,0.0,1.1660666666666666,0.0,0.0,0.0,0.0,4.287193,0.0,0.0,0.0,0.0,19.13401,0.0,1.1660667
2023-04-17 22:15:00+02:00,0.0,0.6858666666666666,0.0,0.0,0.0,0.0,3.9803333,0.0,0.0,0.0,0.0,19.13401,0.0,0.68586667
2023-04-17 22:30:00+02:00,0.0,0.3894666666666666,0.0,0.0,0.0,0.0,3.7998421,0.0,0.0,0.0,0.0,19.13401,0.0,0.38946667
2023-04-17 22:45:00+02:00,0.0,0.3814666666666666,0.0,0.0,0.0,0.0,3.6973509,0.0,0.0,0.0,0.0,19.13401,0.0,0.38146667
2023-04-17 23:00:00+02:00,0.0,0.5667333333333333,0.0,0.0,0.0,0.0,3.5969649,0.0,0.0,0.0,0.0,19.13401,0.0,0.56673333
2023-04-17 23:15:00+02:00,0.0,0.3648,0.0,0.0,0.0,0.0,3.4478246,0.0,0.0,0.0,0.0,19.13401,0.0,0.3648
2023-04-17 23:30:00+02:00,0.0,0.2975333333333333,0.0,0.0,0.0,0.0,3.3518246,0.0,0.0,0.0,0.0,19.13401,0.0,0.29753333
2023-04-17 23:45:00+02:00,0.0,0.2636,0.0,0.0,0.0,0.0,3.2735263,0.0,0.0,0.0,0.0,19.13401,0.0,0.2636
2023-04-18 00:00:00+02:00,0.0,0.3366,0.0,0.0,0.0,0.0,3.2041579,0.0,0.0,0.0,0.0,19.13401,0.0,0.3366
2023-04-18 00:15:00+02:00,0.0,0.3282,0.0,0.0,0.0,0.0,3.1155789,0.0,0.0,0.0,0.0,19.13401,0.0,0.3282
2023-04-18 00:30:00+02:00,0.0,0.2698666666666667,0.0,0.0,0.0,0.0,3.0292105,0.0,0.0,0.0,0.0,19.13401,0.0,0.26986667
2023-04-18 00:45:00+02:00,0.0,0.3857333333333334,0.0,0.0,0.0,0.0,2.958193,0.0,0.0,0.0,0.0,19.13401,0.0,0.38573333
2023-04-18 01:00:00+02:00,0.0,0.3684666666666666,0.0,0.0,0.0,0.0,2.8566842,0.0,0.0,0.0,0.0,19.13401,0.0,0.36846667
2023-04-18 01:15:00+02:00,0.0,0.3043333333333333,0.0,0.0,0.0,0.0,2.7597193,0.0,0.0,0.0,0.0,19.13401,0.0,0.30433333
2023-04-18 01:30:00+02:00,0.0,0.2638666666666667,0.0,0.0,0.0,0.0,2.6796316,0.0,0.0,0.0,0.0,19.13401,0.0,0.26386667
2023-04-18 01:45:00+02:00,0.0,0.2040666666666666,0.0,0.0,0.0,0.0,2.610193,0.0,0.0,0.0,0.0,19.13401,0.0,0.20406667
2023-04-18 02:00:00+02:00,0.0,0.1384666666666666,0.0,0.0,0.0,0.0,2.5564912,0.0,0.0,0.0,0.0,19.13401,0.0,0.13846667
2023-04-18 02:15:00+02:00,0.0,0.1640666666666666,0.0,0.0,0.0,0.0,2.5200526,0.0,0.0,0.0,0.0,19.13401,0.0,0.16406667
2023-04-18 02:30:00+02:00,0.099643891,0.1580666666666666,0.0,0.0,0.0,0.0,2.4768772,0.0,0.0,0.0,0.0,19.13401,0.0,0.058422775
2023-04-18 02:45:00+02:00,0.1774,0.1774,0.0,0.0,0.0,0.0,2.4615028,0.0,0.0,0.0,0.0,19.13401,0.0,0.0
2023-04-18 03:00:00+02:00,0.1626,0.1626,0.0,0.0,0.0,0.0,2.4615028,0.0,0.0,0.0,0.0,19.13401,0.0,0.0
2023-04-18 03:15:00+02:00,0.21153333,0.2115333333333333,0.0,0.0,0.0,0.0,2.4615028,0.0,0.0,0.0,0.0,19.13401,0.0,0.0
2023-04-18 03:30:00+02:00,0.27973333,0.2797333333333333,0.0,0.0,0.0,0.0,2.4615028,0.0,0.0,0.0,0.0,19.13401,0.0,0.0
2023-04-18 03:45:00+02:00,0.25746667,0.2574666666666666,0.0,0.0,0.0,0.0,2.4615028,0.0,0.0,0.0,0.0,19.13401,0.0,0.0
2023-04-18 04:00:00+02:00,0.19486667,0.1948666666666667,0.0,0.0,0.0,0.0,2.4615028,0.0,0.0,0.0,0.0,19.13401,0.0,0.0
2023-04-18 04:15:00+02:00,0.1896,0.1896,0.0,0.0,0.0,0.0,2.4615028,0.0,0.0,0.0,0.0,19.13401,0.0,0.0
2023-04-18 04:30:00+02:00,0.164,0.164,0.0,0.0,0.0,0.0,2.4615028,0.0,0.0,0.0,0.0,19.13401,0.0,0.0
2023-04-18 04:45:00+02:00,0.15146667,0.1514666666666666,0.0,0.0,0.0,0.0,2.4615028,0.0,0.0,0.0,0.0,19.13401,0.0,0.0
2023-04-18 05:00:00+02:00,0.15446667,0.1544666666666666,0.0,0.0,0.0,0.0,2.4615028,0.0,0.0,0.0,0.0,19.13401,0.0,0.0
2023-04-18 05:15:00+02:00,0.17633333,0.1763333333333333,0.0,0.0,0.0,0.0,2.4615028,0.0,0.0,0.0,0.0,19.13401,0.0,0.0
2023-04-18 05:30:00+02:00,0.1684,0.1684,0.0,0.0,0.0,0.0,2.4615028,0.0,0.0,0.0,0.0,19.13401,0.0,0.0
2023-04-18 05:45:00+02:00,0.12653333,0.1265333333333333,0.0,0.0,0.0,0.0,2.4615028,0.0,0.0,0.0,0.0,19.13401,0.0,0.0
2023-04-18 06:00:00+02:00,0.0,0.2747333333333333,0.0,0.0,0.0,0.0,2.4615028,0.0,0.0,0.0,0.0,38.945130000000006,0.0,0.27473333
2023-04-18 06:15:00+02:00,0.0,0.2703333333333333,0.0,0.0,0.0,0.0,2.3892045,0.0,0.0,0.0,0.0,38.945130000000006,0.0,0.27033333
2023-04-18 06:30:00+02:00,0.0,0.2418666666666666,0.0,0.0,0.0,0.0,2.3180642,0.0,0.0,0.0,0.0,38.945130000000006,0.0,0.24186667
2023-04-18 06:45:00+02:00,0.0,0.2034666666666666,0.0535507779597874,0.0,0.053550778,0.053550778,2.2544151,0.0,0.0,0.0,0.0,38.945130000000006,0.0,0.14991589
2023-04-18 07:00:00+02:00,0.0,0.2432,0.0255534818833835,0.0,0.025553482,0.025553482,2.2149635,0.0,0.0,0.0,0.0,38.945130000000006,0.0,0.21764652
2023-04-18 07:15:00+02:00,0.0,0.1755333333333333,0.020999266934527,0.0,0.020999267,0.020999267,2.1576881,0.0,0.0,0.0,0.0,38.945130000000006,0.0,0.15453407
2023-04-18 07:30:00+02:00,0.0,0.7556666666666666,0.0392398173644835,0.0,0.039239817,0.039239817,2.1170213,0.0,0.0,0.0,0.0,38.945130000000006,0.0,0.71642685
2023-04-18 07:45:00+02:00,0.0,1.098666666666667,0.1046569541249199,0.0,0.10465695,0.10465695,1.9284879,0.0,0.0,0.0,0.0,38.945130000000006,0.0,0.99400971
2023-04-18 08:00:00+02:00,0.0,1.3690666666666669,0.122870406361789,0.0,0.12287041,0.12287041,1.6669064,0.0,0.0,0.0,0.0,38.945130000000006,0.0,1.2461963
2023-04-18 08:15:00+02:00,0.0,0.5124666666666667,0.117642356972928,0.0,0.11764236,0.11764236,1.33896,0.0,0.0,0.0,0.0,38.945130000000006,0.0,0.39482431
2023-04-18 08:30:00+02:00,0.0,0.3765333333333334,0.1556707763868827,0.0,0.15567078,0.15567078,1.2350588,0.0,0.0,0.0,0.0,38.945130000000006,0.0,0.22086256
2023-04-18 08:45:00+02:00,0.0,0.4708666666666666,0.2171632623830368,0.0,0.21716326,0.21716326,1.1769371,0.0,0.0,0.0,0.0,38.945130000000006,0.0,0.2537034
2023-04-18 09:00:00+02:00,0.0,0.4017333333333333,0.2774751542417351,0.0,0.27747515,0.27747515,1.1101731,0.0,0.0,0.0,0.0,38.945130000000006,0.0,0.12425818
2023-04-18 09:15:00+02:00,0.0,0.3796666666666667,0.2548436893368332,0.0,0.25484369,0.25484369,1.0774735,0.0,0.0,0.0,0.0,38.945130000000006,0.0,0.12482298
2023-04-18 09:30:00+02:00,0.0,0.2586,0.5493042640416492,0.0,0.54930426,0.2586,1.0446254,0.0,0.0,0.0,0.29070426,38.945130000000006,0.29070426,0.0
2023-04-18 09:45:00+02:00,0.0,0.2430666666666666,0.8668680003089377,0.0,0.866868,0.24306667,1.1136677,0.0,0.0,0.0,0.62380133,38.945130000000006,0.62380133,0.0
2023-04-18 10:00:00+02:00,0.0,0.2288,0.866572303751055,0.0,0.8665723,0.2288,1.2618205,0.0,0.0,0.0,0.6377723,38.945130000000006,0.6377723,0.0
2023-04-18 10:15:00+02:00,0.0,0.2658,0.6238214431072616,0.0,0.62382144,0.2658,1.4132914,0.0,0.0,0.0,0.35802144,38.945130000000006,0.35802144,0.0
2023-04-18 10:30:00+02:00,0.0,0.2477333333333333,0.589888829205366,0.0,0.58988883,0.24773333,1.4983215,0.0,0.0,0.0,0.3421555,38.945130000000006,0.3421555,0.0
2023-04-18 10:45:00+02:00,0.0,0.3203999999999999,0.6703249503878517,0.0,0.67032495,0.3204,1.5795834,0.0,0.0,0.0,0.34992495,38.945130000000006,0.34992495,0.0
2023-04-18 11:00:00+02:00,0.0,0.7058,0.5784512382202224,0.0,0.57845124,0.57845124,1.6626906,0.0,0.0,0.0,0.0,38.945130000000006,0.0,0.12734876
2023-04-18 11:15:00+02:00,0.0,1.165266666666667,0.8117560484687757,0.0,0.81175605,0.81175605,1.6291778,0.0,0.0,0.0,0.0,38.945130000000006,0.0,0.35351062
2023-04-18 11:30:00+02:00,0.0,2.0003333333333333,0.6841694795483916,0.0,0.68416948,0.68416948,1.5361487,0.0,0.0,0.0,0.0,38.945130000000006,0.0,1.3161639
2023-04-18 11:45:00+02:00,0.0,2.0687333333333333,0.6549777505422995,0.0,0.65497775,0.65497775,1.1897897,0.0,0.0,0.0,0.0,38.945130000000006,0.0,1.4137556
2023-04-18 12:00:00+02:00,0.0,2.148066666666667,0.4781421172110163,0.0,0.47814212,0.47814212,0.8177488,0.0,0.0,0.0,0.0,38.945130000000006,0.0,1.6699245
2023-04-18 12:15:00+02:00,0.0,1.342933333333333,0.4797442652304493,0.0,0.47974427,0.47974427,0.37829497,0.0,0.0,0.0,0.0,38.945130000000006,0.0,0.86318907
2023-04-18 12:30:00+02:00,0.0,0.6902666666666667,0.6571716406302065,0.0,0.65717164,0.65717164,0.15113996,0.0,0.0,0.0,0.0,38.945130000000006,0.0,0.033095026
2023-04-18 12:45:00+02:00,0.0,0.2895333333333333,0.962901619333855,0.0,0.96290162,0.28953333,0.14243074,0.0,0.0,0.0,0.67336829,38.945130000000006,0.67336829,0.0
2023-04-18 13:00:00+02:00,0.0,0.3894666666666666,1.3798603014041997,0.0,1.3798603,0.38946667,0.30235571,0.0,0.0,0.0,0.99039363,38.945130000000006,0.99039363,0.0
2023-04-18 13:15:00+02:00,0.0,0.3828666666666667,0.9637280872319272,0.0,0.96372809,0.38286667,0.53757419,0.0,0.0,0.0,0.58086142,38.945130000000006,0.58086142,0.0
2023-04-18 13:30:00+02:00,0.0,0.4742666666666666,0.832132505617187,0.0,0.83213251,0.47426667,0.67552878,0.0,0.0,0.0,0.35786584,38.945130000000006,0.35786584,0.0
2023-04-18 13:45:00+02:00,0.0,0.4128666666666666,1.0183067712148928,0.0,1.0183068,0.41286667,0.76052192,0.0,0.0,0.0,0.6054401,38.945130000000006,0.6054401,0.0
2023-04-18 14:00:00+02:00,0.0,0.3843333333333333,2.583084026073021,0.0,2.583084,0.38433333,0.90431394,0.0,0.0,0.0,2.1987507,38.945130000000006,2.1987507,0.0
2023-04-18 14:15:00+02:00,0.0,0.3857333333333334,1.741210977675708,0.0,1.741211,0.38573333,1.4265172,0.0,0.0,0.0,1.3554776,38.945130000000006,1.3554776,0.0
2023-04-18 14:30:00+02:00,0.0,0.4211999999999999,0.954781387581944,0.0,0.95478139,0.4212,1.7484432,0.0,0.0,0.0,0.53358139,38.945130000000006,0.53358139,0.0
2023-04-18 14:45:00+02:00,0.0,0.2691333333333333,0.6780840941895547,0.0,0.67808409,0.26913333,1.8751688,0.0,0.0,0.0,0.40895076,38.945130000000006,0.40895076,0.0
2023-04-18 15:00:00+02:00,0.0,0.411,0.7456209450674742,0.0,0.74562095,0.411,1.9722946,0.0,0.0,0.0,0.33462095,38.945130000000006,0.33462095,0.0
2023-04-18 15:15:00+02:00,0.0,0.559,0.6337607624914231,0.0,0.63376076,0.559,2.051767,0.0,0.0,0.0,0.074760762,38.945130000000006,0.074760762,0.0
2023-04-18 15:30:00+02:00,0.0,0.3114666666666666,0.566684391784358,0.0,0.56668439,0.31146667,2.0695227,0.0,0.0,0.0,0.25521773,38.945130000000006,0.25521773,0.0
2023-04-18 15:45:00+02:00,0.0,2.4884,0.3816961213867501,0.0,0.38169612,0.38169612,2.1301369,0.0,0.0,0.0,0.0,38.945130000000006,0.0,2.1067039
2023-04-18 16:00:00+02:00,0.0,4.562666666666667,0.3032650182839666,0.0,0.30326502,0.30326502,1.5757412,0.0,0.0,0.0,0.0,38.945130000000006,0.0,4.2594016
2023-04-18 16:15:00+02:00,0.0,0.2845333333333333,0.3507447770198321,0.0,0.35074478,0.28453333,0.454846,0.0,0.0,0.0,0.066211444,38.945130000000006,0.066211444,0.0
2023-04-18 16:30:00+02:00,0.0,0.2559333333333333,0.47777714490794,0.0,0.47777714,0.25593333,0.47057121,0.0,0.0,0.0,0.22184381,38.945130000000006,0.22184381,0.0
2023-04-18 16:45:00+02:00,0.0,0.1288,0.2907718685599459,0.0,0.29077187,0.1288,0.52325912,0.0,0.0,0.0,0.16197187,38.945130000000006,0.16197187,0.0
2023-04-18 17:00:00+02:00,0.0,0.1348,0.3733036162830354,0.0,0.37330362,0.1348,0.56172744,0.0,0.0,0.0,0.23850362,38.945130000000006,0.23850362,0.0
2023-04-18 17:15:00+02:00,0.0,0.1810666666666666,0.3760005404890432,0.0,0.37600054,0.18106667,0.61837205,0.0,0.0,0.0,0.19493387,38.945130000000006,0.19493387,0.0
2023-04-18 17:30:00+02:00,0.0,0.1590666666666666,0.2125149391445497,0.0,0.21251494,0.15906667,0.66466884,0.0,0.0,0.0,0.053448272,38.945130000000006,0.053448272,0.0
2023-04-18 17:45:00+02:00,0.0,0.2173333333333333,0.2130305224022789,0.0,0.21303052,0.21303052,0.67736281,0.0,0.0,0.0,0.0,38.945130000000006,0.0,0.0043028109
2023-04-18 18:00:00+02:00,0.0,0.2105999999999999,0.122857482499583,0.0,0.12285748,0.12285748,0.67623049,0.0,0.0,0.0,0.0,38.945130000000006,0.0,0.087742518
2023-04-18 18:15:00+02:00,0.0,0.1681333333333333,0.0,0.0,0.0,0.0,0.65314035,0.0,0.0,0.0,0.0,38.945130000000006,0.0,0.16813333
2023-04-18 18:30:00+02:00,0.0,0.1704666666666666,0.0,0.0,0.0,0.0,0.60889474,0.0,0.0,0.0,0.0,38.945130000000006,0.0,0.17046667
2023-04-18 18:45:00+02:00,0.0,0.2083333333333333,0.0,0.0,0.0,0.0,0.56403509,0.0,0.0,0.0,0.0,38.945130000000006,0.0,0.20833333
2023-04-18 19:00:00+02:00,0.0,0.2673999999999999,0.0,0.0,0.0,0.0,0.50921053,0.0,0.0,0.0,0.0,38.945130000000006,0.0,0.2674
2023-04-18 19:15:00+02:00,0.0,0.3768666666666667,0.0,0.0,0.0,0.0,0.43884211,0.0,0.0,0.0,0.0,38.945130000000006,0.0,0.37686667
2023-04-18 19:30:00+02:00,0.0,0.5157999999999999,0.0,0.0,0.0,0.0,0.33966667,0.0,0.0,0.0,0.0,38.945130000000006,0.0,0.5158
2023-04-18 19:45:00+02:00,0.0,0.7749333333333333,0.0,0.0,0.0,0.0,0.20392982,0.0,0.0,0.0,0.0,38.945130000000006,0.0,0.77493333
2023-04-18 20:00:00+02:00,5.6711333,0.6711333333333334,0.0,0.0,0.0,0.0,0.0,0.0,0.0,0.0,0.0,17.036039999999996,5.0,0.0
2023-04-18 20:15:00+02:00,0.62726667,0.6272666666666666,0.0,0.0,0.0,0.0,1.1875,0.0,0.0,0.0,0.0,17.036039999999996,0.0,0.0
2023-04-18 20:30:00+02:00,0.62253333,0.6225333333333333,0.0,0.0,0.0,0.0,1.1875,0.0,0.0,0.0,0.0,17.036039999999996,0.0,0.0
2023-04-18 20:45:00+02:00,0.68973333,0.6897333333333333,0.0,0.0,0.0,0.0,1.1875,0.0,0.0,0.0,0.0,17.036039999999996,0.0,0.0
2023-04-18 21:00:00+02:00,0.60973333,0.6097333333333333,0.0,0.0,0.0,0.0,1.1875,0.0,0.0,0.0,0.0,17.036039999999996,0.0,0.0
2023-04-18 21:15:00+02:00,0.6602,0.6602,0.0,0.0,0.0,0.0,1.1875,0.0,0.0,0.0,0.0,17.036039999999996,0.0,0.0
2023-04-18 21:30:00+02:00,0.4988,0.4988,0.0,0.0,0.0,0.0,1.1875,0.0,0.0,0.0,0.0,17.036039999999996,0.0,0.0
2023-04-18 21:45:00+02:00,0.50633333,0.5063333333333333,0.0,0.0,0.0,0.0,1.1875,0.0,0.0,0.0,0.0,17.036039999999996,0.0,0.0
2023-04-18 22:00:00+02:00,0.49426667,0.4942666666666666,0.0,0.0,0.0,0.0,1.1875,0.0,0.0,0.0,0.0,17.036039999999996,0.0,0.0
2023-04-18 22:15:00+02:00,0.4058,0.4058,0.0,0.0,0.0,0.0,1.1875,0.0,0.0,0.0,0.0,17.036039999999996,0.0,0.0
2023-04-18 22:30:00+02:00,0.50493333,0.5049333333333333,0.0,0.0,0.0,0.0,1.1875,0.0,0.0,0.0,0.0,17.036039999999996,0.0,0.0
2023-04-18 22:45:00+02:00,0.62186667,0.6218666666666667,0.0,0.0,0.0,0.0,1.1875,0.0,0.0,0.0,0.0,17.036039999999996,0.0,0.0
2023-04-18 23:00:00+02:00,0.57386667,0.5738666666666666,0.0,0.0,0.0,0.0,1.1875,0.0,0.0,0.0,0.0,17.036039999999996,0.0,0.0
2023-04-18 23:15:00+02:00,0.49473333,0.4947333333333333,0.0,0.0,0.0,0.0,1.1875,0.0,0.0,0.0,0.0,17.036039999999996,0.0,0.0
2023-04-18 23:30:00+02:00,0.52506667,0.5250666666666667,0.0,0.0,0.0,0.0,1.1875,0.0,0.0,0.0,0.0,17.036039999999996,0.0,0.0
2023-04-18 23:45:00+02:00,0.43273333,0.4327333333333333,0.0,0.0,0.0,0.0,1.1875,0.0,0.0,0.0,0.0,17.036039999999996,0.0,0.0
2023-04-19 00:00:00+02:00,0.52086667,0.5208666666666667,0.0,0.0,0.0,0.0,1.1875,0.0,0.0,0.0,0.0,17.036039999999996,0.0,0.0
2023-04-19 00:15:00+02:00,0.45413333,0.4541333333333333,0.0,0.0,0.0,0.0,1.1875,0.0,0.0,0.0,0.0,17.036039999999996,0.0,0.0
2023-04-19 00:30:00+02:00,0.44866667,0.4486666666666666,0.0,0.0,0.0,0.0,1.1875,0.0,0.0,0.0,0.0,17.036039999999996,0.0,0.0
2023-04-19 00:45:00+02:00,0.41026667,0.4102666666666666,0.0,0.0,0.0,0.0,1.1875,0.0,0.0,0.0,0.0,17.036039999999996,0.0,0.0
2023-04-19 01:00:00+02:00,0.662,0.662,0.0,0.0,0.0,0.0,1.1875,0.0,0.0,0.0,0.0,17.036039999999996,0.0,0.0
2023-04-19 01:15:00+02:00,0.40973333,0.4097333333333333,0.0,0.0,0.0,0.0,1.1875,0.0,0.0,0.0,0.0,17.036039999999996,0.0,0.0
2023-04-19 01:30:00+02:00,0.30846667,0.3084666666666666,0.0,0.0,0.0,0.0,1.1875,0.0,0.0,0.0,0.0,17.036039999999996,0.0,0.0
2023-04-19 01:45:00+02:00,0.29753333,0.2975333333333333,0.0,0.0,0.0,0.0,1.1875,0.0,0.0,0.0,0.0,17.036039999999996,0.0,0.0
2023-04-19 02:00:00+02:00,0.361,0.361,0.0,0.0,0.0,0.0,1.1875,0.0,0.0,0.0,0.0,17.036039999999996,0.0,0.0
2023-04-19 02:15:00+02:00,0.27133333,0.2713333333333333,0.0,0.0,0.0,0.0,1.1875,0.0,0.0,0.0,0.0,17.036039999999996,0.0,0.0
2023-04-19 02:30:00+02:00,0.29413333,0.2941333333333333,0.0,0.0,0.0,0.0,1.1875,0.0,0.0,0.0,0.0,17.036039999999996,0.0,0.0
2023-04-19 02:45:00+02:00,0.29926667,0.2992666666666666,0.0,0.0,0.0,0.0,1.1875,0.0,0.0,0.0,0.0,17.036039999999996,0.0,0.0
2023-04-19 03:00:00+02:00,0.2906,0.2906,0.0,0.0,0.0,0.0,1.1875,0.0,0.0,0.0,0.0,17.036039999999996,0.0,0.0
2023-04-19 03:15:00+02:00,0.328,0.328,0.0,0.0,0.0,0.0,1.1875,0.0,0.0,0.0,0.0,17.036039999999996,0.0,0.0
2023-04-19 03:30:00+02:00,0.39353333,0.3935333333333333,0.0,0.0,0.0,0.0,1.1875,0.0,0.0,0.0,0.0,17.036039999999996,0.0,0.0
2023-04-19 03:45:00+02:00,0.3744,0.3743999999999999,0.0,0.0,0.0,0.0,1.1875,0.0,0.0,0.0,0.0,17.036039999999996,0.0,0.0
2023-04-19 04:00:00+02:00,0.3232,0.3232,0.0,0.0,0.0,0.0,1.1875,0.0,0.0,0.0,0.0,17.036039999999996,0.0,0.0
2023-04-19 04:15:00+02:00,0.23246667,0.2324666666666666,0.0,0.0,0.0,0.0,1.1875,0.0,0.0,0.0,0.0,17.036039999999996,0.0,0.0
2023-04-19 04:30:00+02:00,2.4387702,0.2650666666666667,0.0,0.0,0.0,0.0,1.1875,0.0,0.0,0.0,0.0,17.036039999999996,2.1737035,0.0
2023-04-19 04:45:00+02:00,5.2154667,0.2154666666666666,0.0,0.0,0.0,0.0,1.7037546,0.0,0.0,0.0,0.0,17.036039999999996,5.0,0.0
2023-04-19 05:00:00+02:00,5.2374,0.2374,0.0,0.0,0.0,0.0,2.8912546,0.0,0.0,0.0,0.0,17.036039999999996,5.0,0.0
2023-04-19 05:15:00+02:00,5.2324667,0.2324666666666666,0.0,0.0,0.0,0.0,4.0787546,0.0,0.0,0.0,0.0,17.036039999999996,5.0,0.0
2023-04-19 05:30:00+02:00,5.2197333,0.2197333333333333,0.0,0.0,0.0,0.0,5.2662546,0.0,0.0,0.0,0.0,17.036039999999996,5.0,0.0
2023-04-19 05:45:00+02:00,5.2685333,0.2685333333333333,0.0,0.0,0.0,0.0,6.4537546,0.0,0.0,0.0,0.0,17.036039999999996,5.0,0.0
2023-04-19 06:00:00+02:00,0.0,0.3235333333333333,0.0,0.0,0.0,0.0,7.6412546,0.0,0.0,0.0,0.0,42.96376,0.0,0.32353333
2023-04-19 06:15:00+02:00,0.0,0.3212,0.0,0.0,0.0,0.0,7.5561142,0.0,0.0,0.0,0.0,42.96376,0.0,0.3212
2023-04-19 06:30:00+02:00,0.0,0.8737333333333334,0.0,0.0,0.0,0.0,7.4715879,0.0,0.0,0.0,0.0,42.96376,0.0,0.87373333
2023-04-19 06:45:00+02:00,0.0,1.2515999999999998,0.0,0.0,0.0,0.0,7.2416581,0.0,0.0,0.0,0.0,42.96376,0.0,1.2516
2023-04-19 07:00:00+02:00,0.0,0.4761333333333333,0.0170906855074032,0.0,0.017090686,0.017090686,6.9122897,0.0,0.0,0.0,0.0,42.96376,0.0,0.45904265
2023-04-19 07:15:00+02:00,0.0,0.2372666666666666,0.0561152235913074,0.0,0.056115224,0.056115224,6.791489,0.0,0.0,0.0,0.0,42.96376,0.0,0.18115144
2023-04-19 07:30:00+02:00,0.0,0.2110666666666666,0.1215679170335171,0.0,0.12156792,0.12156792,6.7438176,0.0,0.0,0.0,0.0,42.96376,0.0,0.08949875
2023-04-19 07:45:00+02:00,0.0,0.2812,0.1913468928242132,0.0,0.19134689,0.19134689,6.7202652,0.0,0.0,0.0,0.0,42.96376,0.0,0.089853107
2023-04-19 08:00:00+02:00,0.0,0.2612,0.3183241351647142,0.0,0.31832414,0.2612,6.6966197,0.057124135,0.0,0.057124135,0.0,42.96376,0.0,0.0
2023-04-19 08:15:00+02:00,0.0,0.2882666666666666,0.546694270532575,0.0,0.54669427,0.28826667,6.6966197,0.2584276,0.0,0.2584276,0.0,42.96376,0.0,0.0
2023-04-19 08:30:00+02:00,0.0,0.3169333333333333,0.7574142134325985,0.0,0.75741421,0.31693333,6.6966197,0.44048088,0.0,0.44048088,0.0,42.96376,0.0,0.0
2023-04-19 08:45:00+02:00,0.0,0.2730666666666667,1.118026495145322,0.0,1.1180265,0.27306667,6.6966197,0.84495983,0.0,0.84495983,0.0,42.96376,0.0,0.0
2023-04-19 09:00:00+02:00,0.0,0.358,1.3258694825969957,0.0,1.3258695,0.358,6.6966197,0.96786948,0.0,0.96786948,0.0,42.96376,0.0,0.0
2023-04-19 09:15:00+02:00,0.0,0.1788666666666666,1.4303192991857685,0.0,1.4303193,0.17886667,6.6966197,1.2514526,0.0,1.2514526,0.0,42.96376,0.0,0.0
2023-04-19 09:30:00+02:00,0.0,0.1564666666666666,2.12457043594232,0.0,2.1245704,0.15646667,6.6966197,1.9681038,0.0,1.9681038,0.0,42.96376,0.0,0.0
2023-04-19 09:45:00+02:00,0.0,0.219,2.11602376345879,0.0,2.1160238,0.219,6.6966197,1.8970238,0.0,1.8970238,0.0,42.96376,0.0,0.0
2023-04-19 10:00:00+02:00,0.0,0.1769333333333333,1.2415000907906604,0.0,1.2415001,0.17693333,6.6966197,1.0645668,0.0,1.0645668,0.0,42.96376,0.0,0.0
2023-04-19 10:15:00+02:00,0.0,0.2516,1.6262450137438988,0.0,1.626245,0.2516,6.6966197,1.374645,0.0,1.374645,0.0,42.96376,0.0,0.0
2023-04-19 10:30:00+02:00,0.0,0.2227333333333333,1.7704081537962653,0.0,1.7704082,0.22273333,6.6966197,1.5476748,0.0,1.5476748,0.0,42.96376,0.0,0.0
2023-04-19 10:45:00+02:00,0.0,0.2975333333333333,1.325269732294565,0.0,1.3252697,0.29753333,6.6966197,1.0277364,0.0,1.0277364,0.0,42.96376,0.0,0.0
2023-04-19 11:00:00+02:00,0.0,0.292,2.4845143551876965,0.0,2.4845144,0.292,6.6966197,2.1925144,0.0,2.1925144,0.0,42.96376,0.0,0.0
2023-04-19 11:15:00+02:00,0.0,0.2779333333333333,1.4184293778338706,0.0,1.4184294,0.27793333,6.6966197,1.140496,0.0,1.140496,0.0,42.96376,0.0,0.0
2023-04-19 11:30:00+02:00,0.0,0.7127333333333333,1.262796522514222,0.0,1.2627965,0.71273333,6.6966197,0.55006319,0.0,0.55006319,0.0,42.96376,0.0,0.0
2023-04-19 11:45:00+02:00,0.0,0.3481333333333333,0.8966974351259932,0.0,0.89669744,0.34813333,6.6966197,0.5485641,0.0,0.5485641,0.0,42.96376,0.0,0.0
2023-04-19 12:00:00+02:00,0.0,0.2374,0.1303300870099824,0.0,0.13033009,0.13033009,6.6966197,0.0,0.0,0.0,0.0,42.96376,0.0,0.10706991
2023-04-19 12:15:00+02:00,0.0,0.2476,0.3370603166794051,0.0,0.33706032,0.2476,6.6684434,0.089460317,0.0,0.089460317,0.0,42.96376,0.0,0.0
2023-04-19 12:30:00+02:00,0.0,0.2058,0.7564959857601969,0.0,0.75649599,0.2058,6.6684434,0.55069599,0.0,0.55069599,0.0,42.96376,0.0,0.0
2023-04-19 12:45:00+02:00,0.0,0.4433333333333333,1.4097111773234694,0.0,1.4097112,0.44333333,6.6684434,0.96637784,0.0,0.96637784,0.0,42.96376,0.0,0.0
2023-04-19 13:00:00+02:00,0.0,0.7939333333333333,0.680469564514556,0.0,0.68046956,0.68046956,6.6684434,0.0,0.0,0.0,0.0,42.96376,0.0,0.11346377
2023-04-19 13:15:00+02:00,0.0,0.4538666666666667,0.9081751136539028,0.0,0.90817511,0.45386667,6.6385845,0.45430845,0.0,0.45430845,0.0,42.96376,0.0,0.0
2023-04-19 13:30:00+02:00,0.0,0.3140666666666666,1.0275907937451576,0.0,1.0275908,0.31406667,6.6385845,0.71352413,0.0,0.71352413,0.0,42.96376,0.0,0.0
2023-04-19 13:45:00+02:00,0.0,0.2498,2.1540481123161546,0.0,2.1540481,0.2498,6.6385845,1.3808069,0.0,1.3808069,0.52344117,42.96376,0.52344117,0.0
2023-04-19 14:00:00+02:00,0.0,0.229,2.534443598251411,0.0,2.5344436,0.229,6.7629018,0.0,0.0,0.0,2.3054436,42.96376,2.3054436,0.0
2023-04-19 14:15:00+02:00,0.0,0.2462666666666667,2.4773107848072,0.0,2.4773108,0.24626667,7.3104446,0.0,0.0,0.0,2.2310441,42.96376,2.2310441,0.0
2023-04-19 14:30:00+02:00,0.0,0.3054,0.4849749878832234,0.0,0.48497499,0.3054,7.8403176,0.0,0.0,0.0,0.17957499,42.96376,0.17957499,0.0
2023-04-19 14:45:00+02:00,0.0,0.7782,0.4484580682794273,0.0,0.44845807,0.44845807,7.8829667,0.0,0.0,0.0,0.0,42.96376,0.0,0.32974193
2023-04-19 15:00:00+02:00,0.0,0.2696,0.4932780711800624,0.0,0.49327807,0.2696,7.7961925,0.0,0.0,0.0,0.22367807,42.96376,0.22367807,0.0
2023-04-19 15:15:00+02:00,0.0,0.2019333333333333,0.754373402980178,0.0,0.7543734,0.20193333,7.849316,0.0,0.0,0.0,0.55244007,42.96376,0.55244007,0.0
2023-04-19 15:30:00+02:00,0.0,0.2709333333333333,0.5853637697893055,0.0,0.58536377,0.27093333,7.9805206,0.0,0.0,0.0,0.31443044,42.96376,0.31443044,0.0
2023-04-19 15:45:00+02:00,0.0,0.4426666666666667,0.5760351901390625,0.0,0.57603519,0.44266667,8.0551978,0.0,0.0,0.0,0.13336852,42.96376,0.13336852,0.0
2023-04-19 16:00:00+02:00,0.0,1.3504666666666667,0.7111686019879075,0.0,0.7111686,0.7111686,8.0868728,0.0,0.0,0.0,0.0,42.96376,0.0,0.63929806
2023-04-19 16:15:00+02:00,0.0,1.1085999999999998,0.7214379073108231,0.0,0.72143791,0.72143791,7.9186365,0.0,0.0,0.0,0.0,42.96376,0.0,0.38716209
2023-04-19 16:30:00+02:00,0.0,3.4576666666666664,0.9405625850122836,0.0,0.94056259,0.94056259,7.8167517,0.0,0.0,0.0,0.0,42.96376,0.0,2.5171041
2023-04-19 16:45:00+02:00,0.0,1.8454,0.5227985556948263,0.0,0.52279856,0.52279856,7.1543559,0.0,0.0,0.0,0.0,42.96376,0.0,1.3226014
2023-04-19 17:00:00+02:00,0.0,0.6872,1.3484067432555364,0.0,1.3484067,0.6872,6.8063029,0.0,0.0,0.0,0.66120674,42.96376,0.66120674,0.0
2023-04-19 17:15:00+02:00,0.0,0.4352666666666666,0.7785360820483566,0.0,0.77853608,0.43526667,6.9633395,0.0,0.0,0.0,0.34326942,42.96376,0.34326942,0.0
2023-04-19 17:30:00+02:00,0.0,0.4744666666666666,0.1561225936151227,0.0,0.15612259,0.15612259,7.044866,0.0,0.0,0.0,0.0,42.96376,0.0,0.31834407
2023-04-19 17:45:00+02:00,0.0,0.4375333333333334,0.0440749332753667,0.0,0.044074933,0.044074933,6.9610912,0.0,0.0,0.0,0.0,42.96376,0.0,0.3934584
2023-04-19 18:00:00+02:00,0.0,0.5294666666666668,0.0689383496263878,0.0,0.06893835,0.06893835,6.8575495,0.0,0.0,0.0,0.0,42.96376,0.0,0.46052832
2023-04-19 18:15:00+02:00,0.0,0.4834666666666666,0.0,0.0,0.0,0.0,6.7363579,0.0,0.0,0.0,0.0,42.96376,0.0,0.48346667
2023-04-19 18:30:00+02:00,0.0,0.5999333333333333,0.0,0.0,0.0,0.0,6.6091298,0.0,0.0,0.0,0.0,42.96376,0.0,0.59993333
2023-04-19 18:45:00+02:00,0.0,0.8731333333333333,0.0,0.0,0.0,0.0,6.4512526,0.0,0.0,0.0,0.0,42.96376,0.0,0.87313333
2023-04-19 19:00:00+02:00,0.0,0.9724666666666668,0.0,0.0,0.0,0.0,6.2214807,0.0,0.0,0.0,0.0,42.96376,0.0,0.97246667
2023-04-19 19:15:00+02:00,0.0,2.1808,0.0,0.0,0.0,0.0,5.9655684,0.0,0.0,0.0,0.0,42.96376,0.0,2.1808
2023-04-19 19:30:00+02:00,0.0,1.1738666666666666,0.0,0.0,0.0,0.0,5.3916737,0.0,0.0,0.0,0.0,42.96376,0.0,1.1738667
2023-04-19 19:45:00+02:00,0.0,0.9252,0.0,0.0,0.0,0.0,5.0827614,0.0,0.0,0.0,0.0,42.96376,0.0,0.9252
2023-04-19 20:00:00+02:00,0.0,0.7241333333333333,0.0,0.0,0.0,0.0,4.8392877,0.0,0.0,0.0,0.0,20.8845,0.0,0.72413333
2023-04-19 20:15:00+02:00,0.0,0.7141333333333333,0.0,0.0,0.0,0.0,4.6487263,0.0,0.0,0.0,0.0,20.8845,0.0,0.71413333
2023-04-19 20:30:00+02:00,0.0,1.011,0.0,0.0,0.0,0.0,4.4607965,0.0,0.0,0.0,0.0,20.8845,0.0,1.011
2023-04-19 20:45:00+02:00,0.0,1.6938,0.0,0.0,0.0,0.0,4.1947438,0.0,0.0,0.0,0.0,20.8845,0.0,1.6938
2023-04-19 21:00:00+02:00,0.0,0.8066,0.0,0.0,0.0,0.0,3.749007,0.0,0.0,0.0,0.0,20.8845,0.0,0.8066
2023-04-19 21:15:00+02:00,0.0,0.7417333333333334,0.0,0.0,0.0,0.0,3.5367438,0.0,0.0,0.0,0.0,20.8845,0.0,0.74173333
2023-04-19 21:30:00+02:00,0.0,0.7844,0.0,0.0,0.0,0.0,3.3415509,0.0,0.0,0.0,0.0,20.8845,0.0,0.7844
2023-04-19 21:45:00+02:00,0.0,0.7373999999999999,0.0,0.0,0.0,0.0,3.1351298,0.0,0.0,0.0,0.0,20.8845,0.0,0.7374
2023-04-19 22:00:00+02:00,0.0,0.7338,0.0,0.0,0.0,0.0,2.9410772,0.0,0.0,0.0,0.0,20.8845,0.0,0.7338
2023-04-19 22:15:00+02:00,0.0,0.6669333333333333,0.0,0.0,0.0,0.0,2.7479719,0.0,0.0,0.0,0.0,20.8845,0.0,0.66693333
2023-04-19 22:30:00+02:00,0.0,0.6764,0.0,0.0,0.0,0.0,2.5724631,0.0,0.0,0.0,0.0,20.8845,0.0,0.6764
2023-04-19 22:45:00+02:00,0.0,0.6212000000000001,0.0,0.0,0.0,0.0,2.3944631,0.0,0.0,0.0,0.0,20.8845,0.0,0.6212
2023-04-19 23:00:00+02:00,0.0,0.4702666666666666,0.0,0.0,0.0,0.0,2.2309895,0.0,0.0,0.0,0.0,20.8845,0.0,0.47026667
2023-04-19 23:15:00+02:00,0.0,0.3604666666666666,0.0,0.0,0.0,0.0,2.1072351,0.0,0.0,0.0,0.0,20.8845,0.0,0.36046667
2023-04-19 23:30:00+02:00,0.0,0.1829333333333333,0.0,0.0,0.0,0.0,2.0123754,0.0,0.0,0.0,0.0,20.8845,0.0,0.18293333
2023-04-19 23:45:00+02:00,0.0,0.2524666666666667,0.0,0.0,0.0,0.0,1.9642351,0.0,0.0,0.0,0.0,20.8845,0.0,0.25246667
2023-04-20 00:00:00+02:00,0.0,0.2133333333333333,0.0,0.0,0.0,0.0,1.8977965,0.0,0.0,0.0,0.0,20.8845,0.0,0.21333333
2023-04-20 00:15:00+02:00,0.0,0.1967333333333333,0.0,0.0,0.0,0.0,1.8416561,0.0,0.0,0.0,0.0,20.8845,0.0,0.19673333
2023-04-20 00:30:00+02:00,0.0,0.2456666666666666,0.0,0.0,0.0,0.0,1.7898842,0.0,0.0,0.0,0.0,20.8845,0.0,0.24566667
2023-04-20 00:45:00+02:00,0.0,0.2397333333333333,0.0,0.0,0.0,0.0,1.7252351,0.0,0.0,0.0,0.0,20.8845,0.0,0.23973333
2023-04-20 01:00:00+02:00,0.0,0.1871999999999999,0.0,0.0,0.0,0.0,1.6621473,0.0,0.0,0.0,0.0,20.8845,0.0,0.1872
2023-04-20 01:15:00+02:00,0.0,0.3134666666666666,0.0,0.0,0.0,0.0,1.6128842,0.0,0.0,0.0,0.0,20.8845,0.0,0.31346667
2023-04-20 01:30:00+02:00,0.0,0.2740666666666667,0.0,0.0,0.0,0.0,1.530393,0.0,0.0,0.0,0.0,20.8845,0.0,0.27406667
2023-04-20 01:45:00+02:00,0.0,0.2452666666666667,0.0,0.0,0.0,0.0,1.4582702,0.0,0.0,0.0,0.0,20.8845,0.0,0.24526667
2023-04-20 02:00:00+02:00,0.0,0.2372666666666666,0.0,0.0,0.0,0.0,1.3937263,0.0,0.0,0.0,0.0,20.8845,0.0,0.23726667
2023-04-20 02:15:00+02:00,0.0,0.2032666666666666,0.0,0.0,0.0,0.0,1.3312877,0.0,0.0,0.0,0.0,20.8845,0.0,0.20326667
2023-04-20 02:30:00+02:00,0.0,0.1914,0.0,0.0,0.0,0.0,1.2777965,0.0,0.0,0.0,0.0,20.8845,0.0,0.1914
2023-04-20 02:45:00+02:00,0.0,0.2118666666666666,0.0,0.0,0.0,0.0,1.227428,0.0,0.0,0.0,0.0,20.8845,0.0,0.21186667
2023-04-20 03:00:00+02:00,0.0,0.1747333333333333,0.0,0.0,0.0,0.0,1.1716737,0.0,0.0,0.0,0.0,20.8845,0.0,0.17473333
2023-04-20 03:15:00+02:00,0.0,0.2323333333333333,0.0,0.0,0.0,0.0,1.1256912,0.0,0.0,0.0,0.0,20.8845,0.0,0.23233333
2023-04-20 03:30:00+02:00,0.0,0.253,0.0,0.0,0.0,0.0,1.0645509,0.0,0.0,0.0,0.0,20.8845,0.0,0.253
2023-04-20 03:45:00+02:00,0.0,0.3078,0.0,0.0,0.0,0.0,0.99797191,0.0,0.0,0.0,0.0,20.8845,0.0,0.3078
2023-04-20 04:00:00+02:00,0.0,0.2637333333333334,0.0,0.0,0.0,0.0,0.91697191,0.0,0.0,0.0,0.0,20.8845,0.0,0.26373333
2023-04-20 04:15:00+02:00,0.0,0.2618666666666667,0.0,0.0,0.0,0.0,0.8475684,0.0,0.0,0.0,0.0,20.8845,0.0,0.26186667
2023-04-20 04:30:00+02:00,0.0,0.2278666666666666,0.0,0.0,0.0,0.0,0.77865612,0.0,0.0,0.0,0.0,20.8845,0.0,0.22786667
2023-04-20 04:45:00+02:00,0.0,0.1782666666666666,0.0,0.0,0.0,0.0,0.71869121,0.0,0.0,0.0,0.0,20.8845,0.0,0.17826667
2023-04-20 05:00:00+02:00,0.0,0.2240666666666666,0.0,0.0,0.0,0.0,0.67177892,0.0,0.0,0.0,0.0,20.8845,0.0,0.22406667
2023-04-20 05:15:00+02:00,0.0,0.2404,0.0,0.0,0.0,0.0,0.61281401,0.0,0.0,0.0,0.0,20.8845,0.0,0.2404
2023-04-20 05:30:00+02:00,0.0,0.2389333333333333,0.0,0.0,0.0,0.0,0.54955085,0.0,0.0,0.0,0.0,20.8845,0.0,0.23893333
2023-04-20 05:45:00+02:00,0.0,0.3143999999999999,0.0,0.0,0.0,0.0,0.48667366,0.0,0.0,0.0,0.0,20.8845,0.0,0.3144
2023-04-20 06:00:00+02:00,0.0,0.4253333333333333,0.0,0.0,0.0,0.0,0.40393682,0.0,0.0,0.0,0.0,31.56356,0.0,0.42533333
2023-04-20 06:15:00+02:00,0.0,0.3888,0.0645790234342989,0.0,0.064579023,0.064579023,0.29200699,0.0,0.0,0.0,0.0,31.56356,0.0,0.32422098
2023-04-20 06:30:00+02:00,0.0,0.6424666666666667,0.1760641652038204,0.0,0.17606417,0.17606417,0.20668568,0.0,0.0,0.0,0.0,31.56356,0.0,0.4664025
2023-04-20 06:45:00+02:00,0.0,0.7094666666666667,0.3904635653304971,0.0,0.39046357,0.39046357,0.083948185,0.0,0.0,0.0,0.0,31.56356,0.0,0.3190031
2023-04-20 07:00:00+02:00,0.0,0.2912,0.6041959685841202,0.0,0.60419597,0.2912,0.0,0.31299597,0.0,0.31299597,0.0,31.56356,0.0,0.0
2023-04-20 07:15:00+02:00,0.0,0.251,0.8943214845272436,0.0,0.89432148,0.251,0.0,0.64332148,0.0,0.64332148,0.0,31.56356,0.0,0.0
2023-04-20 07:30:00+02:00,0.0,0.4388,1.446526692057963,0.0,1.4465267,0.4388,0.0,1.0077267,0.0,1.0077267,0.0,31.56356,0.0,0.0
2023-04-20 07:45:00+02:00,0.0,0.4208666666666666,2.9179583618090668,0.0,2.9179584,0.42086667,0.0,2.4970917,0.0,2.4970917,0.0,31.56356,0.0,0.0
2023-04-20 08:00:00+02:00,0.0,0.262,3.5543345233808536,0.0,3.5543345,0.262,0.0,3.2923345,0.0,3.2923345,0.0,31.56356,0.0,0.0
2023-04-20 08:15:00+02:00,0.0,0.2432666666666667,3.938431027158481,0.0,3.938431,0.24326667,0.0,3.6951644,0.0,3.6951644,0.0,31.56356,0.0,0.0
2023-04-20 08:30:00+02:00,0.0,0.3933333333333333,4.446878657000806,0.0,4.4468787,0.39333333,0.0,4.0535453,0.0,4.0535453,0.0,31.56356,0.0,0.0
2023-04-20 08:45:00+02:00,0.0,0.6743333333333333,4.878004459016231,4.2036711,0.67433333,0.67433333,0.0,0.0,0.0,0.0,0.0,31.56356,0.0,0.0
2023-04-20 09:00:00+02:00,0.0,0.3704666666666666,5.336329465217848,4.9658628,0.37046667,0.37046667,0.0,0.0,0.0,0.0,0.0,31.56356,0.0,0.0
2023-04-20 09:15:00+02:00,0.0,0.4112666666666666,5.730733341799676,5.3194667,0.41126667,0.41126667,0.0,0.0,0.0,0.0,0.0,31.56356,0.0,0.0
2023-04-20 09:30:00+02:00,0.0,0.4767333333333333,6.161816938654762,5.6850836,0.47673333,0.47673333,0.0,0.0,0.0,0.0,0.0,31.56356,0.0,0.0
2023-04-20 09:45:00+02:00,0.0,0.4643333333333333,6.289867512426151,5.8255342,0.46433333,0.46433333,0.0,0.0,0.0,0.0,0.0,31.56356,0.0,0.0
2023-04-20 10:00:00+02:00,0.0,0.252,6.892393443965757,6.6403934,0.252,0.252,0.0,0.0,0.0,0.0,0.0,31.56356,0.0,0.0
2023-04-20 10:15:00+02:00,0.0,0.2542666666666667,7.180896780493757,6.9266301,0.25426667,0.25426667,0.0,0.0,0.0,0.0,0.0,31.56356,0.0,0.0
2023-04-20 10:30:00+02:00,0.0,0.3735333333333334,7.481732783864444,7.1081995,0.37353333,0.37353333,0.0,0.0,0.0,0.0,0.0,31.56356,0.0,0.0
2023-04-20 10:45:00+02:00,0.0,0.3082,7.795510717918251,7.4873107,0.3082,0.3082,0.0,0.0,0.0,0.0,0.0,31.56356,0.0,0.0
2023-04-20 11:00:00+02:00,0.0,0.3346666666666666,8.024423382620425,7.6897567,0.33466667,0.33466667,0.0,0.0,0.0,0.0,0.0,31.56356,0.0,0.0
2023-04-20 11:15:00+02:00,0.0,0.4345333333333334,8.193961636316143,7.7594283,0.43453333,0.43453333,0.0,0.0,0.0,0.0,0.0,31.56356,0.0,0.0
2023-04-20 11:30:00+02:00,0.0,0.3273999999999999,8.340035313595742,8.0126353,0.3274,0.3274,0.0,0.0,0.0,0.0,0.0,31.56356,0.0,0.0
2023-04-20 11:45:00+02:00,0.0,0.3964666666666666,8.471444793157305,8.0749781,0.39646667,0.39646667,0.0,0.0,0.0,0.0,0.0,31.56356,0.0,0.0
2023-04-20 12:00:00+02:00,0.0,0.3165333333333333,8.52138896852901,8.2048556,0.31653333,0.31653333,0.0,0.0,0.0,0.0,0.0,31.56356,0.0,0.0
2023-04-20 12:15:00+02:00,0.0,0.3458,8.59502264960864,8.2492226,0.3458,0.3458,0.0,0.0,0.0,0.0,0.0,31.56356,0.0,0.0
2023-04-20 12:30:00+02:00,0.0,0.482,8.634252585072135,8.1522526,0.482,0.482,0.0,0.0,0.0,0.0,0.0,31.56356,0.0,0.0
2023-04-20 12:45:00+02:00,0.0,1.5763333333333334,8.556072828454424,6.9797395,1.5763333,1.5763333,0.0,0.0,0.0,0.0,0.0,31.56356,0.0,0.0
2023-04-20 13:00:00+02:00,0.0,1.0826,8.50806769002427,5.3202045,3.1878632,1.0826,0.0,0.0,0.0,0.0,2.1052632,31.56356,2.1052632,0.0
2023-04-20 13:15:00+02:00,0.0,0.4645333333333333,8.44060871851216,2.9760754,5.4645333,0.46453333,0.5,0.0,0.0,0.0,5.0,31.56356,5.0,0.0
2023-04-20 13:30:00+02:00,0.0,0.4441333333333333,8.38181446498178,2.9376811,5.4441333,0.44413333,1.6875,0.0,0.0,0.0,5.0,31.56356,5.0,0.0
2023-04-20 13:45:00+02:00,0.0,0.3584,8.101515153513596,2.7431152,5.3584,0.3584,2.875,0.0,0.0,0.0,5.0,31.56356,5.0,0.0
2023-04-20 14:00:00+02:00,0.0,0.3502666666666666,7.715260794948047,2.3649941,5.3502667,0.35026667,4.0625,0.0,0.0,0.0,5.0,31.56356,5.0,0.0
2023-04-20 14:15:00+02:00,0.0,0.4043333333333333,7.48464313773486,2.0803098,5.4043333,0.40433333,5.25,0.0,0.0,0.0,5.0,31.56356,5.0,0.0
2023-04-20 14:30:00+02:00,0.0,0.5546666666666666,7.078044507433649,1.5233778,5.5546667,0.55466667,6.4375,0.0,0.0,0.0,5.0,31.56356,5.0,0.0
2023-04-20 14:45:00+02:00,0.0,0.9119333333333332,6.84920198154082,0.93726865,5.9119333,0.91193333,7.625,0.0,0.0,0.0,5.0,31.56356,5.0,0.0
2023-04-20 15:00:00+02:00,0.0,0.7108,6.552329318610516,0.84152932,5.7108,0.7108,8.8125,0.0,0.0,0.0,5.0,31.56356,5.0,0.0
2023-04-20 15:15:00+02:00,0.0,0.8816666666666666,6.021856308139271,0.0,6.0218563,0.0,10.0,6.0218563,0.0,6.0218563,0.0,31.56356,0.0,0.88166667
2023-04-20 15:30:00+02:00,0.0,0.9870666666666668,5.435151260369507,0.0,5.4351513,0.0,9.7679825,5.4351513,0.0,5.4351513,0.0,31.56356,0.0,0.98706667
2023-04-20 15:45:00+02:00,0.0,1.834733333333333,4.964070115976285,0.0,4.9640701,0.0,9.5082281,4.9640701,0.0,4.9640701,0.0,31.56356,0.0,1.8347333
2023-04-20 16:00:00+02:00,0.0,2.2455333333333334,4.343310706825856,0.0,4.3433107,0.0,9.0254035,4.3433107,0.0,4.3433107,0.0,31.56356,0.0,2.2455333
2023-04-20 16:15:00+02:00,0.0,1.4817333333333331,3.672191148369188,0.0,3.6721911,0.49768426,8.4344737,3.1745069,0.0,3.1745069,0.0,31.56356,0.0,0.98404908
2023-04-20 16:30:00+02:00,0.0,1.2602,2.932151444901141,0.0,2.9321514,1.2602,8.1755134,1.6719514,0.0,1.6719514,0.0,31.56356,0.0,0.0
2023-04-20 16:45:00+02:00,0.0,1.3730666666666669,2.0492602160048543,0.0,2.0492602,1.3730667,8.1755134,0.67619355,0.0,0.67619355,0.0,31.56356,0.0,0.0
2023-04-20 17:00:00+02:00,0.0,0.8898666666666667,1.6707072222395625,0.0,1.6707072,0.88986667,8.1755134,0.78084056,0.0,0.78084056,0.0,31.56356,0.0,0.0
2023-04-20 17:15:00+02:00,0.0,0.3128666666666667,1.0650316135291586,0.0,1.0650316,0.31286667,8.1755134,0.75216495,0.0,0.75216495,0.0,31.56356,0.0,0.0
2023-04-20 17:30:00+02:00,0.0,0.4174666666666666,0.8834997378831015,0.0,0.88349974,0.41746667,8.1755134,0.46603307,0.0,0.46603307,0.0,31.56356,0.0,0.0
2023-04-20 17:45:00+02:00,0.0,0.5192,0.9249880995196342,0.0,0.9249881,0.5192,8.1755134,0.4057881,0.0,0.4057881,0.0,31.56356,0.0,0.0
2023-04-20 18:00:00+02:00,0.0,0.6119333333333333,0.0,0.0,0.0,0.0,8.1755134,0.0,0.0,0.0,0.0,31.56356,0.0,0.61193333
2023-04-20 18:15:00+02:00,0.0,0.6894,0.0,0.0,0.0,0.0,8.0144783,0.0,0.0,0.0,0.0,31.56356,0.0,0.6894
2023-04-20 18:30:00+02:00,0.0,0.6073999999999999,0.0,0.0,0.0,0.0,7.8330573,0.0,0.0,0.0,0.0,31.56356,0.0,0.6074
2023-04-20 18:45:00+02:00,0.0,0.5960666666666667,0.0,0.0,0.0,0.0,7.6732152,0.0,0.0,0.0,0.0,31.56356,0.0,0.59606667
2023-04-20 19:00:00+02:00,0.0,0.6031333333333333,0.0,0.0,0.0,0.0,7.5163555,0.0,0.0,0.0,0.0,31.56356,0.0,0.60313333
2023-04-20 19:15:00+02:00,0.0,0.604,0.0,0.0,0.0,0.0,7.3576362,0.0,0.0,0.0,0.0,31.56356,0.0,0.604
2023-04-20 19:30:00+02:00,0.0,0.5321333333333333,0.0,0.0,0.0,0.0,7.1986888,0.0,0.0,0.0,0.0,31.56356,0.0,0.53213333
2023-04-20 19:45:00+02:00,0.0,0.5568,0.0,0.0,0.0,0.0,7.0586538,0.0,0.0,0.0,0.0,31.56356,0.0,0.5568
2023-04-20 20:00:00+02:00,0.0,1.2614,0.0,0.0,0.0,0.0,6.9121274,0.0,0.0,0.0,0.0,21.301,0.0,1.2614
2023-04-20 20:15:00+02:00,0.0,2.0840666666666667,0.0,0.0,0.0,0.0,6.5801801,0.0,0.0,0.0,0.0,21.301,0.0,2.0840667
2023-04-20 20:30:00+02:00,0.0,1.2167333333333334,0.0,0.0,0.0,0.0,6.0317415,0.0,0.0,0.0,0.0,21.301,0.0,1.2167333
2023-04-20 20:45:00+02:00,0.0,0.8209333333333333,0.0,0.0,0.0,0.0,5.7115485,0.0,0.0,0.0,0.0,21.301,0.0,0.82093333
2023-04-20 21:00:00+02:00,0.0,0.7781333333333333,0.0,0.0,0.0,0.0,5.4955134,0.0,0.0,0.0,0.0,21.301,0.0,0.77813333
2023-04-20 21:15:00+02:00,0.0,1.4818666666666669,0.0,0.0,0.0,0.0,5.2907415,0.0,0.0,0.0,0.0,21.301,0.0,1.4818667
2023-04-20 21:30:00+02:00,0.0,1.8312666666666664,0.0,0.0,0.0,0.0,4.9007766,0.0,0.0,0.0,0.0,21.301,0.0,1.8312667
2023-04-20 21:45:00+02:00,0.0,2.0224,0.0,0.0,0.0,0.0,4.4188643,0.0,0.0,0.0,0.0,21.301,0.0,2.0224
2023-04-20 22:00:00+02:00,0.0,0.4583333333333333,0.0,0.0,0.0,0.0,3.8866538,0.0,0.0,0.0,0.0,21.301,0.0,0.45833333
2023-04-20 22:15:00+02:00,0.0,0.5972666666666666,0.0,0.0,0.0,0.0,3.7660397,0.0,0.0,0.0,0.0,21.301,0.0,0.59726667
2023-04-20 22:30:00+02:00,0.0,0.4053333333333333,0.0,0.0,0.0,0.0,3.6088643,0.0,0.0,0.0,0.0,21.301,0.0,0.40533333
2023-04-20 22:45:00+02:00,0.0,1.1952,0.0,0.0,0.0,0.0,3.5021976,0.0,0.0,0.0,0.0,21.301,0.0,1.1952
2023-04-20 23:00:00+02:00,0.0,1.7892,0.0,0.0,0.0,0.0,3.1876713,0.0,0.0,0.0,0.0,21.301,0.0,1.7892
2023-04-20 23:15:00+02:00,0.0,0.8154666666666667,0.0,0.0,0.0,0.0,2.7168292,0.0,0.0,0.0,0.0,21.301,0.0,0.81546667
2023-04-20 23:30:00+02:00,0.0,0.4206,0.0,0.0,0.0,0.0,2.5022327,0.0,0.0,0.0,0.0,21.301,0.0,0.4206
2023-04-20 23:45:00+02:00,0.0,0.3111333333333333,0.0,0.0,0.0,0.0,2.3915485,0.0,0.0,0.0,0.0,21.301,0.0,0.31113333
2023-04-21 00:00:00+02:00,0.0,0.4152,0.0,0.0,0.0,0.0,2.3096713,0.0,0.0,0.0,0.0,21.301,0.0,0.4152
2023-04-21 00:15:00+02:00,0.0,0.3548,0.0,0.0,0.0,0.0,2.2004081,0.0,0.0,0.0,0.0,21.301,0.0,0.3548
2023-04-21 00:30:00+02:00,0.0,0.4062666666666666,0.0,0.0,0.0,0.0,2.1070397,0.0,0.0,0.0,0.0,21.301,0.0,0.40626667
2023-04-21 00:45:00+02:00,0.0,0.4613333333333333,0.0,0.0,0.0,0.0,2.0001274,0.0,0.0,0.0,0.0,21.301,0.0,0.46133333
2023-04-21 01:00:00+02:00,0.0,0.2728,0.0,0.0,0.0,0.0,1.8787239,0.0,0.0,0.0,0.0,21.301,0.0,0.2728
2023-04-21 01:15:00+02:00,0.0,0.2640666666666666,0.0,0.0,0.0,0.0,1.8069345,0.0,0.0,0.0,0.0,21.301,0.0,0.26406667
2023-04-21 01:30:00+02:00,0.0,0.3228666666666667,0.0,0.0,0.0,0.0,1.7374432,0.0,0.0,0.0,0.0,21.301,0.0,0.32286667
2023-04-21 01:45:00+02:00,0.0,0.2102666666666666,0.0,0.0,0.0,0.0,1.6524783,0.0,0.0,0.0,0.0,21.301,0.0,0.21026667
2023-04-21 02:00:00+02:00,0.0,0.4352666666666666,0.0,0.0,0.0,0.0,1.597145,0.0,0.0,0.0,0.0,21.301,0.0,0.43526667
2023-04-21 02:15:00+02:00,0.0,0.3243333333333333,0.0,0.0,0.0,0.0,1.4826011,0.0,0.0,0.0,0.0,21.301,0.0,0.32433333
2023-04-21 02:30:00+02:00,0.0,0.2637333333333334,0.0,0.0,0.0,0.0,1.3972502,0.0,0.0,0.0,0.0,21.301,0.0,0.26373333
2023-04-21 02:45:00+02:00,0.0,0.2560666666666666,0.0,0.0,0.0,0.0,1.3278467,0.0,0.0,0.0,0.0,21.301,0.0,0.25606667
2023-04-21 03:00:00+02:00,0.0,0.1406,0.0,0.0,0.0,0.0,1.2604608,0.0,0.0,0.0,0.0,21.301,0.0,0.1406
2023-04-21 03:15:00+02:00,0.0,0.141,0.0,0.0,0.0,0.0,1.2234608,0.0,0.0,0.0,0.0,21.301,0.0,0.141
2023-04-21 03:30:00+02:00,0.0,0.1707333333333333,0.0,0.0,0.0,0.0,1.1863555,0.0,0.0,0.0,0.0,21.301,0.0,0.17073333
2023-04-21 03:45:00+02:00,0.0,0.1472666666666666,0.0,0.0,0.0,0.0,1.1414257,0.0,0.0,0.0,0.0,21.301,0.0,0.14726667
2023-04-21 04:00:00+02:00,0.0,0.2468666666666666,0.0,0.0,0.0,0.0,1.1026713,0.0,0.0,0.0,0.0,21.301,0.0,0.24686667
2023-04-21 04:15:00+02:00,0.0,0.2373333333333333,0.0,0.0,0.0,0.0,1.0377064,0.0,0.0,0.0,0.0,21.301,0.0,0.23733333
2023-04-21 04:30:00+02:00,0.0,0.1332666666666666,0.0,0.0,0.0,0.0,0.97525024,0.0,0.0,0.0,0.0,21.301,0.0,0.13326667
2023-04-21 04:45:00+02:00,0.0,0.1849333333333333,0.0,0.0,0.0,0.0,0.94018007,0.0,0.0,0.0,0.0,21.301,0.0,0.18493333
2023-04-21 05:00:00+02:00,0.0,0.1214666666666666,0.0,0.0,0.0,0.0,0.8915134,0.0,0.0,0.0,0.0,21.301,0.0,0.12146667
2023-04-21 05:15:00+02:00,0.0,0.1524666666666666,0.0,0.0,0.0,0.0,0.85954849,0.0,0.0,0.0,0.0,21.301,0.0,0.15246667
2023-04-21 05:30:00+02:00,0.0,0.1648,0.0,0.0,0.0,0.0,0.81942568,0.0,0.0,0.0,0.0,21.301,0.0,0.1648
2023-04-21 05:45:00+02:00,0.0,0.1909333333333333,0.0,0.0,0.0,0.0,0.77605726,0.0,0.0,0.0,0.0,21.301,0.0,0.19093333
2023-04-21 06:00:00+02:00,0.0,0.2366666666666666,0.0,0.0,0.0,0.0,0.72581165,0.0,0.0,0.0,0.0,37.28508,0.0,0.23666667
2023-04-21 06:15:00+02:00,0.0,0.2735333333333333,0.0,0.0,0.0,0.0,0.66353094,0.0,0.0,0.0,0.0,37.28508,0.0,0.27353333
2023-04-21 06:30:00+02:00,0.0,0.7692666666666667,0.0,0.0,0.0,0.0,0.59154849,0.0,0.0,0.0,0.0,37.28508,0.0,0.76926667
2023-04-21 06:45:00+02:00,0.0,1.0237333333333334,0.1171408163683934,0.0,0.11714082,0.11714082,0.38910989,0.0,0.0,0.0,0.0,37.28508,0.0,0.90659252
2023-04-21 07:00:00+02:00,0.0,0.7278,0.1557749274587348,0.0,0.15577493,0.15577493,0.15053291,0.0,0.0,0.0,0.0,37.28508,0.0,0.57202507
2023-04-21 07:15:00+02:00,0.0,0.4372,0.5040658873160049,0.0,0.50406589,0.4372,0.0,0.066865887,0.0,0.066865887,0.0,37.28508,0.0,0.0
2023-04-21 07:30:00+02:00,0.0,0.3442,0.5507589131640113,0.0,0.55075891,0.3442,0.0,0.20655891,0.0,0.20655891,0.0,37.28508,0.0,0.0
2023-04-21 07:45:00+02:00,0.0,0.6062000000000001,1.1686833181768186,0.0,1.1686833,0.6062,0.0,0.56248332,0.0,0.56248332,0.0,37.28508,0.0,0.0
2023-04-21 08:00:00+02:00,0.0,0.3285333333333333,0.6768297053870624,0.0,0.67682971,0.32853333,0.0,0.34829637,0.0,0.34829637,0.0,37.28508,0.0,0.0
2023-04-21 08:15:00+02:00,0.0,0.1924666666666666,1.0044476388375236,0.0,1.0044476,0.19246667,0.0,0.81198097,0.0,0.81198097,0.0,37.28508,0.0,0.0
2023-04-21 08:30:00+02:00,0.0,0.2944,1.2561591850909326,0.0,1.2561592,0.2944,0.0,0.96175919,0.0,0.96175919,0.0,37.28508,0.0,0.0
2023-04-21 08:45:00+02:00,0.0,0.322,1.7808608597860074,0.0,1.7808609,0.322,0.0,1.4588609,0.0,1.4588609,0.0,37.28508,0.0,0.0
2023-04-21 09:00:00+02:00,0.0,0.2753333333333333,1.1198133227706686,0.84447999,0.27533333,0.27533333,0.0,0.0,0.0,0.0,0.0,37.28508,0.0,0.0
2023-04-21 09:15:00+02:00,0.0,0.6599333333333333,0.94992980815969,0.28999647,0.65993333,0.65993333,0.0,0.0,0.0,0.0,0.0,37.28508,0.0,0.0
2023-04-21 09:30:00+02:00,0.0,0.3736666666666667,0.9798826272469942,0.60621596,0.37366667,0.37366667,0.0,0.0,0.0,0.0,0.0,37.28508,0.0,0.0
2023-04-21 09:45:00+02:00,0.0,0.2796666666666667,1.4092898638266538,1.1296232,0.27966667,0.27966667,0.0,0.0,0.0,0.0,0.0,37.28508,0.0,0.0
2023-04-21 10:00:00+02:00,0.0,0.5303333333333333,3.800636613961125,3.2703033,0.53033333,0.53033333,0.0,0.0,0.0,0.0,0.0,37.28508,0.0,0.0
2023-04-21 10:15:00+02:00,0.0,0.2786,2.08208039851404,1.8034804,0.2786,0.2786,0.0,0.0,0.0,0.0,0.0,37.28508,0.0,0.0
2023-04-21 10:30:00+02:00,0.0,0.275,3.6963693401420046,3.4213693,0.275,0.275,0.0,0.0,0.0,0.0,0.0,37.28508,0.0,0.0
2023-04-21 10:45:00+02:00,0.0,0.2158,2.856054511321118,2.6402545,0.2158,0.2158,0.0,0.0,0.0,0.0,0.0,37.28508,0.0,0.0
2023-04-21 11:00:00+02:00,0.0,0.2876666666666667,2.67424689462952,2.3865802,0.28766667,0.28766667,0.0,0.0,0.0,0.0,0.0,37.28508,0.0,0.0
2023-04-21 11:15:00+02:00,0.0,0.3240666666666666,4.312223931419402,3.9881573,0.32406667,0.32406667,0.0,0.0,0.0,0.0,0.0,37.28508,0.0,0.0
2023-04-21 11:30:00+02:00,0.0,0.2272666666666666,3.081949306783324,2.7758512,0.30609809,0.22726667,0.0,0.0,0.0,0.0,0.078831421,37.28508,0.078831421,0.0
2023-04-21 11:45:00+02:00,0.0,0.2564666666666666,3.1685773329116707,0.0,3.1685773,0.25646667,0.018722462,0.0,0.0,0.0,2.9121107,37.28508,2.9121107,0.0
2023-04-21 12:00:00+02:00,0.0,0.2672,3.80723751294514,0.0,3.8072375,0.2672,0.71034875,0.0,0.0,0.0,3.5400375,37.28508,3.5400375,0.0
2023-04-21 12:15:00+02:00,0.0,0.2200666666666666,3.3279428784650307,0.0,3.3279429,0.22006667,1.5511077,0.0,0.0,0.0,3.1078762,37.28508,3.1078762,0.0
2023-04-21 12:30:00+02:00,0.0,0.2661333333333333,3.1642036875323667,0.0,3.1642037,0.26613333,2.2892283,0.0,0.0,0.0,2.8980704,37.28508,2.8980704,0.0
2023-04-21 12:45:00+02:00,0.0,0.2840666666666667,1.9651509173390544,0.0,1.9651509,0.28406667,2.97752,0.0,0.0,0.0,1.6810843,37.28508,1.6810843,0.0
2023-04-21 13:00:00+02:00,0.0,0.2663999999999999,2.587411661295067,0.0,2.5874117,0.2664,3.3767775,0.0,0.0,0.0,2.3210117,37.28508,2.3210117,0.0
2023-04-21 13:15:00+02:00,0.0,0.296,3.299877324547453,0.0,3.2998773,0.296,3.9280177,0.0,0.0,0.0,3.0038773,37.28508,3.0038773,0.0
2023-04-21 13:30:00+02:00,0.0,0.2964666666666666,2.127600409378735,0.0,2.1276004,0.29646667,4.6414386,0.0,0.0,0.0,1.8311337,37.28508,1.8311337,0.0
2023-04-21 13:45:00+02:00,0.0,0.2258,1.5992041550083382,0.0,1.5992042,0.2258,5.0763329,0.0,0.0,0.0,1.3734042,37.28508,1.3734042,0.0
2023-04-21 14:00:00+02:00,0.0,0.216,1.516891727989577,0.0,1.5168917,0.216,5.4025164,0.0,0.0,0.0,1.3008917,37.28508,1.3008917,0.0
2023-04-21 14:15:00+02:00,0.0,0.193,1.5038537016394282,0.0,1.5038537,0.193,5.7114781,0.0,0.0,0.0,1.3108537,37.28508,1.3108537,0.0
2023-04-21 14:30:00+02:00,0.0,0.2318666666666666,2.560186460445538,0.0,2.5601865,0.23186667,6.0228059,0.0,0.0,0.0,2.3283198,37.28508,2.3283198,0.0
2023-04-21 14:45:00+02:00,0.0,0.2600666666666666,1.736542656763385,0.0,1.7365427,0.26006667,6.5757818,0.0,0.0,0.0,1.476476,37.28508,1.476476,0.0
2023-04-21 15:00:00+02:00,0.0,0.2726,1.994623833245356,0.0,1.9946238,0.2726,6.9264449,0.0,0.0,0.0,1.7220238,37.28508,1.7220238,0.0
2023-04-21 15:15:00+02:00,0.0,0.4686666666666667,1.459430630118559,0.0,1.4594306,0.46866667,7.3354256,0.0,0.0,0.0,0.99076396,37.28508,0.99076396,0.0
2023-04-21 15:30:00+02:00,0.0,0.3777333333333333,2.303406029101896,0.0,2.303406,0.37773333,7.570732,0.0,0.0,0.0,1.9256727,37.28508,1.9256727,0.0
2023-04-21 15:45:00+02:00,0.0,0.3348666666666667,1.8162894683075983,0.0,1.8162895,0.33486667,8.0280793,0.0,0.0,0.0,1.4814228,37.28508,1.4814228,0.0
2023-04-21 16:00:00+02:00,0.0,0.3439333333333333,1.9771356769816275,0.0,1.9771357,0.34393333,8.3799172,0.0,0.0,0.0,1.6332023,37.28508,1.6332023,0.0
2023-04-21 16:15:00+02:00,0.0,0.3432,1.967428348315893,0.0,1.9674283,0.3432,8.7678027,0.0,0.0,0.0,1.6242283,37.28508,1.6242283,0.0
2023-04-21 16:30:00+02:00,0.0,0.3575333333333333,1.752540099463065,0.0,1.7525401,0.35753333,9.153557,0.0,0.0,0.0,1.3950068,37.28508,1.3950068,0.0
2023-04-21 16:45:00+02:00,0.0,0.459,1.5705698637548355,0.0,1.5705699,0.459,9.4848711,0.0,0.0,0.0,1.1115699,37.28508,1.1115699,0.0
2023-04-21 17:00:00+02:00,0.0,0.5314666666666666,1.010920487755926,0.0,1.0109205,0.53146667,9.7488689,0.0,0.0,0.0,0.47945382,37.28508,0.47945382,0.0
2023-04-21 17:15:00+02:00,0.0,0.3682666666666666,0.7507812370673101,0.0,0.75078124,0.36826667,9.8627392,0.0,0.0,0.0,0.38251457,37.28508,0.38251457,0.0
2023-04-21 17:30:00+02:00,0.0,0.3230666666666666,0.5184923032506444,0.0,0.5184923,0.32306667,9.9535864,0.0,0.0,0.0,0.19542564,37.28508,0.19542564,0.0
2023-04-21 17:45:00+02:00,0.0,0.4215333333333333,0.3683284383116066,0.0,0.36832844,0.36832844,10.0,0.0,0.0,0.0,0.0,37.28508,0.0,0.053204895
2023-04-21 18:00:00+02:00,0.0,0.4343333333333333,0.1148268871101865,0.0,0.11482689,0.11482689,9.9859987,0.0,0.0,0.0,0.0,37.28508,0.0,0.31950645
2023-04-21 18:15:00+02:00,0.0,0.7606666666666666,0.0,0.0,0.0,0.0,9.9019181,0.0,0.0,0.0,0.0,37.28508,0.0,0.76066667
2023-04-21 18:30:00+02:00,0.0,0.5086666666666667,0.0,0.0,0.0,0.0,9.7017426,0.0,0.0,0.0,0.0,37.28508,0.0,0.50866667
2023-04-21 18:45:00+02:00,0.0,0.32,0.0,0.0,0.0,0.0,9.567883,0.0,0.0,0.0,0.0,37.28508,0.0,0.32
2023-04-21 19:00:00+02:00,0.0,0.351,0.0,0.0,0.0,0.0,9.4836725,0.0,0.0,0.0,0.0,37.28508,0.0,0.351
2023-04-21 19:15:00+02:00,0.0,0.3647333333333333,0.0,0.0,0.0,0.0,9.391304,0.0,0.0,0.0,0.0,37.28508,0.0,0.36473333
2023-04-21 19:30:00+02:00,0.0,0.3185333333333333,0.0,0.0,0.0,0.0,9.2953216,0.0,0.0,0.0,0.0,37.28508,0.0,0.31853333
2023-04-21 19:45:00+02:00,0.0,0.3365333333333333,0.0,0.0,0.0,0.0,9.211497,0.0,0.0,0.0,0.0,37.28508,0.0,0.33653333
2023-04-21 20:00:00+02:00,0.0,0.3147333333333333,0.0,0.0,0.0,0.0,9.1229356,0.0,0.0,0.0,0.0,26.550089999999997,0.0,0.31473333
2023-04-21 20:15:00+02:00,0.0,0.9482,0.0,0.0,0.0,0.0,9.0401111,0.0,0.0,0.0,0.0,26.550089999999997,0.0,0.9482
2023-04-21 20:30:00+02:00,0.0,1.1644666666666668,0.0,0.0,0.0,0.0,8.7905847,0.0,0.0,0.0,0.0,26.550089999999997,0.0,1.1644667
2023-04-21 20:45:00+02:00,0.0,0.4863333333333333,0.0,0.0,0.0,0.0,8.4841461,0.0,0.0,0.0,0.0,26.550089999999997,0.0,0.48633333
2023-04-21 21:00:00+02:00,0.0,0.314,0.0,0.0,0.0,0.0,8.3561637,0.0,0.0,0.0,0.0,26.550089999999997,0.0,0.314
2023-04-21 21:15:00+02:00,0.0,0.3349333333333333,0.0,0.0,0.0,0.0,8.2735321,0.0,0.0,0.0,0.0,26.550089999999997,0.0,0.33493333
2023-04-21 21:30:00+02:00,0.0,0.395,0.0,0.0,0.0,0.0,8.1853918,0.0,0.0,0.0,0.0,26.550089999999997,0.0,0.395
2023-04-21 21:45:00+02:00,0.0,0.3089333333333333,0.0,0.0,0.0,0.0,8.0814444,0.0,0.0,0.0,0.0,26.550089999999997,0.0,0.30893333
2023-04-21 22:00:00+02:00,0.0,0.5060666666666667,0.0,0.0,0.0,0.0,8.0001461,0.0,0.0,0.0,0.0,26.550089999999997,0.0,0.50606667
2023-04-21 22:15:00+02:00,0.0,0.3521333333333333,0.0,0.0,0.0,0.0,7.8669707,0.0,0.0,0.0,0.0,26.550089999999997,0.0,0.35213333
2023-04-21 22:30:00+02:00,0.0,0.3763333333333333,0.0,0.0,0.0,0.0,7.774304,0.0,0.0,0.0,0.0,26.550089999999997,0.0,0.37633333
2023-04-21 22:45:00+02:00,0.0,0.4416,0.0,0.0,0.0,0.0,7.6752689,0.0,0.0,0.0,0.0,26.550089999999997,0.0,0.4416
2023-04-21 23:00:00+02:00,0.0,0.5641333333333334,0.0,0.0,0.0,0.0,7.5590584,0.0,0.0,0.0,0.0,26.550089999999997,0.0,0.56413333
2023-04-21 23:15:00+02:00,0.0,0.7671333333333333,0.0,0.0,0.0,0.0,7.4106023,0.0,0.0,0.0,0.0,26.550089999999997,0.0,0.76713333
2023-04-21 23:30:00+02:00,0.0,0.6943333333333334,0.0,0.0,0.0,0.0,7.2087251,0.0,0.0,0.0,0.0,26.550089999999997,0.0,0.69433333
2023-04-21 23:45:00+02:00,0.0,0.5568666666666666,0.0,0.0,0.0,0.0,7.0260058,0.0,0.0,0.0,0.0,26.550089999999997,0.0,0.55686667
2023-04-22 00:00:00+02:00,0.0,3.8238,0.0,0.0,0.0,0.0,6.8794619,0.0,0.0,0.0,0.0,26.550089999999997,0.0,3.8238
2023-04-22 00:15:00+02:00,0.0,0.1539333333333333,0.0,0.0,0.0,0.0,5.8731988,0.0,0.0,0.0,0.0,26.550089999999997,0.0,0.15393333
2023-04-22 00:30:00+02:00,0.0,0.2028666666666666,0.0,0.0,0.0,0.0,5.83269,0.0,0.0,0.0,0.0,26.550089999999997,0.0,0.20286667
2023-04-22 00:45:00+02:00,0.0,0.1911333333333333,0.0,0.0,0.0,0.0,5.779304,0.0,0.0,0.0,0.0,26.550089999999997,0.0,0.19113333
2023-04-22 01:00:00+02:00,0.0,0.2110666666666666,0.0,0.0,0.0,0.0,5.7290058,0.0,0.0,0.0,0.0,26.550089999999997,0.0,0.21106667
2023-04-22 01:15:00+02:00,0.0,0.3204666666666666,0.0,0.0,0.0,0.0,5.6734619,0.0,0.0,0.0,0.0,26.550089999999997,0.0,0.32046667
2023-04-22 01:30:00+02:00,0.0,0.246,0.0,0.0,0.0,0.0,5.5891286,0.0,0.0,0.0,0.0,26.550089999999997,0.0,0.246
2023-04-22 01:45:00+02:00,0.0,0.2160666666666666,0.0,0.0,0.0,0.0,5.5243918,0.0,0.0,0.0,0.0,26.550089999999997,0.0,0.21606667
2023-04-22 02:00:00+02:00,0.0,0.2084666666666666,0.0,0.0,0.0,0.0,5.4675321,0.0,0.0,0.0,0.0,26.550089999999997,0.0,0.20846667
2023-04-22 02:15:00+02:00,0.0,0.2471333333333333,0.0,0.0,0.0,0.0,5.4126725,0.0,0.0,0.0,0.0,26.550089999999997,0.0,0.24713333
2023-04-22 02:30:00+02:00,0.0,0.2442,0.0,0.0,0.0,0.0,5.3476374,0.0,0.0,0.0,0.0,26.550089999999997,0.0,0.2442
2023-04-22 02:45:00+02:00,0.0,0.2532,0.0,0.0,0.0,0.0,5.2833742,0.0,0.0,0.0,0.0,26.550089999999997,0.0,0.2532
2023-04-22 03:00:00+02:00,0.0,0.1891333333333333,0.0,0.0,0.0,0.0,5.2167426,0.0,0.0,0.0,0.0,26.550089999999997,0.0,0.18913333
2023-04-22 03:15:00+02:00,0.0,0.2201333333333333,0.0,0.0,0.0,0.0,5.1669707,0.0,0.0,0.0,0.0,26.550089999999997,0.0,0.22013333
2023-04-22 03:30:00+02:00,0.0,0.1761333333333333,0.0,0.0,0.0,0.0,5.1090409,0.0,0.0,0.0,0.0,26.550089999999997,0.0,0.17613333
2023-04-22 03:45:00+02:00,0.0,0.3964,0.0,0.0,0.0,0.0,5.06269,0.0,0.0,0.0,0.0,26.550089999999997,0.0,0.3964
2023-04-22 04:00:00+02:00,0.0,0.2806666666666667,0.0,0.0,0.0,0.0,4.9583742,0.0,0.0,0.0,0.0,26.550089999999997,0.0,0.28066667
2023-04-22 04:15:00+02:00,0.0,0.2093333333333333,0.0,0.0,0.0,0.0,4.8845146,0.0,0.0,0.0,0.0,26.550089999999997,0.0,0.20933333
2023-04-22 04:30:00+02:00,0.0,0.2551333333333333,0.0,0.0,0.0,0.0,4.8294268,0.0,0.0,0.0,0.0,26.550089999999997,0.0,0.25513333
2023-04-22 04:45:00+02:00,0.0,0.2369333333333333,0.0,0.0,0.0,0.0,4.7622865,0.0,0.0,0.0,0.0,26.550089999999997,0.0,0.23693333
2023-04-22 05:00:00+02:00,0.0,0.2532666666666667,0.0,0.0,0.0,0.0,4.6999356,0.0,0.0,0.0,0.0,26.550089999999997,0.0,0.25326667
2023-04-22 05:15:00+02:00,0.0,0.3223333333333333,0.0,0.0,0.0,0.0,4.6332865,0.0,0.0,0.0,0.0,26.550089999999997,0.0,0.32233333
2023-04-22 05:30:00+02:00,0.0,0.2675333333333333,0.0,0.0,0.0,0.0,4.5484619,0.0,0.0,0.0,0.0,26.550089999999997,0.0,0.26753333
2023-04-22 05:45:00+02:00,0.0,0.3078,0.0,0.0,0.0,0.0,4.4780584,0.0,0.0,0.0,0.0,26.550089999999997,0.0,0.3078
2023-04-22 06:00:00+02:00,0.0,0.3007333333333333,0.0,0.0,0.0,0.0,4.3970584,0.0,0.0,0.0,0.0,31.388629999999996,0.0,0.30073333
2023-04-22 06:15:00+02:00,0.0,0.6994,0.1330179712731025,0.0,0.13301797,0.0,4.3179181,0.13301797,0.0,0.13301797,0.0,31.388629999999996,0.0,0.6994
2023-04-22 06:30:00+02:00,0.0,1.2755333333333334,0.42565653659265,0.0,0.42565654,0.0,4.1338654,0.42565654,0.0,0.42565654,0.0,31.388629999999996,0.0,1.2755333
2023-04-22 06:45:00+02:00,0.0,1.1180666666666663,1.090204750075448,0.0,1.0902048,0.0,3.7981988,1.0902048,0.0,1.0902048,0.0,31.388629999999996,0.0,1.1180667
2023-04-22 07:00:00+02:00,0.0,0.3189333333333333,0.916254622561609,0.0,0.91625462,0.0,3.5039707,3.9124099,0.0,0.91625462,0.0,31.388629999999996,0.0,3.3150887
2023-04-22 07:15:00+02:00,0.0,0.4772666666666667,0.6393522806099418,0.0,0.63935228,0.0,2.6315789,5.1620856,0.0,0.63935228,0.0,31.388629999999996,0.0,5.0
2023-04-22 07:30:00+02:00,0.0,0.7377999999999999,2.653026150275253,0.0,2.6530262,0.0,1.3157895,6.9152262,0.0,2.6530262,0.0,31.388629999999996,0.0,5.0
2023-04-22 07:45:00+02:00,0.0,0.2322666666666666,1.4894919589003637,1.2572253,0.23226667,0.23226667,0.0,0.0,0.0,0.0,0.0,31.388629999999996,0.0,0.0
2023-04-22 08:00:00+02:00,0.0,0.3578,0.5041553535484163,0.14635535,0.3578,0.3578,0.0,0.0,0.0,0.0,0.0,31.388629999999996,0.0,0.0
2023-04-22 08:15:00+02:00,0.0,0.4174666666666666,0.5802171086923134,0.16275044,0.41746667,0.41746667,0.0,0.0,0.0,0.0,0.0,31.388629999999996,0.0,0.0
2023-04-22 08:30:00+02:00,0.0,0.305,0.9613791077343066,0.65637911,0.305,0.305,0.0,0.0,0.0,0.0,0.0,31.388629999999996,0.0,0.0
2023-04-22 08:45:00+02:00,0.0,0.3813333333333333,0.3947434032008365,0.01341007,0.38133333,0.38133333,0.0,0.0,0.0,0.0,0.0,31.388629999999996,0.0,0.0
2023-04-22 09:00:00+02:00,0.0,0.2975333333333333,0.8256571321859318,0.5281238,0.29753333,0.29753333,0.0,0.0,0.0,0.0,0.0,31.388629999999996,0.0,0.0
2023-04-22 09:15:00+02:00,0.0,0.3320666666666667,0.8605858894038385,0.52851922,0.33206667,0.33206667,0.0,0.0,0.0,0.0,0.0,31.388629999999996,0.0,0.0
2023-04-22 09:30:00+02:00,0.0,0.386,0.8481797189440515,0.46217972,0.386,0.386,0.0,0.0,0.0,0.0,0.0,31.388629999999996,0.0,0.0
2023-04-22 09:45:00+02:00,0.0,0.3909333333333333,1.83723771043536,1.4463044,0.39093333,0.39093333,0.0,0.0,0.0,0.0,0.0,31.388629999999996,0.0,0.0
2023-04-22 10:00:00+02:00,0.0,0.4462666666666666,2.424738695136689,1.978472,0.44626667,0.44626667,0.0,0.0,0.0,0.0,0.0,31.388629999999996,0.0,0.0
2023-04-22 10:15:00+02:00,0.0,0.2720666666666667,5.054357878101649,4.7822912,0.27206667,0.27206667,0.0,0.0,0.0,0.0,0.0,31.388629999999996,0.0,0.0
2023-04-22 10:30:00+02:00,0.0,0.3642666666666666,7.72338982979009,7.3591232,0.36426667,0.36426667,0.0,0.0,0.0,0.0,0.0,31.388629999999996,0.0,0.0
2023-04-22 10:45:00+02:00,0.0,0.8258,8.04697341403364,7.2211734,0.8258,0.8258,0.0,0.0,0.0,0.0,0.0,31.388629999999996,0.0,0.0
2023-04-22 11:00:00+02:00,0.0,0.5645333333333333,5.599620701871897,5.0350874,0.56453333,0.56453333,0.0,0.0,0.0,0.0,0.0,31.388629999999996,0.0,0.0
2023-04-22 11:15:00+02:00,0.0,2.1990666666666665,8.246358652699797,6.047292,2.1990667,2.1990667,0.0,0.0,0.0,0.0,0.0,31.388629999999996,0.0,0.0
2023-04-22 11:30:00+02:00,0.0,2.163266666666667,8.731198469033489,6.5679318,2.1632667,2.1632667,0.0,0.0,0.0,0.0,0.0,31.388629999999996,0.0,0.0
2023-04-22 11:45:00+02:00,0.0,0.653,7.991462525042947,6.9882835,1.003179,0.653,0.0,0.0,0.0,0.0,0.35017903,31.388629999999996,0.35017903,0.0
2023-04-22 12:00:00+02:00,0.0,1.5318666666666665,8.347360279064501,1.8154936,6.5318667,1.5318667,0.08316752,0.0,0.0,0.0,5.0,31.388629999999996,5.0,0.0
2023-04-22 12:15:00+02:00,0.0,2.9237333333333333,5.708802481665503,0.0,5.7088025,2.9237333,1.2706675,0.0,0.0,0.0,2.7850691,31.388629999999996,2.7850691,0.0
2023-04-22 12:30:00+02:00,0.0,1.8740666666666663,8.85001135997603,1.9759447,6.8740667,1.8740667,1.9321214,0.0,0.0,0.0,5.0,31.388629999999996,5.0,0.0
2023-04-22 12:45:00+02:00,0.0,0.4544666666666666,6.498054726149437,1.0435881,5.4544667,0.45446667,3.1196214,0.0,0.0,0.0,5.0,31.388629999999996,5.0,0.0
2023-04-22 13:00:00+02:00,0.0,0.4973999999999999,3.704872783458104,0.0,3.7048728,0.4974,4.3071214,0.0,0.0,0.0,3.2074728,31.388629999999996,3.2074728,0.0
2023-04-22 13:15:00+02:00,0.0,0.5266000000000001,4.175369877432848,0.0,4.1753699,0.5266,5.0688962,0.0,0.0,0.0,3.6487699,31.388629999999996,3.6487699,0.0
2023-04-22 13:30:00+02:00,0.0,0.5886,7.496931475154506,1.9083315,5.5886,0.5886,5.9354791,0.0,0.0,0.0,5.0,31.388629999999996,5.0,0.0
2023-04-22 13:45:00+02:00,0.0,1.2426666666666668,7.435941962452374,1.1932753,6.2426667,1.2426667,7.1229791,0.0,0.0,0.0,5.0,31.388629999999996,5.0,0.0
2023-04-22 14:00:00+02:00,0.0,6.6428666666666665,1.835141608723376,0.0,1.8351416,1.8351416,8.3104791,0.0,0.0,0.0,0.0,31.388629999999996,0.0,4.8077251
2023-04-22 14:15:00+02:00,0.0,2.6056,2.831702642581833,0.0,2.8317026,2.6056,7.0452883,0.0,0.0,0.0,0.22610264,31.388629999999996,0.22610264,0.0
2023-04-22 14:30:00+02:00,0.0,0.4286666666666667,2.696608213198054,0.0,2.6966082,0.42866667,7.0989876,0.0,0.0,0.0,2.2679415,31.388629999999996,2.2679415,0.0
2023-04-22 14:45:00+02:00,0.0,0.248,4.014937702097695,0.0,4.0149377,0.248,7.6376238,0.0,0.0,0.0,3.7669377,31.388629999999996,3.7669377,0.0
2023-04-22 15:00:00+02:00,0.0,0.2158,1.8514307387074145,0.0,1.8514307,0.2158,8.5322715,0.0,0.0,0.0,1.6356307,31.388629999999996,1.6356307,0.0
2023-04-22 15:15:00+02:00,0.0,0.2759333333333333,1.5358931815380426,0.0,1.5358932,0.27593333,8.9207338,0.0,0.0,0.0,1.2599598,31.388629999999996,1.2599598,0.0
2023-04-22 15:30:00+02:00,0.0,0.2465999999999999,1.8556986985220427,0.0,1.8556987,0.2466,9.2199742,0.0,0.0,0.0,1.6090987,31.388629999999996,1.6090987,0.0
2023-04-22 15:45:00+02:00,0.0,0.4632,2.138420319880574,0.0,2.1384203,0.4632,9.6021352,0.0,0.0,0.0,1.6752203,31.388629999999996,1.6752203,0.0
2023-04-22 16:00:00+02:00,0.0,1.1965333333333332,2.658607554939905,0.0,2.6586076,0.0,10.0,2.6586076,0.0,2.6586076,0.0,31.388629999999996,0.0,1.1965333
2023-04-22 16:15:00+02:00,0.0,1.1054000000000002,1.5010236874248903,0.0,1.5010237,0.0,9.6851228,1.5010237,0.0,1.5010237,0.0,31.388629999999996,0.0,1.1054
2023-04-22 16:30:00+02:00,0.0,0.3063333333333333,1.1782696991889148,0.0,1.1782697,0.0,9.3942281,1.1782697,0.0,1.1782697,0.0,31.388629999999996,0.0,0.30633333
2023-04-22 16:45:00+02:00,0.0,0.1804,0.9425229442292806,0.0,0.94252294,0.0,9.313614,0.94252294,0.0,0.94252294,0.0,31.388629999999996,0.0,0.1804
2023-04-22 17:00:00+02:00,0.0,0.154,0.8635806686787841,0.0,0.86358067,0.0,9.2661404,0.86358067,0.0,0.86358067,0.0,31.388629999999996,0.0,0.154
2023-04-22 17:15:00+02:00,0.0,0.1868,1.0163437596896474,0.0,1.0163438,0.0,9.225614,1.0163438,0.0,1.0163438,0.0,31.388629999999996,0.0,0.1868
2023-04-22 17:30:00+02:00,0.0,0.1422666666666666,0.433586044893202,0.0,0.43358604,0.0,9.1764561,0.43358604,0.0,0.43358604,0.0,31.388629999999996,0.0,0.14226667
2023-04-22 17:45:00+02:00,0.0,0.1238666666666666,0.0,0.0,0.0,0.0,9.1390175,0.0,0.0,0.0,0.0,31.388629999999996,0.0,0.12386667
2023-04-22 18:00:00+02:00,0.0,0.1271333333333333,0.0,0.0,0.0,0.0,9.1064211,0.0,0.0,0.0,0.0,31.388629999999996,0.0,0.12713333
2023-04-22 18:15:00+02:00,0.0,0.1558666666666666,0.0,0.0,0.0,0.0,9.0729649,0.0,0.0,0.0,0.0,31.388629999999996,0.0,0.15586667
2023-04-22 18:30:00+02:00,0.0,0.11,0.0,0.0,0.0,0.0,9.0319474,0.0,0.0,0.0,0.0,31.388629999999996,0.0,0.11
2023-04-22 18:45:00+02:00,0.0,0.2124666666666666,0.0,0.0,0.0,0.0,9.003,0.0,0.0,0.0,0.0,31.388629999999996,0.0,0.21246667
2023-04-22 19:00:00+02:00,0.0,0.2370666666666666,0.0,0.0,0.0,0.0,8.9470877,0.0,0.0,0.0,0.0,31.388629999999996,0.0,0.23706667
2023-04-22 19:15:00+02:00,0.0,0.3518,0.0,0.0,0.0,0.0,8.8847018,0.0,0.0,0.0,0.0,31.388629999999996,0.0,0.3518
2023-04-22 19:30:00+02:00,0.0,1.1298666666666666,0.0,0.0,0.0,0.0,8.7921228,0.0,0.0,0.0,0.0,31.388629999999996,0.0,1.1298667
2023-04-22 19:45:00+02:00,0.0,2.094866666666667,0.0,0.0,0.0,0.0,8.4947895,0.0,0.0,0.0,0.0,31.388629999999996,0.0,2.0948667
2023-04-22 20:00:00+02:00,0.0,2.742866666666667,0.0,0.0,0.0,0.0,7.9435088,0.0,0.0,0.0,0.0,19.02096,0.0,2.7428667
2023-04-22 20:15:00+02:00,0.0,1.9906666666666668,0.0,0.0,0.0,0.0,7.2217018,0.0,0.0,0.0,0.0,19.02096,0.0,1.9906667
2023-04-22 20:30:00+02:00,0.0,1.044,0.0,0.0,0.0,0.0,6.6978421,0.0,0.0,0.0,0.0,19.02096,0.0,1.044
2023-04-22 20:45:00+02:00,0.0,0.5838666666666666,0.0,0.0,0.0,0.0,6.4231053,0.0,0.0,0.0,0.0,19.02096,0.0,0.58386667
2023-04-22 21:00:00+02:00,0.0,0.6498666666666667,0.0,0.0,0.0,0.0,6.2694561,0.0,0.0,0.0,0.0,19.02096,0.0,0.64986667
2023-04-22 21:15:00+02:00,0.0,0.8220666666666667,0.0,0.0,0.0,0.0,6.0984386,0.0,0.0,0.0,0.0,19.02096,0.0,0.82206667
2023-04-22 21:30:00+02:00,0.0,0.7094,0.0,0.0,0.0,0.0,5.8821053,0.0,0.0,0.0,0.0,19.02096,0.0,0.7094
2023-04-22 21:45:00+02:00,0.0,0.6804,0.0,0.0,0.0,0.0,5.6954211,0.0,0.0,0.0,0.0,19.02096,0.0,0.6804
2023-04-22 22:00:00+02:00,0.0,0.5726666666666667,0.0,0.0,0.0,0.0,5.5163684,0.0,0.0,0.0,0.0,19.02096,0.0,0.57266667
2023-04-22 22:15:00+02:00,0.0,0.5452,0.0,0.0,0.0,0.0,5.3656667,0.0,0.0,0.0,0.0,19.02096,0.0,0.5452
2023-04-22 22:30:00+02:00,0.0,0.5236000000000001,0.0,0.0,0.0,0.0,5.222193,0.0,0.0,0.0,0.0,19.02096,0.0,0.5236
2023-04-22 22:45:00+02:00,0.0,0.524,0.0,0.0,0.0,0.0,5.0844035,0.0,0.0,0.0,0.0,19.02096,0.0,0.524
2023-04-22 23:00:00+02:00,0.0,0.3787333333333333,0.0,0.0,0.0,0.0,4.9465088,0.0,0.0,0.0,0.0,19.02096,0.0,0.37873333
2023-04-22 23:15:00+02:00,0.0,0.3436666666666667,0.0,0.0,0.0,0.0,4.8468421,0.0,0.0,0.0,0.0,19.02096,0.0,0.34366667
2023-04-22 23:30:00+02:00,0.0,0.3459333333333333,0.0,0.0,0.0,0.0,4.7564035,0.0,0.0,0.0,0.0,19.02096,0.0,0.34593333
2023-04-22 23:45:00+02:00,0.0,0.9592666666666666,0.0,0.0,0.0,0.0,4.6653684,0.0,0.0,0.0,0.0,19.02096,0.0,0.95926667
2023-04-23 00:00:00+02:00,0.0,0.4315333333333334,0.0,0.0,0.0,0.0,4.4129298,0.0,0.0,0.0,0.0,19.02096,0.0,0.43153333
2023-04-23 00:15:00+02:00,0.0,0.376,0.0,0.0,0.0,0.0,4.2993684,0.0,0.0,0.0,0.0,19.02096,0.0,0.376
2023-04-23 00:30:00+02:00,0.0,0.4372666666666666,0.0,0.0,0.0,0.0,4.2004211,0.0,0.0,0.0,0.0,19.02096,0.0,0.43726667
2023-04-23 00:45:00+02:00,0.0,0.5582,0.0,0.0,0.0,0.0,4.0853509,0.0,0.0,0.0,0.0,19.02096,0.0,0.5582
2023-04-23 01:00:00+02:00,0.0,0.4422,0.0,0.0,0.0,0.0,3.9384561,0.0,0.0,0.0,0.0,19.02096,0.0,0.4422
2023-04-23 01:15:00+02:00,0.0,0.5004,0.0,0.0,0.0,0.0,3.8220877,0.0,0.0,0.0,0.0,19.02096,0.0,0.5004
2023-04-23 01:30:00+02:00,0.0,0.4452,0.0,0.0,0.0,0.0,3.6904035,0.0,0.0,0.0,0.0,19.02096,0.0,0.4452
2023-04-23 01:45:00+02:00,0.0,0.4623333333333333,0.0,0.0,0.0,0.0,3.5732456,0.0,0.0,0.0,0.0,19.02096,0.0,0.46233333
2023-04-23 02:00:00+02:00,0.0,0.4175333333333333,0.0,0.0,0.0,0.0,3.4515789,0.0,0.0,0.0,0.0,19.02096,0.0,0.41753333
2023-04-23 02:15:00+02:00,0.0,0.4341333333333333,0.0,0.0,0.0,0.0,3.3417018,0.0,0.0,0.0,0.0,19.02096,0.0,0.43413333
2023-04-23 02:30:00+02:00,0.0,0.3331333333333333,0.0,0.0,0.0,0.0,3.2274561,0.0,0.0,0.0,0.0,19.02096,0.0,0.33313333
2023-04-23 02:45:00+02:00,0.0,0.3010666666666666,0.0,0.0,0.0,0.0,3.1397895,0.0,0.0,0.0,0.0,19.02096,0.0,0.30106667
2023-04-23 03:00:00+02:00,0.0,0.9266,0.0,0.0,0.0,0.0,3.0605614,0.0,0.0,0.0,0.0,19.02096,0.0,0.9266
2023-04-23 03:15:00+02:00,0.0,0.5107333333333334,0.0,0.0,0.0,0.0,2.8167193,0.0,0.0,0.0,0.0,19.02096,0.0,0.51073333
2023-04-23 03:30:00+02:00,0.0,0.4692,0.0,0.0,0.0,0.0,2.6823158,0.0,0.0,0.0,0.0,19.02096,0.0,0.4692
2023-04-23 03:45:00+02:00,0.0,0.3120666666666666,0.0,0.0,0.0,0.0,2.5588421,0.0,0.0,0.0,0.0,19.02096,0.0,0.31206667
2023-04-23 04:00:00+02:00,0.0,0.2878,0.0,0.0,0.0,0.0,2.4767193,0.0,0.0,0.0,0.0,19.02096,0.0,0.2878
2023-04-23 04:15:00+02:00,0.0,0.2846666666666667,0.0,0.0,0.0,0.0,2.4009825,0.0,0.0,0.0,0.0,19.02096,0.0,0.28466667
2023-04-23 04:30:00+02:00,0.0,0.2515333333333333,0.0,0.0,0.0,0.0,2.3260702,0.0,0.0,0.0,0.0,19.02096,0.0,0.25153333
2023-04-23 04:45:00+02:00,0.0,0.148,0.0,0.0,0.0,0.0,2.2598772,0.0,0.0,0.0,0.0,19.02096,0.0,0.148
2023-04-23 05:00:00+02:00,0.0,0.1057999999999999,0.0,0.0,0.0,0.0,2.2209298,0.0,0.0,0.0,0.0,19.02096,0.0,0.1058
2023-04-23 05:15:00+02:00,0.0,0.1551999999999999,0.0,0.0,0.0,0.0,2.1930877,0.0,0.0,0.0,0.0,19.02096,0.0,0.1552
2023-04-23 05:30:00+02:00,0.0,0.1163333333333333,0.0,0.0,0.0,0.0,2.1522456,0.0,0.0,0.0,0.0,19.02096,0.0,0.11633333
2023-04-23 05:45:00+02:00,0.0,0.2338,0.0,0.0,0.0,0.0,2.1216316,0.0,0.0,0.0,0.0,19.02096,0.0,0.2338
2023-04-23 06:00:00+02:00,0.0,0.2952666666666667,0.0520960835356185,0.0,0.052096084,0.0,2.0601053,0.052096084,0.0,0.052096084,0.0,35.7238,0.0,0.29526667
2023-04-23 06:15:00+02:00,0.0,0.2465333333333333,0.1304970590292859,0.0,0.13049706,0.0,1.9824035,0.13049706,0.0,0.13049706,0.0,35.7238,0.0,0.24653333
2023-04-23 06:30:00+02:00,0.0,0.2342,0.4707179689943777,0.0,0.47071797,0.0,1.9175263,0.47071797,0.0,0.47071797,0.0,35.7238,0.0,0.2342
2023-04-23 06:45:00+02:00,0.0,1.2842,0.911165407604158,0.0,0.91116541,0.0,1.8558947,0.91116541,0.0,0.91116541,0.0,35.7238,0.0,1.2842
2023-04-23 07:00:00+02:00,0.0,0.4249333333333333,1.3193478376461556,0.0,1.3193478,0.0,1.5179474,1.3193478,0.0,1.3193478,0.0,35.7238,0.0,0.42493333
2023-04-23 07:15:00+02:00,0.0,0.2109333333333333,1.6924889613080316,0.0,1.692489,0.0,1.4061228,1.692489,0.0,1.692489,0.0,35.7238,0.0,0.21093333
2023-04-23 07:30:00+02:00,0.0,0.2524666666666667,2.085662597850801,0.0,2.0856626,0.0,1.350614,2.0856626,0.0,2.0856626,0.0,35.7238,0.0,0.25246667
2023-04-23 07:45:00+02:00,0.0,0.6977333333333333,2.662679572348117,0.0,2.6626796,0.0,1.2841754,2.6626796,0.0,2.6626796,0.0,35.7238,0.0,0.69773333
2023-04-23 08:00:00+02:00,0.0,0.4773333333333333,2.869985845415178,0.0,2.8699858,0.0,1.1005614,6.5747858,0.0,2.8699858,0.0,35.7238,0.0,4.1821333
2023-04-23 08:15:00+02:00,0.0,0.2512,3.4655492577674845,0.0,3.4655493,0.2512,0.0,3.2143493,0.0,3.2143493,0.0,35.7238,0.0,0.0
2023-04-23 08:30:00+02:00,0.0,0.2133333333333333,3.0779298514205085,2.8645965,0.21333333,0.21333333,0.0,0.0,0.0,0.0,0.0,35.7238,0.0,0.0
2023-04-23 08:45:00+02:00,0.0,0.1877333333333333,4.471502008103563,4.2837687,0.18773333,0.18773333,0.0,0.0,0.0,0.0,0.0,35.7238,0.0,0.0
2023-04-23 09:00:00+02:00,0.0,0.1338,4.75283653830213,4.6190365,0.1338,0.1338,0.0,0.0,0.0,0.0,0.0,35.7238,0.0,0.0
2023-04-23 09:15:00+02:00,0.0,0.2132,5.314588055493829,5.1013881,0.2132,0.2132,0.0,0.0,0.0,0.0,0.0,35.7238,0.0,0.0
2023-04-23 09:30:00+02:00,0.0,0.2410666666666666,5.527087870673234,5.2860212,0.24106667,0.24106667,0.0,0.0,0.0,0.0,0.0,35.7238,0.0,0.0
2023-04-23 09:45:00+02:00,0.0,0.1714666666666666,5.740343916985809,5.5688773,0.17146667,0.17146667,0.0,0.0,0.0,0.0,0.0,35.7238,0.0,0.0
2023-04-23 10:00:00+02:00,0.0,0.6276666666666666,6.713274373427909,6.0856077,0.62766667,0.62766667,0.0,0.0,0.0,0.0,0.0,35.7238,0.0,0.0
2023-04-23 10:15:00+02:00,0.0,0.5102,4.099401480794894,3.5892015,0.5102,0.5102,0.0,0.0,0.0,0.0,0.0,35.7238,0.0,0.0
2023-04-23 10:30:00+02:00,0.0,0.4796,5.816231755181553,5.3366318,0.4796,0.4796,0.0,0.0,0.0,0.0,0.0,35.7238,0.0,0.0
2023-04-23 10:45:00+02:00,0.0,0.5259333333333333,4.576271994930485,4.0503387,0.52593333,0.52593333,0.0,0.0,0.0,0.0,0.0,35.7238,0.0,0.0
2023-04-23 11:00:00+02:00,0.0,0.6951333333333334,5.07522590243569,4.3800926,0.69513333,0.69513333,0.0,0.0,0.0,0.0,0.0,35.7238,0.0,0.0
2023-04-23 11:15:00+02:00,0.0,0.6237999999999999,6.614478466726603,5.9906785,0.6238,0.6238,0.0,0.0,0.0,0.0,0.0,35.7238,0.0,0.0
2023-04-23 11:30:00+02:00,0.0,0.3345333333333333,6.597033370276018,6.2625,0.33453333,0.33453333,0.0,0.0,0.0,0.0,0.0,35.7238,0.0,0.0
2023-04-23 11:45:00+02:00,0.0,0.1676666666666666,4.066822479636905,3.8991558,0.16766667,0.16766667,0.0,0.0,0.0,0.0,0.0,35.7238,0.0,0.0
2023-04-23 12:00:00+02:00,0.0,0.1185333333333333,5.240140892253335,5.1216076,0.11853333,0.11853333,0.0,0.0,0.0,0.0,0.0,35.7238,0.0,0.0
2023-04-23 12:15:00+02:00,0.0,0.1748,2.84350437257473,1.4112044,1.4323,0.1748,0.0,0.0,0.0,0.0,1.2575,35.7238,1.2575,0.0
2023-04-23 12:30:00+02:00,0.0,0.1235333333333333,4.079501147090881,0.0,4.0795011,0.12353333,0.29865625,0.0,0.0,0.0,3.9559678,35.7238,3.9559678,0.0
2023-04-23 12:45:00+02:00,0.0,0.2054666666666666,3.822991374307377,0.0,3.8229914,0.20546667,1.2381986,0.0,0.0,0.0,3.6175247,35.7238,3.6175247,0.0
2023-04-23 13:00:00+02:00,0.0,0.2334,6.9102562003531744,1.6768562,5.2334,0.2334,2.0973607,0.0,0.0,0.0,5.0,35.7238,5.0,0.0
2023-04-23 13:15:00+02:00,0.0,0.2238666666666666,3.1727280822548853,0.0,3.1727281,0.22386667,3.2848607,0.0,0.0,0.0,2.9488614,35.7238,2.9488614,0.0
2023-04-23 13:30:00+02:00,0.0,0.1908,1.860054327612252,0.0,1.8600543,0.1908,3.9852153,0.0,0.0,0.0,1.6692543,35.7238,1.6692543,0.0
2023-04-23 13:45:00+02:00,0.0,0.3203333333333333,1.653766668839885,0.0,1.6537667,0.32033333,4.3816632,0.0,0.0,0.0,1.3334333,35.7238,1.3334333,0.0
2023-04-23 14:00:00+02:00,0.0,0.4636666666666666,1.1214481633409064,0.0,1.1214482,0.46366667,4.6983536,0.0,0.0,0.0,0.6577815,35.7238,0.6577815,0.0
2023-04-23 14:15:00+02:00,0.0,1.2195333333333334,0.9746248465427774,0.0,0.97462485,0.97462485,4.8545767,0.0,0.0,0.0,0.0,35.7238,0.0,0.24490849
2023-04-23 14:30:00+02:00,0.0,0.9690666666666669,1.391365309560263,0.0,1.3913653,0.96906667,4.7901271,0.0,0.0,0.0,0.42229864,35.7238,0.42229864,0.0
2023-04-23 14:45:00+02:00,0.0,2.418733333333333,1.5275893589976013,0.0,1.5275894,1.5275894,4.8904231,0.0,0.0,0.0,0.0,35.7238,0.0,0.89114397
2023-04-23 15:00:00+02:00,0.0,1.0548666666666666,1.3932743347631225,0.0,1.3932743,1.0548667,4.6559115,0.0,0.0,0.0,0.33840767,35.7238,0.33840767,0.0
2023-04-23 15:15:00+02:00,0.0,0.4606666666666666,0.994941748648094,0.0,0.99494175,0.46066667,4.7362833,0.0,0.0,0.0,0.53427508,35.7238,0.53427508,0.0
2023-04-23 15:30:00+02:00,0.0,0.415,1.4164564595066893,0.0,1.4164565,0.415,4.8631736,0.0,0.0,0.0,1.0014565,35.7238,1.0014565,0.0
2023-04-23 15:45:00+02:00,0.0,0.4538,2.9233618798549217,0.0,2.9233619,0.4538,5.1010196,0.0,0.0,0.0,2.4695619,35.7238,2.4695619,0.0
2023-04-23 16:00:00+02:00,0.0,0.3634666666666666,2.640667797436662,0.0,2.6406678,0.36346667,5.6875405,0.0,0.0,0.0,2.2772011,35.7238,2.2772011,0.0
2023-04-23 16:15:00+02:00,0.0,0.3526,1.6953948483716523,0.0,1.6953948,0.3526,6.2283758,0.0,0.0,0.0,1.3427948,35.7238,1.3427948,0.0
2023-04-23 16:30:00+02:00,0.0,0.3226666666666667,1.6712456865681131,0.0,1.6712457,0.32266667,6.5472895,0.0,0.0,0.0,1.348579,35.7238,1.348579,0.0
2023-04-23 16:45:00+02:00,0.0,0.2976,1.7314341090106509,0.0,1.7314341,0.2976,6.8675771,0.0,0.0,0.0,1.4338341,35.7238,1.4338341,0.0
2023-04-23 17:00:00+02:00,0.0,0.4092666666666666,1.486782345787435,0.0,1.4867823,0.40926667,7.2081127,0.0,0.0,0.0,1.0775157,35.7238,1.0775157,0.0
2023-04-23 17:15:00+02:00,0.0,0.3344666666666666,0.9884397713490908,0.0,0.98843977,0.0,7.4640226,0.98843977,0.0,0.98843977,0.0,35.7238,0.0,0.33446667
2023-04-23 17:30:00+02:00,0.0,0.5063333333333333,0.4109219365602862,0.0,0.41092194,0.0,7.3760051,0.41092194,0.0,0.41092194,0.0,35.7238,0.0,0.50633333
2023-04-23 17:45:00+02:00,0.0,0.6136666666666666,0.1930434158749207,0.0,0.19304342,0.0,7.2427595,0.19304342,0.0,0.19304342,0.0,35.7238,0.0,0.61366667
2023-04-23 18:00:00+02:00,0.0,0.3993333333333333,0.0078860168036575,0.0,0.0078860168,0.0,7.0812682,0.0078860168,0.0,0.0078860168,0.0,35.7238,0.0,0.39933333
2023-04-23 18:15:00+02:00,0.0,0.5168666666666667,0.0,0.0,0.0,0.0,6.9761805,0.0,0.0,0.0,0.0,35.7238,0.0,0.51686667
2023-04-23 18:30:00+02:00,0.0,0.3566666666666667,0.0,0.0,0.0,0.0,6.840163,0.0,0.0,0.0,0.0,35.7238,0.0,0.35666667
2023-04-23 18:45:00+02:00,0.0,0.3976,0.0,0.0,0.0,0.0,6.7463033,0.0,0.0,0.0,0.0,35.7238,0.0,0.3976
2023-04-23 19:00:00+02:00,0.0,0.3530666666666666,0.0,0.0,0.0,0.0,6.6416718,0.0,0.0,0.0,0.0,35.7238,0.0,0.35306667
2023-04-23 19:15:00+02:00,0.0,0.4283333333333333,0.0,0.0,0.0,0.0,6.5487595,0.0,0.0,0.0,0.0,35.7238,0.0,0.42833333
2023-04-23 19:30:00+02:00,0.0,0.3905333333333333,0.0,0.0,0.0,0.0,6.4360402,0.0,0.0,0.0,0.0,35.7238,0.0,0.39053333
2023-04-23 19:45:00+02:00,0.0,0.3462666666666666,0.0,0.0,0.0,0.0,6.3332682,0.0,0.0,0.0,0.0,35.7238,0.0,0.34626667
2023-04-23 20:00:00+02:00,0.0,0.5761333333333333,0.0,0.0,0.0,0.0,6.2421454,0.0,0.0,0.0,0.0,17.22168,0.0,0.57613333
2023-04-23 20:15:00+02:00,0.0,0.6474666666666667,0.0,0.0,0.0,0.0,6.0905314,0.0,0.0,0.0,0.0,17.22168,0.0,0.64746667
2023-04-23 20:30:00+02:00,0.0,0.4386666666666667,0.0,0.0,0.0,0.0,5.9201454,0.0,0.0,0.0,0.0,17.22168,0.0,0.43866667
2023-04-23 20:45:00+02:00,0.0,0.2166666666666666,0.0,0.0,0.0,0.0,5.8047068,0.0,0.0,0.0,0.0,17.22168,0.0,0.21666667
2023-04-23 21:00:00+02:00,0.0,0.2545333333333333,0.0,0.0,0.0,0.0,5.7476893,0.0,0.0,0.0,0.0,17.22168,0.0,0.25453333
2023-04-23 21:15:00+02:00,0.0,0.1964666666666666,0.0,0.0,0.0,0.0,5.6807068,0.0,0.0,0.0,0.0,17.22168,0.0,0.19646667
2023-04-23 21:30:00+02:00,0.0,0.1975333333333333,0.0,0.0,0.0,0.0,5.6290051,0.0,0.0,0.0,0.0,17.22168,0.0,0.19753333
2023-04-23 21:45:00+02:00,0.0,0.2140666666666666,0.0,0.0,0.0,0.0,5.5770226,0.0,0.0,0.0,0.0,17.22168,0.0,0.21406667
2023-04-23 22:00:00+02:00,0.0,0.1965333333333333,0.0,0.0,0.0,0.0,5.5206893,0.0,0.0,0.0,0.0,17.22168,0.0,0.19653333
2023-04-23 22:15:00+02:00,0.0,0.4301999999999999,0.0,0.0,0.0,0.0,5.46897,0.0,0.0,0.0,0.0,17.22168,0.0,0.4302
2023-04-23 22:30:00+02:00,0.0,0.4223333333333333,0.0,0.0,0.0,0.0,5.3557595,0.0,0.0,0.0,0.0,17.22168,0.0,0.42233333
2023-04-23 22:45:00+02:00,0.0,0.4259333333333333,0.0,0.0,0.0,0.0,5.2446191,0.0,0.0,0.0,0.0,17.22168,0.0,0.42593333
2023-04-23 23:00:00+02:00,0.0,0.3498666666666666,0.0,0.0,0.0,0.0,5.1325314,0.0,0.0,0.0,0.0,17.22168,0.0,0.34986667
2023-04-23 23:15:00+02:00,0.0,0.5422,0.0,0.0,0.0,0.0,5.0404612,0.0,0.0,0.0,0.0,17.22168,0.0,0.5422
2023-04-23 23:30:00+02:00,0.0,0.4755333333333333,0.0,0.0,0.0,0.0,4.897777,0.0,0.0,0.0,0.0,17.22168,0.0,0.47553333
2023-04-23 23:45:00+02:00,0.0,0.3324,0.0,0.0,0.0,0.0,4.7726367,0.0,0.0,0.0,0.0,17.22168,0.0,0.3324
2023-04-24 00:00:00+02:00,0.0,0.3447333333333333,0.0,0.0,0.0,0.0,4.685163,0.0,0.0,0.0,0.0,17.22168,0.0,0.34473333
2023-04-24 00:15:00+02:00,0.0,0.4683333333333333,0.0,0.0,0.0,0.0,4.5944437,0.0,0.0,0.0,0.0,17.22168,0.0,0.46833333
2023-04-24 00:30:00+02:00,0.0,0.4865333333333334,0.0,0.0,0.0,0.0,4.4711981,0.0,0.0,0.0,0.0,17.22168,0.0,0.48653333
2023-04-24 00:45:00+02:00,0.0,0.3888666666666667,0.0,0.0,0.0,0.0,4.343163,0.0,0.0,0.0,0.0,17.22168,0.0,0.38886667
2023-04-24 01:00:00+02:00,0.0,0.3664,0.0,0.0,0.0,0.0,4.2408297,0.0,0.0,0.0,0.0,17.22168,0.0,0.3664
2023-04-24 01:15:00+02:00,0.0,0.4014666666666666,0.0,0.0,0.0,0.0,4.1444086,0.0,0.0,0.0,0.0,17.22168,0.0,0.40146667
2023-04-24 01:30:00+02:00,0.0,0.2726666666666666,0.0,0.0,0.0,0.0,4.0387595,0.0,0.0,0.0,0.0,17.22168,0.0,0.27266667
2023-04-24 01:45:00+02:00,0.0,0.3006,0.0,0.0,0.0,0.0,3.9670051,0.0,0.0,0.0,0.0,17.22168,0.0,0.3006
2023-04-24 02:00:00+02:00,0.0,0.3193999999999999,0.0,0.0,0.0,0.0,3.8878998,0.0,0.0,0.0,0.0,17.22168,0.0,0.3194
2023-04-24 02:15:00+02:00,0.0,0.2752,0.0,0.0,0.0,0.0,3.8038472,0.0,0.0,0.0,0.0,17.22168,0.0,0.2752
2023-04-24 02:30:00+02:00,0.0,0.3285333333333333,0.0,0.0,0.0,0.0,3.7314261,0.0,0.0,0.0,0.0,17.22168,0.0,0.32853333
2023-04-24 02:45:00+02:00,0.0,0.3503333333333333,0.0,0.0,0.0,0.0,3.64497,0.0,0.0,0.0,0.0,17.22168,0.0,0.35033333
2023-04-24 03:00:00+02:00,0.0,0.3276666666666666,0.0,0.0,0.0,0.0,3.552777,0.0,0.0,0.0,0.0,17.22168,0.0,0.32766667
2023-04-24 03:15:00+02:00,0.0,0.2622666666666666,0.0,0.0,0.0,0.0,3.466549,0.0,0.0,0.0,0.0,17.22168,0.0,0.26226667
2023-04-24 03:30:00+02:00,0.0,0.2983333333333333,0.0,0.0,0.0,0.0,3.3975314,0.0,0.0,0.0,0.0,17.22168,0.0,0.29833333
2023-04-24 03:45:00+02:00,0.0,0.3172,0.0,0.0,0.0,0.0,3.3190226,0.0,0.0,0.0,0.0,17.22168,0.0,0.3172
2023-04-24 04:00:00+02:00,0.0,0.2840666666666667,0.0,0.0,0.0,0.0,3.235549,0.0,0.0,0.0,0.0,17.22168,0.0,0.28406667
2023-04-24 04:15:00+02:00,0.0,0.2560666666666666,0.0,0.0,0.0,0.0,3.1607946,0.0,0.0,0.0,0.0,17.22168,0.0,0.25606667
2023-04-24 04:30:00+02:00,0.0,0.3298666666666667,0.0,0.0,0.0,0.0,3.0934086,0.0,0.0,0.0,0.0,17.22168,0.0,0.32986667
2023-04-24 04:45:00+02:00,0.0,0.3462666666666666,0.0,0.0,0.0,0.0,3.0066016,0.0,0.0,0.0,0.0,17.22168,0.0,0.34626667
2023-04-24 05:00:00+02:00,0.0,0.3431333333333333,0.0,0.0,0.0,0.0,2.9154788,0.0,0.0,0.0,0.0,17.22168,0.0,0.34313333
2023-04-24 05:15:00+02:00,0.0,0.4056,0.0,0.0,0.0,0.0,2.8251805,0.0,0.0,0.0,0.0,17.22168,0.0,0.4056
2023-04-24 05:30:00+02:00,0.0,0.3037333333333333,0.0,0.0,0.0,0.0,2.7184437,0.0,0.0,0.0,0.0,17.22168,0.0,0.30373333
2023-04-24 05:45:00+02:00,0.0,0.3670666666666666,0.0,0.0,0.0,0.0,2.6385139,0.0,0.0,0.0,0.0,17.22168,0.0,0.36706667
2023-04-24 06:00:00+02:00,0.0,0.2653999999999999,0.1224654663241612,0.0,0.12246547,0.0,2.5419174,0.12246547,0.0,0.12246547,0.0,22.14114,0.0,0.2654
2023-04-24 06:15:00+02:00,0.0,0.2936,0.3382916380721508,0.0,0.33829164,0.0,2.4720753,0.33829164,0.0,0.33829164,0.0,22.14114,0.0,0.2936
2023-04-24 06:30:00+02:00,0.0,0.3008,0.5785180028424927,0.0,0.578518,0.0,2.3948121,0.578518,0.0,0.578518,0.0,22.14114,0.0,0.3008
2023-04-24 06:45:00+02:00,0.0,0.5273333333333333,1.1733466598325006,0.0,1.1733467,0.0,2.3156542,1.1733467,0.0,1.1733467,0.0,22.14114,0.0,0.52733333
2023-04-24 07:00:00+02:00,0.0,0.6571333333333333,0.8270069247071112,0.0,0.82700692,0.0,2.1768823,0.82700692,0.0,0.82700692,0.0,22.14114,0.0,0.65713333
2023-04-24 07:15:00+02:00,0.0,0.4802,1.223883242481545,0.0,1.2238832,0.0,2.0039525,1.2238832,0.0,1.2238832,0.0,22.14114,0.0,0.4802
2023-04-24 07:30:00+02:00,0.0,0.3762666666666666,1.813380922092068,0.0,1.8133809,0.0,1.877584,1.8133809,0.0,1.8133809,0.0,22.14114,0.0,0.37626667
2023-04-24 07:45:00+02:00,0.0,0.2592666666666666,2.112892429428702,0.0,2.1128924,0.0,1.7785665,2.1128924,0.0,2.1128924,0.0,22.14114,0.0,0.25926667
2023-04-24 08:00:00+02:00,0.0,0.2573333333333333,2.213008662936628,0.0,2.2130087,0.0,1.7103384,5.4963194,0.0,2.2130087,0.0,22.14114,0.0,3.5406441
2023-04-24 08:15:00+02:00,0.0,0.2082666666666666,2.362433502820011,0.0,2.3624335,0.0,0.77858998,5.1128088,0.0,2.3624335,0.0,22.14114,0.0,2.9586419
2023-04-24 08:30:00+02:00,0.0,0.2267333333333333,2.8951835711742056,2.6684502,0.22673333,0.22673333,0.0,0.0,0.0,0.0,0.0,22.14114,0.0,0.0
2023-04-24 08:45:00+02:00,0.0,0.2256666666666666,3.047110649677272,2.821444,0.22566667,0.22566667,0.0,0.0,0.0,0.0,0.0,22.14114,0.0,0.0
2023-04-24 09:00:00+02:00,0.0,0.2084,4.27310305360361,4.0647031,0.2084,0.2084,0.0,0.0,0.0,0.0,0.0,22.14114,0.0,0.0
2023-04-24 09:15:00+02:00,0.0,0.2567333333333333,5.25895089072782,5.0022176,0.25673333,0.25673333,0.0,0.0,0.0,0.0,0.0,22.14114,0.0,0.0
2023-04-24 09:30:00+02:00,0.0,0.2970666666666666,5.525461260405186,5.2283946,0.29706667,0.29706667,0.0,0.0,0.0,0.0,0.0,22.14114,0.0,0.0
2023-04-24 09:45:00+02:00,0.0,0.339,4.14925961167576,3.8102596,0.339,0.339,0.0,0.0,0.0,0.0,0.0,22.14114,0.0,0.0
2023-04-24 10:00:00+02:00,0.0,0.2472666666666667,5.178007739063659,4.9307411,0.24726667,0.24726667,0.0,0.0,0.0,0.0,0.0,22.14114,0.0,0.0
2023-04-24 10:15:00+02:00,0.0,0.2496,6.070550913306836,5.8209509,0.2496,0.2496,0.0,0.0,0.0,0.0,0.0,22.14114,0.0,0.0
2023-04-24 10:30:00+02:00,0.0,0.202,5.268359788688358,5.0663598,0.202,0.202,0.0,0.0,0.0,0.0,0.0,22.14114,0.0,0.0
2023-04-24 10:45:00+02:00,0.0,0.2434,4.947213090204124,4.7038131,0.2434,0.2434,0.0,0.0,0.0,0.0,0.0,22.14114,0.0,0.0
2023-04-24 11:00:00+02:00,0.0,0.197,6.35515879526244,6.1581588,0.197,0.197,0.0,0.0,0.0,0.0,0.0,22.14114,0.0,0.0
2023-04-24 11:15:00+02:00,0.0,0.2816666666666667,6.075898416371248,5.7942317,0.28166667,0.28166667,0.0,0.0,0.0,0.0,0.0,22.14114,0.0,0.0
2023-04-24 11:30:00+02:00,0.0,0.4224666666666666,5.926546371890981,5.5040797,0.42246667,0.42246667,0.0,0.0,0.0,0.0,0.0,22.14114,0.0,0.0
2023-04-24 11:45:00+02:00,0.0,0.2382666666666666,6.467877830394731,6.2296112,0.23826667,0.23826667,0.0,0.0,0.0,0.0,0.0,22.14114,0.0,0.0
2023-04-24 12:00:00+02:00,0.0,0.3645333333333334,7.654000781116912,7.2894674,0.36453333,0.36453333,0.0,0.0,0.0,0.0,0.0,22.14114,0.0,0.0
2023-04-24 12:15:00+02:00,0.0,0.4187333333333333,7.391744268487042,6.9730109,0.41873333,0.41873333,0.0,0.0,0.0,0.0,0.0,22.14114,0.0,0.0
2023-04-24 12:30:00+02:00,0.0,0.4842666666666667,6.712746803325316,6.2284801,0.48426667,0.48426667,0.0,0.0,0.0,0.0,0.0,22.14114,0.0,0.0
2023-04-24 12:45:00+02:00,0.0,0.421,4.461091711752449,4.0400917,0.421,0.421,0.0,0.0,0.0,0.0,0.0,22.14114,0.0,0.0
2023-04-24 13:00:00+02:00,0.0,0.8580666666666668,4.702814956532581,3.8447483,0.85806667,0.85806667,0.0,0.0,0.0,0.0,0.0,22.14114,0.0,0.0
2023-04-24 13:15:00+02:00,0.0,1.1959333333333333,6.928559446523491,5.7326261,1.1959333,1.1959333,0.0,0.0,0.0,0.0,0.0,22.14114,0.0,0.0
2023-04-24 13:30:00+02:00,0.0,0.8995333333333333,7.167270709921616,6.2677374,0.89953333,0.89953333,0.0,0.0,0.0,0.0,0.0,22.14114,0.0,0.0
2023-04-24 13:45:00+02:00,0.0,0.9594,6.875635045412501,4.4461398,2.4294952,0.9594,0.0,0.0,0.0,0.0,1.4700952,22.14114,1.4700952,0.0
2023-04-24 14:00:00+02:00,0.0,0.9475333333333332,7.254427395596805,1.3068941,5.9475333,0.94753333,0.34914762,0.0,0.0,0.0,5.0,22.14114,5.0,0.0
2023-04-24 14:15:00+02:00,0.0,0.7328666666666667,5.834453465444457,0.1015868,5.7328667,0.73286667,1.5366476,0.0,0.0,0.0,5.0,22.14114,5.0,0.0
2023-04-24 14:30:00+02:00,0.0,2.406733333333333,3.46199966946082,0.0,3.4619997,2.4067333,2.7241476,0.0,0.0,0.0,1.0552663,22.14114,1.0552663,0.0
2023-04-24 14:45:00+02:00,0.0,2.3391333333333333,3.665768577273909,0.0,3.6657686,2.3391333,2.9747734,0.0,0.0,0.0,1.3266352,22.14114,1.3266352,0.0
2023-04-24 15:00:00+02:00,0.0,0.7240666666666667,4.354655917753837,0.0,4.3546559,0.72406667,3.2898492,0.0,0.0,0.0,3.6305893,22.14114,3.6305893,0.0
2023-04-24 15:15:00+02:00,0.0,0.4281333333333333,3.327428453895988,0.0,3.3274285,0.42813333,4.1521142,0.0,0.0,0.0,2.8992951,22.14114,2.8992951,0.0
2023-04-24 15:30:00+02:00,0.0,0.4296,3.867052909695761,0.0,3.8670529,0.4296,4.8406968,0.0,0.0,0.0,3.4374529,22.14114,3.4374529,0.0
2023-04-24 15:45:00+02:00,0.0,0.5036,5.251236694671594,0.0,5.2512367,0.5036,5.6570919,0.0,0.0,0.0,4.7476367,22.14114,4.7476367,0.0
2023-04-24 16:00:00+02:00,0.0,0.4941333333333333,4.041604691596017,0.0,4.0416047,0.49413333,6.7846556,0.0,0.0,0.0,3.5474714,22.14114,3.5474714,0.0
2023-04-24 16:15:00+02:00,0.0,0.3972666666666666,3.981724971345619,0.0,3.981725,0.39726667,7.62718,0.0,0.0,0.0,3.5844583,22.14114,3.5844583,0.0
2023-04-24 16:30:00+02:00,0.0,0.4916666666666667,3.6063104297254487,0.0,3.6063104,0.49166667,8.4784889,0.0,0.0,0.0,3.1146438,22.14114,3.1146438,0.0
2023-04-24 16:45:00+02:00,0.0,0.3999333333333333,2.626627849589446,0.0,2.6266278,0.39993333,9.2182168,0.0,0.0,0.0,2.2266945,22.14114,2.2266945,0.0
2023-04-24 17:00:00+02:00,0.0,0.8422000000000001,1.7294216256924262,0.0,1.7294216,0.8422,9.7470567,0.0,0.0,0.0,0.88722163,22.14114,0.88722163,0.0
2023-04-24 17:15:00+02:00,0.0,0.8560666666666668,1.0338694509797446,0.0,1.0338695,0.85606667,9.9577718,0.0,0.0,0.0,0.17780278,22.14114,0.17780278,0.0
2023-04-24 17:30:00+02:00,0.0,0.974,0.6062887779283904,0.0,0.60628878,0.60628878,10.0,0.0,0.0,0.0,0.0,22.14114,0.0,0.36771122
2023-04-24 17:45:00+02:00,0.0,1.1489333333333334,0.3659588164958406,0.0,0.36595882,0.36595882,9.9032339,0.0,0.0,0.0,0.0,22.14114,0.0,0.78297452
2023-04-24 18:00:00+02:00,0.0,0.4236666666666667,0.1649748532696215,0.0,0.16497485,0.16497485,9.697188,0.0,0.0,0.0,0.0,22.14114,0.0,0.25869181
2023-04-24 18:15:00+02:00,0.0,0.2698,0.0,0.0,0.0,0.0,9.6291112,0.0,0.0,0.0,0.0,22.14114,0.0,0.2698
2023-04-24 18:30:00+02:00,0.0,0.1976,0.0,0.0,0.0,0.0,9.5581112,0.0,0.0,0.0,0.0,22.14114,0.0,0.1976
2023-04-24 18:45:00+02:00,0.0,0.2445999999999999,0.0,0.0,0.0,0.0,9.5061112,0.0,0.0,0.0,0.0,22.14114,0.0,0.2446
2023-04-24 19:00:00+02:00,0.0,0.2481999999999999,0.0,0.0,0.0,0.0,9.4417427,0.0,0.0,0.0,0.0,22.14114,0.0,0.2482
2023-04-24 19:15:00+02:00,0.0,0.2788666666666666,0.0,0.0,0.0,0.0,9.376427,0.0,0.0,0.0,0.0,22.14114,0.0,0.27886667
2023-04-24 19:30:00+02:00,0.0,0.4088,0.0,0.0,0.0,0.0,9.303041,0.0,0.0,0.0,0.0,22.14114,0.0,0.4088
2023-04-24 19:45:00+02:00,0.0,0.7836000000000001,0.0,0.0,0.0,0.0,9.195462,0.0,0.0,0.0,0.0,22.14114,0.0,0.7836
2023-04-24 20:00:00+02:00,0.0,0.8306,0.0,0.0,0.0,0.0,8.9892515,0.0,0.0,0.0,0.0,23.318049999999996,0.0,0.8306
2023-04-24 20:15:00+02:00,0.0,0.8888666666666667,0.0,0.0,0.0,0.0,8.7706726,0.0,0.0,0.0,0.0,23.318049999999996,0.0,0.88886667
2023-04-24 20:30:00+02:00,0.0,0.6504666666666667,0.0,0.0,0.0,0.0,8.5367603,0.0,0.0,0.0,0.0,23.318049999999996,0.0,0.65046667
2023-04-24 20:45:00+02:00,0.0,0.7112666666666666,0.0,0.0,0.0,0.0,8.3655849,0.0,0.0,0.0,0.0,23.318049999999996,0.0,0.71126667
2023-04-24 21:00:00+02:00,0.0,0.4629333333333333,0.0,0.0,0.0,0.0,8.1784094,0.0,0.0,0.0,0.0,23.318049999999996,0.0,0.46293333
2023-04-24 21:15:00+02:00,0.0,0.4221999999999999,0.0,0.0,0.0,0.0,8.0565849,0.0,0.0,0.0,0.0,23.318049999999996,0.0,0.4222
2023-04-24 21:30:00+02:00,0.0,0.482,0.0,0.0,0.0,0.0,7.9454796,0.0,0.0,0.0,0.0,23.318049999999996,0.0,0.482
2023-04-24 21:45:00+02:00,0.0,0.3774666666666666,0.0,0.0,0.0,0.0,7.8186375,0.0,0.0,0.0,0.0,23.318049999999996,0.0,0.37746667
2023-04-24 22:00:00+02:00,0.0,0.5704,0.0,0.0,0.0,0.0,7.7193042,0.0,0.0,0.0,0.0,23.318049999999996,0.0,0.5704
2023-04-24 22:15:00+02:00,0.0,0.345,0.0,0.0,0.0,0.0,7.5691989,0.0,0.0,0.0,0.0,23.318049999999996,0.0,0.345
2023-04-24 22:30:00+02:00,0.0,0.4199333333333333,0.0,0.0,0.0,0.0,7.4784094,0.0,0.0,0.0,0.0,23.318049999999996,0.0,0.41993333
2023-04-24 22:45:00+02:00,0.0,0.3528666666666666,0.0,0.0,0.0,0.0,7.3679006,0.0,0.0,0.0,0.0,23.318049999999996,0.0,0.35286667
2023-04-24 23:00:00+02:00,0.0,0.2431333333333333,0.0,0.0,0.0,0.0,7.275041,0.0,0.0,0.0,0.0,23.318049999999996,0.0,0.24313333
2023-04-24 23:15:00+02:00,0.0,0.2672666666666666,0.0,0.0,0.0,0.0,7.2110585,0.0,0.0,0.0,0.0,23.318049999999996,0.0,0.26726667
2023-04-24 23:30:00+02:00,0.0,0.2617333333333334,0.0,0.0,0.0,0.0,7.1407252,0.0,0.0,0.0,0.0,23.318049999999996,0.0,0.26173333
2023-04-24 23:45:00+02:00,0.0,0.2838666666666666,0.0,0.0,0.0,0.0,7.071848,0.0,0.0,0.0,0.0,23.318049999999996,0.0,0.28386667
2023-04-25 00:00:00+02:00,0.0,0.6748,0.0,0.0,0.0,0.0,6.9971463,0.0,0.0,0.0,0.0,23.318049999999996,0.0,0.6748
2023-04-25 00:15:00+02:00,0.0,0.2363333333333333,0.0,0.0,0.0,0.0,6.8195673,0.0,0.0,0.0,0.0,23.318049999999996,0.0,0.23633333
2023-04-25 00:30:00+02:00,0.0,0.2784,0.0,0.0,0.0,0.0,6.7573743,0.0,0.0,0.0,0.0,23.318049999999996,0.0,0.2784
2023-04-25 00:45:00+02:00,0.0,0.2397333333333333,0.0,0.0,0.0,0.0,6.6841112,0.0,0.0,0.0,0.0,23.318049999999996,0.0,0.23973333
2023-04-25 01:00:00+02:00,0.0,0.3073999999999999,0.0,0.0,0.0,0.0,6.6210235,0.0,0.0,0.0,0.0,23.318049999999996,0.0,0.3074
2023-04-25 01:15:00+02:00,0.0,0.38,0.0,0.0,0.0,0.0,6.5401287,0.0,0.0,0.0,0.0,23.318049999999996,0.0,0.38
2023-04-25 01:30:00+02:00,0.0,0.2558666666666667,0.0,0.0,0.0,0.0,6.4401287,0.0,0.0,0.0,0.0,23.318049999999996,0.0,0.25586667
2023-04-25 01:45:00+02:00,0.0,0.3188666666666667,0.0,0.0,0.0,0.0,6.3727954,0.0,0.0,0.0,0.0,23.318049999999996,0.0,0.31886667
2023-04-25 02:00:00+02:00,0.0,0.2626,0.0,0.0,0.0,0.0,6.2888831,0.0,0.0,0.0,0.0,23.318049999999996,0.0,0.2626
2023-04-25 02:15:00+02:00,0.0,0.2886666666666667,0.0,0.0,0.0,0.0,6.2197778,0.0,0.0,0.0,0.0,23.318049999999996,0.0,0.28866667
2023-04-25 02:30:00+02:00,0.0,0.1904,0.0,0.0,0.0,0.0,6.1438129,0.0,0.0,0.0,0.0,23.318049999999996,0.0,0.1904
2023-04-25 02:45:00+02:00,0.0,0.1639333333333333,0.0,0.0,0.0,0.0,6.0937077,0.0,0.0,0.0,0.0,23.318049999999996,0.0,0.16393333
2023-04-25 03:00:00+02:00,0.0,0.1266666666666666,0.0,0.0,0.0,0.0,6.0505673,0.0,0.0,0.0,0.0,23.318049999999996,0.0,0.12666667
2023-04-25 03:15:00+02:00,0.0,0.1185333333333333,0.0,0.0,0.0,0.0,6.017234,0.0,0.0,0.0,0.0,23.318049999999996,0.0,0.11853333
2023-04-25 03:30:00+02:00,0.0,0.2072666666666666,0.0,0.0,0.0,0.0,5.986041,0.0,0.0,0.0,0.0,23.318049999999996,0.0,0.20726667
2023-04-25 03:45:00+02:00,0.0,0.2315333333333333,0.0,0.0,0.0,0.0,5.9314971,0.0,0.0,0.0,0.0,23.318049999999996,0.0,0.23153333
2023-04-25 04:00:00+02:00,0.0,0.1936666666666666,0.0,0.0,0.0,0.0,5.8705673,0.0,0.0,0.0,0.0,23.318049999999996,0.0,0.19366667
2023-04-25 04:15:00+02:00,0.0,0.1169333333333333,0.0,0.0,0.0,0.0,5.8196024,0.0,0.0,0.0,0.0,23.318049999999996,0.0,0.11693333
2023-04-25 04:30:00+02:00,0.0,0.1646666666666666,0.0,0.0,0.0,0.0,5.7888305,0.0,0.0,0.0,0.0,23.318049999999996,0.0,0.16466667
2023-04-25 04:45:00+02:00,0.0,0.1132666666666666,0.0,0.0,0.0,0.0,5.7454971,0.0,0.0,0.0,0.0,23.318049999999996,0.0,0.11326667
2023-04-25 05:00:00+02:00,0.0,0.1492,0.0,0.0,0.0,0.0,5.7156901,0.0,0.0,0.0,0.0,23.318049999999996,0.0,0.1492
2023-04-25 05:15:00+02:00,0.0,0.1205333333333333,0.0,0.0,0.0,0.0,5.676427,0.0,0.0,0.0,0.0,23.318049999999996,0.0,0.12053333
2023-04-25 05:30:00+02:00,0.0,0.1370666666666666,0.0,0.0,0.0,0.0,5.6447077,0.0,0.0,0.0,0.0,23.318049999999996,0.0,0.13706667
2023-04-25 05:45:00+02:00,0.0,0.2852,0.0,0.0,0.0,0.0,5.6086375,0.0,0.0,0.0,0.0,23.318049999999996,0.0,0.2852
2023-04-25 06:00:00+02:00,0.0,0.2941333333333333,0.0,0.0,0.0,0.0,5.5335849,0.0,0.0,0.0,0.0,29.9761,0.0,0.29413333
2023-04-25 06:15:00+02:00,0.0,0.3577333333333333,0.0668143441269387,0.0,0.066814344,0.0,5.4561813,0.44257013,0.0,0.066814344,0.0,29.9761,0.0,0.73348911
2023-04-25 06:30:00+02:00,0.0,0.3388,0.2802027283359153,0.0,0.28020273,0.0,5.2631579,4.9414027,0.0,0.28020273,0.0,29.9761,0.0,5.0
2023-04-25 06:45:00+02:00,0.0,0.302,0.415607312399334,0.0,0.41560731,0.0,3.9473684,5.1136073,0.0,0.41560731,0.0,29.9761,0.0,5.0
2023-04-25 07:00:00+02:00,0.0,0.2382666666666666,0.3586753226506379,0.0,0.35867532,0.0,2.6315789,5.1204087,0.0,0.35867532,0.0,29.9761,0.0,5.0
2023-04-25 07:15:00+02:00,0.0,0.2569333333333333,0.4390442593505363,0.0,0.43904426,0.0,1.3157895,5.1821109,0.0,0.43904426,0.0,29.9761,0.0,5.0
2023-04-25 07:30:00+02:00,0.0,0.2312,0.3707854753055339,0.13958548,0.2312,0.2312,0.0,0.0,0.0,0.0,0.0,29.9761,0.0,0.0
2023-04-25 07:45:00+02:00,0.0,0.2458,0.3734598119111144,0.061061163,0.31239865,0.2458,0.0,0.0,0.0,0.0,0.066598649,29.9761,0.066598649,0.0
2023-04-25 08:00:00+02:00,0.0,0.2888666666666666,0.4463571857745487,0.0,0.44635719,0.28886667,0.015817179,0.0,0.0,0.0,0.15749052,29.9761,0.15749052,0.0
2023-04-25 08:15:00+02:00,0.0,0.2666,0.8800127602867567,0.0,0.88001276,0.2666,0.053221177,0.0,0.0,0.0,0.61341276,29.9761,0.61341276,0.0
2023-04-25 08:30:00+02:00,0.0,0.8526666666666667,0.7780236432344969,0.0,0.77802364,0.77802364,0.19890671,0.0,0.0,0.0,0.0,29.9761,0.0,0.074643023
2023-04-25 08:45:00+02:00,0.0,0.3446666666666667,0.7044582326663783,0.0,0.70445823,0.34466667,0.17926381,0.0,0.0,0.0,0.35979157,29.9761,0.35979157,0.0
2023-04-25 09:00:00+02:00,0.0,2.014333333333333,1.008418978250858,0.0,1.008419,1.008419,0.2647143,0.0,0.0,0.0,0.0,29.9761,0.0,1.0059144
2023-04-25 09:15:00+02:00,0.0,0.2854666666666666,0.7970077444471254,0.51154108,0.28546667,0.28546667,0.0,0.0,0.0,0.0,0.0,29.9761,0.0,0.0
2023-04-25 09:30:00+02:00,0.0,0.2568,1.1959790548106128,0.93917905,0.2568,0.2568,0.0,0.0,0.0,0.0,0.0,29.9761,0.0,0.0
2023-04-25 09:45:00+02:00,0.0,0.283,1.5129265589041032,1.2299266,0.283,0.283,0.0,0.0,0.0,0.0,0.0,29.9761,0.0,0.0
2023-04-25 10:00:00+02:00,0.0,0.3183333333333333,2.402516212712552,2.0841829,0.31833333,0.31833333,0.0,0.0,0.0,0.0,0.0,29.9761,0.0,0.0
2023-04-25 10:15:00+02:00,0.0,0.3001333333333333,3.8953220244648574,3.5951887,0.30013333,0.30013333,0.0,0.0,0.0,0.0,0.0,29.9761,0.0,0.0
2023-04-25 10:30:00+02:00,0.0,0.3628666666666666,7.733629298663721,7.3707626,0.36286667,0.36286667,0.0,0.0,0.0,0.0,0.0,29.9761,0.0,0.0
2023-04-25 10:45:00+02:00,0.0,0.5000666666666667,5.302715559915674,4.8026489,0.50006667,0.50006667,0.0,0.0,0.0,0.0,0.0,29.9761,0.0,0.0
2023-04-25 11:00:00+02:00,0.0,0.393,7.48455349210696,7.0915535,0.393,0.393,0.0,0.0,0.0,0.0,0.0,29.9761,0.0,0.0
2023-04-25 11:15:00+02:00,0.0,2.1613333333333333,7.392731854255938,5.2313985,2.1613333,2.1613333,0.0,0.0,0.0,0.0,0.0,29.9761,0.0,0.0
2023-04-25 11:30:00+02:00,0.0,2.8916666666666666,8.114152141176614,5.2224855,2.8916667,2.8916667,0.0,0.0,0.0,0.0,0.0,29.9761,0.0,0.0
2023-04-25 11:45:00+02:00,0.0,2.444266666666667,7.600500085178871,5.1562334,2.4442667,2.4442667,0.0,0.0,0.0,0.0,0.0,29.9761,0.0,0.0
2023-04-25 12:00:00+02:00,0.0,1.5281333333333331,7.884140696529509,6.3560074,1.5281333,1.5281333,0.0,0.0,0.0,0.0,0.0,29.9761,0.0,0.0
2023-04-25 12:15:00+02:00,0.0,0.6792,7.220496690655518,6.5412967,0.6792,0.6792,0.0,0.0,0.0,0.0,0.0,29.9761,0.0,0.0
2023-04-25 12:30:00+02:00,0.0,0.278,7.743592752367833,7.4655928,0.278,0.278,0.0,0.0,0.0,0.0,0.0,29.9761,0.0,0.0
2023-04-25 12:45:00+02:00,0.0,0.2098666666666666,8.26740021075108,8.0575335,0.20986667,0.20986667,0.0,0.0,0.0,0.0,0.0,29.9761,0.0,0.0
2023-04-25 13:00:00+02:00,0.0,0.2201333333333333,8.428004721231304,8.2078714,0.22013333,0.22013333,0.0,0.0,0.0,0.0,0.0,29.9761,0.0,0.0
2023-04-25 13:15:00+02:00,0.0,1.5226,8.681912516530204,7.1593125,1.5226,1.5226,0.0,0.0,0.0,0.0,0.0,29.9761,0.0,0.0
2023-04-25 13:30:00+02:00,0.0,1.218,8.413580799557776,7.1955808,1.218,1.218,0.0,0.0,0.0,0.0,0.0,29.9761,0.0,0.0
2023-04-25 13:45:00+02:00,0.0,0.2316,8.357559018684833,8.125959,0.2316,0.2316,0.0,0.0,0.0,0.0,0.0,29.9761,0.0,0.0
2023-04-25 14:00:00+02:00,0.0,0.1595333333333333,8.29308449053138,8.1335512,0.15953333,0.15953333,0.0,0.0,0.0,0.0,0.0,29.9761,0.0,0.0
2023-04-25 14:15:00+02:00,0.0,0.2058,8.038476199017419,7.8326762,0.2058,0.2058,0.0,0.0,0.0,0.0,0.0,29.9761,0.0,0.0
2023-04-25 14:30:00+02:00,0.0,0.2678666666666667,7.677828916828647,7.4099623,0.26786667,0.26786667,0.0,0.0,0.0,0.0,0.0,29.9761,0.0,0.0
2023-04-25 14:45:00+02:00,0.0,0.2524,6.831329287546609,1.9883938,4.8429355,0.2524,0.0,0.0,0.0,0.0,4.5905355,29.9761,4.5905355,0.0
2023-04-25 15:00:00+02:00,0.0,0.2078,6.658706032919314,1.450906,5.2078,0.2078,1.0902522,0.0,0.0,0.0,5.0,29.9761,5.0,0.0
2023-04-25 15:15:00+02:00,0.0,0.3033333333333333,6.198607909772628,0.89527458,5.3033333,0.30333333,2.2777522,0.0,0.0,0.0,5.0,29.9761,5.0,0.0
2023-04-25 15:30:00+02:00,0.0,0.2899333333333333,5.814596085816998,0.52466275,5.2899333,0.28993333,3.4652522,0.0,0.0,0.0,5.0,29.9761,5.0,0.0
2023-04-25 15:45:00+02:00,0.0,0.2026,5.122514381358888,0.0,5.1225144,0.2026,4.6527522,0.0,0.0,0.0,4.9199144,29.9761,4.9199144,0.0
2023-04-25 16:00:00+02:00,0.0,0.1191333333333333,4.640796560344367,0.0,4.6407966,0.11913333,5.8212319,0.0,0.0,0.0,4.5216632,29.9761,4.5216632,0.0
2023-04-25 16:15:00+02:00,0.0,0.1393333333333333,3.9552638913698654,0.0,3.9552639,0.13933333,6.8951269,0.0,0.0,0.0,3.8159306,29.9761,3.8159306,0.0
2023-04-25 16:30:00+02:00,0.0,0.129,3.1252409602009408,0.0,3.125241,0.129,7.8014104,0.0,0.0,0.0,2.996241,29.9761,2.996241,0.0
2023-04-25 16:45:00+02:00,0.0,0.1530666666666666,2.282984336296035,0.0,2.2829843,0.15306667,8.5130176,0.0,0.0,0.0,2.1299177,29.9761,2.1299177,0.0
2023-04-25 17:00:00+02:00,0.0,0.2481333333333333,1.4751059963533968,0.0,1.475106,0.24813333,9.018873,0.0,0.0,0.0,1.2269727,29.9761,1.2269727,0.0
2023-04-25 17:15:00+02:00,0.0,0.2048666666666666,0.7194897991923117,0.0,0.7194898,0.20486667,9.3102791,0.0,0.0,0.0,0.51462313,29.9761,0.51462313,0.0
2023-04-25 17:30:00+02:00,0.0,0.1957333333333333,0.4413685739461417,0.0,0.44136857,0.19573333,9.4325021,0.0,0.0,0.0,0.24563524,29.9761,0.24563524,0.0
2023-04-25 17:45:00+02:00,0.0,0.1196,0.3895282771628595,0.0,0.38952828,0.1196,9.4908404,0.0,0.0,0.0,0.26992828,29.9761,0.26992828,0.0
2023-04-25 18:00:00+02:00,0.0,0.1358666666666666,0.3103576302261698,0.0,0.31035763,0.13586667,9.5549484,0.0,0.0,0.0,0.17449096,29.9761,0.17449096,0.0
2023-04-25 18:15:00+02:00,0.0,0.1296,0.1281846755808886,0.0,0.12818468,0.12818468,9.59639,0.0,0.0,0.0,0.0,29.9761,0.0,0.0014153244
2023-04-25 18:30:00+02:00,0.0,0.1928666666666667,0.0,0.0,0.0,0.0,9.5960175,0.0,0.0,0.0,0.0,29.9761,0.0,0.19286667
2023-04-25 18:45:00+02:00,0.0,0.1521333333333333,0.0,0.0,0.0,0.0,9.5452632,0.0,0.0,0.0,0.0,29.9761,0.0,0.15213333
2023-04-25 19:00:00+02:00,0.0,0.1093333333333333,0.0,0.0,0.0,0.0,9.5052281,0.0,0.0,0.0,0.0,29.9761,0.0,0.10933333
2023-04-25 19:15:00+02:00,0.0,0.1567333333333333,0.0,0.0,0.0,0.0,9.4764561,0.0,0.0,0.0,0.0,29.9761,0.0,0.15673333
2023-04-25 19:30:00+02:00,0.0,0.1258666666666666,0.0,0.0,0.0,0.0,9.4352105,0.0,0.0,0.0,0.0,29.9761,0.0,0.12586667
2023-04-25 19:45:00+02:00,0.0,0.2077333333333333,0.0,0.0,0.0,0.0,9.4020877,0.0,0.0,0.0,0.0,29.9761,0.0,0.20773333
2023-04-25 20:00:00+02:00,0.0,0.2208,0.0,0.0,0.0,0.0,9.347421,0.0,0.0,0.0,0.0,24.355729999999998,0.0,0.2208
2023-04-25 20:15:00+02:00,0.0,0.1579333333333333,0.0,0.0,0.0,0.0,9.2893158,0.0,0.0,0.0,0.0,24.355729999999998,0.0,0.15793333
2023-04-25 20:30:00+02:00,0.0,0.1674,0.0,0.0,0.0,0.0,9.2477544,0.0,0.0,0.0,0.0,24.355729999999998,0.0,0.1674
2023-04-25 20:45:00+02:00,0.0,1.4554,0.0,0.0,0.0,0.0,9.2037017,0.0,0.0,0.0,0.0,24.355729999999998,0.0,1.4554
2023-04-25 21:00:00+02:00,0.0,1.4806666666666668,0.0,0.0,0.0,0.0,8.8207017,0.0,0.0,0.0,0.0,24.355729999999998,0.0,1.4806667
2023-04-25 21:15:00+02:00,0.0,0.8747999999999999,0.0,0.0,0.0,0.0,8.4310526,0.0,0.0,0.0,0.0,24.355729999999998,0.0,0.8748
2023-04-25 21:30:00+02:00,0.0,1.1647333333333334,0.0,0.0,0.0,0.0,8.2008421,0.0,0.0,0.0,0.0,24.355729999999998,0.0,1.1647333
2023-04-25 21:45:00+02:00,0.0,1.6517333333333333,0.0,0.0,0.0,0.0,7.8943333,0.0,0.0,0.0,0.0,24.355729999999998,0.0,1.6517333
2023-04-25 22:00:00+02:00,0.0,0.6970666666666667,0.0,0.0,0.0,0.0,7.4596667,0.0,0.0,0.0,0.0,24.355729999999998,0.0,0.69706667
2023-04-25 22:15:00+02:00,0.0,2.9332,0.0,0.0,0.0,0.0,7.2762281,0.0,0.0,0.0,0.0,24.355729999999998,0.0,2.9332
2023-04-25 22:30:00+02:00,0.0,1.0416666666666667,0.0,0.0,0.0,0.0,6.5043333,0.0,0.0,0.0,0.0,24.355729999999998,0.0,1.0416667
2023-04-25 22:45:00+02:00,0.0,0.7900666666666667,0.0,0.0,0.0,0.0,6.2302105,0.0,0.0,0.0,0.0,24.355729999999998,0.0,0.79006667
2023-04-25 23:00:00+02:00,0.0,2.8626,0.0,0.0,0.0,0.0,6.0222982,0.0,0.0,0.0,0.0,24.355729999999998,0.0,2.8626
2023-04-25 23:15:00+02:00,0.0,1.616,0.0,0.0,0.0,0.0,5.2689824,0.0,0.0,0.0,0.0,24.355729999999998,0.0,1.616
2023-04-25 23:30:00+02:00,0.0,1.4136,0.0,0.0,0.0,0.0,4.8437193,0.0,0.0,0.0,0.0,24.355729999999998,0.0,1.4136
2023-04-25 23:45:00+02:00,0.0,1.8835333333333333,0.0,0.0,0.0,0.0,4.4717193,0.0,0.0,0.0,0.0,24.355729999999998,0.0,1.8835333
2023-04-26 00:00:00+02:00,0.0,1.1831333333333334,0.0,0.0,0.0,0.0,3.9760526,0.0,0.0,0.0,0.0,24.355729999999998,0.0,1.1831333
2023-04-26 00:15:00+02:00,0.0,1.9768,0.0,0.0,0.0,0.0,3.6647017,0.0,0.0,0.0,0.0,24.355729999999998,0.0,1.9768
2023-04-26 00:30:00+02:00,0.0,1.0742,0.0,0.0,0.0,0.0,3.1444912,0.0,0.0,0.0,0.0,24.355729999999998,0.0,1.0742
2023-04-26 00:45:00+02:00,0.0,0.5214,0.0,0.0,0.0,0.0,2.861807,0.0,0.0,0.0,0.0,24.355729999999998,0.0,0.5214
2023-04-26 01:00:00+02:00,0.0,0.5692,0.0,0.0,0.0,0.0,2.7245965,0.0,0.0,0.0,0.0,24.355729999999998,0.0,0.5692
2023-04-26 01:15:00+02:00,0.0,0.5192,0.0,0.0,0.0,0.0,2.574807,0.0,0.0,0.0,0.0,24.355729999999998,0.0,0.5192
2023-04-26 01:30:00+02:00,0.0,0.5543333333333333,0.0,0.0,0.0,0.0,2.4381754,0.0,0.0,0.0,0.0,24.355729999999998,0.0,0.55433333
2023-04-26 01:45:00+02:00,0.0,0.4886,0.0,0.0,0.0,0.0,2.2922982,0.0,0.0,0.0,0.0,24.355729999999998,0.0,0.4886
2023-04-26 02:00:00+02:00,0.0,0.3352,0.0,0.0,0.0,0.0,2.1637193,0.0,0.0,0.0,0.0,24.355729999999998,0.0,0.3352
2023-04-26 02:15:00+02:00,0.0,0.5588,0.0,0.0,0.0,0.0,2.0755088,0.0,0.0,0.0,0.0,24.355729999999998,0.0,0.5588
2023-04-26 02:30:00+02:00,0.0,0.4272666666666666,0.0,0.0,0.0,0.0,1.9284561,0.0,0.0,0.0,0.0,24.355729999999998,0.0,0.42726667
2023-04-26 02:45:00+02:00,0.0,0.4638666666666666,0.0,0.0,0.0,0.0,1.8160175,0.0,0.0,0.0,0.0,24.355729999999998,0.0,0.46386667
2023-04-26 03:00:00+02:00,0.0,0.4689333333333333,0.0,0.0,0.0,0.0,1.6939474,0.0,0.0,0.0,0.0,24.355729999999998,0.0,0.46893333
2023-04-26 03:15:00+02:00,0.0,0.3863333333333333,0.0,0.0,0.0,0.0,1.5705439,0.0,0.0,0.0,0.0,24.355729999999998,0.0,0.38633333
2023-04-26 03:30:00+02:00,0.0,0.428,0.0,0.0,0.0,0.0,1.4688772,0.0,0.0,0.0,0.0,24.355729999999998,0.0,0.428
2023-04-26 03:45:00+02:00,0.0,0.5464,0.0,0.0,0.0,0.0,1.3562456,0.0,0.0,0.0,0.0,24.355729999999998,0.0,0.5464
2023-04-26 04:00:00+02:00,0.0,0.3767333333333333,0.0,0.0,0.0,0.0,1.2124561,0.0,0.0,0.0,0.0,24.355729999999998,0.0,0.37673333
2023-04-26 04:15:00+02:00,0.0,0.6177999999999999,0.0,0.0,0.0,0.0,1.1133158,0.0,0.0,0.0,0.0,24.355729999999998,0.0,0.6178
2023-04-26 04:30:00+02:00,0.0,1.8308666666666664,0.0,0.0,0.0,0.0,0.95073683,0.0,0.0,0.0,0.0,24.355729999999998,0.0,1.8308667
2023-04-26 04:45:00+02:00,0.0,0.7044,0.0,0.0,0.0,0.0,0.46892982,0.0,0.0,0.0,0.0,24.355729999999998,0.0,0.7044
2023-04-26 05:00:00+02:00,0.0,0.318,0.0,0.0,0.0,0.0,0.2835614,0.0,0.0,0.0,0.0,24.355729999999998,0.0,0.318
2023-04-26 05:15:00+02:00,0.0,0.2784,0.0,0.0,0.0,0.0,0.19987719,0.0,0.0,0.0,0.0,24.355729999999998,0.0,0.2784
2023-04-26 05:30:00+02:00,0.0,0.1415333333333333,0.0,0.0,0.0,0.0,0.12661403,0.0,0.0,0.0,0.0,24.355729999999998,0.0,0.14153333
2023-04-26 05:45:00+02:00,0.0,0.1631333333333333,0.0255615263820664,0.0,0.025561526,0.025561526,0.089368414,0.0,0.0,0.0,0.0,24.355729999999998,0.0,0.13757181
2023-04-26 06:00:00+02:00,0.0,0.201,0.2049307455361725,0.0,0.20493075,0.201,0.053165306,0.0,0.0,0.0,0.0039307455,26.12526,0.0039307455,0.0
2023-04-26 06:15:00+02:00,0.0,0.3096,0.4803028778793481,0.0,0.48030288,0.3096,0.054098859,0.0,0.0,0.0,0.17070288,26.12526,0.17070288,0.0
2023-04-26 06:30:00+02:00,0.0,1.2178,0.8581649903659833,0.0,0.85816499,0.85816499,0.094640792,0.0,0.0,0.0,0.0,26.12526,0.0,0.35963501
2023-04-26 06:45:00+02:00,0.0,0.5893333333333334,1.2840815668962071,0.69474823,0.58933333,0.58933333,0.0,0.0,0.0,0.0,0.0,26.12526,0.0,0.0
2023-04-26 07:00:00+02:00,0.0,0.2607333333333334,1.7687185751499506,0.0,1.7687186,0.26073333,0.0,1.5079852,0.0,1.5079852,0.0,26.12526,0.0,0.0
2023-04-26 07:15:00+02:00,0.0,0.2894666666666666,2.28973855213239,0.0,2.2897386,0.28946667,0.0,2.0002719,0.0,2.0002719,0.0,26.12526,0.0,0.0
2023-04-26 07:30:00+02:00,0.0,0.2944,2.8136140435148578,0.0,2.813614,0.2944,0.0,2.519214,0.0,2.519214,0.0,26.12526,0.0,0.0
2023-04-26 07:45:00+02:00,0.0,0.2372,3.354823914851079,3.1176239,0.2372,0.2372,0.0,0.0,0.0,0.0,0.0,26.12526,0.0,0.0
2023-04-26 08:00:00+02:00,0.0,0.2529333333333333,3.860707610002796,3.6077743,0.25293333,0.25293333,0.0,0.0,0.0,0.0,0.0,26.12526,0.0,0.0
2023-04-26 08:15:00+02:00,0.0,0.2526,4.3551445800094495,4.1025446,0.2526,0.2526,0.0,0.0,0.0,0.0,0.0,26.12526,0.0,0.0
2023-04-26 08:30:00+02:00,0.0,0.2053333333333333,4.87196551541044,0.0,4.8719655,0.20533333,0.0,4.6666322,0.0,4.6666322,0.0,26.12526,0.0,0.0
2023-04-26 08:45:00+02:00,0.0,0.3071333333333333,5.351565651504388,0.0,5.3515657,0.30713333,0.0,5.0444323,0.0,5.0444323,0.0,26.12526,0.0,0.0
2023-04-26 09:00:00+02:00,0.0,0.2776,5.81048509366841,0.0,5.8104851,0.2776,0.0,5.5328851,0.0,5.5328851,0.0,26.12526,0.0,0.0
2023-04-26 09:15:00+02:00,0.0,0.2607333333333334,6.275849774635121,6.0151164,0.26073333,0.26073333,0.0,0.0,0.0,0.0,0.0,26.12526,0.0,0.0
2023-04-26 09:30:00+02:00,0.0,0.1647333333333333,6.6848261366864445,0.0,6.6848261,0.16473333,0.0,6.5200928,0.0,6.5200928,0.0,26.12526,0.0,0.0
2023-04-26 09:45:00+02:00,0.0,0.2036,6.691324205555406,6.4877242,0.2036,0.2036,0.0,0.0,0.0,0.0,0.0,26.12526,0.0,0.0
2023-04-26 10:00:00+02:00,0.0,0.2142,7.352423690023,0.0,7.3524237,0.2142,0.0,7.1382237,0.0,7.1382237,0.0,26.12526,0.0,0.0
2023-04-26 10:15:00+02:00,0.0,0.1805999999999999,7.638505325623512,7.4579053,0.1806,0.1806,0.0,0.0,0.0,0.0,0.0,26.12526,0.0,0.0
2023-04-26 10:30:00+02:00,0.0,0.1600666666666666,7.921475501466456,7.7614088,0.16006667,0.16006667,0.0,0.0,0.0,0.0,0.0,26.12526,0.0,0.0
2023-04-26 10:45:00+02:00,0.0,0.1192,8.1418270465204,8.022627,0.1192,0.1192,0.0,0.0,0.0,0.0,0.0,26.12526,0.0,0.0
2023-04-26 11:00:00+02:00,0.0,0.1692666666666666,8.38900133650718,1.4577759,6.9312254,0.16926667,0.0,6.7619587,0.0,6.7619587,0.0,26.12526,0.0,0.0
2023-04-26 11:15:00+02:00,0.0,0.1570666666666666,8.599131605454335,8.4420649,0.15706667,0.15706667,0.0,0.0,0.0,0.0,0.0,26.12526,0.0,0.0
2023-04-26 11:30:00+02:00,0.0,0.3014666666666666,8.759745356555413,8.4582787,0.30146667,0.30146667,0.0,0.0,0.0,0.0,0.0,26.12526,0.0,0.0
2023-04-26 11:45:00+02:00,0.0,1.6813333333333331,8.835602313506884,7.154269,1.6813333,1.6813333,0.0,0.0,0.0,0.0,0.0,26.12526,0.0,0.0
2023-04-26 12:00:00+02:00,0.0,0.6316,8.973398597488725,8.3417986,0.6316,0.6316,0.0,0.0,0.0,0.0,0.0,26.12526,0.0,0.0
2023-04-26 12:15:00+02:00,0.0,0.4833333333333333,8.974150351280983,8.490817,0.48333333,0.48333333,0.0,0.0,0.0,0.0,0.0,26.12526,0.0,0.0
2023-04-26 12:30:00+02:00,0.0,0.4467333333333333,9.02705019433147,0.0,9.0270502,0.44673333,0.0,8.5803169,0.0,8.5803169,0.0,26.12526,0.0,0.0
2023-04-26 12:45:00+02:00,0.0,0.5355333333333333,8.983866019538125,0.0,8.983866,0.53553333,0.0,8.4483327,0.0,8.4483327,0.0,26.12526,0.0,0.0
2023-04-26 13:00:00+02:00,0.0,1.0607333333333333,8.934686107412682,0.0,8.9346861,1.0607333,0.0,7.8739528,0.0,7.8739528,0.0,26.12526,0.0,0.0
2023-04-26 13:15:00+02:00,0.0,1.8268666666666664,8.887754324452448,7.0608877,1.8268667,1.8268667,0.0,0.0,0.0,0.0,0.0,26.12526,0.0,0.0
2023-04-26 13:30:00+02:00,0.0,0.9903333333333334,8.719130294596212,0.0,8.7191303,0.99033333,0.0,7.728797,0.0,7.728797,0.0,26.12526,0.0,0.0
2023-04-26 13:45:00+02:00,0.0,0.6449333333333332,8.50272331557047,7.85779,0.64493333,0.64493333,0.0,0.0,0.0,0.0,0.0,26.12526,0.0,0.0
2023-04-26 14:00:00+02:00,0.0,0.6562,8.290490209810237,7.6342902,0.6562,0.6562,0.0,0.0,0.0,0.0,0.0,26.12526,0.0,0.0
2023-04-26 14:15:00+02:00,0.0,1.0429333333333335,8.021213858273555,6.9782805,1.0429333,1.0429333,0.0,0.0,0.0,0.0,0.0,26.12526,0.0,0.0
2023-04-26 14:30:00+02:00,0.0,0.7690666666666667,7.71220123456242,0.0,7.7122012,0.76906667,0.0,6.9431346,0.0,6.9431346,0.0,26.12526,0.0,0.0
2023-04-26 14:45:00+02:00,0.0,0.62,7.337259813850748,3.4156338,3.921626,0.62,0.0,0.0,0.0,0.0,3.301626,26.12526,3.301626,0.0
2023-04-26 15:00:00+02:00,0.0,0.6856666666666666,6.86207916397509,1.1764125,5.6856667,0.68566667,0.78413619,0.0,0.0,0.0,5.0,26.12526,5.0,0.0
2023-04-26 15:15:00+02:00,0.0,0.6308666666666667,6.4464929162709685,0.81562625,5.6308667,0.63086667,1.9716362,0.0,0.0,0.0,5.0,26.12526,5.0,0.0
2023-04-26 15:30:00+02:00,0.0,5.191,5.915040162943774,0.0,5.9150402,5.191,3.1591362,0.0,0.0,0.0,0.72404016,26.12526,0.72404016,0.0
2023-04-26 15:45:00+02:00,0.0,5.659466666666666,5.30504139447356,0.0,5.3050414,5.3050414,3.3310957,0.0,0.0,0.0,0.0,26.12526,0.0,0.35442527
2023-04-26 16:00:00+02:00,0.0,1.7371333333333334,4.621767542634148,0.0,4.6217675,1.7371333,3.2378259,0.0,0.0,0.0,2.8846342,26.12526,2.8846342,0.0
2023-04-26 16:15:00+02:00,0.0,0.7290666666666668,3.881840374927687,0.0,3.8818404,0.72906667,3.9229265,0.0,0.0,0.0,3.1527737,26.12526,3.1527737,0.0
2023-04-26 16:30:00+02:00,0.0,0.2971999999999999,3.0933321962305085,0.0,3.0933322,0.2972,4.6717103,0.0,0.0,0.0,2.7961322,26.12526,2.7961322,0.0
2023-04-26 16:45:00+02:00,0.0,0.3716666666666667,2.252404107221312,0.0,2.2524041,0.37166667,5.3357917,0.0,0.0,0.0,1.8807374,26.12526,1.8807374,0.0
2023-04-26 17:00:00+02:00,0.0,0.4731333333333333,1.4192429680186291,0.0,1.419243,0.47313333,5.7824668,0.0,0.0,0.0,0.94610963,26.12526,0.94610963,0.0
2023-04-26 17:15:00+02:00,0.0,0.5364666666666666,0.6986131697655701,0.0,0.69861317,0.53646667,6.0071679,0.0,0.0,0.0,0.1621465,26.12526,0.1621465,0.0
2023-04-26 17:30:00+02:00,0.0,1.4225333333333332,0.3903492935780366,0.0,0.39034929,0.39034929,6.0456777,0.0,0.0,0.0,0.0,26.12526,0.0,1.032184
2023-04-26 17:45:00+02:00,0.0,1.0113333333333334,0.3536880927404497,0.0,0.35368809,0.35368809,5.7740503,0.0,0.0,0.0,0.0,26.12526,0.0,0.65764524
2023-04-26 18:00:00+02:00,0.0,0.4278,0.2973663878926406,0.0,0.29736639,0.29736639,5.6009858,0.0,0.0,0.0,0.0,26.12526,0.0,0.13043361
2023-04-26 18:15:00+02:00,0.0,0.4191333333333333,0.1570988196581111,0.0,0.15709882,0.15709882,5.5666611,0.0,0.0,0.0,0.0,26.12526,0.0,0.26203451
2023-04-26 18:30:00+02:00,0.0,0.6076,0.0,0.0,0.0,0.0,5.4977047,0.0,0.0,0.0,0.0,26.12526,0.0,0.6076
2023-04-26 18:45:00+02:00,0.0,0.6342666666666666,0.0,0.0,0.0,0.0,5.3378099,0.0,0.0,0.0,0.0,26.12526,0.0,0.63426667
2023-04-26 19:00:00+02:00,0.0,0.6492,0.0,0.0,0.0,0.0,5.1708976,0.0,0.0,0.0,0.0,26.12526,0.0,0.6492
2023-04-26 19:15:00+02:00,0.0,0.7442000000000001,0.0,0.0,0.0,0.0,5.0000555,0.0,0.0,0.0,0.0,26.12526,0.0,0.7442
2023-04-26 19:30:00+02:00,0.0,0.5668,0.0,0.0,0.0,0.0,4.8042134,0.0,0.0,0.0,0.0,26.12526,0.0,0.5668
2023-04-26 19:45:00+02:00,0.0,0.5385333333333333,0.0,0.0,0.0,0.0,4.6550555,0.0,0.0,0.0,0.0,26.12526,0.0,0.53853333
2023-04-26 20:00:00+02:00,0.0,0.4537333333333333,0.0,0.0,0.0,0.0,4.5133362,0.0,0.0,0.0,0.0,14.383529999999999,0.0,0.45373333
2023-04-26 20:15:00+02:00,0.0,0.8188,0.0,0.0,0.0,0.0,4.3939327,0.0,0.0,0.0,0.0,14.383529999999999,0.0,0.8188
2023-04-26 20:30:00+02:00,0.0,0.8792000000000001,0.0,0.0,0.0,0.0,4.1784591,0.0,0.0,0.0,0.0,14.383529999999999,0.0,0.8792
2023-04-26 20:45:00+02:00,0.0,0.6640666666666667,0.0,0.0,0.0,0.0,3.9470906,0.0,0.0,0.0,0.0,14.383529999999999,0.0,0.66406667
2023-04-26 21:00:00+02:00,0.0,0.6006666666666667,0.0,0.0,0.0,0.0,3.7723362,0.0,0.0,0.0,0.0,14.383529999999999,0.0,0.60066667
2023-04-26 21:15:00+02:00,0.0,0.6212666666666666,0.0,0.0,0.0,0.0,3.6142661,0.0,0.0,0.0,0.0,14.383529999999999,0.0,0.62126667
2023-04-26 21:30:00+02:00,0.0,0.7554666666666667,0.0,0.0,0.0,0.0,3.4507748,0.0,0.0,0.0,0.0,14.383529999999999,0.0,0.75546667
2023-04-26 21:45:00+02:00,0.0,0.6559333333333333,0.0,0.0,0.0,0.0,3.2519678,0.0,0.0,0.0,0.0,14.383529999999999,0.0,0.65593333
2023-04-26 22:00:00+02:00,0.0,0.7215333333333332,0.0,0.0,0.0,0.0,3.0793538,0.0,0.0,0.0,0.0,14.383529999999999,0.0,0.72153333
2023-04-26 22:15:00+02:00,0.0,0.6984,0.0,0.0,0.0,0.0,2.8894766,0.0,0.0,0.0,0.0,14.383529999999999,0.0,0.6984
2023-04-26 22:30:00+02:00,0.0,0.6426666666666666,0.0,0.0,0.0,0.0,2.7056871,0.0,0.0,0.0,0.0,14.383529999999999,0.0,0.64266667
2023-04-26 22:45:00+02:00,0.0,0.4847333333333333,0.0,0.0,0.0,0.0,2.5365643,0.0,0.0,0.0,0.0,14.383529999999999,0.0,0.48473333
2023-04-26 23:00:00+02:00,0.0,0.4558,0.0,0.0,0.0,0.0,2.4090029,0.0,0.0,0.0,0.0,14.383529999999999,0.0,0.4558
2023-04-26 23:15:00+02:00,0.0,0.5266000000000001,0.0,0.0,0.0,0.0,2.2890555,0.0,0.0,0.0,0.0,14.383529999999999,0.0,0.5266
2023-04-26 23:30:00+02:00,0.0,0.4750666666666666,0.0,0.0,0.0,0.0,2.1504766,0.0,0.0,0.0,0.0,14.383529999999999,0.0,0.47506667
2023-04-26 23:45:00+02:00,0.0,0.5978,0.0,0.0,0.0,0.0,2.0254591,0.0,0.0,0.0,0.0,14.383529999999999,0.0,0.5978
2023-04-27 00:00:00+02:00,0.0,0.5761333333333333,0.0,0.0,0.0,0.0,1.8681433,0.0,0.0,0.0,0.0,14.383529999999999,0.0,0.57613333
2023-04-27 00:15:00+02:00,0.0,0.5242,0.0,0.0,0.0,0.0,1.7165292,0.0,0.0,0.0,0.0,14.383529999999999,0.0,0.5242
2023-04-27 00:30:00+02:00,0.0,0.4832666666666667,0.0,0.0,0.0,0.0,1.5785819,0.0,0.0,0.0,0.0,14.383529999999999,0.0,0.48326667
2023-04-27 00:45:00+02:00,0.0,0.4812666666666667,0.0,0.0,0.0,0.0,1.4514064,0.0,0.0,0.0,0.0,14.383529999999999,0.0,0.48126667
2023-04-27 01:00:00+02:00,0.0,0.3428,0.0,0.0,0.0,0.0,1.3247573,0.0,0.0,0.0,0.0,14.383529999999999,0.0,0.3428
2023-04-27 01:15:00+02:00,0.0,0.249,0.0,0.0,0.0,0.0,1.2345468,0.0,0.0,0.0,0.0,14.383529999999999,0.0,0.249
2023-04-27 01:30:00+02:00,0.0,0.2848666666666666,0.0,0.0,0.0,0.0,1.1690205,0.0,0.0,0.0,0.0,14.383529999999999,0.0,0.28486667
2023-04-27 01:45:00+02:00,0.0,0.2536,0.0,0.0,0.0,0.0,1.0940555,0.0,0.0,0.0,0.0,14.383529999999999,0.0,0.2536
2023-04-27 02:00:00+02:00,0.0,0.3858,0.0,0.0,0.0,0.0,1.0273187,0.0,0.0,0.0,0.0,14.383529999999999,0.0,0.3858
2023-04-27 02:15:00+02:00,0.0,0.3236666666666666,0.0,0.0,0.0,0.0,0.92579239,0.0,0.0,0.0,0.0,14.383529999999999,0.0,0.32366667
2023-04-27 02:30:00+02:00,0.0,0.3112666666666666,0.0,0.0,0.0,0.0,0.84061695,0.0,0.0,0.0,0.0,14.383529999999999,0.0,0.31126667
2023-04-27 02:45:00+02:00,0.0,0.3177333333333333,0.0,0.0,0.0,0.0,0.75870467,0.0,0.0,0.0,0.0,14.383529999999999,0.0,0.31773333
2023-04-27 03:00:00+02:00,0.0,0.2673999999999999,0.0,0.0,0.0,0.0,0.67509063,0.0,0.0,0.0,0.0,14.383529999999999,0.0,0.2674
2023-04-27 03:15:00+02:00,0.0,0.2644666666666666,0.0,0.0,0.0,0.0,0.60472221,0.0,0.0,0.0,0.0,14.383529999999999,0.0,0.26446667
2023-04-27 03:30:00+02:00,0.0,0.2807333333333333,0.0,0.0,0.0,0.0,0.53512572,0.0,0.0,0.0,0.0,14.383529999999999,0.0,0.28073333
2023-04-27 03:45:00+02:00,0.0,0.266,0.0,0.0,0.0,0.0,0.46124853,0.0,0.0,0.0,0.0,14.383529999999999,0.0,0.266
2023-04-27 04:00:00+02:00,0.0,0.1536666666666666,0.0,0.0,0.0,0.0,0.39124853,0.0,0.0,0.0,0.0,14.383529999999999,0.0,0.15366667
2023-04-27 04:15:00+02:00,0.0,0.2114,0.0,0.0,0.0,0.0,0.35080993,0.0,0.0,0.0,0.0,14.383529999999999,0.0,0.2114
2023-04-27 04:30:00+02:00,0.0,0.2248666666666667,0.0,0.0,0.0,0.0,0.29517835,0.0,0.0,0.0,0.0,14.383529999999999,0.0,0.22486667
2023-04-27 04:45:00+02:00,0.0,0.1951999999999999,0.0,0.0,0.0,0.0,0.23600291,0.0,0.0,0.0,0.0,14.383529999999999,0.0,0.1952
2023-04-27 05:00:00+02:00,0.0,0.2082,0.0,0.0,0.0,0.0,0.18463449,0.0,0.0,0.0,0.0,14.383529999999999,0.0,0.2082
2023-04-27 05:15:00+02:00,0.0,0.1238,0.0,0.0,0.0,0.0,0.12984502,0.0,0.0,0.0,0.0,14.383529999999999,0.0,0.1238
2023-04-27 05:30:00+02:00,0.0,0.1643333333333333,0.0,0.0,0.0,0.0,0.09726607,0.0,0.0,0.0,0.0,14.383529999999999,0.0,0.16433333
2023-04-27 05:45:00+02:00,0.0,0.128,0.016390525607321,0.0,0.016390526,0.016390526,0.054020456,0.0,0.0,0.0,0.0,14.383529999999999,0.0,0.11160947
2023-04-27 06:00:00+02:00,0.0,0.2692666666666666,0.175598409275479,0.0,0.17559841,0.17559841,0.024649541,0.0,0.0,0.0,0.0,33.917379999999994,0.0,0.093668257
2023-04-27 06:15:00+02:00,0.0,0.2359333333333333,0.5134267412081976,0.27749341,0.23593333,0.23593333,0.0,0.0,0.0,0.0,0.0,33.917379999999994,0.0,0.0
2023-04-27 06:30:00+02:00,0.0,0.4262666666666666,0.915916457724016,0.48964979,0.42626667,0.42626667,0.0,0.0,0.0,0.0,0.0,33.917379999999994,0.0,0.0
2023-04-27 06:45:00+02:00,0.0,1.0648,1.3470291263010732,0.0,1.3470291,1.0648,0.0,0.28222913,0.0,0.28222913,0.0,33.917379999999994,0.0,0.0
2023-04-27 07:00:00+02:00,0.0,0.404,1.8394674502548207,1.4354675,0.404,0.404,0.0,0.0,0.0,0.0,0.0,33.917379999999994,0.0,0.0
2023-04-27 07:15:00+02:00,0.0,0.3458666666666666,2.352213899814198,2.0063472,0.34586667,0.34586667,0.0,0.0,0.0,0.0,0.0,33.917379999999994,0.0,0.0
2023-04-27 07:30:00+02:00,0.0,0.3795333333333333,2.892970932039005,0.0,2.8929709,0.37953333,0.0,2.5134376,0.0,2.5134376,0.0,33.917379999999994,0.0,0.0
2023-04-27 07:45:00+02:00,0.0,0.4406666666666667,3.4401576682237787,2.999491,0.44066667,0.44066667,0.0,0.0,0.0,0.0,0.0,33.917379999999994,0.0,0.0
2023-04-27 08:00:00+02:00,0.0,0.4066,3.9909831550395793,3.5843832,0.4066,0.4066,0.0,0.0,0.0,0.0,0.0,33.917379999999994,0.0,0.0
2023-04-27 08:15:00+02:00,0.0,0.4906666666666667,4.508140157444892,4.0174735,0.49066667,0.49066667,0.0,0.0,0.0,0.0,0.0,33.917379999999994,0.0,0.0
2023-04-27 08:30:00+02:00,0.0,0.3192,4.976783755508426,4.6575838,0.3192,0.3192,0.0,0.0,0.0,0.0,0.0,33.917379999999994,0.0,0.0
2023-04-27 08:45:00+02:00,0.0,0.8515333333333333,5.440269294081427,4.588736,0.85153333,0.85153333,0.0,0.0,0.0,0.0,0.0,33.917379999999994,0.0,0.0
2023-04-27 09:00:00+02:00,0.0,1.2336666666666667,5.912516519510805,4.6788499,1.2336667,1.2336667,0.0,0.0,0.0,0.0,0.0,33.917379999999994,0.0,0.0
2023-04-27 09:15:00+02:00,0.0,0.3324,6.357522632382526,6.0251226,0.3324,0.3324,0.0,0.0,0.0,0.0,0.0,33.917379999999994,0.0,0.0
2023-04-27 09:30:00+02:00,0.0,0.5406,6.741413132539629,6.2008131,0.5406,0.5406,0.0,0.0,0.0,0.0,0.0,33.917379999999994,0.0,0.0
2023-04-27 09:45:00+02:00,0.0,0.3892666666666666,6.906001572315538,6.5167349,0.38926667,0.38926667,0.0,0.0,0.0,0.0,0.0,33.917379999999994,0.0,0.0
2023-04-27 10:00:00+02:00,0.0,0.3556,7.455511600633865,7.0999116,0.3556,0.3556,0.0,0.0,0.0,0.0,0.0,33.917379999999994,0.0,0.0
2023-04-27 10:15:00+02:00,0.0,0.2585333333333333,7.770500243461204,7.5119669,0.25853333,0.25853333,0.0,0.0,0.0,0.0,0.0,33.917379999999994,0.0,0.0
2023-04-27 10:30:00+02:00,0.0,0.2770666666666667,8.028419836168576,7.7513532,0.27706667,0.27706667,0.0,0.0,0.0,0.0,0.0,33.917379999999994,0.0,0.0
2023-04-27 10:45:00+02:00,0.0,0.3403333333333333,8.271008213315698,7.9306749,0.34033333,0.34033333,0.0,0.0,0.0,0.0,0.0,33.917379999999994,0.0,0.0
2023-04-27 11:00:00+02:00,0.0,0.4036666666666667,8.506041613295734,8.1023749,0.40366667,0.40366667,0.0,0.0,0.0,0.0,0.0,33.917379999999994,0.0,0.0
2023-04-27 11:15:00+02:00,0.0,0.7303333333333334,8.621074419586506,7.8907411,0.73033333,0.73033333,0.0,0.0,0.0,0.0,0.0,33.917379999999994,0.0,0.0
2023-04-27 11:30:00+02:00,0.0,0.6705333333333333,8.696609279630739,8.0260759,0.67053333,0.67053333,0.0,0.0,0.0,0.0,0.0,33.917379999999994,0.0,0.0
2023-04-27 11:45:00+02:00,0.0,0.6312000000000001,8.870612905268333,8.2394129,0.6312,0.6312,0.0,0.0,0.0,0.0,0.0,33.917379999999994,0.0,0.0
2023-04-27 12:00:00+02:00,0.0,0.7701333333333333,8.95160805359361,8.1814747,0.77013333,0.77013333,0.0,0.0,0.0,0.0,0.0,33.917379999999994,0.0,0.0
2023-04-27 12:15:00+02:00,0.0,0.4038666666666666,8.998777419410105,8.5949108,0.40386667,0.40386667,0.0,0.0,0.0,0.0,0.0,33.917379999999994,0.0,0.0
2023-04-27 12:30:00+02:00,0.0,0.361,9.007358658859276,8.6463587,0.361,0.361,0.0,0.0,0.0,0.0,0.0,33.917379999999994,0.0,0.0
2023-04-27 12:45:00+02:00,0.0,0.4226,8.916857689887289,8.4942577,0.4226,0.4226,0.0,0.0,0.0,0.0,0.0,33.917379999999994,0.0,0.0
2023-04-27 13:00:00+02:00,0.0,0.4664,8.879391671749332,8.4129917,0.4664,0.4664,0.0,0.0,0.0,0.0,0.0,33.917379999999994,0.0,0.0
2023-04-27 13:15:00+02:00,0.0,0.483,8.7919668515981,8.3089669,0.483,0.483,0.0,0.0,0.0,0.0,0.0,33.917379999999994,0.0,0.0
2023-04-27 13:30:00+02:00,0.0,0.5832,8.702319113503389,8.1191191,0.5832,0.5832,0.0,0.0,0.0,0.0,0.0,33.917379999999994,0.0,0.0
2023-04-27 13:45:00+02:00,0.0,0.8334666666666667,8.501181874012335,7.6677152,0.83346667,0.83346667,0.0,0.0,0.0,0.0,0.0,33.917379999999994,0.0,0.0
2023-04-27 14:00:00+02:00,0.0,1.5088,8.225268986342401,6.716469,1.5088,1.5088,0.0,0.0,0.0,0.0,0.0,33.917379999999994,0.0,0.0
2023-04-27 14:15:00+02:00,0.0,2.813333333333333,7.852931618079441,5.0395983,2.8133333,2.8133333,0.0,0.0,0.0,0.0,0.0,33.917379999999994,0.0,0.0
2023-04-27 14:30:00+02:00,0.0,2.1794,7.658632425376222,5.4792324,2.1794,2.1794,0.0,0.0,0.0,0.0,0.0,33.917379999999994,0.0,0.0
2023-04-27 14:45:00+02:00,0.0,0.4906666666666667,7.292774141869114,6.8021075,0.49066667,0.49066667,0.0,0.0,0.0,0.0,0.0,33.917379999999994,0.0,0.0
2023-04-27 15:00:00+02:00,0.0,0.5014666666666666,6.886236457858182,6.3847698,0.50146667,0.50146667,0.0,0.0,0.0,0.0,0.0,33.917379999999994,0.0,0.0
2023-04-27 15:15:00+02:00,0.0,0.6567333333333334,6.436602585275747,0.77986925,5.6567333,0.65673333,0.0,0.0,0.0,0.0,5.0,33.917379999999994,5.0,0.0
2023-04-27 15:30:00+02:00,0.0,0.4424666666666666,5.872335249071705,2.905512,2.9668232,0.44246667,1.1875,0.0,0.0,0.0,2.5243566,33.917379999999994,2.5243566,0.0
2023-04-27 15:45:00+02:00,0.0,0.5983333333333334,5.320115321559851,0.0,5.3201153,0.59833333,1.7870347,4.721782,0.0,4.721782,0.0,33.917379999999994,0.0,0.0
2023-04-27 16:00:00+02:00,0.0,0.5067333333333334,4.6375165259277775,0.0,4.6375165,0.50673333,1.7870347,0.34374522,0.0,0.34374522,3.787038,33.917379999999994,3.787038,0.0
2023-04-27 16:15:00+02:00,0.0,0.5658,3.880038589691533,0.0,3.8800386,0.5658,2.6864562,0.0,0.0,0.0,3.3142386,33.917379999999994,3.3142386,0.0
2023-04-27 16:30:00+02:00,0.0,0.6776,3.083889067229739,0.0,3.0838891,0.6776,3.4735879,0.0,0.0,0.0,2.4062891,33.917379999999994,2.4062891,0.0
2023-04-27 16:45:00+02:00,0.0,1.9872,2.2403547944403144,0.0,2.2403548,1.9872,4.0450815,0.0,0.0,0.0,0.25315479,33.917379999999994,0.25315479,0.0
2023-04-27 17:00:00+02:00,0.0,0.3734666666666666,1.4094196566403394,0.0,1.4094197,0.37346667,4.1052058,0.0,0.0,0.0,1.035953,33.917379999999994,1.035953,0.0
2023-04-27 17:15:00+02:00,0.0,0.3123999999999999,0.701742720558817,0.0,0.70174272,0.3124,4.3512446,0.0,0.0,0.0,0.38934272,33.917379999999994,0.38934272,0.0
2023-04-27 17:30:00+02:00,0.0,0.4589333333333333,0.3930364297938927,0.0,0.39303643,0.39303643,4.4437135,0.0,0.0,0.0,0.0,33.917379999999994,0.0,0.065896904
2023-04-27 17:45:00+02:00,0.0,0.3171333333333333,0.3537036717909125,0.0,0.35370367,0.31713333,4.4263722,0.0,0.0,0.0,0.036570338,33.917379999999994,0.036570338,0.0
2023-04-27 18:00:00+02:00,0.0,0.3650666666666666,0.3027174450000968,0.0,0.30271745,0.30271745,4.4350577,0.0,0.0,0.0,0.0,33.917379999999994,0.0,0.062349222
2023-04-27 18:15:00+02:00,0.0,0.4011333333333333,0.1736432461394839,0.0,0.17364325,0.17364325,4.41865,0.0,0.0,0.0,0.0,33.917379999999994,0.0,0.22749009
2023-04-27 18:30:00+02:00,0.0,0.3590666666666666,0.0,0.0,0.0,0.0,4.3587842,0.0,0.0,0.0,0.0,33.917379999999994,0.0,0.35906667
2023-04-27 18:45:00+02:00,0.0,0.4377333333333333,0.0,0.0,0.0,0.0,4.264293,0.0,0.0,0.0,0.0,33.917379999999994,0.0,0.43773333
2023-04-27 19:00:00+02:00,0.0,0.4526666666666666,0.0,0.0,0.0,0.0,4.1491,0.0,0.0,0.0,0.0,33.917379999999994,0.0,0.45266667
2023-04-27 19:15:00+02:00,0.0,0.5082,0.0,0.0,0.0,0.0,4.0299772,0.0,0.0,0.0,0.0,33.917379999999994,0.0,0.5082
2023-04-27 19:30:00+02:00,0.0,2.3722,0.0,0.0,0.0,0.0,3.8962403,0.0,0.0,0.0,0.0,33.917379999999994,0.0,2.3722
2023-04-27 19:45:00+02:00,0.0,0.3965333333333333,0.0,0.0,0.0,0.0,3.2719772,0.0,0.0,0.0,0.0,33.917379999999994,0.0,0.39653333
2023-04-27 20:00:00+02:00,0.0,0.8566,0.0,0.0,0.0,0.0,3.1676263,0.0,0.0,0.0,0.0,20.886879999999998,0.0,0.8566
2023-04-27 20:15:00+02:00,0.0,1.3310666666666666,0.0,0.0,0.0,0.0,2.9422052,0.0,0.0,0.0,0.0,20.886879999999998,0.0,1.3310667
2023-04-27 20:30:00+02:00,0.0,0.4497333333333334,0.0,0.0,0.0,0.0,2.5919245,0.0,0.0,0.0,0.0,20.886879999999998,0.0,0.44973333
2023-04-27 20:45:00+02:00,0.0,0.3928666666666667,0.0,0.0,0.0,0.0,2.4735737,0.0,0.0,0.0,0.0,20.886879999999998,0.0,0.39286667
2023-04-27 21:00:00+02:00,0.0,0.4584,0.0,0.0,0.0,0.0,2.3701877,0.0,0.0,0.0,0.0,20.886879999999998,0.0,0.4584
2023-04-27 21:15:00+02:00,0.0,0.4718666666666666,0.0,0.0,0.0,0.0,2.2495561,0.0,0.0,0.0,0.0,20.886879999999998,0.0,0.47186667
2023-04-27 21:30:00+02:00,0.0,0.4634,0.0,0.0,0.0,0.0,2.1253807,0.0,0.0,0.0,0.0,20.886879999999998,0.0,0.4634
2023-04-27 21:45:00+02:00,0.0,0.2990666666666666,0.0,0.0,0.0,0.0,2.0034333,0.0,0.0,0.0,0.0,20.886879999999998,0.0,0.29906667
2023-04-27 22:00:00+02:00,0.0,0.1940666666666666,0.0,0.0,0.0,0.0,1.9247315,0.0,0.0,0.0,0.0,20.886879999999998,0.0,0.19406667
2023-04-27 22:15:00+02:00,0.0,0.2596666666666667,0.0,0.0,0.0,0.0,1.8736614,0.0,0.0,0.0,0.0,20.886879999999998,0.0,0.25966667
2023-04-27 22:30:00+02:00,0.0,0.2327333333333333,0.0,0.0,0.0,0.0,1.805328,0.0,0.0,0.0,0.0,20.886879999999998,0.0,0.23273333
2023-04-27 22:45:00+02:00,0.0,0.2987333333333333,0.0,0.0,0.0,0.0,1.7440824,0.0,0.0,0.0,0.0,20.886879999999998,0.0,0.29873333
2023-04-27 23:00:00+02:00,0.0,0.292,0.0,0.0,0.0,0.0,1.6654684,0.0,0.0,0.0,0.0,20.886879999999998,0.0,0.292
2023-04-27 23:15:00+02:00,0.0,0.3554666666666666,0.0,0.0,0.0,0.0,1.5886263,0.0,0.0,0.0,0.0,20.886879999999998,0.0,0.35546667
2023-04-27 23:30:00+02:00,0.0,0.2642666666666666,0.0,0.0,0.0,0.0,1.4950824,0.0,0.0,0.0,0.0,20.886879999999998,0.0,0.26426667
2023-04-27 23:45:00+02:00,0.0,0.3878,0.0,0.0,0.0,0.0,1.4255386,0.0,0.0,0.0,0.0,20.886879999999998,0.0,0.3878
2023-04-28 00:00:00+02:00,0.0,0.3744666666666666,0.0,0.0,0.0,0.0,1.3234859,0.0,0.0,0.0,0.0,20.886879999999998,0.0,0.37446667
2023-04-28 00:15:00+02:00,0.0,0.3598,0.0,0.0,0.0,0.0,1.2249421,0.0,0.0,0.0,0.0,20.886879999999998,0.0,0.3598
2023-04-28 00:30:00+02:00,0.0,0.2891333333333333,0.0,0.0,0.0,0.0,1.1302579,0.0,0.0,0.0,0.0,20.886879999999998,0.0,0.28913333
2023-04-28 00:45:00+02:00,0.0,0.2591333333333333,0.0,0.0,0.0,0.0,1.0541701,0.0,0.0,0.0,0.0,20.886879999999998,0.0,0.25913333
2023-04-28 01:00:00+02:00,0.0,0.1446,0.0,0.0,0.0,0.0,0.98597716,0.0,0.0,0.0,0.0,20.886879999999998,0.0,0.1446
2023-04-28 01:15:00+02:00,0.0,0.1593333333333333,0.0,0.0,0.0,0.0,0.94792453,0.0,0.0,0.0,0.0,20.886879999999998,0.0,0.15933333
2023-04-28 01:30:00+02:00,0.0,0.236,0.0,0.0,0.0,0.0,0.90599471,0.0,0.0,0.0,0.0,20.886879999999998,0.0,0.236
2023-04-28 01:45:00+02:00,0.0,0.3370666666666667,0.0,0.0,0.0,0.0,0.84388944,0.0,0.0,0.0,0.0,20.886879999999998,0.0,0.33706667
2023-04-28 02:00:00+02:00,0.0,0.1663333333333333,0.0,0.0,0.0,0.0,0.75518769,0.0,0.0,0.0,0.0,20.886879999999998,0.0,0.16633333
2023-04-28 02:15:00+02:00,0.0,0.19,0.0,0.0,0.0,0.0,0.71141576,0.0,0.0,0.0,0.0,20.886879999999998,0.0,0.19
2023-04-28 02:30:00+02:00,0.0,0.2563999999999999,0.0,0.0,0.0,0.0,0.66141576,0.0,0.0,0.0,0.0,20.886879999999998,0.0,0.2564
2023-04-28 02:45:00+02:00,0.0,0.2176666666666666,0.0,0.0,0.0,0.0,0.59394208,0.0,0.0,0.0,0.0,20.886879999999998,0.0,0.21766667
2023-04-28 03:00:00+02:00,0.0,0.2335333333333333,0.0,0.0,0.0,0.0,0.53666137,0.0,0.0,0.0,0.0,20.886879999999998,0.0,0.23353333
2023-04-28 03:15:00+02:00,0.0,0.1596,0.0,0.0,0.0,0.0,0.47520523,0.0,0.0,0.0,0.0,20.886879999999998,0.0,0.1596
2023-04-28 03:30:00+02:00,0.0,0.1284666666666666,0.0,0.0,0.0,0.0,0.43320523,0.0,0.0,0.0,0.0,20.886879999999998,0.0,0.12846667
2023-04-28 03:45:00+02:00,0.0,0.162,0.0,0.0,0.0,0.0,0.39939822,0.0,0.0,0.0,0.0,20.886879999999998,0.0,0.162
2023-04-28 04:00:00+02:00,0.0,0.1344666666666666,0.0,0.0,0.0,0.0,0.35676664,0.0,0.0,0.0,0.0,20.886879999999998,0.0,0.13446667
2023-04-28 04:15:00+02:00,0.0,0.1824,0.0,0.0,0.0,0.0,0.32138067,0.0,0.0,0.0,0.0,20.886879999999998,0.0,0.1824
2023-04-28 04:30:00+02:00,0.0,0.1088666666666666,0.0,0.0,0.0,0.0,0.27338067,0.0,0.0,0.0,0.0,20.886879999999998,0.0,0.10886667
2023-04-28 04:45:00+02:00,0.0,0.1581333333333333,0.0,0.0,0.0,0.0,0.24473155,0.0,0.0,0.0,0.0,20.886879999999998,0.0,0.15813333
2023-04-28 05:00:00+02:00,0.0,0.1854666666666666,0.0,0.0,0.0,0.0,0.20311751,0.0,0.0,0.0,0.0,20.886879999999998,0.0,0.18546667
2023-04-28 05:15:00+02:00,0.0,0.2039333333333333,0.0,0.0,0.0,0.0,0.1543105,0.0,0.0,0.0,0.0,20.886879999999998,0.0,0.20393333
2023-04-28 05:30:00+02:00,0.0,0.2573333333333333,0.0,0.0,0.0,0.0,0.10064383,0.0,0.0,0.0,0.0,20.886879999999998,0.0,0.25733333
2023-04-28 05:45:00+02:00,0.0,0.1621333333333333,0.0370201105944616,0.0,0.037020111,0.037020111,0.032924532,0.0,0.0,0.0,0.0,20.886879999999998,0.0,0.12511322
2023-04-28 06:00:00+02:00,0.0,0.1404,0.2342538628937902,0.0,0.23425386,0.1404,0.0,0.093853863,0.0,0.093853863,0.0,41.75590999999999,0.0,0.0
2023-04-28 06:15:00+02:00,0.0,0.1666,0.5413088680695239,0.0,0.54130887,0.1666,0.0,0.37470887,0.0,0.37470887,0.0,41.75590999999999,0.0,0.0
2023-04-28 06:30:00+02:00,0.0,0.8761333333333333,0.9280195926252504,0.0,0.92801959,0.87613333,0.0,0.051886259,0.0,0.051886259,0.0,41.75590999999999,0.0,0.0
2023-04-28 06:45:00+02:00,0.0,0.9998,1.3628231051015816,0.0,1.3628231,0.9998,0.0,0.36302311,0.0,0.36302311,0.0,41.75590999999999,0.0,0.0
2023-04-28 07:00:00+02:00,0.0,0.3251333333333333,1.835838914267077,0.0,1.8358389,0.32513333,0.0,1.5107056,0.0,1.5107056,0.0,41.75590999999999,0.0,0.0
2023-04-28 07:15:00+02:00,0.0,0.3364666666666666,2.352995666648881,0.0,2.3529957,0.33646667,0.0,2.016529,0.0,2.016529,0.0,41.75590999999999,0.0,0.0
2023-04-28 07:30:00+02:00,0.0,0.3634666666666666,2.8727298123361966,0.0,2.8727298,0.36346667,0.0,2.5092631,0.0,2.5092631,0.0,41.75590999999999,0.0,0.0
2023-04-28 07:45:00+02:00,0.0,0.4898,3.318707149958628,0.0,3.3187071,0.4898,0.0,2.8289071,0.0,2.8289071,0.0,41.75590999999999,0.0,0.0
2023-04-28 08:00:00+02:00,0.0,0.2432,3.900438902754528,0.0,3.9004389,0.2432,0.0,3.6572389,0.0,3.6572389,0.0,41.75590999999999,0.0,0.0
2023-04-28 08:15:00+02:00,0.0,0.2479333333333333,4.3383427817676825,4.0904094,0.24793333,0.24793333,0.0,0.0,0.0,0.0,0.0,41.75590999999999,0.0,0.0
2023-04-28 08:30:00+02:00,0.0,0.1988,4.8161004180438,4.6173004,0.1988,0.1988,0.0,0.0,0.0,0.0,0.0,41.75590999999999,0.0,0.0
2023-04-28 08:45:00+02:00,0.0,0.2651333333333333,5.280824566217391,5.0156912,0.26513333,0.26513333,0.0,0.0,0.0,0.0,0.0,41.75590999999999,0.0,0.0
2023-04-28 09:00:00+02:00,0.0,0.184,5.756801141183887,5.5728011,0.184,0.184,0.0,0.0,0.0,0.0,0.0,41.75590999999999,0.0,0.0
2023-04-28 09:15:00+02:00,0.0,0.2682,6.182873474650554,5.9146735,0.2682,0.2682,0.0,0.0,0.0,0.0,0.0,41.75590999999999,0.0,0.0
2023-04-28 09:30:00+02:00,0.0,0.466,6.523641609924821,6.0576416,0.466,0.466,0.0,0.0,0.0,0.0,0.0,41.75590999999999,0.0,0.0
2023-04-28 09:45:00+02:00,0.0,0.6449333333333332,6.689421750593889,6.0444884,0.64493333,0.64493333,0.0,0.0,0.0,0.0,0.0,41.75590999999999,0.0,0.0
2023-04-28 10:00:00+02:00,0.0,0.1641333333333333,7.225573499076822,7.0614402,0.16413333,0.16413333,0.0,0.0,0.0,0.0,0.0,41.75590999999999,0.0,0.0
2023-04-28 10:15:00+02:00,0.0,0.2474,7.497682665383715,7.2502827,0.2474,0.2474,0.0,0.0,0.0,0.0,0.0,41.75590999999999,0.0,0.0
2023-04-28 10:30:00+02:00,0.0,0.3041999999999999,7.758954249660037,7.4547542,0.3042,0.3042,0.0,0.0,0.0,0.0,0.0,41.75590999999999,0.0,0.0
2023-04-28 10:45:00+02:00,0.0,0.2611333333333333,8.023200134051221,7.7620668,0.26113333,0.26113333,0.0,0.0,0.0,0.0,0.0,41.75590999999999,0.0,0.0
2023-04-28 11:00:00+02:00,0.0,0.2557333333333333,8.230341905322437,7.9746086,0.25573333,0.25573333,0.0,0.0,0.0,0.0,0.0,41.75590999999999,0.0,0.0
2023-04-28 11:15:00+02:00,0.0,0.404,8.397437353814937,7.9934374,0.404,0.404,0.0,0.0,0.0,0.0,0.0,41.75590999999999,0.0,0.0
2023-04-28 11:30:00+02:00,0.0,0.4485333333333333,8.615436196679509,8.1669029,0.44853333,0.44853333,0.0,0.0,0.0,0.0,0.0,41.75590999999999,0.0,0.0
2023-04-28 11:45:00+02:00,0.0,0.2146666666666666,8.658655422418441,8.4439888,0.21466667,0.21466667,0.0,0.0,0.0,0.0,0.0,41.75590999999999,0.0,0.0
2023-04-28 12:00:00+02:00,0.0,0.5692666666666667,8.708816973196276,8.1395503,0.56926667,0.56926667,0.0,0.0,0.0,0.0,0.0,41.75590999999999,0.0,0.0
2023-04-28 12:15:00+02:00,0.0,0.9440666666666668,8.717734057210683,7.7736674,0.94406667,0.94406667,0.0,0.0,0.0,0.0,0.0,41.75590999999999,0.0,0.0
2023-04-28 12:30:00+02:00,0.0,0.577,8.71363539029373,8.1366354,0.577,0.577,0.0,0.0,0.0,0.0,0.0,41.75590999999999,0.0,0.0
2023-04-28 12:45:00+02:00,0.0,0.8853333333333334,8.626107066956967,7.7407737,0.88533333,0.88533333,0.0,0.0,0.0,0.0,0.0,41.75590999999999,0.0,0.0
2023-04-28 13:00:00+02:00,0.0,0.613,8.565488124895625,7.9524881,0.613,0.613,0.0,0.0,0.0,0.0,0.0,41.75590999999999,0.0,0.0
2023-04-28 13:15:00+02:00,0.0,0.4012,8.537137777519613,8.1359378,0.4012,0.4012,0.0,0.0,0.0,0.0,0.0,41.75590999999999,0.0,0.0
2023-04-28 13:30:00+02:00,0.0,0.4366666666666667,8.460711123729661,8.0240445,0.43666667,0.43666667,0.0,0.0,0.0,0.0,0.0,41.75590999999999,0.0,0.0
2023-04-28 13:45:00+02:00,0.0,0.5282,8.244270494121437,7.7160705,0.5282,0.5282,0.0,0.0,0.0,0.0,0.0,41.75590999999999,0.0,0.0
2023-04-28 14:00:00+02:00,0.0,0.454,7.987855350074321,7.5338554,0.454,0.454,0.0,0.0,0.0,0.0,0.0,41.75590999999999,0.0,0.0
2023-04-28 14:15:00+02:00,0.0,0.5164,7.752041706626453,7.2356417,0.5164,0.5164,0.0,0.0,0.0,0.0,0.0,41.75590999999999,0.0,0.0
2023-04-28 14:30:00+02:00,0.0,0.7010666666666667,7.431123597737877,3.4600444,3.9710792,0.70106667,0.0,0.0,0.0,0.0,3.2700125,41.75590999999999,3.2700125,0.0
2023-04-28 14:45:00+02:00,0.0,0.6947333333333333,7.105945872759524,1.4112125,5.6947333,0.69473333,0.77662798,0.0,0.0,0.0,5.0,41.75590999999999,5.0,0.0
2023-04-28 15:00:00+02:00,0.0,0.2310666666666666,6.645010279064198,1.4139436,5.2310667,0.23106667,1.964128,0.0,0.0,0.0,5.0,41.75590999999999,5.0,0.0
2023-04-28 15:15:00+02:00,0.0,0.6355333333333333,6.185420963011162,0.54988763,5.6355333,0.63553333,3.151628,0.0,0.0,0.0,5.0,41.75590999999999,5.0,0.0
2023-04-28 15:30:00+02:00,0.0,1.1039333333333334,5.691228377427595,0.0,5.6912284,1.1039333,4.339128,0.0,0.0,0.0,4.587295,41.75590999999999,4.587295,0.0
2023-04-28 15:45:00+02:00,0.0,0.6375333333333333,5.13757396530407,0.0,5.137574,0.63753333,5.4286106,0.0,0.0,0.0,4.5000406,41.75590999999999,4.5000406,0.0
2023-04-28 16:00:00+02:00,0.0,0.6904,4.451157046399982,0.0,4.451157,0.6904,6.4973702,0.0,0.0,0.0,3.760757,41.75590999999999,3.760757,0.0
2023-04-28 16:15:00+02:00,0.0,1.2539333333333331,3.748349905261452,0.0,3.7483499,0.0,7.39055,3.7483499,0.0,3.7483499,0.0,41.75590999999999,0.0,1.2539333
2023-04-28 16:30:00+02:00,0.0,3.308,2.9960777410950508,0.0,2.9960777,0.0,7.0605675,2.9960777,0.0,2.9960777,0.0,41.75590999999999,0.0,3.308
2023-04-28 16:45:00+02:00,0.0,2.8913333333333333,2.193858327242177,0.0,2.1938583,2.1310104,6.1900412,0.062847889,0.0,0.062847889,0.0,41.75590999999999,0.0,0.7603229
2023-04-28 17:00:00+02:00,0.0,1.6140666666666663,1.397661821708277,0.0,1.3976618,1.3976618,5.9899563,0.0,0.0,0.0,0.0,41.75590999999999,0.0,0.21640484
2023-04-28 17:15:00+02:00,0.0,1.6335333333333333,0.7208265762550443,0.0,0.72082658,0.72082658,5.9330076,0.0,0.0,0.0,0.0,41.75590999999999,0.0,0.91270676
2023-04-28 17:30:00+02:00,0.0,0.7396,0.4233245986186861,0.0,0.4233246,0.4233246,5.6928216,0.0,0.0,0.0,0.0,41.75590999999999,0.0,0.3162754
2023-04-28 17:45:00+02:00,0.0,1.3528,0.3832209472301832,0.0,0.38322095,0.38322095,5.6095913,0.0,0.0,0.0,0.0,41.75590999999999,0.0,0.96957905
2023-04-28 18:00:00+02:00,0.0,1.3024,0.3167783571547022,0.0,0.31677836,0.31677836,5.3544389,0.0,0.0,0.0,0.0,41.75590999999999,0.0,0.98562164
2023-04-28 18:15:00+02:00,0.0,0.6203333333333334,0.1844101045741023,0.0,0.1844101,0.1844101,5.0950648,0.0,0.0,0.0,0.0,41.75590999999999,0.0,0.43592323
2023-04-28 18:30:00+02:00,0.0,0.2498666666666666,0.0,0.0,0.0,0.0,4.9803481,0.0,0.0,0.0,0.0,41.75590999999999,0.0,0.24986667
2023-04-28 18:45:00+02:00,0.0,0.1694666666666666,0.0,0.0,0.0,0.0,4.9145937,0.0,0.0,0.0,0.0,41.75590999999999,0.0,0.16946667
2023-04-28 19:00:00+02:00,0.0,0.3384666666666666,0.0,0.0,0.0,0.0,4.8699972,0.0,0.0,0.0,0.0,41.75590999999999,0.0,0.33846667
2023-04-28 19:15:00+02:00,0.0,0.5733333333333334,0.0,0.0,0.0,0.0,4.7809271,0.0,0.0,0.0,0.0,41.75590999999999,0.0,0.57333333
2023-04-28 19:30:00+02:00,0.0,0.4871999999999999,0.0,0.0,0.0,0.0,4.6300499,0.0,0.0,0.0,0.0,41.75590999999999,0.0,0.4872
2023-04-28 19:45:00+02:00,0.0,0.6019333333333333,0.0,0.0,0.0,0.0,4.5018393,0.0,0.0,0.0,0.0,41.75590999999999,0.0,0.60193333
2023-04-28 20:00:00+02:00,0.0,0.3266666666666666,0.0,0.0,0.0,0.0,4.3434358,0.0,0.0,0.0,0.0,22.210160000000002,0.0,0.32666667
2023-04-28 20:15:00+02:00,0.0,0.2470666666666666,0.0,0.0,0.0,0.0,4.2574709,0.0,0.0,0.0,0.0,22.210160000000002,0.0,0.24706667
2023-04-28 20:30:00+02:00,0.0,0.2806666666666667,0.0,0.0,0.0,0.0,4.1924534,0.0,0.0,0.0,0.0,22.210160000000002,0.0,0.28066667
2023-04-28 20:45:00+02:00,0.0,0.2547333333333333,0.0,0.0,0.0,0.0,4.1185937,0.0,0.0,0.0,0.0,22.210160000000002,0.0,0.25473333
2023-04-28 21:00:00+02:00,0.0,0.2828666666666666,0.0,0.0,0.0,0.0,4.0515586,0.0,0.0,0.0,0.0,22.210160000000002,0.0,0.28286667
2023-04-28 21:15:00+02:00,0.0,0.2048,0.0,0.0,0.0,0.0,3.97712,0.0,0.0,0.0,0.0,22.210160000000002,0.0,0.2048
2023-04-28 21:30:00+02:00,0.0,0.1772,0.0,0.0,0.0,0.0,3.9232253,0.0,0.0,0.0,0.0,22.210160000000002,0.0,0.1772
2023-04-28 21:45:00+02:00,0.0,0.3186,0.0,0.0,0.0,0.0,3.8765937,0.0,0.0,0.0,0.0,22.210160000000002,0.0,0.3186
2023-04-28 22:00:00+02:00,0.0,0.4899333333333333,0.0,0.0,0.0,0.0,3.7927516,0.0,0.0,0.0,0.0,22.210160000000002,0.0,0.48993333
2023-04-28 22:15:00+02:00,0.0,0.7024,0.0,0.0,0.0,0.0,3.6638218,0.0,0.0,0.0,0.0,22.210160000000002,0.0,0.7024
2023-04-28 22:30:00+02:00,0.0,0.8319333333333333,0.0,0.0,0.0,0.0,3.4789797,0.0,0.0,0.0,0.0,22.210160000000002,0.0,0.83193333
2023-04-28 22:45:00+02:00,0.0,0.6798666666666666,0.0,0.0,0.0,0.0,3.2600499,0.0,0.0,0.0,0.0,22.210160000000002,0.0,0.67986667
2023-04-28 23:00:00+02:00,0.0,0.6374,0.0,0.0,0.0,0.0,3.0811376,0.0,0.0,0.0,0.0,22.210160000000002,0.0,0.6374
2023-04-28 23:15:00+02:00,0.0,0.6059333333333333,0.0,0.0,0.0,0.0,2.9134007,0.0,0.0,0.0,0.0,22.210160000000002,0.0,0.60593333
2023-04-28 23:30:00+02:00,0.0,0.4758,0.0,0.0,0.0,0.0,2.7539446,0.0,0.0,0.0,0.0,22.210160000000002,0.0,0.4758
2023-04-28 23:45:00+02:00,0.0,0.4333999999999999,0.0,0.0,0.0,0.0,2.6287341,0.0,0.0,0.0,0.0,22.210160000000002,0.0,0.4334
2023-04-29 00:00:00+02:00,0.0,0.4466666666666667,0.0,0.0,0.0,0.0,2.5146815,0.0,0.0,0.0,0.0,22.210160000000002,0.0,0.44666667
2023-04-29 00:15:00+02:00,0.0,0.4211999999999999,0.0,0.0,0.0,0.0,2.3971376,0.0,0.0,0.0,0.0,22.210160000000002,0.0,0.4212
2023-04-29 00:30:00+02:00,0.0,0.4918666666666667,0.0,0.0,0.0,0.0,2.2862955,0.0,0.0,0.0,0.0,22.210160000000002,0.0,0.49186667
2023-04-29 00:45:00+02:00,0.0,0.4418666666666667,0.0,0.0,0.0,0.0,2.1568569,0.0,0.0,0.0,0.0,22.210160000000002,0.0,0.44186667
2023-04-29 01:00:00+02:00,0.0,0.4938666666666667,0.0,0.0,0.0,0.0,2.0405762,0.0,0.0,0.0,0.0,22.210160000000002,0.0,0.49386667
2023-04-29 01:15:00+02:00,0.0,0.3959333333333333,0.0,0.0,0.0,0.0,1.9106113,0.0,0.0,0.0,0.0,22.210160000000002,0.0,0.39593333
2023-04-29 01:30:00+02:00,0.0,0.4551333333333333,0.0,0.0,0.0,0.0,1.8064183,0.0,0.0,0.0,0.0,22.210160000000002,0.0,0.45513333
2023-04-29 01:45:00+02:00,0.0,0.3413333333333333,0.0,0.0,0.0,0.0,1.6866464,0.0,0.0,0.0,0.0,22.210160000000002,0.0,0.34133333
2023-04-29 02:00:00+02:00,0.0,0.4221333333333333,0.0,0.0,0.0,0.0,1.5968218,0.0,0.0,0.0,0.0,22.210160000000002,0.0,0.42213333
2023-04-29 02:15:00+02:00,0.0,0.3757333333333333,0.0,0.0,0.0,0.0,1.4857341,0.0,0.0,0.0,0.0,22.210160000000002,0.0,0.37573333
2023-04-29 02:30:00+02:00,0.0,0.3936,0.0,0.0,0.0,0.0,1.3868569,0.0,0.0,0.0,0.0,22.210160000000002,0.0,0.3936
2023-04-29 02:45:00+02:00,0.0,0.3907333333333333,0.0,0.0,0.0,0.0,1.2832779,0.0,0.0,0.0,0.0,22.210160000000002,0.0,0.39073333
2023-04-29 03:00:00+02:00,0.0,0.3648,0.0,0.0,0.0,0.0,1.1804534,0.0,0.0,0.0,0.0,22.210160000000002,0.0,0.3648
2023-04-29 03:15:00+02:00,0.0,0.4538,0.0,0.0,0.0,0.0,1.0844534,0.0,0.0,0.0,0.0,22.210160000000002,0.0,0.4538
2023-04-29 03:30:00+02:00,0.0,0.4714666666666666,0.0,0.0,0.0,0.0,0.96503233,0.0,0.0,0.0,0.0,22.210160000000002,0.0,0.47146667
2023-04-29 03:45:00+02:00,0.0,0.4138,0.0,0.0,0.0,0.0,0.84096215,0.0,0.0,0.0,0.0,22.210160000000002,0.0,0.4138
2023-04-29 04:00:00+02:00,0.0,0.4506666666666666,0.0,0.0,0.0,0.0,0.73206742,0.0,0.0,0.0,0.0,22.210160000000002,0.0,0.45066667
2023-04-29 04:15:00+02:00,0.0,0.3528,0.0,0.0,0.0,0.0,0.61347092,0.0,0.0,0.0,0.0,22.210160000000002,0.0,0.3528
2023-04-29 04:30:00+02:00,0.0,0.4834,0.0,0.0,0.0,0.0,0.52062882,0.0,0.0,0.0,0.0,22.210160000000002,0.0,0.4834
2023-04-29 04:45:00+02:00,0.0,0.2688,0.0,0.0,0.0,0.0,0.39341829,0.0,0.0,0.0,0.0,22.210160000000002,0.0,0.2688
2023-04-29 05:00:00+02:00,0.0,0.171,0.0,0.0,0.0,0.0,0.32268145,0.0,0.0,0.0,0.0,22.210160000000002,0.0,0.171
2023-04-29 05:15:00+02:00,0.0,0.1999333333333333,0.0,0.0,0.0,0.0,0.27768145,0.0,0.0,0.0,0.0,22.210160000000002,0.0,0.19993333
2023-04-29 05:30:00+02:00,0.0,0.2425333333333333,0.0,0.0,0.0,0.0,0.22506742,0.0,0.0,0.0,0.0,22.210160000000002,0.0,0.24253333
2023-04-29 05:45:00+02:00,0.0,0.2572666666666666,0.018333353819203,0.0,0.018333354,0.018333354,0.16124285,0.0,0.0,0.0,0.0,22.210160000000002,0.0,0.23893331
2023-04-29 06:00:00+02:00,0.0,0.3382666666666666,0.177176140475148,0.0,0.17717614,0.17717614,0.098365667,0.0,0.0,0.0,0.0,34.07446,0.0,0.16109053
2023-04-29 06:15:00+02:00,0.0,0.2722666666666666,0.4790999829279335,0.0,0.47909998,0.27226667,0.055973423,0.20683332,0.0,0.20683332,0.0,34.07446,0.0,0.0
2023-04-29 06:30:00+02:00,0.0,0.2713333333333333,0.6952524556067983,0.0,0.69525246,0.27133333,0.055973423,0.42391912,0.0,0.42391912,0.0,34.07446,0.0,0.0
2023-04-29 06:45:00+02:00,0.0,1.3016666666666667,1.0889676573808156,0.0,1.0889677,1.0889677,0.055973423,0.0,0.0,0.0,0.0,34.07446,0.0,0.21269901
2023-04-29 07:00:00+02:00,0.0,0.4656,1.5862043860115975,0.0,1.5862044,0.4656,0.0,1.1206044,0.0,1.1206044,0.0,34.07446,0.0,0.0
2023-04-29 07:15:00+02:00,0.0,0.2926,2.1539707884742723,0.0,2.1539708,0.2926,0.0,1.8613708,0.0,1.8613708,0.0,34.07446,0.0,0.0
2023-04-29 07:30:00+02:00,0.0,0.2113333333333333,2.610275416111059,0.0,2.6102754,0.21133333,0.0,2.3989421,0.0,2.3989421,0.0,34.07446,0.0,0.0
2023-04-29 07:45:00+02:00,0.0,0.2535333333333333,3.064713482761149,0.0,3.0647135,0.25353333,0.0,2.8111801,0.0,2.8111801,0.0,34.07446,0.0,0.0
2023-04-29 08:00:00+02:00,0.0,0.223,3.666146666668174,0.0,3.6661467,0.223,0.0,3.4431467,0.0,3.4431467,0.0,34.07446,0.0,0.0
2023-04-29 08:15:00+02:00,0.0,0.1819333333333333,3.871840808330396,0.0,3.8718408,0.18193333,0.0,3.6899075,0.0,3.6899075,0.0,34.07446,0.0,0.0
2023-04-29 08:30:00+02:00,0.0,0.2378666666666666,4.473341392641367,0.0,4.4733414,0.23786667,0.0,4.2354747,0.0,4.2354747,0.0,34.07446,0.0,0.0
2023-04-29 08:45:00+02:00,0.0,0.2350666666666666,5.199623479581191,0.0,5.1996235,0.23506667,0.0,4.9645568,0.0,4.9645568,0.0,34.07446,0.0,0.0
2023-04-29 09:00:00+02:00,0.0,0.1827333333333333,5.47343515656546,5.2907018,0.18273333,0.18273333,0.0,0.0,0.0,0.0,0.0,34.07446,0.0,0.0
2023-04-29 09:15:00+02:00,0.0,0.1364666666666666,5.206445958699574,5.0699793,0.13646667,0.13646667,0.0,0.0,0.0,0.0,0.0,34.07446,0.0,0.0
2023-04-29 09:30:00+02:00,0.0,0.1650666666666666,4.640885551826026,4.4758189,0.16506667,0.16506667,0.0,0.0,0.0,0.0,0.0,34.07446,0.0,0.0
2023-04-29 09:45:00+02:00,0.0,0.1238,5.617019000494238,5.493219,0.1238,0.1238,0.0,0.0,0.0,0.0,0.0,34.07446,0.0,0.0
2023-04-29 10:00:00+02:00,0.0,0.5199333333333332,6.239097613050496,5.7191643,0.51993333,0.51993333,0.0,0.0,0.0,0.0,0.0,34.07446,0.0,0.0
2023-04-29 10:15:00+02:00,0.0,0.6234,6.154970168328664,5.5315702,0.6234,0.6234,0.0,0.0,0.0,0.0,0.0,34.07446,0.0,0.0
2023-04-29 10:30:00+02:00,0.0,0.2666,4.543166178477334,4.2765662,0.2666,0.2666,0.0,0.0,0.0,0.0,0.0,34.07446,0.0,0.0
2023-04-29 10:45:00+02:00,0.0,0.2845333333333333,3.7453412837412143,3.460808,0.28453333,0.28453333,0.0,0.0,0.0,0.0,0.0,34.07446,0.0,0.0
2023-04-29 11:00:00+02:00,0.0,0.3209333333333333,4.070110259183884,3.7491769,0.32093333,0.32093333,0.0,0.0,0.0,0.0,0.0,34.07446,0.0,0.0
2023-04-29 11:15:00+02:00,0.0,2.4970666666666665,7.922274303999929,5.4252076,2.4970667,2.4970667,0.0,0.0,0.0,0.0,0.0,34.07446,0.0,0.0
2023-04-29 11:30:00+02:00,0.0,4.470733333333333,8.34881210591671,3.8780788,4.4707333,4.4707333,0.0,0.0,0.0,0.0,0.0,34.07446,0.0,0.0
2023-04-29 11:45:00+02:00,0.0,5.606066666666667,8.460508583211121,2.8544419,5.6060667,5.6060667,0.0,0.0,0.0,0.0,0.0,34.07446,0.0,0.0
2023-04-29 12:00:00+02:00,0.0,2.1213333333333333,8.589996101994736,6.4686628,2.1213333,2.1213333,0.0,0.0,0.0,0.0,0.0,34.07446,0.0,0.0
2023-04-29 12:15:00+02:00,0.0,1.6074000000000002,8.656656723816152,7.0492567,1.6074,1.6074,0.0,0.0,0.0,0.0,0.0,34.07446,0.0,0.0
2023-04-29 12:30:00+02:00,0.0,1.445,8.606805549082521,7.1618055,1.445,1.445,0.0,0.0,0.0,0.0,0.0,34.07446,0.0,0.0
2023-04-29 12:45:00+02:00,0.0,2.29,8.710212984216794,6.420213,2.29,2.29,0.0,0.0,0.0,0.0,0.0,34.07446,0.0,0.0
2023-04-29 13:00:00+02:00,0.0,1.5888666666666666,8.345069323257496,6.7562027,1.5888667,1.5888667,0.0,0.0,0.0,0.0,0.0,34.07446,0.0,0.0
2023-04-29 13:15:00+02:00,0.0,1.4880666666666666,8.80768243367941,7.3196158,1.4880667,1.4880667,0.0,0.0,0.0,0.0,0.0,34.07446,0.0,0.0
2023-04-29 13:30:00+02:00,0.0,1.735933333333333,7.316882049868493,5.5809487,1.7359333,1.7359333,0.0,0.0,0.0,0.0,0.0,34.07446,0.0,0.0
2023-04-29 13:45:00+02:00,0.0,2.0579333333333336,7.729658109131711,5.6717248,2.0579333,2.0579333,0.0,0.0,0.0,0.0,0.0,34.07446,0.0,0.0
2023-04-29 14:00:00+02:00,0.0,1.7268666666666663,7.923144339413391,6.1962777,1.7268667,1.7268667,0.0,0.0,0.0,0.0,0.0,34.07446,0.0,0.0
2023-04-29 14:15:00+02:00,0.0,2.5568666666666666,7.385902788858665,3.1903949,4.1955079,2.5568667,0.0,0.0,0.0,0.0,1.6386412,34.07446,1.6386412,0.0
2023-04-29 14:30:00+02:00,0.0,1.6162666666666667,7.262432303419532,0.64616564,6.6162667,1.6162667,0.38917729,0.0,0.0,0.0,5.0,34.07446,5.0,0.0
2023-04-29 14:45:00+02:00,0.0,1.8758666666666663,6.835215117168445,0.0,6.8352151,1.8758667,1.5766773,0.0,0.0,0.0,4.9593485,34.07446,4.9593485,0.0
2023-04-29 15:00:00+02:00,0.0,1.1615333333333333,6.474237603544877,0.31270427,6.1615333,1.1615333,2.7545225,0.0,0.0,0.0,5.0,34.07446,5.0,0.0
2023-04-29 15:15:00+02:00,0.0,0.4542666666666666,6.176900375916686,0.72263371,5.4542667,0.45426667,3.9420225,0.0,0.0,0.0,5.0,34.07446,5.0,0.0
2023-04-29 15:30:00+02:00,0.0,0.4402666666666666,5.502992107229304,0.062725441,5.4402667,0.44026667,5.1295225,0.0,0.0,0.0,5.0,34.07446,5.0,0.0
2023-04-29 15:45:00+02:00,0.0,0.3312666666666666,4.943274208160376,0.0,4.9432742,0.33126667,6.3170225,0.0,0.0,0.0,4.6120075,34.07446,4.6120075,0.0
2023-04-29 16:00:00+02:00,0.0,0.2796666666666667,4.501739818773466,0.0,4.5017398,0.27966667,7.4123743,0.0,0.0,0.0,4.2220732,34.07446,4.2220732,0.0
2023-04-29 16:15:00+02:00,0.0,0.3075333333333334,3.740952362551396,0.0,3.7409524,0.30753333,8.4151167,0.0,0.0,0.0,3.433419,34.07446,3.433419,0.0
2023-04-29 16:30:00+02:00,0.0,0.6317999999999999,3.078151458471189,0.0,3.0781515,0.6318,9.2305537,0.0,0.0,0.0,2.4463515,34.07446,2.4463515,0.0
2023-04-29 16:45:00+02:00,0.0,2.6793333333333336,2.3983205411226107,0.0,2.3983205,2.3983205,9.8115622,0.0,0.0,0.0,0.0,34.07446,0.0,0.28101279
2023-04-29 17:00:00+02:00,0.0,1.0397333333333334,1.780643250965941,0.0,1.7806433,1.0397333,9.7376115,0.0,0.0,0.0,0.74090992,34.07446,0.74090992,0.0
2023-04-29 17:15:00+02:00,0.0,1.4512666666666667,1.421082300053402,0.0,1.4210823,1.4210823,9.9135776,0.0,0.0,0.0,0.0,34.07446,0.0,0.030184367
2023-04-29 17:30:00+02:00,0.0,0.9029333333333333,1.300262525910407,0.0,1.3002625,0.90293333,9.9056343,0.0,0.0,0.0,0.39732919,34.07446,0.39732919,0.0
2023-04-29 17:45:00+02:00,0.0,1.4068666666666665,0.8836594114841473,0.0,0.88365941,0.0,10.0,0.88365941,0.0,0.88365941,0.0,34.07446,0.0,1.4068667
2023-04-29 18:00:00+02:00,0.0,2.186266666666667,0.3541330209978751,0.0,0.35413302,0.34880269,9.6297719,0.0053303341,0.0,0.0053303341,0.0,34.07446,0.0,1.837464
2023-04-29 18:15:00+02:00,0.0,2.679866666666667,0.0,0.0,0.0,0.0,9.1462288,0.0,0.0,0.0,0.0,34.07446,0.0,2.6798667
2023-04-29 18:30:00+02:00,0.0,2.353733333333333,0.0,0.0,0.0,0.0,8.4410007,0.0,0.0,0.0,0.0,34.07446,0.0,2.3537333
2023-04-29 18:45:00+02:00,0.0,1.1671333333333334,0.0,0.0,0.0,0.0,7.8215972,0.0,0.0,0.0,0.0,34.07446,0.0,1.1671333
2023-04-29 19:00:00+02:00,0.0,0.7901333333333334,0.0,0.0,0.0,0.0,7.5144568,0.0,0.0,0.0,0.0,34.07446,0.0,0.79013333
2023-04-29 19:15:00+02:00,0.0,0.8048,0.0,0.0,0.0,0.0,7.306527,0.0,0.0,0.0,0.0,34.07446,0.0,0.8048
2023-04-29 19:30:00+02:00,0.0,1.0255999999999998,0.0,0.0,0.0,0.0,7.0947375,0.0,0.0,0.0,0.0,34.07446,0.0,1.0256
2023-04-29 19:45:00+02:00,0.0,3.218933333333333,0.0,0.0,0.0,0.0,6.8248428,0.0,0.0,0.0,0.0,34.07446,0.0,3.2189333
2023-04-29 20:00:00+02:00,0.0,1.2413333333333332,0.0,0.0,0.0,0.0,5.9777551,0.0,0.0,0.0,0.0,22.42793,0.0,1.2413333
2023-04-29 20:15:00+02:00,0.0,0.4406,0.0,0.0,0.0,0.0,5.6510884,0.0,0.0,0.0,0.0,22.42793,0.0,0.4406
2023-04-29 20:30:00+02:00,0.0,0.5116666666666667,0.0,0.0,0.0,0.0,5.5351411,0.0,0.0,0.0,0.0,22.42793,0.0,0.51166667
2023-04-29 20:45:00+02:00,0.0,0.5096666666666667,0.0,0.0,0.0,0.0,5.4004919,0.0,0.0,0.0,0.0,22.42793,0.0,0.50966667
2023-04-29 21:00:00+02:00,0.0,0.5098,0.0,0.0,0.0,0.0,5.2663691,0.0,0.0,0.0,0.0,22.42793,0.0,0.5098
2023-04-29 21:15:00+02:00,0.0,0.5561333333333334,0.0,0.0,0.0,0.0,5.1322112,0.0,0.0,0.0,0.0,22.42793,0.0,0.55613333
2023-04-29 21:30:00+02:00,0.0,0.5686666666666667,0.0,0.0,0.0,0.0,4.9858604,0.0,0.0,0.0,0.0,22.42793,0.0,0.56866667
2023-04-29 21:45:00+02:00,0.0,1.6867333333333334,0.0,0.0,0.0,0.0,4.8362112,0.0,0.0,0.0,0.0,22.42793,0.0,1.6867333
2023-04-29 22:00:00+02:00,0.0,1.3716,0.0,0.0,0.0,0.0,4.392334,0.0,0.0,0.0,0.0,22.42793,0.0,1.3716
2023-04-29 22:15:00+02:00,0.0,1.2162666666666666,0.0,0.0,0.0,0.0,4.0313867,0.0,0.0,0.0,0.0,22.42793,0.0,1.2162667
2023-04-29 22:30:00+02:00,0.0,0.9186666666666666,0.0,0.0,0.0,0.0,3.7113165,0.0,0.0,0.0,0.0,22.42793,0.0,0.91866667
2023-04-29 22:45:00+02:00,0.0,0.5778666666666666,0.0,0.0,0.0,0.0,3.4695621,0.0,0.0,0.0,0.0,22.42793,0.0,0.57786667
2023-04-29 23:00:00+02:00,0.0,0.8001333333333334,0.0,0.0,0.0,0.0,3.3174919,0.0,0.0,0.0,0.0,22.42793,0.0,0.80013333
2023-04-29 23:15:00+02:00,0.0,1.3940666666666666,0.0,0.0,0.0,0.0,3.1069305,0.0,0.0,0.0,0.0,22.42793,0.0,1.3940667
2023-04-29 23:30:00+02:00,0.0,1.8218,0.0,0.0,0.0,0.0,2.7400709,0.0,0.0,0.0,0.0,22.42793,0.0,1.8218
2023-04-29 23:45:00+02:00,0.0,0.74,0.0,0.0,0.0,0.0,2.2606498,0.0,0.0,0.0,0.0,22.42793,0.0,0.74
2023-04-30 00:00:00+02:00,0.0,0.7793333333333333,0.0,0.0,0.0,0.0,2.065913,0.0,0.0,0.0,0.0,22.42793,0.0,0.77933333
2023-04-30 00:15:00+02:00,0.0,1.704,0.0,0.0,0.0,0.0,1.8608253,0.0,0.0,0.0,0.0,22.42793,0.0,1.704
2023-04-30 00:30:00+02:00,0.0,2.1796666666666664,0.0,0.0,0.0,0.0,1.4124042,0.0,0.0,0.0,0.0,22.42793,0.0,2.1796667
2023-04-30 00:45:00+02:00,1.1326347,1.6494666666666666,0.0,0.0,0.0,0.0,0.83880772,0.0,0.0,0.0,0.0,22.42793,0.0,0.516832
2023-04-30 01:00:00+02:00,1.2783333,1.278333333333333,0.0,0.0,0.0,0.0,0.7027993,0.0,0.0,0.0,0.0,22.42793,0.0,0.0
2023-04-30 01:15:00+02:00,1.4552,1.4552,0.0,0.0,0.0,0.0,0.7027993,0.0,0.0,0.0,0.0,22.42793,0.0,0.0
2023-04-30 01:30:00+02:00,0.42846667,0.4284666666666666,0.0,0.0,0.0,0.0,0.7027993,0.0,0.0,0.0,0.0,22.42793,0.0,0.0
2023-04-30 01:45:00+02:00,0.2804,0.2804,0.0,0.0,0.0,0.0,0.7027993,0.0,0.0,0.0,0.0,22.42793,0.0,0.0
2023-04-30 02:00:00+02:00,0.3764,0.3763999999999999,0.0,0.0,0.0,0.0,0.7027993,0.0,0.0,0.0,0.0,22.42793,0.0,0.0
2023-04-30 02:15:00+02:00,0.355,0.355,0.0,0.0,0.0,0.0,0.7027993,0.0,0.0,0.0,0.0,22.42793,0.0,0.0
2023-04-30 02:30:00+02:00,0.33766667,0.3376666666666666,0.0,0.0,0.0,0.0,0.7027993,0.0,0.0,0.0,0.0,22.42793,0.0,0.0
2023-04-30 02:45:00+02:00,0.31886667,0.3188666666666667,0.0,0.0,0.0,0.0,0.7027993,0.0,0.0,0.0,0.0,22.42793,0.0,0.0
2023-04-30 03:00:00+02:00,0.33126667,0.3312666666666666,0.0,0.0,0.0,0.0,0.7027993,0.0,0.0,0.0,0.0,22.42793,0.0,0.0
2023-04-30 03:15:00+02:00,0.26546667,0.2654666666666666,0.0,0.0,0.0,0.0,0.7027993,0.0,0.0,0.0,0.0,22.42793,0.0,0.0
2023-04-30 03:30:00+02:00,0.25053333,0.2505333333333333,0.0,0.0,0.0,0.0,0.7027993,0.0,0.0,0.0,0.0,22.42793,0.0,0.0
2023-04-30 03:45:00+02:00,0.32386667,0.3238666666666667,0.0,0.0,0.0,0.0,0.7027993,0.0,0.0,0.0,0.0,22.42793,0.0,0.0
2023-04-30 04:00:00+02:00,0.4248,0.4248,0.0,0.0,0.0,0.0,0.7027993,0.0,0.0,0.0,0.0,22.42793,0.0,0.0
2023-04-30 04:15:00+02:00,0.3814,0.3813999999999999,0.0,0.0,0.0,0.0,0.7027993,0.0,0.0,0.0,0.0,22.42793,0.0,0.0
2023-04-30 04:30:00+02:00,0.48713333,0.4871333333333333,0.0,0.0,0.0,0.0,0.7027993,0.0,0.0,0.0,0.0,22.42793,0.0,0.0
2023-04-30 04:45:00+02:00,0.79366667,0.7936666666666666,0.0,0.0,0.0,0.0,0.7027993,0.0,0.0,0.0,0.0,22.42793,0.0,0.0
2023-04-30 05:00:00+02:00,0.81293333,0.8129333333333333,0.0,0.0,0.0,0.0,0.7027993,0.0,0.0,0.0,0.0,22.42793,0.0,0.0
2023-04-30 05:15:00+02:00,0.66793333,0.6679333333333333,0.0,0.0,0.0,0.0,0.7027993,0.0,0.0,0.0,0.0,22.42793,0.0,0.0
2023-04-30 05:30:00+02:00,0.40433333,0.4043333333333333,0.0,0.0,0.0,0.0,0.7027993,0.0,0.0,0.0,0.0,22.42793,0.0,0.0
2023-04-30 05:45:00+02:00,0.21809634,0.2556,0.0375036615633653,0.0,0.037503662,0.037503662,0.7027993,0.0,0.0,0.0,0.0,22.42793,0.0,0.0
2023-04-30 06:00:00+02:00,0.0,1.6150666666666669,0.1354369553785895,0.0,0.13543696,0.13543696,0.7027993,0.0,0.0,0.0,0.0,30.04869,0.0,1.4796297
2023-04-30 06:15:00+02:00,0.0,1.1386666666666667,0.3958101817371462,0.0,0.39581018,0.39581018,0.31342306,0.0,0.0,0.0,0.0,30.04869,0.0,0.74285648
2023-04-30 06:30:00+02:00,0.0,0.3344666666666666,0.5811119207937725,0.0,0.58111192,0.33446667,0.11793451,0.24664525,0.0,0.24664525,0.0,30.04869,0.0,0.0
2023-04-30 06:45:00+02:00,0.0,0.5479333333333333,0.4631281763615248,0.0,0.46312818,0.46312818,0.11793451,0.0,0.0,0.0,0.0,30.04869,0.0,0.084805157
2023-04-30 07:00:00+02:00,0.0,0.9857333333333334,0.6223873369241101,0.0,0.62238734,0.62238734,0.095617367,0.0,0.0,0.0,0.0,30.04869,0.0,0.363346
2023-04-30 07:15:00+02:00,0.0,0.5087333333333334,0.8058201402194681,0.0,0.80582014,0.50873333,0.0,0.29708681,0.0,0.29708681,0.0,30.04869,0.0,0.0
2023-04-30 07:30:00+02:00,0.0,0.3773333333333333,1.0732401472116089,0.0,1.0732401,0.37733333,0.0,0.69590681,0.0,0.69590681,0.0,30.04869,0.0,0.0
2023-04-30 07:45:00+02:00,0.0,0.3958,1.3122240110874486,0.0,1.312224,0.3958,0.0,0.91642401,0.0,0.91642401,0.0,30.04869,0.0,0.0
2023-04-30 08:00:00+02:00,0.0,0.2628666666666667,2.4538689457439955,0.0,2.4538689,0.26286667,0.0,2.1910023,0.0,2.1910023,0.0,30.04869,0.0,0.0
2023-04-30 08:15:00+02:00,0.0,0.2752666666666666,4.045711270337512,3.7704446,0.27526667,0.27526667,0.0,0.0,0.0,0.0,0.0,30.04869,0.0,0.0
2023-04-30 08:30:00+02:00,0.0,0.5303333333333333,4.339304161388662,3.8089708,0.53033333,0.53033333,0.0,0.0,0.0,0.0,0.0,30.04869,0.0,0.0
2023-04-30 08:45:00+02:00,0.0,2.5602,4.918635775852268,2.3584358,2.5602,2.5602,0.0,0.0,0.0,0.0,0.0,30.04869,0.0,0.0
2023-04-30 09:00:00+02:00,0.0,1.2902,5.373148428991921,4.0829484,1.2902,1.2902,0.0,0.0,0.0,0.0,0.0,30.04869,0.0,0.0
2023-04-30 09:15:00+02:00,0.0,1.4132,5.69863593280343,4.2854359,1.4132,1.4132,0.0,0.0,0.0,0.0,0.0,30.04869,0.0,0.0
2023-04-30 09:30:00+02:00,0.0,0.5156666666666666,5.985484888930842,5.4698182,0.51566667,0.51566667,0.0,0.0,0.0,0.0,0.0,30.04869,0.0,0.0
2023-04-30 09:45:00+02:00,0.0,0.3666666666666667,6.446069100461703,6.0794024,0.36666667,0.36666667,0.0,0.0,0.0,0.0,0.0,30.04869,0.0,0.0
2023-04-30 10:00:00+02:00,0.0,0.359,6.854989212883601,6.4959892,0.359,0.359,0.0,0.0,0.0,0.0,0.0,30.04869,0.0,0.0
2023-04-30 10:15:00+02:00,0.0,0.4090666666666667,7.34938692118218,6.9403203,0.40906667,0.40906667,0.0,0.0,0.0,0.0,0.0,30.04869,0.0,0.0
2023-04-30 10:30:00+02:00,0.0,0.8475333333333332,6.766658345576367,5.919125,0.84753333,0.84753333,0.0,0.0,0.0,0.0,0.0,30.04869,0.0,0.0
2023-04-30 10:45:00+02:00,0.0,3.4950666666666668,7.910006440227039,4.4149398,3.4950667,3.4950667,0.0,0.0,0.0,0.0,0.0,30.04869,0.0,0.0
2023-04-30 11:00:00+02:00,0.0,1.989733333333333,6.517445032177871,4.5277117,1.9897333,1.9897333,0.0,0.0,0.0,0.0,0.0,30.04869,0.0,0.0
2023-04-30 11:15:00+02:00,0.0,1.0274666666666668,4.668434399702081,3.6409677,1.0274667,1.0274667,0.0,0.0,0.0,0.0,0.0,30.04869,0.0,0.0
2023-04-30 11:30:00+02:00,0.0,2.2655333333333334,7.936938512449842,5.6714052,2.2655333,2.2655333,0.0,0.0,0.0,0.0,0.0,30.04869,0.0,0.0
2023-04-30 11:45:00+02:00,0.0,1.5717333333333334,8.904229989998573,7.3324967,1.5717333,1.5717333,0.0,0.0,0.0,0.0,0.0,30.04869,0.0,0.0
2023-04-30 12:00:00+02:00,0.0,0.9792666666666666,7.417771169478646,6.4385045,0.97926667,0.97926667,0.0,0.0,0.0,0.0,0.0,30.04869,0.0,0.0
2023-04-30 12:15:00+02:00,0.0,0.698,8.5385880172057,7.840588,0.698,0.698,0.0,0.0,0.0,0.0,0.0,30.04869,0.0,0.0
2023-04-30 12:30:00+02:00,0.0,0.5008666666666667,8.119949767019007,7.6190831,0.50086667,0.50086667,0.0,0.0,0.0,0.0,0.0,30.04869,0.0,0.0
2023-04-30 12:45:00+02:00,0.0,1.7068666666666663,7.900453792339333,6.1935871,1.7068667,1.7068667,0.0,0.0,0.0,0.0,0.0,30.04869,0.0,0.0
2023-04-30 13:00:00+02:00,0.0,1.7937333333333334,8.128494544388765,6.3347612,1.7937333,1.7937333,0.0,0.0,0.0,0.0,0.0,30.04869,0.0,0.0
2023-04-30 13:15:00+02:00,0.0,0.1856666666666666,8.132031448290922,7.9463648,0.18566667,0.18566667,0.0,0.0,0.0,0.0,0.0,30.04869,0.0,0.0
2023-04-30 13:30:00+02:00,0.0,0.2177333333333333,8.212656729090671,7.9949234,0.21773333,0.21773333,0.0,0.0,0.0,0.0,0.0,30.04869,0.0,0.0
2023-04-30 13:45:00+02:00,0.0,0.1680666666666666,7.665013451210099,7.4969468,0.16806667,0.16806667,0.0,0.0,0.0,0.0,0.0,30.04869,0.0,0.0
2023-04-30 14:00:00+02:00,0.0,0.1514,7.772859339728581,7.6214593,0.1514,0.1514,0.0,0.0,0.0,0.0,0.0,30.04869,0.0,0.0
2023-04-30 14:15:00+02:00,0.0,0.1472666666666666,7.574360854570924,7.4270942,0.14726667,0.14726667,0.0,0.0,0.0,0.0,0.0,30.04869,0.0,0.0
2023-04-30 14:30:00+02:00,0.0,0.2327333333333333,6.823850722773948,2.9971991,3.8266516,0.23273333,0.0,0.0,0.0,0.0,3.5939183,30.04869,3.5939183,0.0
2023-04-30 14:45:00+02:00,0.0,0.2202666666666666,6.941341466496925,1.7210748,5.2202667,0.22026667,0.85355559,0.0,0.0,0.0,5.0,30.04869,5.0,0.0
2023-04-30 15:00:00+02:00,0.0,0.2193333333333333,6.475426407965025,1.2560931,5.2193333,0.21933333,2.0410556,0.0,0.0,0.0,5.0,30.04869,5.0,0.0
2023-04-30 15:15:00+02:00,0.0,0.138,5.8253027359680205,0.68730274,5.138,0.138,3.2285556,0.0,0.0,0.0,5.0,30.04869,5.0,0.0
2023-04-30 15:30:00+02:00,0.0,0.1514,4.003738274738976,0.0,4.0037383,0.1514,4.4160556,0.0,0.0,0.0,3.8523383,30.04869,3.8523383,0.0
2023-04-30 15:45:00+02:00,0.0,0.1206,5.124010471883226,0.0034104719,5.1206,0.1206,5.3309859,0.0,0.0,0.0,5.0,30.04869,5.0,0.0
2023-04-30 16:00:00+02:00,0.0,0.1364,4.063749567633082,0.0,4.0637496,0.0,6.5184859,4.0637496,0.0,4.0637496,0.0,30.04869,0.0,0.1364
2023-04-30 16:15:00+02:00,0.0,0.1588666666666666,3.665290492533056,0.0,3.6652905,0.0,6.4825912,3.6652905,0.0,3.6652905,0.0,30.04869,0.0,0.15886667
2023-04-30 16:30:00+02:00,0.0,0.1842666666666667,3.024836338242188,0.0,3.0248363,0.0,6.4407842,3.0248363,0.0,3.0248363,0.0,30.04869,0.0,0.18426667
2023-04-30 16:45:00+02:00,0.0,0.2396,2.293610388727094,0.0,2.2936104,0.0,6.3922929,2.2936104,0.0,2.2936104,0.0,30.04869,0.0,0.2396
2023-04-30 17:00:00+02:00,0.0,0.2112666666666666,1.4735082581322303,0.0,1.4735083,0.0,6.3292403,1.4735083,0.0,1.4735083,0.0,30.04869,0.0,0.21126667
2023-04-30 17:15:00+02:00,0.0,0.1414,0.8145867952422996,0.0,0.8145868,0.0,6.2736438,0.8145868,0.0,0.8145868,0.0,30.04869,0.0,0.1414
2023-04-30 17:30:00+02:00,0.0,0.1436,0.5027813303255332,0.0,0.50278133,0.0,6.2364333,0.50278133,0.0,0.50278133,0.0,30.04869,0.0,0.1436
2023-04-30 17:45:00+02:00,0.0,0.1646666666666666,0.5145265445292839,0.0,0.51452654,0.0,6.1986438,0.51452654,0.0,0.51452654,0.0,30.04869,0.0,0.16466667
2023-04-30 18:00:00+02:00,0.0,0.1774,0.4665988343930857,0.0,0.46659883,0.0,6.1553105,0.46659883,0.0,0.46659883,0.0,30.04869,0.0,0.1774
2023-04-30 18:15:00+02:00,0.0,0.1647333333333333,0.0257179795211532,0.0,0.02571798,0.0,6.1086263,0.02571798,0.0,0.02571798,0.0,30.04869,0.0,0.16473333
2023-04-30 18:30:00+02:00,0.0,0.0938666666666666,0.0,0.0,0.0,0.0,6.0652754,0.0,0.0,0.0,0.0,30.04869,0.0,0.093866667
2023-04-30 18:45:00+02:00,0.0,0.1588666666666666,0.0,0.0,0.0,0.0,6.0405737,0.0,0.0,0.0,0.0,30.04869,0.0,0.15886667
2023-04-30 19:00:00+02:00,0.0,0.1898666666666666,0.0,0.0,0.0,0.0,5.9987666,0.0,0.0,0.0,0.0,30.04869,0.0,0.18986667
2023-04-30 19:15:00+02:00,0.0,0.1958,0.0,0.0,0.0,0.0,5.9488017,0.0,0.0,0.0,0.0,30.04869,0.0,0.1958
2023-04-30 19:30:00+02:00,0.0,0.2402666666666666,0.0,0.0,0.0,0.0,5.8972754,0.0,0.0,0.0,0.0,30.04869,0.0,0.24026667
2023-04-30 19:45:00+02:00,0.0,0.1690666666666666,0.0,0.0,0.0,0.0,5.8340473,0.0,0.0,0.0,0.0,30.04869,0.0,0.16906667
2023-04-30 20:00:00+02:00,0.0,0.1233333333333333,0.0,0.0,0.0,0.0,5.7895561,0.0,0.0,0.0,0.0,20.6108,0.0,0.12333333
2023-04-30 20:15:00+02:00,0.0,0.152,0.0,0.0,0.0,0.0,5.7571,0.0,0.0,0.0,0.0,20.6108,0.0,0.152
2023-04-30 20:30:00+02:00,0.0,0.1399333333333333,0.0,0.0,0.0,0.0,5.7171,0.0,0.0,0.0,0.0,20.6108,0.0,0.13993333
2023-04-30 20:45:00+02:00,0.0,0.1374666666666666,0.0,0.0,0.0,0.0,5.6802754,0.0,0.0,0.0,0.0,20.6108,0.0,0.13746667
2023-04-30 21:00:00+02:00,0.0,0.1272666666666666,0.0,0.0,0.0,0.0,5.6441,0.0,0.0,0.0,0.0,20.6108,0.0,0.12726667
2023-04-30 21:15:00+02:00,0.0,0.1811333333333333,0.0,0.0,0.0,0.0,5.6106087,0.0,0.0,0.0,0.0,20.6108,0.0,0.18113333
2023-04-30 21:30:00+02:00,0.0,0.2454666666666666,0.0,0.0,0.0,0.0,5.5629421,0.0,0.0,0.0,0.0,20.6108,0.0,0.24546667
2023-04-30 21:45:00+02:00,0.0,0.212,0.0,0.0,0.0,0.0,5.4983456,0.0,0.0,0.0,0.0,20.6108,0.0,0.212
2023-04-30 22:00:00+02:00,0.0,0.1892666666666666,0.0,0.0,0.0,0.0,5.4425561,0.0,0.0,0.0,0.0,20.6108,0.0,0.18926667
2023-04-30 22:15:00+02:00,0.0,0.1459333333333333,0.0,0.0,0.0,0.0,5.3927491,0.0,0.0,0.0,0.0,20.6108,0.0,0.14593333
2023-04-30 22:30:00+02:00,0.0,0.1114666666666666,0.0,0.0,0.0,0.0,5.3543456,0.0,0.0,0.0,0.0,20.6108,0.0,0.11146667
2023-04-30 22:45:00+02:00,0.0,0.1549333333333333,0.0,0.0,0.0,0.0,5.3250122,0.0,0.0,0.0,0.0,20.6108,0.0,0.15493333
2023-04-30 23:00:00+02:00,0.0,0.1247333333333333,0.0,0.0,0.0,0.0,5.2842403,0.0,0.0,0.0,0.0,20.6108,0.0,0.12473333
2023-04-30 23:15:00+02:00,0.0,0.1299333333333333,0.0,0.0,0.0,0.0,5.2514158,0.0,0.0,0.0,0.0,20.6108,0.0,0.12993333
2023-04-30 23:30:00+02:00,0.0,0.216,0.0,0.0,0.0,0.0,5.2172228,0.0,0.0,0.0,0.0,20.6108,0.0,0.216
2023-04-30 23:45:00+02:00,0.0,0.2030666666666666,0.0,0.0,0.0,0.0,5.1603807,0.0,0.0,0.0,0.0,20.6108,0.0,0.20306667
2023-05-01 00:00:00+02:00,0.0,0.2147333333333333,0.0,0.0,0.0,0.0,5.1069421,0.0,0.0,0.0,0.0,20.6108,0.0,0.21473333
2023-05-01 00:15:00+02:00,0.0,0.2188,0.0,0.0,0.0,0.0,5.0504333,0.0,0.0,0.0,0.0,20.6108,0.0,0.2188
2023-05-01 00:30:00+02:00,0.0,0.2288,0.0,0.0,0.0,0.0,4.9928544,0.0,0.0,0.0,0.0,20.6108,0.0,0.2288
2023-05-01 00:45:00+02:00,0.0,0.1672,0.0,0.0,0.0,0.0,4.9326438,0.0,0.0,0.0,0.0,20.6108,0.0,0.1672
2023-05-01 01:00:00+02:00,0.0,0.1098,0.0,0.0,0.0,0.0,4.8886438,0.0,0.0,0.0,0.0,20.6108,0.0,0.1098
2023-05-01 01:15:00+02:00,0.0,0.1288666666666666,0.0,0.0,0.0,0.0,4.8597491,0.0,0.0,0.0,0.0,20.6108,0.0,0.12886667
2023-05-01 01:30:00+02:00,0.0,0.1584,0.0,0.0,0.0,0.0,4.8258368,0.0,0.0,0.0,0.0,20.6108,0.0,0.1584
2023-05-01 01:45:00+02:00,0.0,0.0961333333333333,0.0,0.0,0.0,0.0,4.7841526,0.0,0.0,0.0,0.0,20.6108,0.0,0.096133333
2023-05-01 02:00:00+02:00,0.0,0.1439333333333333,0.0,0.0,0.0,0.0,4.7588544,0.0,0.0,0.0,0.0,20.6108,0.0,0.14393333
2023-05-01 02:15:00+02:00,0.0,0.1946666666666666,0.0,0.0,0.0,0.0,4.7209772,0.0,0.0,0.0,0.0,20.6108,0.0,0.19466667
2023-05-01 02:30:00+02:00,0.0,0.2154,0.0,0.0,0.0,0.0,4.6697491,0.0,0.0,0.0,0.0,20.6108,0.0,0.2154
2023-05-01 02:45:00+02:00,0.0,0.189,0.0,0.0,0.0,0.0,4.6130649,0.0,0.0,0.0,0.0,20.6108,0.0,0.189
2023-05-01 03:00:00+02:00,0.0,0.1962666666666666,0.0,0.0,0.0,0.0,4.563328,0.0,0.0,0.0,0.0,20.6108,0.0,0.19626667
2023-05-01 03:15:00+02:00,0.0,0.1125999999999999,0.0,0.0,0.0,0.0,4.5116789,0.0,0.0,0.0,0.0,20.6108,0.0,0.1126
2023-05-01 03:30:00+02:00,0.0,0.1426666666666666,0.0,0.0,0.0,0.0,4.4820473,0.0,0.0,0.0,0.0,20.6108,0.0,0.14266667
2023-05-01 03:45:00+02:00,0.0,0.1263333333333333,0.0,0.0,0.0,0.0,4.4445035,0.0,0.0,0.0,0.0,20.6108,0.0,0.12633333
2023-05-01 04:00:00+02:00,0.0,0.2218666666666666,0.0,0.0,0.0,0.0,4.4112579,0.0,0.0,0.0,0.0,20.6108,0.0,0.22186667
2023-05-01 04:15:00+02:00,0.0,0.1516666666666666,0.0,0.0,0.0,0.0,4.3528719,0.0,0.0,0.0,0.0,20.6108,0.0,0.15166667
2023-05-01 04:30:00+02:00,0.0,0.1198,0.0,0.0,0.0,0.0,4.3129596,0.0,0.0,0.0,0.0,20.6108,0.0,0.1198
2023-05-01 04:45:00+02:00,0.0,0.1288,0.0,0.0,0.0,0.0,4.2814333,0.0,0.0,0.0,0.0,20.6108,0.0,0.1288
2023-05-01 05:00:00+02:00,0.0,0.1962666666666666,0.0,0.0,0.0,0.0,4.2475386,0.0,0.0,0.0,0.0,20.6108,0.0,0.19626667
2023-05-01 05:15:00+02:00,0.0,0.2110666666666666,0.0,0.0,0.0,0.0,4.1958894,0.0,0.0,0.0,0.0,20.6108,0.0,0.21106667
2023-05-01 05:30:00+02:00,0.0,0.1963333333333333,0.0,0.0,0.0,0.0,4.1403456,0.0,0.0,0.0,0.0,20.6108,0.0,0.19633333
2023-05-01 05:45:00+02:00,0.0,0.1763333333333333,0.063489905106873,0.0,0.063489905,0.0,4.0886789,0.063489905,0.0,0.063489905,0.0,20.6108,0.0,0.17633333
2023-05-01 06:00:00+02:00,0.0,0.1544666666666666,0.2759510947653514,0.0,0.27595109,0.0,4.0422754,0.34959764,0.0,0.27595109,0.0,24.19032,0.0,0.22811321
2023-05-01 06:15:00+02:00,0.0,0.155,0.5693096928640388,0.0,0.56930969,0.0,3.9822456,5.4143097,0.0,0.56930969,0.0,24.19032,0.0,5.0
2023-05-01 06:30:00+02:00,0.0,0.1921999999999999,0.94786247547694,0.0,0.94786248,0.0,2.6664561,5.7556625,0.0,0.94786248,0.0,24.19032,0.0,5.0
2023-05-01 06:45:00+02:00,0.0,0.1487333333333333,1.356103959078601,0.0,1.356104,0.0,1.3506667,6.2073706,0.0,1.356104,0.0,24.19032,0.0,5.0
2023-05-01 07:00:00+02:00,0.0,0.1325333333333333,1.81334829497009,0.0,1.8133483,0.0,0.034877193,1.8133483,0.0,1.8133483,0.0,24.19032,0.0,0.13253333
2023-05-01 07:15:00+02:00,0.0,0.156,2.2868472064084497,2.1308472,0.156,0.156,0.0,0.0,0.0,0.0,0.0,24.19032,0.0,0.0
2023-05-01 07:30:00+02:00,0.0,0.217,2.769797633396005,2.5527976,0.217,0.217,0.0,0.0,0.0,0.0,0.0,24.19032,0.0,0.0
2023-05-01 07:45:00+02:00,0.0,0.232,3.249143696918069,3.0171437,0.232,0.232,0.0,0.0,0.0,0.0,0.0,24.19032,0.0,0.0
2023-05-01 08:00:00+02:00,0.0,0.2012,3.7497102569025937,3.5485103,0.2012,0.2012,0.0,0.0,0.0,0.0,0.0,24.19032,0.0,0.0
2023-05-01 08:15:00+02:00,0.0,0.1660666666666666,4.218613645081961,4.052547,0.16606667,0.16606667,0.0,0.0,0.0,0.0,0.0,24.19032,0.0,0.0
2023-05-01 08:30:00+02:00,0.0,0.1877333333333333,4.6807988226724975,4.4930655,0.18773333,0.18773333,0.0,0.0,0.0,0.0,0.0,24.19032,0.0,0.0
2023-05-01 08:45:00+02:00,0.0,0.1590666666666666,5.157565597612095,4.9984989,0.15906667,0.15906667,0.0,0.0,0.0,0.0,0.0,24.19032,0.0,0.0
2023-05-01 09:00:00+02:00,0.0,0.1375333333333333,5.566235812531824,5.4287025,0.13753333,0.13753333,0.0,0.0,0.0,0.0,0.0,24.19032,0.0,0.0
2023-05-01 09:15:00+02:00,0.0,0.1605333333333333,6.018086188260863,5.8575529,0.16053333,0.16053333,0.0,0.0,0.0,0.0,0.0,24.19032,0.0,0.0
2023-05-01 09:30:00+02:00,0.0,0.1397333333333333,6.257992504961172,6.1182592,0.13973333,0.13973333,0.0,0.0,0.0,0.0,0.0,24.19032,0.0,0.0
2023-05-01 09:45:00+02:00,0.0,0.1925333333333333,6.478450210705329,6.2859169,0.19253333,0.19253333,0.0,0.0,0.0,0.0,0.0,24.19032,0.0,0.0
2023-05-01 10:00:00+02:00,0.0,0.2054,6.884406149882397,6.6790061,0.2054,0.2054,0.0,0.0,0.0,0.0,0.0,24.19032,0.0,0.0
2023-05-01 10:15:00+02:00,0.0,0.2477333333333333,7.167955846298381,6.9202225,0.24773333,0.24773333,0.0,0.0,0.0,0.0,0.0,24.19032,0.0,0.0
2023-05-01 10:30:00+02:00,0.0,0.1769333333333333,7.471211258092995,7.2942779,0.17693333,0.17693333,0.0,0.0,0.0,0.0,0.0,24.19032,0.0,0.0
2023-05-01 10:45:00+02:00,0.0,0.1298666666666666,7.675287093522588,7.5454204,0.12986667,0.12986667,0.0,0.0,0.0,0.0,0.0,24.19032,0.0,0.0
2023-05-01 11:00:00+02:00,0.0,0.1698666666666666,7.869391632169114,7.699525,0.16986667,0.16986667,0.0,0.0,0.0,0.0,0.0,24.19032,0.0,0.0
2023-05-01 11:15:00+02:00,0.0,0.1367333333333333,8.07928568143383,7.9425523,0.13673333,0.13673333,0.0,0.0,0.0,0.0,0.0,24.19032,0.0,0.0
2023-05-01 11:30:00+02:00,0.0,0.1749333333333333,8.209323800838602,8.0343905,0.17493333,0.17493333,0.0,0.0,0.0,0.0,0.0,24.19032,0.0,0.0
2023-05-01 11:45:00+02:00,0.0,0.1967333333333333,8.239599873716388,8.0428665,0.19673333,0.19673333,0.0,0.0,0.0,0.0,0.0,24.19032,0.0,0.0
2023-05-01 12:00:00+02:00,0.0,0.1151333333333333,8.408695354679827,8.293562,0.11513333,0.11513333,0.0,0.0,0.0,0.0,0.0,24.19032,0.0,0.0
2023-05-01 12:15:00+02:00,0.0,0.2001333333333333,8.348585753723986,8.1484524,0.20013333,0.20013333,0.0,0.0,0.0,0.0,0.0,24.19032,0.0,0.0
2023-05-01 12:30:00+02:00,0.0,0.2207333333333333,8.355892807364867,8.1351595,0.22073333,0.22073333,0.0,0.0,0.0,0.0,0.0,24.19032,0.0,0.0
2023-05-01 12:45:00+02:00,0.0,0.2291333333333333,8.196713741515172,7.9675804,0.22913333,0.22913333,0.0,0.0,0.0,0.0,0.0,24.19032,0.0,0.0
2023-05-01 13:00:00+02:00,0.0,0.1941999999999999,8.383355866828873,8.1891559,0.1942,0.1942,0.0,0.0,0.0,0.0,0.0,24.19032,0.0,0.0
2023-05-01 13:15:00+02:00,0.0,0.2236,8.350885351146792,8.1272854,0.2236,0.2236,0.0,0.0,0.0,0.0,0.0,24.19032,0.0,0.0
2023-05-01 13:30:00+02:00,0.0,0.4502666666666666,8.107808758818138,7.6575421,0.45026667,0.45026667,0.0,0.0,0.0,0.0,0.0,24.19032,0.0,0.0
2023-05-01 13:45:00+02:00,0.0,1.3796,3.611528989317686,2.231929,1.3796,1.3796,0.0,0.0,0.0,0.0,0.0,24.19032,0.0,0.0
2023-05-01 14:00:00+02:00,0.0,1.8288666666666664,7.371323235132743,1.9440781,5.4272452,1.8288667,0.0,0.0,0.0,0.0,3.5983785,24.19032,3.5983785,0.0
2023-05-01 14:15:00+02:00,0.0,0.4738666666666666,6.678517549816986,1.2046509,5.4738667,0.47386667,0.85461489,0.0,0.0,0.0,5.0,24.19032,5.0,0.0
2023-05-01 14:30:00+02:00,0.0,0.3680666666666666,6.204769019028339,0.83670235,5.3680667,0.36806667,2.0421149,0.0,0.0,0.0,5.0,24.19032,5.0,0.0
2023-05-01 14:45:00+02:00,0.0,0.5154,4.365942506010203,0.0,4.3659425,0.5154,3.2296149,0.0,0.0,0.0,3.8505425,24.19032,3.8505425,0.0
2023-05-01 15:00:00+02:00,0.0,0.3938,6.093378672903202,0.69957867,5.3938,0.3938,4.1441187,0.0,0.0,0.0,5.0,24.19032,5.0,0.0
2023-05-01 15:15:00+02:00,0.0,0.4179333333333333,6.017092591580904,0.59915926,5.4179333,0.41793333,5.3316187,0.0,0.0,0.0,5.0,24.19032,5.0,0.0
2023-05-01 15:30:00+02:00,0.0,0.3316666666666666,5.509869224106561,0.0,5.5098692,0.0,6.5191187,5.5098692,0.0,5.5098692,0.0,24.19032,0.0,0.33166667
2023-05-01 15:45:00+02:00,0.0,0.3637333333333333,4.686837932032107,0.0,4.6868379,0.0,6.431838,4.6868379,0.0,4.6868379,0.0,24.19032,0.0,0.36373333
2023-05-01 16:00:00+02:00,0.0,0.3648666666666667,4.493195681734933,0.0,4.4931957,0.0,6.3361187,4.4931957,0.0,4.4931957,0.0,24.19032,0.0,0.36486667
2023-05-01 16:15:00+02:00,0.0,0.2815333333333333,3.79137780287833,0.0,3.7913778,0.0,6.2401012,3.7913778,0.0,3.7913778,0.0,24.19032,0.0,0.28153333
2023-05-01 16:30:00+02:00,0.0,0.3274666666666666,2.994700295526121,0.0,2.9947003,0.0,6.1660135,2.9947003,0.0,2.9947003,0.0,24.19032,0.0,0.32746667
2023-05-01 16:45:00+02:00,0.0,0.2959333333333333,2.214534395461142,0.0,2.2145344,0.0,6.079838,2.2145344,0.0,2.2145344,0.0,24.19032,0.0,0.29593333
2023-05-01 17:00:00+02:00,0.0,0.3930666666666667,1.4081382212706373,0.0,1.4081382,0.0,6.0019608,1.4081382,0.0,1.4081382,0.0,24.19032,0.0,0.39306667
2023-05-01 17:15:00+02:00,0.0,0.4515333333333333,0.7706177138031436,0.0,0.77061771,0.0,5.8985222,0.77061771,0.0,0.77061771,0.0,24.19032,0.0,0.45153333
2023-05-01 17:30:00+02:00,0.0,0.7396,0.4320670864908887,0.0,0.43206709,0.0,5.7796977,0.43206709,0.0,0.43206709,0.0,24.19032,0.0,0.7396
2023-05-01 17:45:00+02:00,0.0,0.5654,0.376002485033682,0.0,0.37600249,0.0,5.5850661,0.37600249,0.0,0.37600249,0.0,24.19032,0.0,0.5654
2023-05-01 18:00:00+02:00,0.0,0.3674666666666666,0.3199655760379052,0.0,0.31996558,0.0,5.4362766,0.31996558,0.0,0.31996558,0.0,24.19032,0.0,0.36746667
2023-05-01 18:15:00+02:00,0.0,0.3562666666666667,0.2226058167171165,0.0,0.22260582,0.0,5.3395749,0.22260582,0.0,0.22260582,0.0,24.19032,0.0,0.35626667
2023-05-01 18:30:00+02:00,0.0,0.3433333333333333,0.0708508612014324,0.0,0.070850861,0.0,5.2458205,0.070850861,0.0,0.070850861,0.0,24.19032,0.0,0.34333333
2023-05-01 18:45:00+02:00,0.0,0.386,0.0,0.0,0.0,0.0,5.1554696,0.0,0.0,0.0,0.0,24.19032,0.0,0.386
2023-05-01 19:00:00+02:00,0.0,0.3977333333333333,0.0,0.0,0.0,0.0,5.0538907,0.0,0.0,0.0,0.0,24.19032,0.0,0.39773333
2023-05-01 19:15:00+02:00,0.0,0.3492666666666666,0.0,0.0,0.0,0.0,4.949224,0.0,0.0,0.0,0.0,24.19032,0.0,0.34926667
2023-05-01 19:30:00+02:00,0.0,0.3658666666666667,0.0,0.0,0.0,0.0,4.8573117,0.0,0.0,0.0,0.0,24.19032,0.0,0.36586667
2023-05-01 19:45:00+02:00,0.0,0.4029333333333333,0.0,0.0,0.0,0.0,4.761031,0.0,0.0,0.0,0.0,24.19032,0.0,0.40293333
2023-05-01 20:00:00+02:00,0.0,0.4701333333333333,0.0,0.0,0.0,0.0,4.6549959,0.0,0.0,0.0,0.0,24.19032,0.0,0.47013333
2023-05-01 20:15:00+02:00,0.0,0.3972,0.0,0.0,0.0,0.0,4.5312766,0.0,0.0,0.0,0.0,24.19032,0.0,0.3972
2023-05-01 20:30:00+02:00,0.0,0.3837333333333333,0.0,0.0,0.0,0.0,4.4267503,0.0,0.0,0.0,0.0,24.19032,0.0,0.38373333
2023-05-01 20:45:00+02:00,0.0,0.4290666666666666,0.0,0.0,0.0,0.0,4.3257679,0.0,0.0,0.0,0.0,24.19032,0.0,0.42906667
2023-05-01 21:00:00+02:00,0.0,1.0848666666666666,0.0,0.0,0.0,0.0,4.2128556,0.0,0.0,0.0,0.0,22.186359999999997,0.0,1.0848667
2023-05-01 21:15:00+02:00,0.0,3.683466666666667,0.0,0.0,0.0,0.0,3.9273643,0.0,0.0,0.0,0.0,22.186359999999997,0.0,3.6834667
2023-05-01 21:30:00+02:00,0.0,1.1431333333333331,0.0,0.0,0.0,0.0,2.958031,0.0,0.0,0.0,0.0,22.186359999999997,0.0,1.1431333
2023-05-01 21:45:00+02:00,0.0,0.8567333333333333,0.0,0.0,0.0,0.0,2.6572065,0.0,0.0,0.0,0.0,22.186359999999997,0.0,0.85673333
2023-05-01 22:00:00+02:00,0.0,0.7514666666666667,0.0,0.0,0.0,0.0,2.4317503,0.0,0.0,0.0,0.0,22.186359999999997,0.0,0.75146667
2023-05-01 22:15:00+02:00,0.0,0.3862666666666666,0.0,0.0,0.0,0.0,2.2339959,0.0,0.0,0.0,0.0,22.186359999999997,0.0,0.38626667
2023-05-01 22:30:00+02:00,0.0,0.7524,0.0,0.0,0.0,0.0,2.1323468,0.0,0.0,0.0,0.0,22.186359999999997,0.0,0.7524
2023-05-01 22:45:00+02:00,0.0,0.5859333333333333,0.0,0.0,0.0,0.0,1.9343468,0.0,0.0,0.0,0.0,22.186359999999997,0.0,0.58593333
2023-05-01 23:00:00+02:00,0.0,0.446,0.0,0.0,0.0,0.0,1.7801538,0.0,0.0,0.0,0.0,22.186359999999997,0.0,0.446
2023-05-01 23:15:00+02:00,0.0,0.3121333333333333,0.0,0.0,0.0,0.0,1.6627854,0.0,0.0,0.0,0.0,22.186359999999997,0.0,0.31213333
2023-05-01 23:30:00+02:00,0.0,0.1174,0.0,0.0,0.0,0.0,1.5806451,0.0,0.0,0.0,0.0,22.186359999999997,0.0,0.1174
2023-05-01 23:45:00+02:00,0.0,0.1084666666666666,0.0,0.0,0.0,0.0,1.5497503,0.0,0.0,0.0,0.0,22.186359999999997,0.0,0.10846667
2023-05-02 00:00:00+02:00,0.0,0.1522666666666667,0.0,0.0,0.0,0.0,1.5212065,0.0,0.0,0.0,0.0,22.186359999999997,0.0,0.15226667
2023-05-02 00:15:00+02:00,0.0,0.169,0.0,0.0,0.0,0.0,1.4811363,0.0,0.0,0.0,0.0,22.186359999999997,0.0,0.169
2023-05-02 00:30:00+02:00,0.0,0.1309333333333333,0.0,0.0,0.0,0.0,1.4366626,0.0,0.0,0.0,0.0,22.186359999999997,0.0,0.13093333
2023-05-02 00:45:00+02:00,0.0,0.1732666666666666,0.0,0.0,0.0,0.0,1.4022065,0.0,0.0,0.0,0.0,22.186359999999997,0.0,0.17326667
2023-05-02 01:00:00+02:00,0.0,0.2314,0.0,0.0,0.0,0.0,1.35661,0.0,0.0,0.0,0.0,22.186359999999997,0.0,0.2314
2023-05-02 01:15:00+02:00,0.0,0.157,0.0,0.0,0.0,0.0,1.2957152,0.0,0.0,0.0,0.0,22.186359999999997,0.0,0.157
2023-05-02 01:30:00+02:00,0.0,0.1268666666666666,0.0,0.0,0.0,0.0,1.2543994,0.0,0.0,0.0,0.0,22.186359999999997,0.0,0.12686667
2023-05-02 01:45:00+02:00,0.0,0.1531999999999999,0.0,0.0,0.0,0.0,1.2210135,0.0,0.0,0.0,0.0,22.186359999999997,0.0,0.1532
2023-05-02 02:00:00+02:00,0.0,0.1980666666666666,0.0,0.0,0.0,0.0,1.1806977,0.0,0.0,0.0,0.0,22.186359999999997,0.0,0.19806667
2023-05-02 02:15:00+02:00,0.0,0.1392,0.0,0.0,0.0,0.0,1.1285749,0.0,0.0,0.0,0.0,22.186359999999997,0.0,0.1392
2023-05-02 02:30:00+02:00,0.0,0.1128,0.0,0.0,0.0,0.0,1.0919433,0.0,0.0,0.0,0.0,22.186359999999997,0.0,0.1128
2023-05-02 02:45:00+02:00,0.0,0.2354666666666666,0.0,0.0,0.0,0.0,1.0622591,0.0,0.0,0.0,0.0,22.186359999999997,0.0,0.23546667
2023-05-02 03:00:00+02:00,0.0,0.2662666666666666,0.0,0.0,0.0,0.0,1.0002942,0.0,0.0,0.0,0.0,22.186359999999997,0.0,0.26626667
2023-05-02 03:15:00+02:00,0.0,0.3139333333333333,0.0,0.0,0.0,0.0,0.930224,0.0,0.0,0.0,0.0,22.186359999999997,0.0,0.31393333
2023-05-02 03:30:00+02:00,0.0,0.3002666666666666,0.0,0.0,0.0,0.0,0.84760996,0.0,0.0,0.0,0.0,22.186359999999997,0.0,0.30026667
2023-05-02 03:45:00+02:00,0.0,0.2382666666666666,0.0,0.0,0.0,0.0,0.76859242,0.0,0.0,0.0,0.0,22.186359999999997,0.0,0.23826667
2023-05-02 04:00:00+02:00,0.0,0.2871333333333333,0.0,0.0,0.0,0.0,0.70589067,0.0,0.0,0.0,0.0,22.186359999999997,0.0,0.28713333
2023-05-02 04:15:00+02:00,0.0,0.1752666666666666,0.0,0.0,0.0,0.0,0.63032926,0.0,0.0,0.0,0.0,22.186359999999997,0.0,0.17526667
2023-05-02 04:30:00+02:00,0.0,0.1871999999999999,0.0,0.0,0.0,0.0,0.58420646,0.0,0.0,0.0,0.0,22.186359999999997,0.0,0.1872
2023-05-02 04:45:00+02:00,0.0,0.1656,0.0,0.0,0.0,0.0,0.5349433,0.0,0.0,0.0,0.0,22.186359999999997,0.0,0.1656
2023-05-02 05:00:00+02:00,0.0,0.1470666666666666,0.0,0.0,0.0,0.0,0.49136435,0.0,0.0,0.0,0.0,22.186359999999997,0.0,0.14706667
2023-05-02 05:15:00+02:00,0.0,0.1730666666666666,0.0,0.0,0.0,0.0,0.4526626,0.0,0.0,0.0,0.0,22.186359999999997,0.0,0.17306667
2023-05-02 05:30:00+02:00,0.0,0.1428,0.0,0.0,0.0,0.0,0.40711874,0.0,0.0,0.0,0.0,22.186359999999997,0.0,0.1428
2023-05-02 05:45:00+02:00,0.0,0.241,0.0031563416477013,0.0,0.0031563416,0.0,0.36953979,0.0031563416,0.0,0.0031563416,0.0,22.186359999999997,0.0,0.241
2023-05-02 06:00:00+02:00,0.0,0.2570666666666666,0.1779395488209231,0.0,0.17793955,0.0,0.30611874,0.17793955,0.0,0.17793955,0.0,27.441399999999998,0.0,0.25706667
2023-05-02 06:15:00+02:00,0.0,0.1427333333333333,0.1332517013428569,0.0,0.1332517,0.0,0.23846961,0.1332517,0.0,0.1332517,0.0,27.441399999999998,0.0,0.14273333
2023-05-02 06:30:00+02:00,0.0,0.1771333333333333,0.2171169716414344,0.0,0.21711697,0.0,0.20090821,0.21711697,0.0,0.21711697,0.0,27.441399999999998,0.0,0.17713333
2023-05-02 06:45:00+02:00,0.0,0.186,0.3855124145733035,0.0,0.38551241,0.0,0.15429417,0.38551241,0.0,0.38551241,0.0,27.441399999999998,0.0,0.186
2023-05-02 07:00:00+02:00,0.0,0.1699333333333333,1.5574120393691748,0.0,1.557412,0.0,0.10534681,1.557412,0.0,1.557412,0.0,27.441399999999998,0.0,0.16993333
2023-05-02 07:15:00+02:00,0.0,0.1418,2.22985964149546,0.0,2.2298596,0.0,0.060627508,2.3184442,0.0,2.2298596,0.0,27.441399999999998,0.0,0.23038453
2023-05-02 07:30:00+02:00,0.0,0.1461333333333333,1.6639592202963638,1.5178259,0.14613333,0.14613333,0.0,0.0,0.0,0.0,0.0,27.441399999999998,0.0,0.0
2023-05-02 07:45:00+02:00,0.0,0.1468,2.647557996648494,2.500758,0.1468,0.1468,0.0,0.0,0.0,0.0,0.0,27.441399999999998,0.0,0.0
2023-05-02 08:00:00+02:00,0.0,0.2235333333333333,1.8649047694996488,1.6413714,0.22353333,0.22353333,0.0,0.0,0.0,0.0,0.0,27.441399999999998,0.0,0.0
2023-05-02 08:15:00+02:00,0.0,0.2542,3.424070433809621,3.1698704,0.2542,0.2542,0.0,0.0,0.0,0.0,0.0,27.441399999999998,0.0,0.0
2023-05-02 08:30:00+02:00,0.0,0.1448666666666666,4.3160994517893645,4.1712328,0.14486667,0.14486667,0.0,0.0,0.0,0.0,0.0,27.441399999999998,0.0,0.0
2023-05-02 08:45:00+02:00,0.0,0.2211999999999999,4.924016797687946,4.7028168,0.2212,0.2212,0.0,0.0,0.0,0.0,0.0,27.441399999999998,0.0,0.0
2023-05-02 09:00:00+02:00,0.0,0.141,5.208029627874458,5.0670296,0.141,0.141,0.0,0.0,0.0,0.0,0.0,27.441399999999998,0.0,0.0
2023-05-02 09:15:00+02:00,0.0,0.1475999999999999,5.542647707691732,5.3950477,0.1476,0.1476,0.0,0.0,0.0,0.0,0.0,27.441399999999998,0.0,0.0
2023-05-02 09:30:00+02:00,0.0,0.1466,5.585710416198184,5.4391104,0.1466,0.1466,0.0,0.0,0.0,0.0,0.0,27.441399999999998,0.0,0.0
2023-05-02 09:45:00+02:00,0.0,0.1416,6.535677457995103,6.3940775,0.1416,0.1416,0.0,0.0,0.0,0.0,0.0,27.441399999999998,0.0,0.0
2023-05-02 10:00:00+02:00,0.0,0.1785333333333333,5.298287715544903,5.1197544,0.17853333,0.17853333,0.0,0.0,0.0,0.0,0.0,27.441399999999998,0.0,0.0
2023-05-02 10:15:00+02:00,0.0,0.1383333333333333,4.22908616789909,4.0907528,0.13833333,0.13833333,0.0,0.0,0.0,0.0,0.0,27.441399999999998,0.0,0.0
2023-05-02 10:30:00+02:00,0.0,0.2512,5.390538808571706,5.1393388,0.2512,0.2512,0.0,0.0,0.0,0.0,0.0,27.441399999999998,0.0,0.0
2023-05-02 10:45:00+02:00,0.0,0.2339333333333333,7.05741968469588,6.8234864,0.23393333,0.23393333,0.0,0.0,0.0,0.0,0.0,27.441399999999998,0.0,0.0
2023-05-02 11:00:00+02:00,0.0,0.1189333333333333,5.3426726381851335,5.2237393,0.11893333,0.11893333,0.0,0.0,0.0,0.0,0.0,27.441399999999998,0.0,0.0
2023-05-02 11:15:00+02:00,0.0,0.1735333333333333,5.7288531795305095,5.5553198,0.17353333,0.17353333,0.0,0.0,0.0,0.0,0.0,27.441399999999998,0.0,0.0
2023-05-02 11:30:00+02:00,0.0,0.1226,5.0430320984235655,4.9204321,0.1226,0.1226,0.0,0.0,0.0,0.0,0.0,27.441399999999998,0.0,0.0
2023-05-02 11:45:00+02:00,0.0,0.1959333333333333,5.831924175335341,5.6359908,0.19593333,0.19593333,0.0,0.0,0.0,0.0,0.0,27.441399999999998,0.0,0.0
2023-05-02 12:00:00+02:00,0.0,0.2887333333333333,8.37195839861891,8.0832251,0.28873333,0.28873333,0.0,0.0,0.0,0.0,0.0,27.441399999999998,0.0,0.0
2023-05-02 12:15:00+02:00,0.0,0.3428666666666666,8.399539842169103,8.0566732,0.34286667,0.34286667,0.0,0.0,0.0,0.0,0.0,27.441399999999998,0.0,0.0
2023-05-02 12:30:00+02:00,0.0,0.4634,8.444402582806381,7.9810026,0.4634,0.4634,0.0,0.0,0.0,0.0,0.0,27.441399999999998,0.0,0.0
2023-05-02 12:45:00+02:00,0.0,0.3658,8.405156570587607,8.0393566,0.3658,0.3658,0.0,0.0,0.0,0.0,0.0,27.441399999999998,0.0,0.0
2023-05-02 13:00:00+02:00,0.0,0.4734,8.272836578159403,7.7994366,0.4734,0.4734,0.0,0.0,0.0,0.0,0.0,27.441399999999998,0.0,0.0
2023-05-02 13:15:00+02:00,0.0,0.5782666666666667,7.179147325860273,6.6008807,0.57826667,0.57826667,0.0,0.0,0.0,0.0,0.0,27.441399999999998,0.0,0.0
2023-05-02 13:30:00+02:00,0.0,1.669,6.954374638372993,5.2853746,1.669,1.669,0.0,0.0,0.0,0.0,0.0,27.441399999999998,0.0,0.0
2023-05-02 13:45:00+02:00,0.0,0.9942666666666666,6.70658128764015,5.7123146,0.99426667,0.99426667,0.0,0.0,0.0,0.0,0.0,27.441399999999998,0.0,0.0
2023-05-02 14:00:00+02:00,0.0,0.4454666666666666,7.271710022024646,6.8262434,0.44546667,0.44546667,0.0,0.0,0.0,0.0,0.0,27.441399999999998,0.0,0.0
2023-05-02 14:15:00+02:00,0.0,0.6041333333333333,2.221073031612333,1.6169397,0.60413333,0.60413333,0.0,0.0,0.0,0.0,0.0,27.441399999999998,0.0,0.0
2023-05-02 14:30:00+02:00,0.0,0.3388666666666666,2.0969512623276483,1.7580846,0.33886667,0.33886667,0.0,0.0,0.0,0.0,0.0,27.441399999999998,0.0,0.0
2023-05-02 14:45:00+02:00,0.0,0.3810666666666666,6.960081715842645,6.579015,0.38106667,0.38106667,0.0,0.0,0.0,0.0,0.0,27.441399999999998,0.0,0.0
2023-05-02 15:00:00+02:00,0.0,0.4558,6.333789181930992,5.8779892,0.4558,0.4558,0.0,0.0,0.0,0.0,0.0,27.441399999999998,0.0,0.0
2023-05-02 15:15:00+02:00,0.0,0.3715333333333334,0.8271014851659607,0.45556815,0.37153333,0.37153333,0.0,0.0,0.0,0.0,0.0,27.441399999999998,0.0,0.0
2023-05-02 15:30:00+02:00,0.0,0.3140666666666666,3.942892278920748,3.6288256,0.31406667,0.31406667,0.0,0.0,0.0,0.0,0.0,27.441399999999998,0.0,0.0
2023-05-02 15:45:00+02:00,0.0,0.2143333333333333,2.592949887535117,2.3786166,0.21433333,0.21433333,0.0,0.0,0.0,0.0,0.0,27.441399999999998,0.0,0.0
2023-05-02 16:00:00+02:00,0.0,0.2732666666666666,4.568436614709234,1.0905985,3.4778381,0.27326667,0.0,0.0,0.0,0.0,3.2045715,27.441399999999998,3.2045715,0.0
2023-05-02 16:15:00+02:00,0.0,0.3,3.811470768771623,0.0,3.8114708,0.3,0.76108572,0.0,0.0,0.0,3.5114708,27.441399999999998,3.5114708,0.0
2023-05-02 16:30:00+02:00,0.0,0.2214,3.2936989426455168,0.0,3.2936989,0.2214,1.59506,0.0,0.0,0.0,3.0722989,27.441399999999998,3.0722989,0.0
2023-05-02 16:45:00+02:00,0.0,0.253,2.5364257838915614,0.0,2.5364258,0.253,2.324731,0.0,0.0,0.0,2.2834258,27.441399999999998,2.2834258,0.0
2023-05-02 17:00:00+02:00,0.0,0.2316,1.9587024824793489,0.0,1.9587025,0.2316,2.8670447,0.0,0.0,0.0,1.7271025,27.441399999999998,1.7271025,0.0
2023-05-02 17:15:00+02:00,0.0,0.2814,1.3269747513950092,0.0,1.3269748,0.2814,3.2772315,0.0,0.0,0.0,1.0455748,27.441399999999998,1.0455748,0.0
2023-05-02 17:30:00+02:00,0.0,0.3250666666666666,0.8648681776831344,0.0,0.86486818,0.32506667,3.5255555,0.0,0.0,0.0,0.53980151,27.441399999999998,0.53980151,0.0
2023-05-02 17:45:00+02:00,0.0,0.2678,0.4808427174014683,0.0,0.48084272,0.2678,3.6537584,0.0,0.0,0.0,0.21304272,27.441399999999998,0.21304272,0.0
2023-05-02 18:00:00+02:00,0.0,0.2561333333333333,0.3882940398450191,0.0,0.38829404,0.25613333,3.704356,0.0,0.0,0.0,0.13216071,27.441399999999998,0.13216071,0.0
2023-05-02 18:15:00+02:00,0.0,0.2775333333333333,0.2191406883331028,0.0,0.21914069,0.21914069,3.7357442,0.0,0.0,0.0,0.0,27.441399999999998,0.0,0.058392645
2023-05-02 18:30:00+02:00,0.0,0.3006,0.0603596953060634,0.0,0.060359695,0.060359695,3.7203777,0.0,0.0,0.0,0.0,27.441399999999998,0.0,0.2402403
2023-05-02 18:45:00+02:00,0.0,0.1979333333333333,0.0,0.0,0.0,0.0,3.6571565,0.0,0.0,0.0,0.0,27.441399999999998,0.0,0.19793333
2023-05-02 19:00:00+02:00,0.0,0.2152666666666667,0.0,0.0,0.0,0.0,3.6050688,0.0,0.0,0.0,0.0,27.441399999999998,0.0,0.21526667
2023-05-02 19:15:00+02:00,0.0,0.2482666666666667,0.0,0.0,0.0,0.0,3.5484197,0.0,0.0,0.0,0.0,27.441399999999998,0.0,0.24826667
2023-05-02 19:30:00+02:00,0.0,0.2286666666666666,0.0,0.0,0.0,0.0,3.4830864,0.0,0.0,0.0,0.0,27.441399999999998,0.0,0.22866667
2023-05-02 19:45:00+02:00,0.0,0.3239333333333333,0.0,0.0,0.0,0.0,3.4229109,0.0,0.0,0.0,0.0,27.441399999999998,0.0,0.32393333
2023-05-02 20:00:00+02:00,0.0,0.3154666666666666,0.0,0.0,0.0,0.0,3.3376653,0.0,0.0,0.0,0.0,27.441399999999998,0.0,0.31546667
2023-05-02 20:15:00+02:00,0.0,0.2799333333333333,0.0,0.0,0.0,0.0,3.2546478,0.0,0.0,0.0,0.0,27.441399999999998,0.0,0.27993333
2023-05-02 20:30:00+02:00,0.0,0.2669333333333333,0.0,0.0,0.0,0.0,3.1809811,0.0,0.0,0.0,0.0,27.441399999999998,0.0,0.26693333
2023-05-02 20:45:00+02:00,0.0,0.2433333333333333,0.0,0.0,0.0,0.0,3.1107355,0.0,0.0,0.0,0.0,27.441399999999998,0.0,0.24333333
2023-05-02 21:00:00+02:00,0.0,0.2128666666666666,0.0,0.0,0.0,0.0,3.0467004,0.0,0.0,0.0,0.0,18.7425,0.0,0.21286667
2023-05-02 21:15:00+02:00,0.0,0.2349333333333333,0.0,0.0,0.0,0.0,2.9906829,0.0,0.0,0.0,0.0,18.7425,0.0,0.23493333
2023-05-02 21:30:00+02:00,0.0,0.3005333333333334,0.0,0.0,0.0,0.0,2.9288583,0.0,0.0,0.0,0.0,18.7425,0.0,0.30053333
2023-05-02 21:45:00+02:00,0.0,0.4166666666666667,0.0,0.0,0.0,0.0,2.8497706,0.0,0.0,0.0,0.0,18.7425,0.0,0.41666667
2023-05-02 22:00:00+02:00,0.0,0.4278,0.0,0.0,0.0,0.0,2.7401215,0.0,0.0,0.0,0.0,18.7425,0.0,0.4278
2023-05-02 22:15:00+02:00,0.0,0.5534,0.0,0.0,0.0,0.0,2.6275425,0.0,0.0,0.0,0.0,18.7425,0.0,0.5534
2023-05-02 22:30:00+02:00,0.0,0.4222666666666667,0.0,0.0,0.0,0.0,2.4819109,0.0,0.0,0.0,0.0,18.7425,0.0,0.42226667
2023-05-02 22:45:00+02:00,0.0,0.4442,0.0,0.0,0.0,0.0,2.3707881,0.0,0.0,0.0,0.0,18.7425,0.0,0.4442
2023-05-02 23:00:00+02:00,0.0,0.4349333333333333,0.0,0.0,0.0,0.0,2.2538934,0.0,0.0,0.0,0.0,18.7425,0.0,0.43493333
2023-05-02 23:15:00+02:00,0.0,0.4211999999999999,0.0,0.0,0.0,0.0,2.1394372,0.0,0.0,0.0,0.0,18.7425,0.0,0.4212
2023-05-02 23:30:00+02:00,0.0,0.4290666666666666,0.0,0.0,0.0,0.0,2.0285951,0.0,0.0,0.0,0.0,18.7425,0.0,0.42906667
2023-05-02 23:45:00+02:00,0.0,0.359,0.0,0.0,0.0,0.0,1.9156829,0.0,0.0,0.0,0.0,18.7425,0.0,0.359
2023-05-03 00:00:00+02:00,0.0,0.4869333333333333,0.0,0.0,0.0,0.0,1.8212092,0.0,0.0,0.0,0.0,18.7425,0.0,0.48693333
2023-05-03 00:15:00+02:00,0.0,0.5335333333333333,0.0,0.0,0.0,0.0,1.6930688,0.0,0.0,0.0,0.0,18.7425,0.0,0.53353333
2023-05-03 00:30:00+02:00,0.0,0.3818666666666667,0.0,0.0,0.0,0.0,1.5526653,0.0,0.0,0.0,0.0,18.7425,0.0,0.38186667
2023-05-03 00:45:00+02:00,0.0,0.5477333333333333,0.0,0.0,0.0,0.0,1.4521741,0.0,0.0,0.0,0.0,18.7425,0.0,0.54773333
2023-05-03 01:00:00+02:00,0.0,0.3781333333333333,0.0,0.0,0.0,0.0,1.3080337,0.0,0.0,0.0,0.0,18.7425,0.0,0.37813333
2023-05-03 01:15:00+02:00,0.0,0.5036,0.0,0.0,0.0,0.0,1.208525,0.0,0.0,0.0,0.0,18.7425,0.0,0.5036
2023-05-03 01:30:00+02:00,0.0,0.4218666666666666,0.0,0.0,0.0,0.0,1.0759987,0.0,0.0,0.0,0.0,18.7425,0.0,0.42186667
2023-05-03 01:45:00+02:00,0.0,0.4479333333333333,0.0,0.0,0.0,0.0,0.96498111,0.0,0.0,0.0,0.0,18.7425,0.0,0.44793333
2023-05-03 02:00:00+02:00,0.0,0.4112,0.0,0.0,0.0,0.0,0.84710392,0.0,0.0,0.0,0.0,18.7425,0.0,0.4112
2023-05-03 02:15:00+02:00,0.0,0.3051333333333333,0.0,0.0,0.0,0.0,0.73889339,0.0,0.0,0.0,0.0,18.7425,0.0,0.30513333
2023-05-03 02:30:00+02:00,0.0,0.2484,0.0,0.0,0.0,0.0,0.65859514,0.0,0.0,0.0,0.0,18.7425,0.0,0.2484
2023-05-03 02:45:00+02:00,0.0,0.1894666666666666,0.0,0.0,0.0,0.0,0.59322672,0.0,0.0,0.0,0.0,18.7425,0.0,0.18946667
2023-05-03 03:00:00+02:00,0.0,0.1650666666666666,0.0,0.0,0.0,0.0,0.54336707,0.0,0.0,0.0,0.0,18.7425,0.0,0.16506667
2023-05-03 03:15:00+02:00,0.0,0.1578,0.0,0.0,0.0,0.0,0.49992848,0.0,0.0,0.0,0.0,18.7425,0.0,0.1578
2023-05-03 03:30:00+02:00,0.0,0.1686666666666666,0.0,0.0,0.0,0.0,0.45840216,0.0,0.0,0.0,0.0,18.7425,0.0,0.16866667
2023-05-03 03:45:00+02:00,0.0,0.1972666666666666,0.0,0.0,0.0,0.0,0.4140162,0.0,0.0,0.0,0.0,18.7425,0.0,0.19726667
2023-05-03 04:00:00+02:00,0.0,0.135,0.0,0.0,0.0,0.0,0.36210392,0.0,0.0,0.0,0.0,18.7425,0.0,0.135
2023-05-03 04:15:00+02:00,0.0,0.1724,0.0,0.0,0.0,0.0,0.3265776,0.0,0.0,0.0,0.0,18.7425,0.0,0.1724
2023-05-03 04:30:00+02:00,0.0,0.1504666666666666,0.0,0.0,0.0,0.0,0.28120918,0.0,0.0,0.0,0.0,18.7425,0.0,0.15046667
2023-05-03 04:45:00+02:00,0.0,0.2103333333333333,0.0,0.0,0.0,0.0,0.24161269,0.0,0.0,0.0,0.0,18.7425,0.0,0.21033333
2023-05-03 05:00:00+02:00,0.0,0.2344666666666666,0.0,0.0,0.0,0.0,0.18626181,0.0,0.0,0.0,0.0,18.7425,0.0,0.23446667
2023-05-03 05:15:00+02:00,0.0,0.1472,0.0,0.0,0.0,0.0,0.12456006,0.0,0.0,0.0,0.0,18.7425,0.0,0.1472
2023-05-03 05:30:00+02:00,0.0,0.1602666666666666,0.0,0.0,0.0,0.0,0.085823214,0.0,0.0,0.0,0.0,18.7425,0.0,0.16026667
2023-05-03 05:45:00+02:00,0.0,0.1399333333333333,0.033143715794134,0.0,0.033143716,0.033143716,0.043647776,0.0,0.0,0.0,0.0,18.7425,0.0,0.10678962
2023-05-03 06:00:00+02:00,0.0,0.1888,0.1297280696887796,0.0,0.12972807,0.12972807,0.015545245,0.0,0.0,0.0,0.0,36.39734,0.0,0.05907193
2023-05-03 06:15:00+02:00,0.0,0.1631333333333333,0.2880684246965156,0.0,0.28806842,0.16313333,0.0,0.12493509,0.0,0.12493509,0.0,36.39734,0.0,0.0
2023-05-03 06:30:00+02:00,0.0,0.1408666666666666,0.5628549874080617,0.0,0.56285499,0.14086667,0.0,0.42198832,0.0,0.42198832,0.0,36.39734,0.0,0.0
2023-05-03 06:45:00+02:00,0.0,0.1354666666666666,1.0483497294067632,0.0,1.0483497,0.13546667,0.0,0.91288306,0.0,0.91288306,0.0,36.39734,0.0,0.0
2023-05-03 07:00:00+02:00,0.0,0.1444,1.442788235129106,1.2983882,0.1444,0.1444,0.0,0.0,0.0,0.0,0.0,36.39734,0.0,0.0
2023-05-03 07:15:00+02:00,0.0,0.2682666666666666,1.3335366919285716,0.0,1.3335367,0.26826667,0.0,1.06527,0.0,1.06527,0.0,36.39734,0.0,0.0
2023-05-03 07:30:00+02:00,0.0,0.1714,1.4199485443202795,1.2485485,0.1714,0.1714,0.0,0.0,0.0,0.0,0.0,36.39734,0.0,0.0
2023-05-03 07:45:00+02:00,0.0,0.1323333333333333,2.715932219459752,0.0,2.7159322,0.13233333,0.0,2.5835989,0.0,2.5835989,0.0,36.39734,0.0,0.0
2023-05-03 08:00:00+02:00,0.0,0.2363333333333333,3.3240013748137267,0.0,3.3240014,0.23633333,0.0,3.087668,0.0,3.087668,0.0,36.39734,0.0,0.0
2023-05-03 08:15:00+02:00,0.0,0.1606666666666666,4.019595943654423,0.0,4.0195959,0.16066667,0.0,3.8589293,0.0,3.8589293,0.0,36.39734,0.0,0.0
2023-05-03 08:30:00+02:00,0.0,0.1433333333333333,4.530420240402488,0.0,4.5304202,0.14333333,0.0,4.3870869,0.0,4.3870869,0.0,36.39734,0.0,0.0
2023-05-03 08:45:00+02:00,0.0,0.1297333333333333,3.358823906516747,3.2290906,0.12973333,0.12973333,0.0,0.0,0.0,0.0,0.0,36.39734,0.0,0.0
2023-05-03 09:00:00+02:00,0.0,0.1186,4.57939204449141,4.460792,0.1186,0.1186,0.0,0.0,0.0,0.0,0.0,36.39734,0.0,0.0
2023-05-03 09:15:00+02:00,0.0,0.1914666666666666,5.7229380059438215,0.0,5.722938,0.19146667,0.0,5.5314713,0.0,5.5314713,0.0,36.39734,0.0,0.0
2023-05-03 09:30:00+02:00,0.0,0.1812666666666667,6.246290698281914,0.0,6.2462907,0.18126667,0.0,6.065024,0.0,6.065024,0.0,36.39734,0.0,0.0
2023-05-03 09:45:00+02:00,0.0,0.2404,6.526612495501634,6.2862125,0.2404,0.2404,0.0,0.0,0.0,0.0,0.0,36.39734,0.0,0.0
2023-05-03 10:00:00+02:00,0.0,0.1692666666666666,7.03307814810676,0.0,7.0330781,0.16926667,0.0,6.8638115,0.0,6.8638115,0.0,36.39734,0.0,0.0
2023-05-03 10:15:00+02:00,0.0,0.2234666666666666,7.309906281117176,2.3916589,4.9182474,0.22346667,0.0,4.6947807,0.0,4.6947807,0.0,36.39734,0.0,0.0
2023-05-03 10:30:00+02:00,0.0,0.1097333333333333,7.6121505069335695,7.5024172,0.10973333,0.10973333,0.0,0.0,0.0,0.0,0.0,36.39734,0.0,0.0
2023-05-03 10:45:00+02:00,0.0,0.1644666666666666,7.947259359735401,7.7827927,0.16446667,0.16446667,0.0,0.0,0.0,0.0,0.0,36.39734,0.0,0.0
2023-05-03 11:00:00+02:00,0.0,0.1291999999999999,8.188318420939257,8.0591184,0.1292,0.1292,0.0,0.0,0.0,0.0,0.0,36.39734,0.0,0.0
2023-05-03 11:15:00+02:00,0.0,0.157,8.279488785538964,8.1224888,0.157,0.157,0.0,0.0,0.0,0.0,0.0,36.39734,0.0,0.0
2023-05-03 11:30:00+02:00,0.0,0.1430666666666666,8.345169681254644,0.0,8.3451697,0.14306667,0.0,8.202103,0.0,8.202103,0.0,36.39734,0.0,0.0
2023-05-03 11:45:00+02:00,0.0,0.1719333333333333,8.407407229928088,8.2354739,0.17193333,0.17193333,0.0,0.0,0.0,0.0,0.0,36.39734,0.0,0.0
2023-05-03 12:00:00+02:00,0.0,0.3476,7.224266339831697,6.8766663,0.3476,0.3476,0.0,0.0,0.0,0.0,0.0,36.39734,0.0,0.0
2023-05-03 12:15:00+02:00,0.0,0.3862,5.528999939927523,0.0,5.5289999,0.3862,0.0,5.1427999,0.0,5.1427999,0.0,36.39734,0.0,0.0
2023-05-03 12:30:00+02:00,0.0,0.2621333333333333,4.801273269779287,0.0,4.8012733,0.26213333,0.0,4.5391399,0.0,4.5391399,0.0,36.39734,0.0,0.0
2023-05-03 12:45:00+02:00,0.0,0.1507333333333333,9.031598336851111,0.0,9.0315983,0.15073333,0.0,8.880865,0.0,8.880865,0.0,36.39734,0.0,0.0
2023-05-03 13:00:00+02:00,0.0,0.1482666666666666,6.818761648246606,2.2408031,4.5779586,0.14826667,0.0,0.0,0.0,0.0,4.4296919,36.39734,4.4296919,0.0
2023-05-03 13:15:00+02:00,0.0,0.1420666666666666,2.824745186963363,0.0,2.8247452,0.14206667,1.0520518,0.0,0.0,0.0,2.6826785,36.39734,2.6826785,0.0
2023-05-03 13:30:00+02:00,0.0,0.1278666666666666,2.273834792952649,0.0,2.2738348,0.12786667,1.689188,0.0,0.0,0.0,2.1459681,36.39734,2.1459681,0.0
2023-05-03 13:45:00+02:00,0.0,0.2135999999999999,4.4912735300782,0.0,4.4912735,0.2136,2.1988554,0.0,0.0,0.0,4.2776735,36.39734,4.2776735,0.0
2023-05-03 14:00:00+02:00,0.0,0.1478,4.590009197850208,0.0,4.5900092,0.1478,3.2148029,0.0,0.0,0.0,4.4422092,36.39734,4.4422092,0.0
2023-05-03 14:15:00+02:00,0.0,0.1671333333333333,2.53235509299041,0.0,2.5323551,0.16713333,4.2698276,0.0,0.0,0.0,2.3652218,36.39734,2.3652218,0.0
2023-05-03 14:30:00+02:00,0.0,0.1528666666666666,1.54850941243439,0.0,1.5485094,0.15286667,4.8315677,0.0,0.0,0.0,1.3956427,36.39734,1.3956427,0.0
2023-05-03 14:45:00+02:00,0.0,0.2282666666666666,1.0795858140526706,0.0,1.0795858,0.22826667,5.1630329,0.0,0.0,0.0,0.85131915,36.39734,0.85131915,0.0
2023-05-03 15:00:00+02:00,0.0,0.2219333333333333,0.5216635477745644,0.0,0.52166355,0.22193333,5.3652212,0.0,0.0,0.0,0.29973021,36.39734,0.29973021,0.0
2023-05-03 15:15:00+02:00,0.0,0.1222666666666666,0.5887176657967066,0.0,0.58871767,0.12226667,5.4364071,0.0,0.0,0.0,0.466451,36.39734,0.466451,0.0
2023-05-03 15:30:00+02:00,0.0,0.2278666666666666,0.8156679048696415,0.0,0.8156679,0.22786667,5.5471892,0.0,0.0,0.0,0.58780124,36.39734,0.58780124,0.0
2023-05-03 15:45:00+02:00,0.0,0.3478666666666666,0.772692330340914,0.0,0.77269233,0.34786667,5.686792,0.0,0.0,0.0,0.42482566,36.39734,0.42482566,0.0
2023-05-03 16:00:00+02:00,0.0,0.3961333333333333,0.3865235201955289,0.0,0.38652352,0.38652352,5.7876881,0.0,0.0,0.0,0.0,36.39734,0.0,0.0096098131
2023-05-03 16:15:00+02:00,0.0,0.7327333333333333,0.2520048026410136,0.0,0.2520048,0.2520048,5.7851592,0.0,0.0,0.0,0.0,36.39734,0.0,0.48072853
2023-05-03 16:30:00+02:00,0.0,0.5822666666666666,0.3079518433386788,0.0,0.30795184,0.30795184,5.6586517,0.0,0.0,0.0,0.0,36.39734,0.0,0.27431482
2023-05-03 16:45:00+02:00,0.0,0.6557999999999999,1.2263302604964847,0.0,1.2263303,0.6558,5.5864636,0.0,0.0,0.0,0.57053026,36.39734,0.57053026,0.0
2023-05-03 17:00:00+02:00,0.0,0.6556666666666666,0.8188050591744106,0.0,0.81880506,0.65566667,5.7219645,0.0,0.0,0.0,0.16313839,36.39734,0.16313839,0.0
2023-05-03 17:15:00+02:00,0.0,1.227666666666667,0.3399400196892732,0.0,0.33994002,0.33994002,5.7607099,0.0,0.0,0.0,0.0,36.39734,0.0,0.88772665
2023-05-03 17:30:00+02:00,0.0,1.3721333333333334,0.4697084905145335,0.0,0.46970849,0.46970849,5.5270976,0.0,0.0,0.0,0.0,36.39734,0.0,0.90242484
2023-05-03 17:45:00+02:00,0.0,0.9259333333333332,0.4608475936589111,0.0,0.46084759,0.46084759,5.2896174,0.0,0.0,0.0,0.0,36.39734,0.0,0.46508574
2023-05-03 18:00:00+02:00,0.0,0.5522,0.4004404537959841,0.0,0.40044045,0.40044045,5.1672264,0.0,0.0,0.0,0.0,36.39734,0.0,0.15175955
2023-05-03 18:15:00+02:00,0.0,0.4573333333333333,0.1863762835504432,0.0,0.18637628,0.18637628,5.1272897,0.0,0.0,0.0,0.0,36.39734,0.0,0.27095705
2023-05-03 18:30:00+02:00,0.0,0.5523333333333333,0.0943231016663408,0.0,0.094323102,0.094323102,5.0559852,0.0,0.0,0.0,0.0,36.39734,0.0,0.45801023
2023-05-03 18:45:00+02:00,0.0,0.6642,0.0,0.0,0.0,0.0,4.9354562,0.0,0.0,0.0,0.0,36.39734,0.0,0.6642
2023-05-03 19:00:00+02:00,0.0,0.5746666666666667,0.0,0.0,0.0,0.0,4.7606667,0.0,0.0,0.0,0.0,36.39734,0.0,0.57466667
2023-05-03 19:15:00+02:00,0.0,0.5393333333333333,0.0,0.0,0.0,0.0,4.6094386,0.0,0.0,0.0,0.0,36.39734,0.0,0.53933333
2023-05-03 19:30:00+02:00,0.0,0.5792666666666666,0.0,0.0,0.0,0.0,4.4675088,0.0,0.0,0.0,0.0,36.39734,0.0,0.57926667
2023-05-03 19:45:00+02:00,0.0,0.4692,0.0,0.0,0.0,0.0,4.3150702,0.0,0.0,0.0,0.0,36.39734,0.0,0.4692
2023-05-03 20:00:00+02:00,0.0,0.5471333333333334,0.0,0.0,0.0,0.0,4.1915965,0.0,0.0,0.0,0.0,36.39734,0.0,0.54713333
2023-05-03 20:15:00+02:00,0.0,0.4455333333333333,0.0,0.0,0.0,0.0,4.0476141,0.0,0.0,0.0,0.0,36.39734,0.0,0.44553333
2023-05-03 20:30:00+02:00,0.0,0.4271999999999999,0.0,0.0,0.0,0.0,3.9303685,0.0,0.0,0.0,0.0,36.39734,0.0,0.4272
2023-05-03 20:45:00+02:00,0.0,0.4452,0.0,0.0,0.0,0.0,3.8179474,0.0,0.0,0.0,0.0,36.39734,0.0,0.4452
2023-05-03 21:00:00+02:00,0.0,0.4254666666666666,0.0,0.0,0.0,0.0,3.7007895,0.0,0.0,0.0,0.0,23.602459999999997,0.0,0.42546667
2023-05-03 21:15:00+02:00,0.0,0.4604,0.0,0.0,0.0,0.0,3.5888246,0.0,0.0,0.0,0.0,23.602459999999997,0.0,0.4604
2023-05-03 21:30:00+02:00,0.0,0.4590666666666667,0.0,0.0,0.0,0.0,3.4676667,0.0,0.0,0.0,0.0,23.602459999999997,0.0,0.45906667
2023-05-03 21:45:00+02:00,0.0,0.6467999999999999,0.0,0.0,0.0,0.0,3.3468597,0.0,0.0,0.0,0.0,23.602459999999997,0.0,0.6468
2023-05-03 22:00:00+02:00,0.0,0.5351333333333333,0.0,0.0,0.0,0.0,3.1766492,0.0,0.0,0.0,0.0,23.602459999999997,0.0,0.53513333
2023-05-03 22:15:00+02:00,0.0,0.4568,0.0,0.0,0.0,0.0,3.0358246,0.0,0.0,0.0,0.0,23.602459999999997,0.0,0.4568
2023-05-03 22:30:00+02:00,0.0,0.4616666666666666,0.0,0.0,0.0,0.0,2.9156141,0.0,0.0,0.0,0.0,23.602459999999997,0.0,0.46166667
2023-05-03 22:45:00+02:00,0.0,0.3630666666666666,0.0,0.0,0.0,0.0,2.7941229,0.0,0.0,0.0,0.0,23.602459999999997,0.0,0.36306667
2023-05-03 23:00:00+02:00,0.0,0.4820666666666666,0.0,0.0,0.0,0.0,2.698579,0.0,0.0,0.0,0.0,23.602459999999997,0.0,0.48206667
2023-05-03 23:15:00+02:00,0.0,0.4760666666666666,0.0,0.0,0.0,0.0,2.5717193,0.0,0.0,0.0,0.0,23.602459999999997,0.0,0.47606667
2023-05-03 23:30:00+02:00,0.0,0.4517333333333334,0.0,0.0,0.0,0.0,2.4464386,0.0,0.0,0.0,0.0,23.602459999999997,0.0,0.45173333
2023-05-03 23:45:00+02:00,0.0,0.3997333333333333,0.0,0.0,0.0,0.0,2.3275615,0.0,0.0,0.0,0.0,23.602459999999997,0.0,0.39973333
2023-05-04 00:00:00+02:00,0.0,0.2122,0.0,0.0,0.0,0.0,2.2223685,0.0,0.0,0.0,0.0,23.602459999999997,0.0,0.2122
2023-05-04 00:15:00+02:00,0.0,0.3091333333333333,0.0,0.0,0.0,0.0,2.1665264,0.0,0.0,0.0,0.0,23.602459999999997,0.0,0.30913333
2023-05-04 00:30:00+02:00,0.0,0.2914,0.0,0.0,0.0,0.0,2.0851755,0.0,0.0,0.0,0.0,23.602459999999997,0.0,0.2914
2023-05-04 00:45:00+02:00,0.0,0.2523333333333333,0.0,0.0,0.0,0.0,2.0084913,0.0,0.0,0.0,0.0,23.602459999999997,0.0,0.25233333
2023-05-04 01:00:00+02:00,0.0,0.2568666666666667,0.0,0.0,0.0,0.0,1.9420878,0.0,0.0,0.0,0.0,23.602459999999997,0.0,0.25686667
2023-05-04 01:15:00+02:00,0.0,0.2461333333333333,0.0,0.0,0.0,0.0,1.8744913,0.0,0.0,0.0,0.0,23.602459999999997,0.0,0.24613333
2023-05-04 01:30:00+02:00,0.0,0.2502666666666667,0.0,0.0,0.0,0.0,1.8097193,0.0,0.0,0.0,0.0,23.602459999999997,0.0,0.25026667
2023-05-04 01:45:00+02:00,0.0,0.2184666666666666,0.0,0.0,0.0,0.0,1.7438597,0.0,0.0,0.0,0.0,23.602459999999997,0.0,0.21846667
2023-05-04 02:00:00+02:00,0.0,0.2386666666666666,0.0,0.0,0.0,0.0,1.6863685,0.0,0.0,0.0,0.0,23.602459999999997,0.0,0.23866667
2023-05-04 02:15:00+02:00,0.0,0.2281333333333333,0.0,0.0,0.0,0.0,1.6235615,0.0,0.0,0.0,0.0,23.602459999999997,0.0,0.22813333
2023-05-04 02:30:00+02:00,0.0,0.2697333333333333,0.0,0.0,0.0,0.0,1.5635264,0.0,0.0,0.0,0.0,23.602459999999997,0.0,0.26973333
2023-05-04 02:45:00+02:00,0.0,0.3447333333333333,0.0,0.0,0.0,0.0,1.4925439,0.0,0.0,0.0,0.0,23.602459999999997,0.0,0.34473333
2023-05-04 03:00:00+02:00,0.0,0.3236,0.0,0.0,0.0,0.0,1.4018246,0.0,0.0,0.0,0.0,23.602459999999997,0.0,0.3236
2023-05-04 03:15:00+02:00,0.0,0.3071333333333333,0.0,0.0,0.0,0.0,1.3166667,0.0,0.0,0.0,0.0,23.602459999999997,0.0,0.30713333
2023-05-04 03:30:00+02:00,0.0,0.2332,0.0,0.0,0.0,0.0,1.2358422,0.0,0.0,0.0,0.0,23.602459999999997,0.0,0.2332
2023-05-04 03:45:00+02:00,0.0,0.2698,0.0,0.0,0.0,0.0,1.1744737,0.0,0.0,0.0,0.0,23.602459999999997,0.0,0.2698
2023-05-04 04:00:00+02:00,0.0,0.2746,0.0,0.0,0.0,0.0,1.1034737,0.0,0.0,0.0,0.0,23.602459999999997,0.0,0.2746
2023-05-04 04:15:00+02:00,0.0,0.2147333333333333,0.0,0.0,0.0,0.0,1.0312106,0.0,0.0,0.0,0.0,23.602459999999997,0.0,0.21473333
2023-05-04 04:30:00+02:00,0.0,0.2572666666666666,0.0,0.0,0.0,0.0,0.9747018,0.0,0.0,0.0,0.0,23.602459999999997,0.0,0.25726667
2023-05-04 04:45:00+02:00,0.0,0.2428,0.0,0.0,0.0,0.0,0.90700005,0.0,0.0,0.0,0.0,23.602459999999997,0.0,0.2428
2023-05-04 05:00:00+02:00,0.0,0.3335333333333333,0.0,0.0,0.0,0.0,0.84310531,0.0,0.0,0.0,0.0,23.602459999999997,0.0,0.33353333
2023-05-04 05:15:00+02:00,0.0,0.3479333333333333,0.0,0.0,0.0,0.0,0.75533338,0.0,0.0,0.0,0.0,23.602459999999997,0.0,0.34793333
2023-05-04 05:30:00+02:00,0.0,0.2731333333333333,0.0,0.0,0.0,0.0,0.66377198,0.0,0.0,0.0,0.0,23.602459999999997,0.0,0.27313333
2023-05-04 05:45:00+02:00,0.0,0.2677333333333333,0.053099826095352,0.0,0.053099826,0.053099826,0.59189478,0.0,0.0,0.0,0.0,23.602459999999997,0.0,0.21463351
2023-05-04 06:00:00+02:00,0.0,0.2084666666666666,0.0726459975974189,0.0,0.072645998,0.072645998,0.53541228,0.0,0.0,0.0,0.0,26.24069,0.0,0.13582067
2023-05-04 06:15:00+02:00,0.0,0.2973333333333333,0.2637355678165257,0.0,0.26373557,0.26373557,0.49967,0.0,0.0,0.0,0.0,26.24069,0.0,0.033597766
2023-05-04 06:30:00+02:00,0.0,0.24,0.386234540989585,0.0,0.38623454,0.24,0.49082848,0.0,0.0,0.0,0.14623454,26.24069,0.14623454,0.0
2023-05-04 06:45:00+02:00,0.0,0.2554666666666667,0.4657182708296931,0.0,0.46571827,0.25546667,0.52555919,0.0,0.0,0.0,0.2102516,26.24069,0.2102516,0.0
2023-05-04 07:00:00+02:00,0.0,0.288,0.5670885241352058,0.0,0.56708852,0.288,0.57549394,0.0,0.0,0.0,0.27908852,26.24069,0.27908852,0.0
2023-05-04 07:15:00+02:00,0.0,0.2450666666666666,0.6560056277962218,0.0,0.65600563,0.24506667,0.64177747,0.0,0.0,0.0,0.41093896,26.24069,0.41093896,0.0
2023-05-04 07:30:00+02:00,0.0,0.2575333333333333,0.7012717633699154,0.0,0.70127176,0.25753333,0.73937547,0.0,0.0,0.0,0.44373843,26.24069,0.44373843,0.0
2023-05-04 07:45:00+02:00,0.0,1.2613333333333332,0.7099046638940871,0.0,0.70990466,0.70990466,0.84476335,0.0,0.0,0.0,0.0,26.24069,0.0,0.55142867
2023-05-04 08:00:00+02:00,0.0,1.7654666666666667,0.9508147224644512,0.0,0.95081472,0.95081472,0.69965054,0.0,0.0,0.0,0.0,26.24069,0.0,0.81465194
2023-05-04 08:15:00+02:00,0.0,2.0259333333333336,0.6815013241408129,0.0,0.68150132,0.68150132,0.48526845,0.0,0.0,0.0,0.0,26.24069,0.0,1.344432
2023-05-04 08:30:00+02:00,0.0,1.6618666666666666,1.1622785686719324,0.0,1.1622786,1.1622786,0.13147055,0.0,0.0,0.0,0.0,26.24069,0.0,0.4995881
2023-05-04 08:45:00+02:00,0.0,0.3733999999999999,2.3385037431142663,1.9651037,0.3734,0.3734,0.0,0.0,0.0,0.0,0.0,26.24069,0.0,0.0
2023-05-04 09:00:00+02:00,0.0,0.2795333333333333,1.4044527230498776,1.1249194,0.27953333,0.27953333,0.0,0.0,0.0,0.0,0.0,26.24069,0.0,0.0
2023-05-04 09:15:00+02:00,0.0,0.9262666666666668,2.1257304117343008,0.85967572,1.2660547,0.92626667,0.0,0.0,0.0,0.0,0.33978803,26.24069,0.33978803,0.0
2023-05-04 09:30:00+02:00,0.0,1.7588666666666666,1.4522079709630895,0.0,1.452208,1.452208,0.080699657,0.0,0.0,0.0,0.0,26.24069,0.0,0.3066587
2023-05-04 09:45:00+02:00,0.0,0.7724,3.64774120260933,2.8753412,0.7724,0.7724,0.0,0.0,0.0,0.0,0.0,26.24069,0.0,0.0
2023-05-04 10:00:00+02:00,0.0,0.5108,3.675080654109892,3.1642807,0.5108,0.5108,0.0,0.0,0.0,0.0,0.0,26.24069,0.0,0.0
2023-05-04 10:15:00+02:00,0.0,0.3532666666666667,1.3776977226796494,1.0244311,0.35326667,0.35326667,0.0,0.0,0.0,0.0,0.0,26.24069,0.0,0.0
2023-05-04 10:30:00+02:00,0.0,0.5054,3.321407140292352,2.8160071,0.5054,0.5054,0.0,0.0,0.0,0.0,0.0,26.24069,0.0,0.0
2023-05-04 10:45:00+02:00,0.0,1.0562,2.982716423887633,0.57301635,2.4097001,1.0562,0.0,0.0,0.0,0.0,1.3535001,26.24069,1.3535001,0.0
2023-05-04 11:00:00+02:00,0.0,1.6358,1.7829518470003174,0.0,1.7829518,1.6358,0.32145627,0.0,0.0,0.0,0.14715185,26.24069,0.14715185,0.0
2023-05-04 11:15:00+02:00,0.0,2.6766666666666663,1.8595779223334925,0.0,1.8595779,1.8595779,0.35640483,0.0,0.0,0.0,0.0,26.24069,0.0,0.81708874
2023-05-04 11:30:00+02:00,0.0,2.702933333333333,2.1656837226626884,0.0,2.1656837,2.1656837,0.14138148,0.0,0.0,0.0,0.0,26.24069,0.0,0.53724961
2023-05-04 11:45:00+02:00,0.0,0.9018,1.436824471905247,0.53502447,0.9018,0.9018,0.0,0.0,0.0,0.0,0.0,26.24069,0.0,0.0
2023-05-04 12:00:00+02:00,0.0,0.6886666666666666,1.478472755253756,0.78980609,0.68866667,0.68866667,0.0,0.0,0.0,0.0,0.0,26.24069,0.0,0.0
2023-05-04 12:15:00+02:00,0.0,0.2643999999999999,2.8919748281919504,2.6275748,0.2644,0.2644,0.0,0.0,0.0,0.0,0.0,26.24069,0.0,0.0
2023-05-04 12:30:00+02:00,0.0,0.3611333333333333,2.8094566595063344,2.4483233,0.36113333,0.36113333,0.0,0.0,0.0,0.0,0.0,26.24069,0.0,0.0
2023-05-04 12:45:00+02:00,0.0,0.2833333333333333,5.52813603518699,5.2448027,0.28333333,0.28333333,0.0,0.0,0.0,0.0,0.0,26.24069,0.0,0.0
2023-05-04 13:00:00+02:00,0.0,0.3136666666666667,2.527166189570414,2.2134995,0.31366667,0.31366667,0.0,0.0,0.0,0.0,0.0,26.24069,0.0,0.0
2023-05-04 13:15:00+02:00,0.0,0.2299333333333333,4.700648735784876,3.4183635,1.2822852,0.22993333,0.0,0.0,0.0,0.0,1.0523519,26.24069,1.0523519,0.0
2023-05-04 13:30:00+02:00,0.0,0.3133999999999999,4.269584905909236,0.0,4.2695849,0.3134,0.24993357,0.0,0.0,0.0,3.9561849,26.24069,3.9561849,0.0
2023-05-04 13:45:00+02:00,0.0,0.3656666666666667,4.3043399570278025,0.0,4.30434,0.36566667,1.1895275,0.0,0.0,0.0,3.9386733,26.24069,3.9386733,0.0
2023-05-04 14:00:00+02:00,0.0,0.9392666666666668,1.9254193575281169,0.0,1.9254194,0.93926667,2.1249624,0.0,0.0,0.0,0.98615269,26.24069,0.98615269,0.0
2023-05-04 14:15:00+02:00,0.0,0.3301333333333333,3.134004337341315,0.0,3.1340043,0.33013333,2.3591737,0.0,0.0,0.0,2.803871,26.24069,2.803871,0.0
2023-05-04 14:30:00+02:00,0.0,0.3867333333333334,3.081967078872377,0.0,3.0819671,0.38673333,3.025093,0.0,0.0,0.0,2.6952337,26.24069,2.6952337,0.0
2023-05-04 14:45:00+02:00,0.0,0.3592666666666667,3.082842622306128,0.0,3.0828426,0.35926667,3.665211,0.0,0.0,0.0,2.723576,26.24069,2.723576,0.0
2023-05-04 15:00:00+02:00,0.0,0.5114,2.874119562083872,0.0,2.8741196,0.5114,4.3120603,0.0,0.0,0.0,2.3627196,26.24069,2.3627196,0.0
2023-05-04 15:15:00+02:00,0.0,0.4040666666666667,1.736145390684513,0.0,1.7361454,0.40406667,4.8732062,1.3320787,0.0,1.3320787,0.0,26.24069,0.0,0.0
2023-05-04 15:30:00+02:00,0.0,0.3761333333333333,2.439038584111166,0.0,2.4390386,0.37613333,4.8732062,2.0629053,0.0,2.0629053,0.0,26.24069,0.0,0.0
2023-05-04 15:45:00+02:00,0.0,0.4192666666666667,1.9823894310848569,0.0,1.9823894,0.41926667,4.8732062,1.5631228,0.0,1.5631228,0.0,26.24069,0.0,0.0
2023-05-04 16:00:00+02:00,0.0,0.3515333333333333,2.838991312326635,0.0,2.8389913,0.35153333,4.8732062,2.487458,0.0,2.487458,0.0,26.24069,0.0,0.0
2023-05-04 16:15:00+02:00,0.0,0.4154,2.93180723368311,0.0,2.9318072,0.4154,4.8732062,2.5164072,0.0,2.5164072,0.0,26.24069,0.0,0.0
2023-05-04 16:30:00+02:00,0.0,0.3733333333333333,3.3056115220615525,0.0,3.3056115,0.37333333,4.8732062,2.9322782,0.0,2.9322782,0.0,26.24069,0.0,0.0
2023-05-04 16:45:00+02:00,0.0,0.4022,2.0135722804866982,0.0,2.0135723,0.4022,4.8732062,1.6113723,0.0,1.6113723,0.0,26.24069,0.0,0.0
2023-05-04 17:00:00+02:00,0.0,0.4933999999999999,1.5265185779480168,0.0,1.5265186,0.4934,4.8732062,1.0331186,0.0,1.0331186,0.0,26.24069,0.0,0.0
2023-05-04 17:15:00+02:00,0.0,0.353,1.2150860679208575,0.0,1.2150861,0.353,4.8732062,0.86208607,0.0,0.86208607,0.0,26.24069,0.0,0.0
2023-05-04 17:30:00+02:00,0.0,0.4520666666666666,0.8525254533416877,0.0,0.85252545,0.45206667,4.8732062,0.1984633,0.0,0.1984633,0.20199549,26.24069,0.20199549,0.0
2023-05-04 17:45:00+02:00,0.0,0.4757333333333333,0.4708451126612228,0.0,0.47084511,0.47084511,4.9211801,0.0,0.0,0.0,0.0,26.24069,0.0,0.0048882207
2023-05-04 18:00:00+02:00,0.0,0.3532666666666667,0.4354060043306179,0.0,0.435406,0.35326667,4.9198938,0.0,0.0,0.0,0.082139338,26.24069,0.082139338,0.0
2023-05-04 18:15:00+02:00,0.0,0.3874666666666666,0.2242445872457828,0.0,0.22424459,0.22424459,4.9394019,0.0,0.0,0.0,0.0,26.24069,0.0,0.16322208
2023-05-04 18:30:00+02:00,0.0,0.5494,0.108157138544191,0.0,0.10815714,0.10815714,4.8964487,0.0,0.0,0.0,0.0,26.24069,0.0,0.44124286
2023-05-04 18:45:00+02:00,0.0,0.4449333333333333,0.0,0.0,0.0,0.0,4.7803321,0.0,0.0,0.0,0.0,26.24069,0.0,0.44493333
2023-05-04 19:00:00+02:00,0.0,0.3532666666666667,0.0,0.0,0.0,0.0,4.6632444,0.0,0.0,0.0,0.0,26.24069,0.0,0.35326667
2023-05-04 19:15:00+02:00,0.0,0.3868666666666667,0.0,0.0,0.0,0.0,4.5702795,0.0,0.0,0.0,0.0,26.24069,0.0,0.38686667
2023-05-04 19:30:00+02:00,0.0,0.379,0.0,0.0,0.0,0.0,4.4684725,0.0,0.0,0.0,0.0,26.24069,0.0,0.379
2023-05-04 19:45:00+02:00,0.0,0.3133333333333333,0.0,0.0,0.0,0.0,4.3687357,0.0,0.0,0.0,0.0,26.24069,0.0,0.31333333
2023-05-04 20:00:00+02:00,0.0,1.6796666666666666,0.0,0.0,0.0,0.0,4.2862795,0.0,0.0,0.0,0.0,26.24069,0.0,1.6796667
2023-05-04 20:15:00+02:00,0.0,0.7772666666666667,0.0,0.0,0.0,0.0,3.844262,0.0,0.0,0.0,0.0,26.24069,0.0,0.77726667
2023-05-04 20:30:00+02:00,0.0,0.6798,0.0,0.0,0.0,0.0,3.6397181,0.0,0.0,0.0,0.0,26.24069,0.0,0.6798
2023-05-04 20:45:00+02:00,0.0,0.6196,0.0,0.0,0.0,0.0,3.4608234,0.0,0.0,0.0,0.0,26.24069,0.0,0.6196
2023-05-04 21:00:00+02:00,0.0,0.9639333333333332,0.0,0.0,0.0,0.0,3.2977707,0.0,0.0,0.0,0.0,27.48781,0.0,0.96393333
2023-05-04 21:15:00+02:00,0.0,0.5022,0.0,0.0,0.0,0.0,3.0441041,0.0,0.0,0.0,0.0,27.48781,0.0,0.5022
2023-05-04 21:30:00+02:00,0.0,0.5001333333333333,0.0,0.0,0.0,0.0,2.9119462,0.0,0.0,0.0,0.0,27.48781,0.0,0.50013333
2023-05-04 21:45:00+02:00,0.0,0.5315333333333333,0.0,0.0,0.0,0.0,2.7803321,0.0,0.0,0.0,0.0,27.48781,0.0,0.53153333
2023-05-04 22:00:00+02:00,0.0,0.4872666666666666,0.0,0.0,0.0,0.0,2.640455,0.0,0.0,0.0,0.0,27.48781,0.0,0.48726667
2023-05-04 22:15:00+02:00,0.0,0.6132000000000001,0.0,0.0,0.0,0.0,2.5122269,0.0,0.0,0.0,0.0,27.48781,0.0,0.6132
2023-05-04 22:30:00+02:00,0.0,0.8149333333333333,0.0,0.0,0.0,0.0,2.3508585,0.0,0.0,0.0,0.0,27.48781,0.0,0.81493333
2023-05-04 22:45:00+02:00,0.0,0.7585333333333333,0.0,0.0,0.0,0.0,2.1364023,0.0,0.0,0.0,0.0,27.48781,0.0,0.75853333
2023-05-04 23:00:00+02:00,0.0,0.9284,0.0,0.0,0.0,0.0,1.9367883,0.0,0.0,0.0,0.0,27.48781,0.0,0.9284
2023-05-04 23:15:00+02:00,0.0,1.674,0.0,0.0,0.0,0.0,1.6924725,0.0,0.0,0.0,0.0,27.48781,0.0,1.674
2023-05-04 23:30:00+02:00,0.0,0.4679333333333333,0.0,0.0,0.0,0.0,1.2519462,0.0,0.0,0.0,0.0,27.48781,0.0,0.46793333
2023-05-04 23:45:00+02:00,0.0,0.2205333333333333,0.0,0.0,0.0,0.0,1.1288058,0.0,0.0,0.0,0.0,27.48781,0.0,0.22053333
2023-05-05 00:00:00+02:00,0.0,0.1984666666666666,0.0,0.0,0.0,0.0,1.0707707,0.0,0.0,0.0,0.0,27.48781,0.0,0.19846667
2023-05-05 00:15:00+02:00,0.0,0.2246666666666666,0.0,0.0,0.0,0.0,1.0185427,0.0,0.0,0.0,0.0,27.48781,0.0,0.22466667
2023-05-05 00:30:00+02:00,0.0,0.2773333333333333,0.0,0.0,0.0,0.0,0.95941986,0.0,0.0,0.0,0.0,27.48781,0.0,0.27733333
2023-05-05 00:45:00+02:00,0.0,0.2892666666666666,0.0,0.0,0.0,0.0,0.88643741,0.0,0.0,0.0,0.0,27.48781,0.0,0.28926667
2023-05-05 01:00:00+02:00,0.0,0.2082,0.0,0.0,0.0,0.0,0.8103146,0.0,0.0,0.0,0.0,27.48781,0.0,0.2082
2023-05-05 01:15:00+02:00,0.0,0.1136666666666666,0.0,0.0,0.0,0.0,0.75552513,0.0,0.0,0.0,0.0,27.48781,0.0,0.11366667
2023-05-05 01:30:00+02:00,0.0,0.1531333333333333,0.0,0.0,0.0,0.0,0.72561285,0.0,0.0,0.0,0.0,27.48781,0.0,0.15313333
2023-05-05 01:45:00+02:00,0.0,0.1200666666666666,0.0,0.0,0.0,0.0,0.6853146,0.0,0.0,0.0,0.0,27.48781,0.0,0.12006667
2023-05-05 02:00:00+02:00,0.0,0.1274,0.0,0.0,0.0,0.0,0.65371811,0.0,0.0,0.0,0.0,27.48781,0.0,0.1274
2023-05-05 02:15:00+02:00,0.0,0.175,0.0,0.0,0.0,0.0,0.62019179,0.0,0.0,0.0,0.0,27.48781,0.0,0.175
2023-05-05 02:30:00+02:00,0.0,0.1592666666666666,0.0,0.0,0.0,0.0,0.57413916,0.0,0.0,0.0,0.0,27.48781,0.0,0.15926667
2023-05-05 02:45:00+02:00,0.0,0.1687333333333333,0.0,0.0,0.0,0.0,0.53222688,0.0,0.0,0.0,0.0,27.48781,0.0,0.16873333
2023-05-05 03:00:00+02:00,0.0,0.2119333333333333,0.0,0.0,0.0,0.0,0.48782337,0.0,0.0,0.0,0.0,27.48781,0.0,0.21193333
2023-05-05 03:15:00+02:00,0.0,0.2263333333333333,0.0,0.0,0.0,0.0,0.43205144,0.0,0.0,0.0,0.0,27.48781,0.0,0.22633333
2023-05-05 03:30:00+02:00,0.0,0.1492666666666667,0.0,0.0,0.0,0.0,0.37249004,0.0,0.0,0.0,0.0,27.48781,0.0,0.14926667
2023-05-05 03:45:00+02:00,0.0,0.1091333333333333,0.0,0.0,0.0,0.0,0.33320934,0.0,0.0,0.0,0.0,27.48781,0.0,0.10913333
2023-05-05 04:00:00+02:00,0.0,0.1668666666666666,0.0,0.0,0.0,0.0,0.30449004,0.0,0.0,0.0,0.0,27.48781,0.0,0.16686667
2023-05-05 04:15:00+02:00,0.0,0.1446,0.0,0.0,0.0,0.0,0.26057776,0.0,0.0,0.0,0.0,27.48781,0.0,0.1446
2023-05-05 04:30:00+02:00,0.0,0.1805999999999999,0.0,0.0,0.0,0.0,0.22252513,0.0,0.0,0.0,0.0,27.48781,0.0,0.1806
2023-05-05 04:45:00+02:00,0.0,0.1243333333333333,0.0,0.0,0.0,0.0,0.17499881,0.0,0.0,0.0,0.0,27.48781,0.0,0.12433333
2023-05-05 05:00:00+02:00,0.0,0.1238666666666666,0.0,0.0,0.0,0.0,0.14227951,0.0,0.0,0.0,0.0,27.48781,0.0,0.12386667
2023-05-05 05:15:00+02:00,0.0,0.2188,0.0,0.0,0.0,0.0,0.10968302,0.0,0.0,0.0,0.0,27.48781,0.0,0.2188
2023-05-05 05:30:00+02:00,0.0,0.2144,0.0225748389433851,0.0,0.022574839,0.022574839,0.052104073,0.0,0.0,0.0,0.0,27.48781,0.0,0.19182516
2023-05-05 05:45:00+02:00,0.0,0.2102,0.2040296818711439,0.0,0.20402968,0.20402968,0.0016237679,0.0,0.0,0.0,0.0,27.48781,0.0,0.0061703181
2023-05-05 06:00:00+02:00,0.0,0.2839333333333333,0.4639872020000688,0.0,0.4639872,0.28393333,0.0,0.18005387,0.0,0.18005387,0.0,28.713509999999996,0.0,0.0
2023-05-05 06:15:00+02:00,0.0,0.2796666666666667,0.7137034842615158,0.0,0.71370348,0.27966667,0.0,0.31269883,0.0,0.31269883,0.12133799,28.713509999999996,0.12133799,0.0
2023-05-05 06:30:00+02:00,0.0,0.2492666666666667,0.4606614744912248,0.0,0.46066147,0.24926667,0.028817772,0.0,0.0,0.0,0.21139481,28.713509999999996,0.21139481,0.0
2023-05-05 06:45:00+02:00,0.0,0.2082,0.4854407259069082,0.0,0.48544073,0.2082,0.079024039,0.0,0.0,0.0,0.27724073,28.713509999999996,0.27724073,0.0
2023-05-05 07:00:00+02:00,0.0,0.3709333333333333,0.4774013953094306,0.0,0.4774014,0.37093333,0.14486871,0.0,0.0,0.0,0.10646806,28.713509999999996,0.10646806,0.0
2023-05-05 07:15:00+02:00,0.0,0.9602,0.4991765787320004,0.0,0.49917658,0.49917658,0.17015488,0.0,0.0,0.0,0.0,28.713509999999996,0.0,0.46102342
2023-05-05 07:30:00+02:00,0.0,0.8090666666666667,0.6235015595507025,0.0,0.62350156,0.62350156,0.048832923,0.0,0.0,0.0,0.0,28.713509999999996,0.0,0.18556511
2023-05-05 07:45:00+02:00,0.0,0.442,0.9101819350054822,0.0,0.91018194,0.442,0.0,0.46818194,0.0,0.46818194,0.0,28.713509999999996,0.0,0.0
2023-05-05 08:00:00+02:00,0.0,0.2829333333333333,1.3573243459883708,0.0,1.3573243,0.28293333,0.0,1.074391,0.0,1.074391,0.0,28.713509999999996,0.0,0.0
2023-05-05 08:15:00+02:00,0.0,0.3021999999999999,1.988004002399916,1.685804,0.3022,0.3022,0.0,0.0,0.0,0.0,0.0,28.713509999999996,0.0,0.0
2023-05-05 08:30:00+02:00,0.0,0.1894666666666666,1.986681928709706,1.7972153,0.18946667,0.18946667,0.0,0.0,0.0,0.0,0.0,28.713509999999996,0.0,0.0
2023-05-05 08:45:00+02:00,0.0,0.2236,2.072634440589647,1.8490344,0.2236,0.2236,0.0,0.0,0.0,0.0,0.0,28.713509999999996,0.0,0.0
2023-05-05 09:00:00+02:00,0.0,0.368,1.6328928852803966,1.2648929,0.368,0.368,0.0,0.0,0.0,0.0,0.0,28.713509999999996,0.0,0.0
2023-05-05 09:15:00+02:00,0.0,1.0306,1.620386224162769,0.58978622,1.0306,1.0306,0.0,0.0,0.0,0.0,0.0,28.713509999999996,0.0,0.0
2023-05-05 09:30:00+02:00,0.0,0.2576666666666667,3.535790401926078,3.2781237,0.25766667,0.25766667,0.0,0.0,0.0,0.0,0.0,28.713509999999996,0.0,0.0
2023-05-05 09:45:00+02:00,0.0,0.3716,4.849045634607689,4.4774456,0.3716,0.3716,0.0,0.0,0.0,0.0,0.0,28.713509999999996,0.0,0.0
2023-05-05 10:00:00+02:00,0.0,0.5195333333333333,7.571457196166452,7.0519239,0.51953333,0.51953333,0.0,0.0,0.0,0.0,0.0,28.713509999999996,0.0,0.0
2023-05-05 10:15:00+02:00,0.0,0.6519333333333333,7.775977953230615,7.1240446,0.65193333,0.65193333,0.0,0.0,0.0,0.0,0.0,28.713509999999996,0.0,0.0
2023-05-05 10:30:00+02:00,0.0,1.9189333333333327,8.022690186810555,6.1037569,1.9189333,1.9189333,0.0,0.0,0.0,0.0,0.0,28.713509999999996,0.0,0.0
2023-05-05 10:45:00+02:00,0.0,0.8622666666666666,8.238088172893544,7.3758215,0.86226667,0.86226667,0.0,0.0,0.0,0.0,0.0,28.713509999999996,0.0,0.0
2023-05-05 11:00:00+02:00,0.0,0.6532,8.506881316815438,7.8536813,0.6532,0.6532,0.0,0.0,0.0,0.0,0.0,28.713509999999996,0.0,0.0
2023-05-05 11:15:00+02:00,0.0,0.2268666666666666,8.736781802670318,8.5099151,0.22686667,0.22686667,0.0,0.0,0.0,0.0,0.0,28.713509999999996,0.0,0.0
2023-05-05 11:30:00+02:00,0.0,0.2324666666666666,8.742764109096806,8.5102974,0.23246667,0.23246667,0.0,0.0,0.0,0.0,0.0,28.713509999999996,0.0,0.0
2023-05-05 11:45:00+02:00,0.0,0.7356666666666666,8.892048039357936,8.1563814,0.73566667,0.73566667,0.0,0.0,0.0,0.0,0.0,28.713509999999996,0.0,0.0
2023-05-05 12:00:00+02:00,0.0,1.604666666666667,9.006411302228019,7.4017446,1.6046667,1.6046667,0.0,0.0,0.0,0.0,0.0,28.713509999999996,0.0,0.0
2023-05-05 12:15:00+02:00,0.0,0.6497999999999999,9.032730549777574,8.3829305,0.6498,0.6498,0.0,0.0,0.0,0.0,0.0,28.713509999999996,0.0,0.0
2023-05-05 12:30:00+02:00,0.0,0.3190666666666666,9.069755334289512,8.7506887,0.31906667,0.31906667,0.0,0.0,0.0,0.0,0.0,28.713509999999996,0.0,0.0
2023-05-05 12:45:00+02:00,0.0,0.2738,8.948484242175606,8.6746842,0.2738,0.2738,0.0,0.0,0.0,0.0,0.0,28.713509999999996,0.0,0.0
2023-05-05 13:00:00+02:00,0.0,0.238,9.093388858999877,8.8553889,0.238,0.238,0.0,0.0,0.0,0.0,0.0,28.713509999999996,0.0,0.0
2023-05-05 13:15:00+02:00,0.0,0.2554666666666667,8.961294541741172,8.7058279,0.25546667,0.25546667,0.0,0.0,0.0,0.0,0.0,28.713509999999996,0.0,0.0
2023-05-05 13:30:00+02:00,0.0,0.2618,7.633543536528002,7.3717435,0.2618,0.2618,0.0,0.0,0.0,0.0,0.0,28.713509999999996,0.0,0.0
2023-05-05 13:45:00+02:00,0.0,0.2785333333333333,6.340948932413639,6.0624156,0.27853333,0.27853333,0.0,0.0,0.0,0.0,0.0,28.713509999999996,0.0,0.0
2023-05-05 14:00:00+02:00,0.0,0.2834666666666666,7.067419525129834,6.7839529,0.28346667,0.28346667,0.0,0.0,0.0,0.0,0.0,28.713509999999996,0.0,0.0
2023-05-05 14:15:00+02:00,0.0,0.14,5.71127556982939,5.5712756,0.14,0.14,0.0,0.0,0.0,0.0,0.0,28.713509999999996,0.0,0.0
2023-05-05 14:30:00+02:00,0.0,0.2210666666666666,8.017669627096794,7.796603,0.22106667,0.22106667,0.0,0.0,0.0,0.0,0.0,28.713509999999996,0.0,0.0
2023-05-05 14:45:00+02:00,0.0,0.1941999999999999,4.912203129507621,4.7180031,0.1942,0.1942,0.0,0.0,0.0,0.0,0.0,28.713509999999996,0.0,0.0
2023-05-05 15:00:00+02:00,0.0,0.2052,6.363834357052505,3.9289324,2.4349019,0.2052,0.0,0.0,0.0,0.0,2.2297019,28.713509999999996,2.2297019,0.0
2023-05-05 15:15:00+02:00,0.0,0.3322666666666666,6.580756643949874,1.24849,5.3322667,0.33226667,0.52955421,0.0,0.0,0.0,5.0,28.713509999999996,5.0,0.0
2023-05-05 15:30:00+02:00,0.0,0.3508666666666666,4.780434779712713,0.0,4.7804348,0.35086667,1.7170542,0.0,0.0,0.0,4.4295681,28.713509999999996,4.4295681,0.0
2023-05-05 15:45:00+02:00,0.0,0.3550666666666666,3.98875407004059,0.0,3.9887541,0.35506667,2.7690766,0.0,0.0,0.0,3.6336874,28.713509999999996,3.6336874,0.0
2023-05-05 16:00:00+02:00,0.0,0.2832,3.118163606218335,0.0,3.1181636,0.2832,3.6320774,0.0,0.0,0.0,2.8349636,28.713509999999996,2.8349636,0.0
2023-05-05 16:15:00+02:00,0.0,0.3671333333333333,4.827887172664052,0.0,4.8278872,0.0,4.3053813,4.8278872,0.0,4.8278872,0.0,28.713509999999996,0.0,0.36713333
2023-05-05 16:30:00+02:00,0.0,0.3789333333333333,3.3971513157698907,0.0,3.3971513,0.0,4.2087672,3.3971513,0.0,3.3971513,0.0,28.713509999999996,0.0,0.37893333
2023-05-05 16:45:00+02:00,0.0,0.3931333333333333,2.4754568882291723,0.0,2.4754569,0.0,4.1090479,2.4754569,0.0,2.4754569,0.0,28.713509999999996,0.0,0.39313333
2023-05-05 17:00:00+02:00,0.0,0.6196666666666666,1.5247514208335633,0.0,1.5247514,0.0,4.0055918,1.5247514,0.0,1.5247514,0.0,28.713509999999996,0.0,0.61966667
2023-05-05 17:15:00+02:00,0.0,0.5784666666666667,1.56475243879314,0.0,1.5647524,0.57846667,3.8425216,0.98628577,0.0,0.98628577,0.0,28.713509999999996,0.0,0.0
2023-05-05 17:30:00+02:00,0.0,0.5274666666666668,1.0467038858386422,0.0,1.0467039,0.52746667,3.8425216,0.51923722,0.0,0.51923722,0.0,28.713509999999996,0.0,0.0
2023-05-05 17:45:00+02:00,0.0,0.4658,1.0973067837239283,0.0,1.0973068,0.4658,3.8425216,0.63150678,0.0,0.63150678,0.0,28.713509999999996,0.0,0.0
2023-05-05 18:00:00+02:00,0.0,0.4708666666666666,0.5510447694121297,0.0,0.55104477,0.47086667,3.8425216,0.080178103,0.0,0.080178103,0.0,28.713509999999996,0.0,0.0
2023-05-05 18:15:00+02:00,0.0,0.4005333333333333,0.3869862553639149,0.0,0.38698626,0.38698626,3.8425216,0.0,0.0,0.0,0.0,28.713509999999996,0.0,0.013547078
2023-05-05 18:30:00+02:00,0.0,0.2513333333333333,0.0639760614794759,0.0,0.063976061,0.063976061,3.8389566,0.0,0.0,0.0,0.0,28.713509999999996,0.0,0.18735727
2023-05-05 18:45:00+02:00,0.0,0.2731333333333333,0.0,0.0,0.0,0.0,3.789652,0.0,0.0,0.0,0.0,28.713509999999996,0.0,0.27313333
2023-05-05 19:00:00+02:00,0.0,0.2130666666666666,0.0,0.0,0.0,0.0,3.7177748,0.0,0.0,0.0,0.0,28.713509999999996,0.0,0.21306667
2023-05-05 19:15:00+02:00,0.0,0.2616,0.0,0.0,0.0,0.0,3.6617047,0.0,0.0,0.0,0.0,28.713509999999996,0.0,0.2616
2023-05-05 19:30:00+02:00,0.0,2.098,0.0,0.0,0.0,0.0,3.5928626,0.0,0.0,0.0,0.0,28.713509999999996,0.0,2.098
2023-05-05 19:45:00+02:00,0.0,1.1454000000000002,0.0,0.0,0.0,0.0,3.0407573,0.0,0.0,0.0,0.0,28.713509999999996,0.0,1.1454
2023-05-05 20:00:00+02:00,0.0,0.5662666666666667,0.0,0.0,0.0,0.0,2.7393362,0.0,0.0,0.0,0.0,28.713509999999996,0.0,0.56626667
2023-05-05 20:15:00+02:00,0.0,0.3014,0.0,0.0,0.0,0.0,2.5903187,0.0,0.0,0.0,0.0,28.713509999999996,0.0,0.3014
2023-05-05 20:30:00+02:00,0.0,0.2538,0.0,0.0,0.0,0.0,2.5110029,0.0,0.0,0.0,0.0,28.713509999999996,0.0,0.2538
2023-05-05 20:45:00+02:00,0.0,0.2655333333333333,0.0,0.0,0.0,0.0,2.4442134,0.0,0.0,0.0,0.0,28.713509999999996,0.0,0.26553333
2023-05-05 21:00:00+02:00,0.0,0.1972666666666666,0.0,0.0,0.0,0.0,2.3743362,0.0,0.0,0.0,0.0,23.314479999999996,0.0,0.19726667
2023-05-05 21:15:00+02:00,0.0,0.2580666666666666,0.0,0.0,0.0,0.0,2.322424,0.0,0.0,0.0,0.0,23.314479999999996,0.0,0.25806667
2023-05-05 21:30:00+02:00,0.0,0.2600666666666666,0.0,0.0,0.0,0.0,2.2545117,0.0,0.0,0.0,0.0,23.314479999999996,0.0,0.26006667
2023-05-05 21:45:00+02:00,0.0,0.3146666666666667,0.0,0.0,0.0,0.0,2.1860731,0.0,0.0,0.0,0.0,23.314479999999996,0.0,0.31466667
2023-05-05 22:00:00+02:00,0.0,0.3176666666666667,0.0,0.0,0.0,0.0,2.1032661,0.0,0.0,0.0,0.0,23.314479999999996,0.0,0.31766667
2023-05-05 22:15:00+02:00,0.0,0.2550666666666666,0.0,0.0,0.0,0.0,2.0196696,0.0,0.0,0.0,0.0,23.314479999999996,0.0,0.25506667
2023-05-05 22:30:00+02:00,0.0,0.2401333333333333,0.0,0.0,0.0,0.0,1.9525468,0.0,0.0,0.0,0.0,23.314479999999996,0.0,0.24013333
2023-05-05 22:45:00+02:00,0.0,0.1989333333333333,0.0,0.0,0.0,0.0,1.8893538,0.0,0.0,0.0,0.0,23.314479999999996,0.0,0.19893333
2023-05-05 23:00:00+02:00,0.0,0.2396666666666666,0.0,0.0,0.0,0.0,1.8370029,0.0,0.0,0.0,0.0,23.314479999999996,0.0,0.23966667
2023-05-05 23:15:00+02:00,0.0,0.2116666666666666,0.0,0.0,0.0,0.0,1.7739327,0.0,0.0,0.0,0.0,23.314479999999996,0.0,0.21166667
2023-05-05 23:30:00+02:00,0.0,0.2201999999999999,0.0,0.0,0.0,0.0,1.718231,0.0,0.0,0.0,0.0,23.314479999999996,0.0,0.2202
2023-05-05 23:45:00+02:00,0.0,0.3156666666666667,0.0,0.0,0.0,0.0,1.6602836,0.0,0.0,0.0,0.0,23.314479999999996,0.0,0.31566667
2023-05-06 00:00:00+02:00,0.0,0.2069333333333333,0.0,0.0,0.0,0.0,1.5772134,0.0,0.0,0.0,0.0,23.314479999999996,0.0,0.20693333
2023-05-06 00:15:00+02:00,0.0,0.3044,0.0,0.0,0.0,0.0,1.5227573,0.0,0.0,0.0,0.0,23.314479999999996,0.0,0.3044
2023-05-06 00:30:00+02:00,0.0,0.3725333333333334,0.0,0.0,0.0,0.0,1.442652,0.0,0.0,0.0,0.0,23.314479999999996,0.0,0.37253333
2023-05-06 00:45:00+02:00,0.0,0.3230666666666666,0.0,0.0,0.0,0.0,1.3446169,0.0,0.0,0.0,0.0,23.314479999999996,0.0,0.32306667
2023-05-06 01:00:00+02:00,0.0,0.2603999999999999,0.0,0.0,0.0,0.0,1.2595994,0.0,0.0,0.0,0.0,23.314479999999996,0.0,0.2604
2023-05-06 01:15:00+02:00,0.0,0.4402,0.0,0.0,0.0,0.0,1.1910731,0.0,0.0,0.0,0.0,23.314479999999996,0.0,0.4402
2023-05-06 01:30:00+02:00,0.0,0.3279333333333333,0.0,0.0,0.0,0.0,1.075231,0.0,0.0,0.0,0.0,23.314479999999996,0.0,0.32793333
2023-05-06 01:45:00+02:00,0.0,0.2805333333333333,0.0,0.0,0.0,0.0,0.98893274,0.0,0.0,0.0,0.0,23.314479999999996,0.0,0.28053333
2023-05-06 02:00:00+02:00,0.0,0.3061999999999999,0.0,0.0,0.0,0.0,0.91510818,0.0,0.0,0.0,0.0,23.314479999999996,0.0,0.3062
2023-05-06 02:15:00+02:00,0.0,0.2861333333333333,0.0,0.0,0.0,0.0,0.83452923,0.0,0.0,0.0,0.0,23.314479999999996,0.0,0.28613333
2023-05-06 02:30:00+02:00,0.0,0.2396666666666666,0.0,0.0,0.0,0.0,0.75923098,0.0,0.0,0.0,0.0,23.314479999999996,0.0,0.23966667
2023-05-06 02:45:00+02:00,0.0,0.2762,0.0,0.0,0.0,0.0,0.69616081,0.0,0.0,0.0,0.0,23.314479999999996,0.0,0.2762
2023-05-06 03:00:00+02:00,0.0,0.318,0.0,0.0,0.0,0.0,0.6234766,0.0,0.0,0.0,0.0,23.314479999999996,0.0,0.318
2023-05-06 03:15:00+02:00,0.0,0.3078,0.0,0.0,0.0,0.0,0.53979239,0.0,0.0,0.0,0.0,23.314479999999996,0.0,0.3078
2023-05-06 03:30:00+02:00,0.0,0.2100666666666666,0.0,0.0,0.0,0.0,0.45879239,0.0,0.0,0.0,0.0,23.314479999999996,0.0,0.21006667
2023-05-06 03:45:00+02:00,0.0,0.1773333333333333,0.0,0.0,0.0,0.0,0.40351169,0.0,0.0,0.0,0.0,23.314479999999996,0.0,0.17733333
2023-05-06 04:00:00+02:00,0.0,0.1882666666666667,0.0,0.0,0.0,0.0,0.35684502,0.0,0.0,0.0,0.0,23.314479999999996,0.0,0.18826667
2023-05-06 04:15:00+02:00,0.0,0.1678666666666666,0.0,0.0,0.0,0.0,0.30730116,0.0,0.0,0.0,0.0,23.314479999999996,0.0,0.16786667
2023-05-06 04:30:00+02:00,0.0,0.181,0.0,0.0,0.0,0.0,0.26312572,0.0,0.0,0.0,0.0,23.314479999999996,0.0,0.181
2023-05-06 04:45:00+02:00,0.0,0.1359333333333333,0.0,0.0,0.0,0.0,0.21549414,0.0,0.0,0.0,0.0,23.314479999999996,0.0,0.13593333
2023-05-06 05:00:00+02:00,0.0,0.1637333333333333,0.0,0.0,0.0,0.0,0.17972221,0.0,0.0,0.0,0.0,23.314479999999996,0.0,0.16373333
2023-05-06 05:15:00+02:00,0.0,0.1459333333333333,0.0,0.0,0.0,0.0,0.13663449,0.0,0.0,0.0,0.0,23.314479999999996,0.0,0.14593333
2023-05-06 05:30:00+02:00,0.0,0.3320666666666667,0.0351942084704513,0.0,0.035194208,0.035194208,0.098230984,0.0,0.0,0.0,0.0,23.314479999999996,0.0,0.29687246
2023-05-06 05:45:00+02:00,0.0,0.2836,0.2071947180729883,0.0,0.20719472,0.20719472,0.020106653,0.0,0.0,0.0,0.0,23.314479999999996,0.0,0.076405282
2023-05-06 06:00:00+02:00,0.0,0.2458666666666666,0.4804552092583342,0.0,0.48045521,0.24586667,0.0,0.23458854,0.0,0.23458854,0.0,37.89436,0.0,0.0
2023-05-06 06:15:00+02:00,0.0,0.2985333333333334,0.8266482964166738,0.0,0.8266483,0.29853333,0.0,0.52811496,0.0,0.52811496,0.0,37.89436,0.0,0.0
2023-05-06 06:30:00+02:00,0.0,0.2239333333333333,1.2466289407178135,0.0,1.2466289,0.22393333,0.0,1.0226956,0.0,1.0226956,0.0,37.89436,0.0,0.0
2023-05-06 06:45:00+02:00,0.0,1.4408,1.6963360418236186,0.0,1.696336,1.4408,0.0,0.25553604,0.0,0.25553604,0.0,37.89436,0.0,0.0
2023-05-06 07:00:00+02:00,0.0,0.4642,2.1755334218735416,0.0,2.1755334,0.4642,0.0,1.7113334,0.0,1.7113334,0.0,37.89436,0.0,0.0
2023-05-06 07:15:00+02:00,0.0,0.2346,2.654528061692245,0.0,2.6545281,0.2346,0.0,2.4199281,0.0,2.4199281,0.0,37.89436,0.0,0.0
2023-05-06 07:30:00+02:00,0.0,0.2612,3.145020829963598,0.0,3.1450208,0.2612,0.0,2.8838208,0.0,2.8838208,0.0,37.89436,0.0,0.0
2023-05-06 07:45:00+02:00,0.0,0.2352666666666666,3.665547830511996,0.0,3.6655478,0.23526667,0.0,3.4302812,0.0,3.4302812,0.0,37.89436,0.0,0.0
2023-05-06 08:00:00+02:00,0.0,0.3366666666666666,4.154170702925568,0.0,4.1541707,0.33666667,0.0,3.817504,0.0,3.817504,0.0,37.89436,0.0,0.0
2023-05-06 08:15:00+02:00,0.0,0.3223333333333333,4.6381514515332265,0.0,4.6381515,0.32233333,0.0,4.3158181,0.0,4.3158181,0.0,37.89436,0.0,0.0
2023-05-06 08:30:00+02:00,0.0,0.2298,5.132839335517854,4.9030393,0.2298,0.2298,0.0,0.0,0.0,0.0,0.0,37.89436,0.0,0.0
2023-05-06 08:45:00+02:00,0.0,0.7822,5.569004814398192,4.5889892,0.98001558,0.7822,0.0,0.0,0.0,0.0,0.19781558,37.89436,0.19781558,0.0
2023-05-06 09:00:00+02:00,0.0,6.204333333333333,6.025804770352601,0.0,6.0258048,6.0258048,0.046981201,0.0,0.0,0.0,0.0,37.89436,0.0,0.17852856
2023-05-06 09:15:00+02:00,0.0,0.9796666666666666,6.429533294075812,5.4498666,0.97966667,0.97966667,0.0,0.0,0.0,0.0,0.0,37.89436,0.0,0.0
2023-05-06 09:30:00+02:00,0.0,0.5662666666666667,6.754133952787433,6.1878673,0.56626667,0.56626667,0.0,0.0,0.0,0.0,0.0,37.89436,0.0,0.0
2023-05-06 09:45:00+02:00,0.0,1.2277333333333331,6.9381855429816905,5.7104522,1.2277333,1.2277333,0.0,0.0,0.0,0.0,0.0,37.89436,0.0,0.0
2023-05-06 10:00:00+02:00,0.0,0.4825333333333333,7.467666437008448,6.9851331,0.48253333,0.48253333,0.0,0.0,0.0,0.0,0.0,37.89436,0.0,0.0
2023-05-06 10:15:00+02:00,0.0,0.1696666666666666,7.789895994454323,7.6202293,0.16966667,0.16966667,0.0,0.0,0.0,0.0,0.0,37.89436,0.0,0.0
2023-05-06 10:30:00+02:00,0.0,0.2434666666666666,7.990381726329318,7.7469151,0.24346667,0.24346667,0.0,0.0,0.0,0.0,0.0,37.89436,0.0,0.0
2023-05-06 10:45:00+02:00,0.0,0.251,8.274693604771832,8.0236936,0.251,0.251,0.0,0.0,0.0,0.0,0.0,37.89436,0.0,0.0
2023-05-06 11:00:00+02:00,0.0,0.1301333333333333,8.386717442396408,8.2565841,0.13013333,0.13013333,0.0,0.0,0.0,0.0,0.0,37.89436,0.0,0.0
2023-05-06 11:15:00+02:00,0.0,0.2531333333333333,8.55027215693218,8.2971388,0.25313333,0.25313333,0.0,0.0,0.0,0.0,0.0,37.89436,0.0,0.0
2023-05-06 11:30:00+02:00,0.0,0.1368666666666666,8.723911391469757,8.5870447,0.13686667,0.13686667,0.0,0.0,0.0,0.0,0.0,37.89436,0.0,0.0
2023-05-06 11:45:00+02:00,0.0,0.1654666666666666,8.814936120208614,8.6494695,0.16546667,0.16546667,0.0,0.0,0.0,0.0,0.0,37.89436,0.0,0.0
2023-05-06 12:00:00+02:00,0.0,0.2435333333333333,8.974587057703205,8.7310537,0.24353333,0.24353333,0.0,0.0,0.0,0.0,0.0,37.89436,0.0,0.0
2023-05-06 12:15:00+02:00,0.0,0.2388,8.974987525692054,8.7361875,0.2388,0.2388,0.0,0.0,0.0,0.0,0.0,37.89436,0.0,0.0
2023-05-06 12:30:00+02:00,0.0,0.3128,8.940858238392094,8.6280582,0.3128,0.3128,0.0,0.0,0.0,0.0,0.0,37.89436,0.0,0.0
2023-05-06 12:45:00+02:00,0.0,0.2734666666666666,8.82870591096105,8.5552392,0.27346667,0.27346667,0.0,0.0,0.0,0.0,0.0,37.89436,0.0,0.0
2023-05-06 13:00:00+02:00,0.0,0.3804666666666666,8.790227276890398,8.4097606,0.38046667,0.38046667,0.0,0.0,0.0,0.0,0.0,37.89436,0.0,0.0
2023-05-06 13:15:00+02:00,0.0,0.3229333333333333,8.763933228177956,8.4409999,0.32293333,0.32293333,0.0,0.0,0.0,0.0,0.0,37.89436,0.0,0.0
2023-05-06 13:30:00+02:00,0.0,0.2916,8.606217633558304,8.3146176,0.2916,0.2916,0.0,0.0,0.0,0.0,0.0,37.89436,0.0,0.0
2023-05-06 13:45:00+02:00,0.0,0.3407333333333333,8.38124259572426,8.0405093,0.34073333,0.34073333,0.0,0.0,0.0,0.0,0.0,37.89436,0.0,0.0
2023-05-06 14:00:00+02:00,0.0,0.2914666666666666,8.11549848907887,7.8240318,0.29146667,0.29146667,0.0,0.0,0.0,0.0,0.0,37.89436,0.0,0.0
2023-05-06 14:15:00+02:00,0.0,0.6554666666666666,7.844904109616936,7.1894374,0.65546667,0.65546667,0.0,0.0,0.0,0.0,0.0,37.89436,0.0,0.0
2023-05-06 14:30:00+02:00,0.0,0.6805333333333333,7.515371113096228,6.8348378,0.68053333,0.68053333,0.0,0.0,0.0,0.0,0.0,37.89436,0.0,0.0
2023-05-06 14:45:00+02:00,0.0,3.3844666666666665,7.140324312403519,3.7558576,3.3844667,3.3844667,0.0,0.0,0.0,0.0,0.0,37.89436,0.0,0.0
2023-05-06 15:00:00+02:00,0.0,0.9426,6.80313979352342,5.8605398,0.9426,0.9426,0.0,0.0,0.0,0.0,0.0,37.89436,0.0,0.0
2023-05-06 15:15:00+02:00,0.0,0.4452666666666666,6.254526178067741,1.7009028,4.5536234,0.44526667,0.0,0.0,0.0,0.0,4.1083568,37.89436,4.1083568,0.0
2023-05-06 15:30:00+02:00,0.0,0.4462666666666666,5.740786984914028,0.29452032,5.4462667,0.44626667,0.97573473,0.0,0.0,0.0,5.0,37.89436,5.0,0.0
2023-05-06 15:45:00+02:00,0.0,0.423,4.988800052405839,0.0,4.9888001,0.423,2.1632347,0.0,0.0,0.0,4.5658001,37.89436,4.5658001,0.0
2023-05-06 16:00:00+02:00,0.0,0.4395333333333334,4.37504950636071,0.0,4.3750495,0.43953333,3.2476122,0.0,0.0,0.0,3.9355162,37.89436,3.9355162,0.0
2023-05-06 16:15:00+02:00,0.0,0.33,4.223327115004533,0.0,4.2233271,0.33,4.1822973,0.0,0.0,0.0,3.8933271,37.89436,3.8933271,0.0
2023-05-06 16:30:00+02:00,0.0,0.2505333333333333,2.444145839604569,0.0,2.4441458,0.25053333,5.1069625,0.0,0.0,0.0,2.1936125,37.89436,2.1936125,0.0
2023-05-06 16:45:00+02:00,0.0,0.3692666666666666,1.2226336634278532,0.0,1.2226337,0.0,5.6279455,1.2226337,0.0,1.2226337,0.0,37.89436,0.0,0.36926667
2023-05-06 17:00:00+02:00,0.0,0.7268,1.2070634529054056,0.0,1.2070635,0.0,5.5307701,1.2070635,0.0,1.2070635,0.0,37.89436,0.0,0.7268
2023-05-06 17:15:00+02:00,0.0,0.3372,1.2284287860330994,0.0,1.2284288,0.0,5.3395069,1.2284288,0.0,1.2284288,0.0,37.89436,0.0,0.3372
2023-05-06 17:30:00+02:00,0.0,0.4377333333333333,1.3795728166997023,0.0,1.3795728,0.0,5.2507701,1.3795728,0.0,1.3795728,0.0,37.89436,0.0,0.43773333
2023-05-06 17:45:00+02:00,0.0,0.3997333333333333,1.0418585234688933,0.0,1.0418585,0.0,5.1355771,1.0418585,0.0,1.0418585,0.0,37.89436,0.0,0.39973333
2023-05-06 18:00:00+02:00,0.0,0.4722666666666666,0.6687135159929287,0.0,0.66871352,0.47226667,5.0303841,0.19644685,0.0,0.19644685,0.0,37.89436,0.0,0.0
2023-05-06 18:15:00+02:00,0.0,0.5204,0.3258608217821316,0.0,0.32586082,0.32586082,5.0303841,0.0,0.0,0.0,0.0,37.89436,0.0,0.19453918
2023-05-06 18:30:00+02:00,0.0,0.4343333333333333,0.0786817842246798,0.0,0.078681784,0.078681784,4.9791896,0.0,0.0,0.0,0.0,37.89436,0.0,0.35565155
2023-05-06 18:45:00+02:00,0.0,0.4330666666666666,0.0,0.0,0.0,0.0,4.8855971,0.0,0.0,0.0,0.0,37.89436,0.0,0.43306667
2023-05-06 19:00:00+02:00,0.0,0.4265333333333334,0.0,0.0,0.0,0.0,4.7716321,0.0,0.0,0.0,0.0,37.89436,0.0,0.42653333
2023-05-06 19:15:00+02:00,0.0,0.3863333333333333,0.0,0.0,0.0,0.0,4.6593865,0.0,0.0,0.0,0.0,37.89436,0.0,0.38633333
2023-05-06 19:30:00+02:00,0.0,0.2496666666666666,0.0,0.0,0.0,0.0,4.5577199,0.0,0.0,0.0,0.0,37.89436,0.0,0.24966667
2023-05-06 19:45:00+02:00,0.0,0.2238666666666666,0.0,0.0,0.0,0.0,4.4920181,0.0,0.0,0.0,0.0,37.89436,0.0,0.22386667
2023-05-06 20:00:00+02:00,0.0,0.3424,0.0,0.0,0.0,0.0,4.4331058,0.0,0.0,0.0,0.0,37.89436,0.0,0.3424
2023-05-06 20:15:00+02:00,0.0,0.3034666666666666,0.0,0.0,0.0,0.0,4.3430006,0.0,0.0,0.0,0.0,37.89436,0.0,0.30346667
2023-05-06 20:30:00+02:00,0.0,0.4964666666666666,0.0,0.0,0.0,0.0,4.2631409,0.0,0.0,0.0,0.0,37.89436,0.0,0.49646667
2023-05-06 20:45:00+02:00,0.0,1.8400666666666663,0.0,0.0,0.0,0.0,4.1324918,0.0,0.0,0.0,0.0,37.89436,0.0,1.8400667
2023-05-06 21:00:00+02:00,0.0,1.2352666666666667,0.0,0.0,0.0,0.0,3.6482637,0.0,0.0,0.0,0.0,21.13321,0.0,1.2352667
2023-05-06 21:15:00+02:00,0.0,0.7737999999999999,0.0,0.0,0.0,0.0,3.3231935,0.0,0.0,0.0,0.0,21.13321,0.0,0.7738
2023-05-06 21:30:00+02:00,0.0,0.7479333333333332,0.0,0.0,0.0,0.0,3.119562,0.0,0.0,0.0,0.0,21.13321,0.0,0.74793333
2023-05-06 21:45:00+02:00,0.0,0.7541333333333333,0.0,0.0,0.0,0.0,2.9227374,0.0,0.0,0.0,0.0,21.13321,0.0,0.75413333
2023-05-06 22:00:00+02:00,0.0,0.7697999999999999,0.0,0.0,0.0,0.0,2.7242813,0.0,0.0,0.0,0.0,21.13321,0.0,0.7698
2023-05-06 22:15:00+02:00,0.0,0.775,0.0,0.0,0.0,0.0,2.5217023,0.0,0.0,0.0,0.0,21.13321,0.0,0.775
2023-05-06 22:30:00+02:00,0.0,0.7212666666666666,0.0,0.0,0.0,0.0,2.317755,0.0,0.0,0.0,0.0,21.13321,0.0,0.72126667
2023-05-06 22:45:00+02:00,0.0,1.2575999999999998,0.0,0.0,0.0,0.0,2.1279479,0.0,0.0,0.0,0.0,21.13321,0.0,1.2576
2023-05-06 23:00:00+02:00,0.0,0.5503333333333333,0.0,0.0,0.0,0.0,1.7970006,0.0,0.0,0.0,0.0,21.13321,0.0,0.55033333
2023-05-06 23:15:00+02:00,0.0,0.4266,0.0,0.0,0.0,0.0,1.652176,0.0,0.0,0.0,0.0,21.13321,0.0,0.4266
2023-05-06 23:30:00+02:00,0.0,0.2145333333333333,0.0,0.0,0.0,0.0,1.5399128,0.0,0.0,0.0,0.0,21.13321,0.0,0.21453333
2023-05-06 23:45:00+02:00,0.0,0.4944666666666666,0.0,0.0,0.0,0.0,1.4834567,0.0,0.0,0.0,0.0,21.13321,0.0,0.49446667
2023-05-07 00:00:00+02:00,0.0,0.3046666666666667,0.0,0.0,0.0,0.0,1.3533339,0.0,0.0,0.0,0.0,21.13321,0.0,0.30466667
2023-05-07 00:15:00+02:00,0.0,0.3424,0.0,0.0,0.0,0.0,1.2731585,0.0,0.0,0.0,0.0,21.13321,0.0,0.3424
2023-05-07 00:30:00+02:00,0.0,0.4304666666666666,0.0,0.0,0.0,0.0,1.1830532,0.0,0.0,0.0,0.0,21.13321,0.0,0.43046667
2023-05-07 00:45:00+02:00,0.0,0.3860666666666666,0.0,0.0,0.0,0.0,1.0697725,0.0,0.0,0.0,0.0,21.13321,0.0,0.38606667
2023-05-07 01:00:00+02:00,0.0,0.3194666666666666,0.0,0.0,0.0,0.0,0.968176,0.0,0.0,0.0,0.0,21.13321,0.0,0.31946667
2023-05-07 01:15:00+02:00,0.0,0.2352,0.0,0.0,0.0,0.0,0.88410583,0.0,0.0,0.0,0.0,21.13321,0.0,0.2352
2023-05-07 01:30:00+02:00,0.0,0.1514666666666666,0.0,0.0,0.0,0.0,0.82221109,0.0,0.0,0.0,0.0,21.13321,0.0,0.15146667
2023-05-07 01:45:00+02:00,0.0,0.1933333333333333,0.0,0.0,0.0,0.0,0.78235144,0.0,0.0,0.0,0.0,21.13321,0.0,0.19333333
2023-05-07 02:00:00+02:00,0.0,0.1309333333333333,0.0,0.0,0.0,0.0,0.73147425,0.0,0.0,0.0,0.0,21.13321,0.0,0.13093333
2023-05-07 02:15:00+02:00,0.0,0.1769333333333333,0.0,0.0,0.0,0.0,0.69701811,0.0,0.0,0.0,0.0,21.13321,0.0,0.17693333
2023-05-07 02:30:00+02:00,0.0,0.1475999999999999,0.0,0.0,0.0,0.0,0.65045671,0.0,0.0,0.0,0.0,21.13321,0.0,0.1476
2023-05-07 02:45:00+02:00,0.0,0.2042666666666666,0.0,0.0,0.0,0.0,0.6116146,0.0,0.0,0.0,0.0,21.13321,0.0,0.20426667
2023-05-07 03:00:00+02:00,0.0,0.2390666666666666,0.0,0.0,0.0,0.0,0.55786021,0.0,0.0,0.0,0.0,21.13321,0.0,0.23906667
2023-05-07 03:15:00+02:00,0.0,0.2192666666666667,0.0,0.0,0.0,0.0,0.49494793,0.0,0.0,0.0,0.0,21.13321,0.0,0.21926667
2023-05-07 03:30:00+02:00,0.0,0.1553333333333333,0.0,0.0,0.0,0.0,0.43724618,0.0,0.0,0.0,0.0,21.13321,0.0,0.15533333
2023-05-07 03:45:00+02:00,0.0,0.1406666666666666,0.0,0.0,0.0,0.0,0.39636899,0.0,0.0,0.0,0.0,21.13321,0.0,0.14066667
2023-05-07 04:00:00+02:00,0.0,0.1301999999999999,0.0,0.0,0.0,0.0,0.35935144,0.0,0.0,0.0,0.0,21.13321,0.0,0.1302
2023-05-07 04:15:00+02:00,0.0,0.1785999999999999,0.0,0.0,0.0,0.0,0.32508828,0.0,0.0,0.0,0.0,21.13321,0.0,0.1786
2023-05-07 04:30:00+02:00,0.0,0.1393333333333333,0.0,0.0,0.0,0.0,0.27808828,0.0,0.0,0.0,0.0,21.13321,0.0,0.13933333
2023-05-07 04:45:00+02:00,0.0,0.1322666666666666,0.0,0.0,0.0,0.0,0.24142162,0.0,0.0,0.0,0.0,21.13321,0.0,0.13226667
2023-05-07 05:00:00+02:00,0.0,0.2055333333333333,0.0,0.0,0.0,0.0,0.2066146,0.0,0.0,0.0,0.0,21.13321,0.0,0.20553333
2023-05-07 05:15:00+02:00,0.0,0.2703333333333333,0.0,0.0,0.0,0.0,0.15252688,0.0,0.0,0.0,0.0,21.13321,0.0,0.27033333
2023-05-07 05:30:00+02:00,0.0,0.1783333333333333,0.0055051919471993,0.0,0.0055051919,0.0055051919,0.08138653,0.0,0.0,0.0,0.0,21.13321,0.0,0.17282814
2023-05-07 05:45:00+02:00,0.0,0.1965333333333333,0.1012293090880145,0.0,0.10122931,0.10122931,0.03590544,0.0,0.0,0.0,0.0,21.13321,0.0,0.095304024
2023-05-07 06:00:00+02:00,0.0,0.1846,0.2062369562644753,0.0,0.20623696,0.1846,0.010825434,0.021636956,0.0,0.021636956,0.0,33.25812,0.0,0.0
2023-05-07 06:15:00+02:00,0.0,0.3980666666666667,0.3569300186835801,0.0,0.35693002,0.35693002,0.010825434,0.0,0.0,0.0,0.0,33.25812,0.0,0.041136648
2023-05-07 06:30:00+02:00,0.0,0.5794666666666667,0.5965253153949025,0.0,0.59652532,0.57946667,0.0,0.017058649,0.0,0.017058649,0.0,33.25812,0.0,0.0
2023-05-07 06:45:00+02:00,0.0,1.0128,1.127800154805625,0.0,1.1278002,1.0128,0.0,0.11500015,0.0,0.11500015,0.0,33.25812,0.0,0.0
2023-05-07 07:00:00+02:00,0.0,0.5822666666666666,1.1334662929118986,0.0,1.1334663,0.58226667,0.0,0.55119963,0.0,0.55119963,0.0,33.25812,0.0,0.0
2023-05-07 07:15:00+02:00,0.0,0.2481999999999999,1.276772099772373,0.0,1.2767721,0.2482,0.0,1.0285721,0.0,1.0285721,0.0,33.25812,0.0,0.0
2023-05-07 07:30:00+02:00,0.0,0.2782,1.8624884292367192,1.5842884,0.2782,0.2782,0.0,0.0,0.0,0.0,0.0,33.25812,0.0,0.0
2023-05-07 07:45:00+02:00,0.0,0.3189333333333333,2.8533684292603043,2.5344351,0.31893333,0.31893333,0.0,0.0,0.0,0.0,0.0,33.25812,0.0,0.0
2023-05-07 08:00:00+02:00,0.0,0.3006,3.533428496308859,3.2328285,0.3006,0.3006,0.0,0.0,0.0,0.0,0.0,33.25812,0.0,0.0
2023-05-07 08:15:00+02:00,0.0,0.2034666666666666,3.655157040959769,3.4516904,0.20346667,0.20346667,0.0,0.0,0.0,0.0,0.0,33.25812,0.0,0.0
2023-05-07 08:30:00+02:00,0.0,0.154,3.925876732991726,3.7718767,0.154,0.154,0.0,0.0,0.0,0.0,0.0,33.25812,0.0,0.0
2023-05-07 08:45:00+02:00,0.0,0.1490666666666666,5.397277083455228,5.2482104,0.14906667,0.14906667,0.0,0.0,0.0,0.0,0.0,33.25812,0.0,0.0
2023-05-07 09:00:00+02:00,0.0,0.3417333333333333,5.375802259982221,5.0340689,0.34173333,0.34173333,0.0,0.0,0.0,0.0,0.0,33.25812,0.0,0.0
2023-05-07 09:15:00+02:00,0.0,0.3766,5.79078835147607,5.4141884,0.3766,0.3766,0.0,0.0,0.0,0.0,0.0,33.25812,0.0,0.0
2023-05-07 09:30:00+02:00,0.0,0.2194,6.815899514642734,6.5964995,0.2194,0.2194,0.0,0.0,0.0,0.0,0.0,33.25812,0.0,0.0
2023-05-07 09:45:00+02:00,0.0,0.253,6.273752364871052,6.0207524,0.253,0.253,0.0,0.0,0.0,0.0,0.0,33.25812,0.0,0.0
2023-05-07 10:00:00+02:00,0.0,0.2866666666666667,6.285160598841162,5.9984939,0.28666667,0.28666667,0.0,0.0,0.0,0.0,0.0,33.25812,0.0,0.0
2023-05-07 10:15:00+02:00,0.0,0.3198,6.362469130407913,6.0426691,0.3198,0.3198,0.0,0.0,0.0,0.0,0.0,33.25812,0.0,0.0
2023-05-07 10:30:00+02:00,0.0,0.2558,7.589384847794193,7.3335848,0.2558,0.2558,0.0,0.0,0.0,0.0,0.0,33.25812,0.0,0.0
2023-05-07 10:45:00+02:00,0.0,0.4221333333333333,7.498650210973748,7.0765169,0.42213333,0.42213333,0.0,0.0,0.0,0.0,0.0,33.25812,0.0,0.0
2023-05-07 11:00:00+02:00,0.0,0.5722666666666667,7.734248635256503,7.161982,0.57226667,0.57226667,0.0,0.0,0.0,0.0,0.0,33.25812,0.0,0.0
2023-05-07 11:15:00+02:00,0.0,0.4066666666666667,7.37157873540999,6.9649121,0.40666667,0.40666667,0.0,0.0,0.0,0.0,0.0,33.25812,0.0,0.0
2023-05-07 11:30:00+02:00,0.0,0.6669333333333333,8.140642614025243,7.4737093,0.66693333,0.66693333,0.0,0.0,0.0,0.0,0.0,33.25812,0.0,0.0
2023-05-07 11:45:00+02:00,0.0,0.438,8.879970373480417,8.4419704,0.438,0.438,0.0,0.0,0.0,0.0,0.0,33.25812,0.0,0.0
2023-05-07 12:00:00+02:00,0.0,0.5402666666666667,8.898257623194459,8.357991,0.54026667,0.54026667,0.0,0.0,0.0,0.0,0.0,33.25812,0.0,0.0
2023-05-07 12:15:00+02:00,0.0,0.5743333333333334,8.96814358149955,8.3938102,0.57433333,0.57433333,0.0,0.0,0.0,0.0,0.0,33.25812,0.0,0.0
2023-05-07 12:30:00+02:00,0.0,0.6127333333333334,9.001483473141741,8.3887501,0.61273333,0.61273333,0.0,0.0,0.0,0.0,0.0,33.25812,0.0,0.0
2023-05-07 12:45:00+02:00,0.0,1.4356,9.307262907465988,7.8716629,1.4356,1.4356,0.0,0.0,0.0,0.0,0.0,33.25812,0.0,0.0
2023-05-07 13:00:00+02:00,0.0,0.9784666666666668,8.58074532816648,7.6022787,0.97846667,0.97846667,0.0,0.0,0.0,0.0,0.0,33.25812,0.0,0.0
2023-05-07 13:15:00+02:00,0.0,0.5822,8.996737783075277,8.4145378,0.5822,0.5822,0.0,0.0,0.0,0.0,0.0,33.25812,0.0,0.0
2023-05-07 13:30:00+02:00,0.0,1.0294,8.367159661561441,7.3377597,1.0294,1.0294,0.0,0.0,0.0,0.0,0.0,33.25812,0.0,0.0
2023-05-07 13:45:00+02:00,0.0,2.0382,8.321302916853577,6.2831029,2.0382,2.0382,0.0,0.0,0.0,0.0,0.0,33.25812,0.0,0.0
2023-05-07 14:00:00+02:00,0.0,1.648,7.721924463698898,6.0739245,1.648,1.648,0.0,0.0,0.0,0.0,0.0,33.25812,0.0,0.0
2023-05-07 14:15:00+02:00,0.0,0.4900666666666666,7.776843056185744,7.2867764,0.49006667,0.49006667,0.0,0.0,0.0,0.0,0.0,33.25812,0.0,0.0
2023-05-07 14:30:00+02:00,0.0,0.5542,7.498578676278511,6.9443787,0.5542,0.5542,0.0,0.0,0.0,0.0,0.0,33.25812,0.0,0.0
2023-05-07 14:45:00+02:00,0.0,0.6826666666666666,7.02419054992646,4.0894369,2.9347536,0.68266667,0.0,0.0,0.0,0.0,2.252087,33.25812,2.252087,0.0
2023-05-07 15:00:00+02:00,0.0,0.6184666666666667,6.88914717546912,6.2706805,0.61846667,0.61846667,0.53487066,0.0,0.0,0.0,0.0,33.25812,0.0,0.0
2023-05-07 15:15:00+02:00,0.0,0.5629333333333333,6.281215781764078,0.71828245,5.5629333,0.56293333,0.53487066,0.0,0.0,0.0,5.0,33.25812,5.0,0.0
2023-05-07 15:30:00+02:00,0.0,0.6724,5.84688031865692,0.17448032,5.6724,0.6724,1.7223707,0.0,0.0,0.0,5.0,33.25812,5.0,0.0
2023-05-07 15:45:00+02:00,0.0,1.0062666666666666,4.8533994680037145,0.0,4.8533995,1.0062667,2.9098707,0.0,0.0,0.0,3.8471328,33.25812,3.8471328,0.0
2023-05-07 16:00:00+02:00,0.0,0.8812666666666666,3.3555527969612475,0.0,3.3555528,0.88126667,3.8235647,0.0,0.0,0.0,2.4742861,33.25812,2.4742861,0.0
2023-05-07 16:15:00+02:00,0.0,0.7582666666666666,3.638788487834424,0.0,3.6387885,0.75826667,4.4112077,0.0,0.0,0.0,2.8805218,33.25812,2.8805218,0.0
2023-05-07 16:30:00+02:00,0.0,0.7480666666666668,3.246923218247492,0.0,3.2469232,0.74806667,5.0953316,0.0,0.0,0.0,2.4988566,33.25812,2.4988566,0.0
2023-05-07 16:45:00+02:00,0.0,1.0122666666666666,2.82687733849213,0.0,2.8268773,1.0122667,5.68881,0.0,0.0,0.0,1.8146107,33.25812,1.8146107,0.0
2023-05-07 17:00:00+02:00,0.0,0.5782666666666667,2.1259729685647404,0.0,2.125973,0.57826667,6.1197801,0.0,0.0,0.0,1.5477063,33.25812,1.5477063,0.0
2023-05-07 17:15:00+02:00,0.0,0.7678666666666667,1.6761150097937256,0.0,1.676115,0.76786667,6.4873603,0.0,0.0,0.0,0.90824834,33.25812,0.90824834,0.0
2023-05-07 17:30:00+02:00,0.0,0.675,1.1060046922474742,0.0,1.1060047,0.0,6.7030693,1.1060047,0.0,1.1060047,0.0,33.25812,0.0,0.675
2023-05-07 17:45:00+02:00,0.0,0.7348666666666667,0.9594724847107102,0.0,0.95947248,0.50005939,6.5254377,0.4594131,0.0,0.4594131,0.0,33.25812,0.0,0.23480728
2023-05-07 18:00:00+02:00,0.0,0.6106666666666666,1.1640106416576792,0.0,1.1640106,0.61066667,6.4636463,0.55334397,0.0,0.55334397,0.0,33.25812,0.0,0.0
2023-05-07 18:15:00+02:00,0.0,0.5387333333333334,0.4813370258680338,0.0,0.48133703,0.48133703,6.4636463,0.0,0.0,0.0,0.0,33.25812,0.0,0.057396307
2023-05-07 18:30:00+02:00,0.0,0.5720666666666667,0.0,0.0,0.0,0.0,6.448542,0.0,0.0,0.0,0.0,33.25812,0.0,0.57206667
2023-05-07 18:45:00+02:00,0.0,0.3554,0.0,0.0,0.0,0.0,6.2979982,0.0,0.0,0.0,0.0,33.25812,0.0,0.3554
2023-05-07 19:00:00+02:00,0.0,0.877,0.0,0.0,0.0,0.0,6.2044718,0.0,0.0,0.0,0.0,33.25812,0.0,0.877
2023-05-07 19:15:00+02:00,0.0,0.7684,0.0,0.0,0.0,0.0,5.9736824,0.0,0.0,0.0,0.0,33.25812,0.0,0.7684
2023-05-07 19:30:00+02:00,0.0,0.6436666666666666,0.0,0.0,0.0,0.0,5.7714718,0.0,0.0,0.0,0.0,33.25812,0.0,0.64366667
2023-05-07 19:45:00+02:00,0.0,0.6821333333333334,0.0,0.0,0.0,0.0,5.6020859,0.0,0.0,0.0,0.0,33.25812,0.0,0.68213333
2023-05-07 20:00:00+02:00,0.0,0.5292666666666667,0.0,0.0,0.0,0.0,5.4225771,0.0,0.0,0.0,0.0,33.25812,0.0,0.52926667
2023-05-07 20:15:00+02:00,0.0,1.0818666666666663,0.0,0.0,0.0,0.0,5.2832964,0.0,0.0,0.0,0.0,33.25812,0.0,1.0818667
2023-05-07 20:30:00+02:00,0.0,1.110933333333333,0.0,0.0,0.0,0.0,4.9985947,0.0,0.0,0.0,0.0,33.25812,0.0,1.1109333
2023-05-07 20:45:00+02:00,0.0,0.8558666666666667,0.0,0.0,0.0,0.0,4.7062438,0.0,0.0,0.0,0.0,33.25812,0.0,0.85586667
2023-05-07 21:00:00+02:00,0.0,0.7737333333333334,0.0,0.0,0.0,0.0,4.4810157,0.0,0.0,0.0,0.0,26.75001,0.0,0.77373333
2023-05-07 21:15:00+02:00,0.0,0.7773333333333333,0.0,0.0,0.0,0.0,4.2774017,0.0,0.0,0.0,0.0,26.75001,0.0,0.77733333
2023-05-07 21:30:00+02:00,0.0,0.4972666666666666,0.0,0.0,0.0,0.0,4.0728403,0.0,0.0,0.0,0.0,26.75001,0.0,0.49726667
2023-05-07 21:45:00+02:00,0.0,0.6987333333333333,0.0,0.0,0.0,0.0,3.9419806,0.0,0.0,0.0,0.0,26.75001,0.0,0.69873333
2023-05-07 22:00:00+02:00,0.0,0.7846666666666666,0.0,0.0,0.0,0.0,3.7581034,0.0,0.0,0.0,0.0,26.75001,0.0,0.78466667
2023-05-07 22:15:00+02:00,0.0,0.7470666666666668,0.0,0.0,0.0,0.0,3.5516122,0.0,0.0,0.0,0.0,26.75001,0.0,0.74706667
2023-05-07 22:30:00+02:00,0.0,0.5091333333333333,0.0,0.0,0.0,0.0,3.3550157,0.0,0.0,0.0,0.0,26.75001,0.0,0.50913333
2023-05-07 22:45:00+02:00,0.0,0.5390666666666667,0.0,0.0,0.0,0.0,3.2210332,0.0,0.0,0.0,0.0,26.75001,0.0,0.53906667
2023-05-07 23:00:00+02:00,0.0,0.3561999999999999,0.0,0.0,0.0,0.0,3.0791736,0.0,0.0,0.0,0.0,26.75001,0.0,0.3562
2023-05-07 23:15:00+02:00,0.0,0.3234666666666666,0.0,0.0,0.0,0.0,2.9854368,0.0,0.0,0.0,0.0,26.75001,0.0,0.32346667
2023-05-07 23:30:00+02:00,0.0,0.3867333333333334,0.0,0.0,0.0,0.0,2.900314,0.0,0.0,0.0,0.0,26.75001,0.0,0.38673333
2023-05-07 23:45:00+02:00,0.0,0.3098,0.0,0.0,0.0,0.0,2.798542,0.0,0.0,0.0,0.0,26.75001,0.0,0.3098
2023-05-08 00:00:00+02:00,0.0,0.4139333333333333,0.0,0.0,0.0,0.0,2.7170157,0.0,0.0,0.0,0.0,26.75001,0.0,0.41393333
2023-05-08 00:15:00+02:00,0.0,0.3774666666666666,0.0,0.0,0.0,0.0,2.6080859,0.0,0.0,0.0,0.0,26.75001,0.0,0.37746667
2023-05-08 00:30:00+02:00,0.0,0.4429333333333333,0.0,0.0,0.0,0.0,2.5087525,0.0,0.0,0.0,0.0,26.75001,0.0,0.44293333
2023-05-08 00:45:00+02:00,0.0,0.4189333333333333,0.0,0.0,0.0,0.0,2.3921911,0.0,0.0,0.0,0.0,26.75001,0.0,0.41893333
2023-05-08 01:00:00+02:00,0.0,0.3902,0.0,0.0,0.0,0.0,2.2819455,0.0,0.0,0.0,0.0,26.75001,0.0,0.3902
2023-05-08 01:15:00+02:00,0.0,0.4124,0.0,0.0,0.0,0.0,2.1792613,0.0,0.0,0.0,0.0,26.75001,0.0,0.4124
2023-05-08 01:30:00+02:00,0.0,0.3904666666666666,0.0,0.0,0.0,0.0,2.070735,0.0,0.0,0.0,0.0,26.75001,0.0,0.39046667
2023-05-08 01:45:00+02:00,0.0,0.4584,0.0,0.0,0.0,0.0,1.9679806,0.0,0.0,0.0,0.0,26.75001,0.0,0.4584
2023-05-08 02:00:00+02:00,0.0,0.5651333333333334,0.0,0.0,0.0,0.0,1.847349,0.0,0.0,0.0,0.0,26.75001,0.0,0.56513333
2023-05-08 02:15:00+02:00,0.0,0.6062000000000001,0.0,0.0,0.0,0.0,1.6986297,0.0,0.0,0.0,0.0,26.75001,0.0,0.6062
2023-05-08 02:30:00+02:00,0.0,0.7066,0.0,0.0,0.0,0.0,1.5391034,0.0,0.0,0.0,0.0,26.75001,0.0,0.7066
2023-05-08 02:45:00+02:00,0.0,0.6127333333333334,0.0,0.0,0.0,0.0,1.3531561,0.0,0.0,0.0,0.0,26.75001,0.0,0.61273333
2023-05-08 03:00:00+02:00,0.0,0.6064666666666667,0.0,0.0,0.0,0.0,1.1919104,0.0,0.0,0.0,0.0,26.75001,0.0,0.60646667
2023-05-08 03:15:00+02:00,0.0,0.5781333333333333,0.0,0.0,0.0,0.0,1.032314,0.0,0.0,0.0,0.0,26.75001,0.0,0.57813333
2023-05-08 03:30:00+02:00,0.0,0.5384,0.0,0.0,0.0,0.0,0.8801736,0.0,0.0,0.0,0.0,26.75001,0.0,0.5384
2023-05-08 03:45:00+02:00,0.0,0.6861333333333334,0.0,0.0,0.0,0.0,0.73848939,0.0,0.0,0.0,0.0,26.75001,0.0,0.68613333
2023-05-08 04:00:00+02:00,0.0,0.3847333333333333,0.0,0.0,0.0,0.0,0.55792799,0.0,0.0,0.0,0.0,26.75001,0.0,0.38473333
2023-05-08 04:15:00+02:00,0.0,0.2986666666666667,0.0,0.0,0.0,0.0,0.45668237,0.0,0.0,0.0,0.0,26.75001,0.0,0.29866667
2023-05-08 04:30:00+02:00,0.0,0.3026666666666667,0.0,0.0,0.0,0.0,0.37808588,0.0,0.0,0.0,0.0,26.75001,0.0,0.30266667
2023-05-08 04:45:00+02:00,0.0,0.3086666666666667,0.0,0.0,0.0,0.0,0.29843676,0.0,0.0,0.0,0.0,26.75001,0.0,0.30866667
2023-05-08 05:00:00+02:00,0.0,0.3670666666666666,0.0,0.0,0.0,0.0,0.21720869,0.0,0.0,0.0,0.0,26.75001,0.0,0.36706667
2023-05-08 05:15:00+02:00,0.0,0.2382666666666666,0.0,0.0,0.0,0.0,0.1206122,0.0,0.0,0.0,0.0,26.75001,0.0,0.23826667
2023-05-08 05:30:00+02:00,0.0,0.1844666666666666,0.0080993800995205,0.0,0.0080993801,0.0080993801,0.057910443,0.0,0.0,0.0,0.0,26.75001,0.0,0.17636729
2023-05-08 05:45:00+02:00,0.0,0.15,0.1063076042116788,0.0,0.1063076,0.1063076,0.011497999,0.0,0.0,0.0,0.0,26.75001,0.0,0.043692396
2023-05-08 06:00:00+02:00,0.0,0.1812,0.2119962595786773,0.0,0.21199626,0.1812,0.0,0.03079626,0.0,0.03079626,0.0,37.53022,0.0,0.0
2023-05-08 06:15:00+02:00,0.0,0.2094,0.3159424939556411,0.0,0.31594249,0.2094,0.0,0.10654249,0.0,0.10654249,0.0,37.53022,0.0,0.0
2023-05-08 06:30:00+02:00,0.0,0.1270666666666666,1.2541585598955511,0.0,1.2541586,0.12706667,0.0,1.1270919,0.0,1.1270919,0.0,37.53022,0.0,0.0
2023-05-08 06:45:00+02:00,0.0,0.159,1.698946298939745,0.0,1.6989463,0.159,0.0,1.5399463,0.0,1.5399463,0.0,37.53022,0.0,0.0
2023-05-08 07:00:00+02:00,0.0,0.1659333333333333,2.12909015699326,0.0,2.1290902,0.16593333,0.0,1.9631568,0.0,1.9631568,0.0,37.53022,0.0,0.0
2023-05-08 07:15:00+02:00,0.0,0.1368,2.626759707348416,0.0,2.6267597,0.1368,0.0,2.4899597,0.0,2.4899597,0.0,37.53022,0.0,0.0
2023-05-08 07:30:00+02:00,0.0,0.2628666666666667,2.5826118000638667,0.0,2.5826118,0.26286667,0.0,2.3197451,0.0,2.3197451,0.0,37.53022,0.0,0.0
2023-05-08 07:45:00+02:00,0.0,0.2109333333333333,1.97650553391629,0.0,1.9765055,0.21093333,0.0,1.7655722,0.0,1.7655722,0.0,37.53022,0.0,0.0
2023-05-08 08:00:00+02:00,0.0,0.2125333333333333,2.032119631531464,0.0,2.0321196,0.21253333,0.0,1.8195863,0.0,1.8195863,0.0,37.53022,0.0,0.0
2023-05-08 08:15:00+02:00,0.0,0.1385333333333333,2.434006857617701,0.0,2.4340069,0.13853333,0.0,2.2954735,0.0,2.2954735,0.0,37.53022,0.0,0.0
2023-05-08 08:30:00+02:00,0.0,0.2298666666666666,2.4512010567382143,2.2213344,0.22986667,0.22986667,0.0,0.0,0.0,0.0,0.0,37.53022,0.0,0.0
2023-05-08 08:45:00+02:00,0.0,0.1782666666666666,2.911445590036399,2.7331789,0.17826667,0.17826667,0.0,0.0,0.0,0.0,0.0,37.53022,0.0,0.0
2023-05-08 09:00:00+02:00,0.0,0.1359333333333333,3.075432061397468,2.9394987,0.13593333,0.13593333,0.0,0.0,0.0,0.0,0.0,37.53022,0.0,0.0
2023-05-08 09:15:00+02:00,0.0,0.1612666666666666,5.368666771721901,5.2074001,0.16126667,0.16126667,0.0,0.0,0.0,0.0,0.0,37.53022,0.0,0.0
2023-05-08 09:30:00+02:00,0.0,0.1616666666666666,6.900837130012763,6.7391705,0.16166667,0.16166667,0.0,0.0,0.0,0.0,0.0,37.53022,0.0,0.0
2023-05-08 09:45:00+02:00,0.0,0.1957333333333333,6.83413812666747,6.6384048,0.19573333,0.19573333,0.0,0.0,0.0,0.0,0.0,37.53022,0.0,0.0
2023-05-08 10:00:00+02:00,0.0,0.2376,7.329368827583264,7.0917688,0.2376,0.2376,0.0,0.0,0.0,0.0,0.0,37.53022,0.0,0.0
2023-05-08 10:15:00+02:00,0.0,0.5079333333333333,7.604956243936996,7.0970229,0.50793333,0.50793333,0.0,0.0,0.0,0.0,0.0,37.53022,0.0,0.0
2023-05-08 10:30:00+02:00,0.0,0.7404666666666667,7.891295390798755,7.1508287,0.74046667,0.74046667,0.0,0.0,0.0,0.0,0.0,37.53022,0.0,0.0
2023-05-08 10:45:00+02:00,0.0,1.6162666666666667,6.611774888719916,4.9955082,1.6162667,1.6162667,0.0,0.0,0.0,0.0,0.0,37.53022,0.0,0.0
2023-05-08 11:00:00+02:00,0.0,0.5231333333333333,6.379480421525244,5.8563471,0.52313333,0.52313333,0.0,0.0,0.0,0.0,0.0,37.53022,0.0,0.0
2023-05-08 11:15:00+02:00,0.0,0.5153333333333334,7.6941844946959055,7.1788512,0.51533333,0.51533333,0.0,0.0,0.0,0.0,0.0,37.53022,0.0,0.0
2023-05-08 11:30:00+02:00,0.0,0.6479333333333333,6.083880034742325,5.4359467,0.64793333,0.64793333,0.0,0.0,0.0,0.0,0.0,37.53022,0.0,0.0
2023-05-08 11:45:00+02:00,0.0,0.4512,8.154973264800313,7.7037733,0.4512,0.4512,0.0,0.0,0.0,0.0,0.0,37.53022,0.0,0.0
2023-05-08 12:00:00+02:00,0.0,0.4838,9.234722234929118,8.7509222,0.4838,0.4838,0.0,0.0,0.0,0.0,0.0,37.53022,0.0,0.0
2023-05-08 12:15:00+02:00,0.0,1.1438,4.705633564451076,3.5618336,1.1438,1.1438,0.0,0.0,0.0,0.0,0.0,37.53022,0.0,0.0
2023-05-08 12:30:00+02:00,0.0,0.5766,4.316251018969553,3.739651,0.5766,0.5766,0.0,0.0,0.0,0.0,0.0,37.53022,0.0,0.0
2023-05-08 12:45:00+02:00,0.0,0.4756,5.520085525091015,5.0444855,0.4756,0.4756,0.0,0.0,0.0,0.0,0.0,37.53022,0.0,0.0
2023-05-08 13:00:00+02:00,0.0,0.4625333333333333,7.825347653427566,7.3628143,0.46253333,0.46253333,0.0,0.0,0.0,0.0,0.0,37.53022,0.0,0.0
2023-05-08 13:15:00+02:00,0.0,0.498,2.929556498231781,2.4315565,0.498,0.498,0.0,0.0,0.0,0.0,0.0,37.53022,0.0,0.0
2023-05-08 13:30:00+02:00,0.0,0.4674666666666666,1.9841873556711085,1.5167207,0.46746667,0.46746667,0.0,0.0,0.0,0.0,0.0,37.53022,0.0,0.0
2023-05-08 13:45:00+02:00,0.0,1.8508666666666669,4.711056600571613,0.6110164,4.1000402,1.8508667,0.0,0.0,0.0,0.0,2.2491735,37.53022,2.2491735,0.0
2023-05-08 14:00:00+02:00,0.0,1.6113333333333333,2.313299589450528,0.0,2.3132996,1.6113333,0.53417872,0.0,0.0,0.0,0.70196626,37.53022,0.70196626,0.0
2023-05-08 14:15:00+02:00,0.0,1.0823333333333331,3.4005193848319304,0.0,3.4005194,1.0823333,0.7008957,0.0,0.0,0.0,2.3181861,37.53022,2.3181861,0.0
2023-05-08 14:30:00+02:00,0.0,0.4768,4.112785128470397,0.0,4.1127851,0.4768,1.2514649,0.0,0.0,0.0,3.6359851,37.53022,3.6359851,0.0
2023-05-08 14:45:00+02:00,0.0,0.4690666666666667,1.341091607477351,0.0,1.3410916,0.46906667,2.1150114,0.0,0.0,0.0,0.87202494,37.53022,0.87202494,0.0
2023-05-08 15:00:00+02:00,0.0,0.4142,2.879132124638868,0.0,2.8791321,0.4142,2.3221173,0.0,0.0,0.0,2.4649321,37.53022,2.4649321,0.0
2023-05-08 15:15:00+02:00,0.0,0.3103999999999999,1.6417546677720647,0.0,1.6417547,0.3104,2.9075387,1.3313547,0.0,1.3313547,0.0,37.53022,0.0,0.0
2023-05-08 15:30:00+02:00,0.0,0.3594,3.74092005225048,0.0,3.7409201,0.3594,2.9075387,3.3815201,0.0,3.3815201,0.0,37.53022,0.0,0.0
2023-05-08 15:45:00+02:00,0.0,0.3258666666666667,1.0508717509530665,0.0,1.0508718,0.32586667,2.9075387,0.72500508,0.0,0.72500508,0.0,37.53022,0.0,0.0
2023-05-08 16:00:00+02:00,0.0,1.9005333333333327,1.3317262676448731,0.0,1.3317263,1.3317263,2.9075387,0.0,0.0,0.0,0.0,37.53022,0.0,0.56880707
2023-05-08 16:15:00+02:00,0.0,0.3948666666666667,2.227651191911876,0.0,2.2276512,0.39486667,2.7578526,0.15487238,0.0,0.15487238,1.6779121,37.53022,1.6779121,0.0
2023-05-08 16:30:00+02:00,0.0,0.3256666666666666,2.6470260436809143,0.0,2.647026,0.32566667,3.1563567,0.0,0.0,0.0,2.3213594,37.53022,2.3213594,0.0
2023-05-08 16:45:00+02:00,0.0,0.3186,2.8621553764388703,0.0,2.8621554,0.3186,3.7076796,0.0,0.0,0.0,2.5435554,37.53022,2.5435554,0.0
2023-05-08 17:00:00+02:00,0.0,0.418,1.318904352088333,0.0,1.3189044,0.418,4.311774,0.0,0.0,0.0,0.90090435,37.53022,0.90090435,0.0
2023-05-08 17:15:00+02:00,0.0,0.4391333333333333,0.9950436906387484,0.0,0.99504369,0.43913333,4.5257388,0.0,0.0,0.0,0.55591036,37.53022,0.55591036,0.0
2023-05-08 17:30:00+02:00,0.0,0.3743999999999999,0.699904438667987,0.0,0.69990444,0.3744,4.6577675,0.0,0.0,0.0,0.32550444,37.53022,0.32550444,0.0
2023-05-08 17:45:00+02:00,0.0,0.3648666666666667,0.6180499907861732,0.0,0.61804999,0.36486667,4.7350748,0.0,0.0,0.0,0.25318332,37.53022,0.25318332,0.0
2023-05-08 18:00:00+02:00,0.0,0.33,0.4774571640089514,0.0,0.47745716,0.33,4.7952058,0.0,0.0,0.0,0.14745716,37.53022,0.14745716,0.0
2023-05-08 18:15:00+02:00,0.0,0.4156666666666667,0.3214510996246552,0.0,0.3214511,0.3214511,4.8302269,0.0,0.0,0.0,0.0,37.53022,0.0,0.094215567
2023-05-08 18:30:00+02:00,0.0,0.4180666666666666,0.0,0.0,0.0,0.0,4.8054333,0.0,0.0,0.0,0.0,37.53022,0.0,0.41806667
2023-05-08 18:45:00+02:00,0.0,0.7075333333333333,0.0,0.0,0.0,0.0,4.6954158,0.0,0.0,0.0,0.0,37.53022,0.0,0.70753333
2023-05-08 19:00:00+02:00,0.0,0.3436666666666667,0.0,0.0,0.0,0.0,4.5092228,0.0,0.0,0.0,0.0,37.53022,0.0,0.34366667
2023-05-08 19:15:00+02:00,0.0,0.3670666666666666,0.0,0.0,0.0,0.0,4.4187842,0.0,0.0,0.0,0.0,37.53022,0.0,0.36706667
2023-05-08 19:30:00+02:00,0.0,0.9323333333333332,0.0,0.0,0.0,0.0,4.3221877,0.0,0.0,0.0,0.0,37.53022,0.0,0.93233333
2023-05-08 19:45:00+02:00,0.0,0.4072666666666666,0.0,0.0,0.0,0.0,4.0768368,0.0,0.0,0.0,0.0,37.53022,0.0,0.40726667
2023-05-08 20:00:00+02:00,0.0,0.4174,0.0,0.0,0.0,0.0,3.9696614,0.0,0.0,0.0,0.0,37.53022,0.0,0.4174
2023-05-08 20:15:00+02:00,0.0,0.3474,0.0,0.0,0.0,0.0,3.8598193,0.0,0.0,0.0,0.0,37.53022,0.0,0.3474
2023-05-08 20:30:00+02:00,0.0,0.4906,0.0,0.0,0.0,0.0,3.7683982,0.0,0.0,0.0,0.0,37.53022,0.0,0.4906
2023-05-08 20:45:00+02:00,0.0,0.4466666666666667,0.0,0.0,0.0,0.0,3.639293,0.0,0.0,0.0,0.0,37.53022,0.0,0.44666667
2023-05-08 21:00:00+02:00,0.0,0.5626666666666666,0.0,0.0,0.0,0.0,3.5217491,0.0,0.0,0.0,0.0,21.923370000000002,0.0,0.56266667
2023-05-08 21:15:00+02:00,0.0,0.5432,0.0,0.0,0.0,0.0,3.3736789,0.0,0.0,0.0,0.0,21.923370000000002,0.0,0.5432
2023-05-08 21:30:00+02:00,0.0,0.4118,0.0,0.0,0.0,0.0,3.2307316,0.0,0.0,0.0,0.0,21.923370000000002,0.0,0.4118
2023-05-08 21:45:00+02:00,0.0,0.4875333333333334,0.0,0.0,0.0,0.0,3.1223631,0.0,0.0,0.0,0.0,21.923370000000002,0.0,0.48753333
2023-05-08 22:00:00+02:00,0.0,0.4983999999999999,0.0,0.0,0.0,0.0,2.9940649,0.0,0.0,0.0,0.0,21.923370000000002,0.0,0.4984
2023-05-08 22:15:00+02:00,0.0,0.569,0.0,0.0,0.0,0.0,2.862907,0.0,0.0,0.0,0.0,21.923370000000002,0.0,0.569
2023-05-08 22:30:00+02:00,0.0,0.6638666666666667,0.0,0.0,0.0,0.0,2.7131702,0.0,0.0,0.0,0.0,21.923370000000002,0.0,0.66386667
2023-05-08 22:45:00+02:00,0.0,0.5527333333333333,0.0,0.0,0.0,0.0,2.5384684,0.0,0.0,0.0,0.0,21.923370000000002,0.0,0.55273333
2023-05-08 23:00:00+02:00,0.0,0.5833333333333334,0.0,0.0,0.0,0.0,2.3930123,0.0,0.0,0.0,0.0,21.923370000000002,0.0,0.58333333
2023-05-08 23:15:00+02:00,0.0,0.5006,0.0,0.0,0.0,0.0,2.2395035,0.0,0.0,0.0,0.0,21.923370000000002,0.0,0.5006
2023-05-08 23:30:00+02:00,0.0,0.3357333333333333,0.0,0.0,0.0,0.0,2.1077667,0.0,0.0,0.0,0.0,21.923370000000002,0.0,0.33573333
2023-05-08 23:45:00+02:00,0.0,0.3238666666666667,0.0,0.0,0.0,0.0,2.0194158,0.0,0.0,0.0,0.0,21.923370000000002,0.0,0.32386667
2023-05-09 00:00:00+02:00,0.0,0.2232666666666666,0.0,0.0,0.0,0.0,1.9341877,0.0,0.0,0.0,0.0,21.923370000000002,0.0,0.22326667
2023-05-09 00:15:00+02:00,0.0,0.3129333333333333,0.0,0.0,0.0,0.0,1.8754333,0.0,0.0,0.0,0.0,21.923370000000002,0.0,0.31293333
2023-05-09 00:30:00+02:00,0.0,0.2722666666666666,0.0,0.0,0.0,0.0,1.7930824,0.0,0.0,0.0,0.0,21.923370000000002,0.0,0.27226667
2023-05-09 00:45:00+02:00,0.0,0.2917333333333333,0.0,0.0,0.0,0.0,1.7214333,0.0,0.0,0.0,0.0,21.923370000000002,0.0,0.29173333
2023-05-09 01:00:00+02:00,0.0,0.3631999999999999,0.0,0.0,0.0,0.0,1.6446614,0.0,0.0,0.0,0.0,21.923370000000002,0.0,0.3632
2023-05-09 01:15:00+02:00,0.0,0.3722,0.0,0.0,0.0,0.0,1.5490824,0.0,0.0,0.0,0.0,21.923370000000002,0.0,0.3722
2023-05-09 01:30:00+02:00,0.0,0.4036666666666667,0.0,0.0,0.0,0.0,1.4511351,0.0,0.0,0.0,0.0,21.923370000000002,0.0,0.40366667
2023-05-09 01:45:00+02:00,0.0,0.3708,0.0,0.0,0.0,0.0,1.344907,0.0,0.0,0.0,0.0,21.923370000000002,0.0,0.3708
2023-05-09 02:00:00+02:00,0.0,0.3669333333333333,0.0,0.0,0.0,0.0,1.2473281,0.0,0.0,0.0,0.0,21.923370000000002,0.0,0.36693333
2023-05-09 02:15:00+02:00,0.0,0.3011333333333333,0.0,0.0,0.0,0.0,1.1507667,0.0,0.0,0.0,0.0,21.923370000000002,0.0,0.30113333
2023-05-09 02:30:00+02:00,0.0,0.2398666666666666,0.0,0.0,0.0,0.0,1.071521,0.0,0.0,0.0,0.0,21.923370000000002,0.0,0.23986667
2023-05-09 02:45:00+02:00,0.0,0.4258,0.0,0.0,0.0,0.0,1.0083982,0.0,0.0,0.0,0.0,21.923370000000002,0.0,0.4258
2023-05-09 03:00:00+02:00,0.0,0.3664,0.0,0.0,0.0,0.0,0.8963456,0.0,0.0,0.0,0.0,21.923370000000002,0.0,0.3664
2023-05-09 03:15:00+02:00,0.0,0.3266666666666666,0.0,0.0,0.0,0.0,0.79992455,0.0,0.0,0.0,0.0,21.923370000000002,0.0,0.32666667
2023-05-09 03:30:00+02:00,0.0,0.2874666666666666,0.0,0.0,0.0,0.0,0.71395964,0.0,0.0,0.0,0.0,21.923370000000002,0.0,0.28746667
2023-05-09 03:45:00+02:00,0.0,0.2133333333333333,0.0,0.0,0.0,0.0,0.63831051,0.0,0.0,0.0,0.0,21.923370000000002,0.0,0.21333333
2023-05-09 04:00:00+02:00,0.0,0.2674666666666666,0.0,0.0,0.0,0.0,0.58217016,0.0,0.0,0.0,0.0,21.923370000000002,0.0,0.26746667
2023-05-09 04:15:00+02:00,0.0,0.2524,0.0,0.0,0.0,0.0,0.5117842,0.0,0.0,0.0,0.0,21.923370000000002,0.0,0.2524
2023-05-09 04:30:00+02:00,0.0,0.5200666666666667,0.0,0.0,0.0,0.0,0.44536314,0.0,0.0,0.0,0.0,21.923370000000002,0.0,0.52006667
2023-05-09 04:45:00+02:00,0.0,0.4772,0.0,0.0,0.0,0.0,0.3085035,0.0,0.0,0.0,0.0,21.923370000000002,0.0,0.4772
2023-05-09 05:00:00+02:00,0.0,0.2165333333333333,0.0,0.0,0.0,0.0,0.18292455,0.0,0.0,0.0,0.0,21.923370000000002,0.0,0.21653333
2023-05-09 05:15:00+02:00,0.0,0.254,0.0,0.0,0.0,0.0,0.12594209,0.0,0.0,0.0,0.0,21.923370000000002,0.0,0.254
2023-05-09 05:30:00+02:00,0.0,0.1356,0.0092756501410907,0.0,0.0092756501,0.0092756501,0.059099987,0.0,0.0,0.0,0.0,21.923370000000002,0.0,0.12632435
2023-05-09 05:45:00+02:00,0.0,0.1546,0.0583913903780708,0.0,0.05839139,0.05839139,0.025856737,0.0,0.0,0.0,0.0,21.923370000000002,0.0,0.09620861
2023-05-09 06:00:00+02:00,0.0,0.1311999999999999,0.1291530099075622,0.0,0.12915301,0.12915301,0.0005386816,0.0,0.0,0.0,0.0,21.37954,0.0,0.0020469901
2023-05-09 06:15:00+02:00,0.0,0.1398666666666666,0.3461696647564597,0.0,0.34616966,0.13986667,0.0,0.206303,0.0,0.206303,0.0,21.37954,0.0,0.0
2023-05-09 06:30:00+02:00,0.0,0.1380666666666666,0.6089598311339892,0.0,0.60895983,0.13806667,0.0,0.47089316,0.0,0.47089316,0.0,21.37954,0.0,0.0
2023-05-09 06:45:00+02:00,0.0,0.117,0.5849144608995613,0.0,0.58491446,0.117,0.0,0.46791446,0.0,0.46791446,0.0,21.37954,0.0,0.0
2023-05-09 07:00:00+02:00,0.0,0.2707333333333333,1.1362149187070107,0.0,1.1362149,0.27073333,0.0,0.86548159,0.0,0.86548159,0.0,21.37954,0.0,0.0
2023-05-09 07:15:00+02:00,0.0,0.2275333333333333,2.7335768676857666,0.0,2.7335769,0.22753333,0.0,2.5060435,0.0,2.5060435,0.0,21.37954,0.0,0.0
2023-05-09 07:30:00+02:00,0.0,0.2565333333333333,3.1654034035875216,0.0,3.1654034,0.25653333,0.0,2.9088701,0.0,2.9088701,0.0,21.37954,0.0,0.0
2023-05-09 07:45:00+02:00,0.0,0.31,3.662512582181167,0.0,3.6625126,0.31,0.0,3.3525126,0.0,3.3525126,0.0,21.37954,0.0,0.0
2023-05-09 08:00:00+02:00,0.0,0.2526,2.364470877380464,2.1118709,0.2526,0.2526,0.0,0.0,0.0,0.0,0.0,21.37954,0.0,0.0
2023-05-09 08:15:00+02:00,0.0,0.2534,3.806575508855207,3.5531755,0.2534,0.2534,0.0,0.0,0.0,0.0,0.0,21.37954,0.0,0.0
2023-05-09 08:30:00+02:00,0.0,0.2125333333333333,5.023579958399632,4.8110466,0.21253333,0.21253333,0.0,0.0,0.0,0.0,0.0,21.37954,0.0,0.0
2023-05-09 08:45:00+02:00,0.0,0.1979333333333333,5.439178419484756,5.2412451,0.19793333,0.19793333,0.0,0.0,0.0,0.0,0.0,21.37954,0.0,0.0
2023-05-09 09:00:00+02:00,0.0,0.2090666666666666,5.836555134046401,5.6274885,0.20906667,0.20906667,0.0,0.0,0.0,0.0,0.0,21.37954,0.0,0.0
2023-05-09 09:15:00+02:00,0.0,1.3779333333333337,6.211288698008403,4.8333554,1.3779333,1.3779333,0.0,0.0,0.0,0.0,0.0,21.37954,0.0,0.0
2023-05-09 09:30:00+02:00,0.0,1.1278,6.64849772903584,5.5206977,1.1278,1.1278,0.0,0.0,0.0,0.0,0.0,21.37954,0.0,0.0
2023-05-09 09:45:00+02:00,0.0,0.4998666666666667,6.847920483438739,6.3480538,0.49986667,0.49986667,0.0,0.0,0.0,0.0,0.0,21.37954,0.0,0.0
2023-05-09 10:00:00+02:00,0.0,0.3626666666666667,6.594744462691656,6.2320778,0.36266667,0.36266667,0.0,0.0,0.0,0.0,0.0,21.37954,0.0,0.0
2023-05-09 10:15:00+02:00,0.0,0.6974666666666667,3.1356415394411963,2.4381749,0.69746667,0.69746667,0.0,0.0,0.0,0.0,0.0,21.37954,0.0,0.0
2023-05-09 10:30:00+02:00,0.0,0.4721333333333333,2.78287074341309,2.3107374,0.47213333,0.47213333,0.0,0.0,0.0,0.0,0.0,21.37954,0.0,0.0
2023-05-09 10:45:00+02:00,0.0,0.3158666666666667,3.210479119408217,2.8946125,0.31586667,0.31586667,0.0,0.0,0.0,0.0,0.0,21.37954,0.0,0.0
2023-05-09 11:00:00+02:00,0.0,0.3399333333333333,5.627408687365498,5.2874754,0.33993333,0.33993333,0.0,0.0,0.0,0.0,0.0,21.37954,0.0,0.0
2023-05-09 11:15:00+02:00,0.0,0.3970666666666667,8.688606040858996,8.2915394,0.39706667,0.39706667,0.0,0.0,0.0,0.0,0.0,21.37954,0.0,0.0
2023-05-09 11:30:00+02:00,0.0,0.3508666666666666,8.364182701859132,8.013316,0.35086667,0.35086667,0.0,0.0,0.0,0.0,0.0,21.37954,0.0,0.0
2023-05-09 11:45:00+02:00,0.0,0.3778666666666667,8.366552251205439,7.9886856,0.37786667,0.37786667,0.0,0.0,0.0,0.0,0.0,21.37954,0.0,0.0
2023-05-09 12:00:00+02:00,0.0,0.2404,8.858017695609337,8.6176177,0.2404,0.2404,0.0,0.0,0.0,0.0,0.0,21.37954,0.0,0.0
2023-05-09 12:15:00+02:00,0.0,0.2927333333333333,4.543531312161729,4.250798,0.29273333,0.29273333,0.0,0.0,0.0,0.0,0.0,21.37954,0.0,0.0
2023-05-09 12:30:00+02:00,0.0,0.9218666666666668,8.612756686200203,7.69089,0.92186667,0.92186667,0.0,0.0,0.0,0.0,0.0,21.37954,0.0,0.0
2023-05-09 12:45:00+02:00,0.0,2.4588,6.117416346946031,3.6586163,2.4588,2.4588,0.0,0.0,0.0,0.0,0.0,21.37954,0.0,0.0
2023-05-09 13:00:00+02:00,0.0,3.0086,9.77469215762436,6.7660922,3.0086,3.0086,0.0,0.0,0.0,0.0,0.0,21.37954,0.0,0.0
2023-05-09 13:15:00+02:00,0.0,1.6771333333333334,8.987842194870185,7.3107089,1.6771333,1.6771333,0.0,0.0,0.0,0.0,0.0,21.37954,0.0,0.0
2023-05-09 13:30:00+02:00,0.0,3.1536666666666666,8.824377652309023,5.670711,3.1536667,3.1536667,0.0,0.0,0.0,0.0,0.0,21.37954,0.0,0.0
2023-05-09 13:45:00+02:00,0.0,0.6204666666666667,6.607476185046095,5.9870095,0.62046667,0.62046667,0.0,0.0,0.0,0.0,0.0,21.37954,0.0,0.0
2023-05-09 14:00:00+02:00,0.0,0.4624,7.816873979035225,7.354474,0.4624,0.4624,0.0,0.0,0.0,0.0,0.0,21.37954,0.0,0.0
2023-05-09 14:15:00+02:00,0.0,0.9373333333333334,4.728601760278365,3.7912684,0.93733333,0.93733333,0.0,0.0,0.0,0.0,0.0,21.37954,0.0,0.0
2023-05-09 14:30:00+02:00,0.0,0.9813333333333334,6.071545781731779,5.0902124,0.98133333,0.98133333,0.0,0.0,0.0,0.0,0.0,21.37954,0.0,0.0
2023-05-09 14:45:00+02:00,0.0,0.6533333333333333,4.445250988304203,3.7919177,0.65333333,0.65333333,0.0,0.0,0.0,0.0,0.0,21.37954,0.0,0.0
2023-05-09 15:00:00+02:00,0.0,0.4844,5.191163308128424,4.7067633,0.4844,0.4844,0.0,0.0,0.0,0.0,0.0,21.37954,0.0,0.0
2023-05-09 15:15:00+02:00,0.0,0.6474666666666667,4.478993941751403,1.8116731,2.6673209,0.64746667,0.0,0.0,0.0,0.0,2.0198542,21.37954,2.0198542,0.0
2023-05-09 15:30:00+02:00,0.0,0.5836666666666667,6.473168880082848,0.88950221,5.5836667,0.58366667,0.47971537,0.0,0.0,0.0,5.0,21.37954,5.0,0.0
2023-05-09 15:45:00+02:00,0.0,0.4115333333333333,5.006000931385175,0.0,5.0060009,0.41153333,1.6672154,0.0,0.0,0.0,4.5944676,21.37954,4.5944676,0.0
2023-05-09 16:00:00+02:00,0.0,0.2028,2.4886028046470967,0.0,2.4886028,0.2028,2.7584014,0.0,0.0,0.0,2.2858028,21.37954,2.2858028,0.0
2023-05-09 16:15:00+02:00,0.0,0.1752666666666666,2.3048675076263767,0.0,2.3048675,0.17526667,3.3012796,0.0,0.0,0.0,2.1296008,21.37954,2.1296008,0.0
2023-05-09 16:30:00+02:00,0.0,0.1717333333333333,1.2311480230110954,0.0,1.231148,0.17173333,3.8070598,0.0,0.0,0.0,1.0594147,21.37954,1.0594147,0.0
2023-05-09 16:45:00+02:00,0.0,0.2102666666666666,1.6593985415629795,0.0,1.6593985,0.21026667,4.0586708,0.0,0.0,0.0,1.4491319,21.37954,1.4491319,0.0
2023-05-09 17:00:00+02:00,0.0,0.2212666666666666,2.0969200952120777,0.0,2.0969201,0.22126667,4.4028396,0.0,0.0,0.0,1.8756534,21.37954,1.8756534,0.0
2023-05-09 17:15:00+02:00,0.0,0.2054,1.2369305021033,0.0,1.2369305,0.2054,4.8483073,0.0,0.0,0.0,1.0315305,21.37954,1.0315305,0.0
2023-05-09 17:30:00+02:00,0.0,0.1758,0.8346656194447036,0.0,0.83466562,0.1758,5.0932958,0.0,0.0,0.0,0.65886562,21.37954,0.65886562,0.0
2023-05-09 17:45:00+02:00,0.0,0.1285333333333333,0.5859286991734868,0.0,0.5859287,0.12853333,5.2497764,0.0,0.0,0.0,0.45739537,21.37954,0.45739537,0.0
2023-05-09 18:00:00+02:00,0.0,0.1362,0.7205214731180773,0.0,0.72052147,0.1362,5.3584078,0.0,0.0,0.0,0.58432147,21.37954,0.58432147,0.0
2023-05-09 18:15:00+02:00,0.0,0.2138666666666666,0.3752933499496818,0.0,0.37529335,0.21386667,5.4971841,0.0,0.0,0.0,0.16142668,21.37954,0.16142668,0.0
2023-05-09 18:30:00+02:00,0.0,0.3506666666666667,0.071151958371713,0.0,0.071151958,0.071151958,5.535523,0.0,0.0,0.0,0.0,21.37954,0.0,0.27951471
2023-05-09 18:45:00+02:00,0.0,0.7835333333333333,0.0,0.0,0.0,0.0,5.4619665,0.0,0.0,0.0,0.0,21.37954,0.0,0.78353333
2023-05-09 19:00:00+02:00,0.0,0.7245333333333333,0.0,0.0,0.0,0.0,5.2557735,0.0,0.0,0.0,0.0,21.37954,0.0,0.72453333
2023-05-09 19:15:00+02:00,0.0,0.7484,0.0,0.0,0.0,0.0,5.0651068,0.0,0.0,0.0,0.0,21.37954,0.0,0.7484
2023-05-09 19:30:00+02:00,0.0,1.1943333333333332,0.0,0.0,0.0,0.0,4.8681594,0.0,0.0,0.0,0.0,21.37954,0.0,1.1943333
2023-05-09 19:45:00+02:00,0.0,1.0626,0.0,0.0,0.0,0.0,4.5538612,0.0,0.0,0.0,0.0,21.37954,0.0,1.0626
2023-05-09 20:00:00+02:00,0.0,1.0499333333333334,0.0,0.0,0.0,0.0,4.2742296,0.0,0.0,0.0,0.0,21.37954,0.0,1.0499333
2023-05-09 20:15:00+02:00,0.0,1.1524,0.0,0.0,0.0,0.0,3.9979314,0.0,0.0,0.0,0.0,21.37954,0.0,1.1524
2023-05-09 20:30:00+02:00,0.0,0.6207999999999999,0.0,0.0,0.0,0.0,3.6946682,0.0,0.0,0.0,0.0,21.37954,0.0,0.6208
2023-05-09 20:45:00+02:00,0.0,0.7087333333333333,0.0,0.0,0.0,0.0,3.5312998,0.0,0.0,0.0,0.0,21.37954,0.0,0.70873333
2023-05-09 21:00:00+02:00,0.0,1.0992666666666666,0.0,0.0,0.0,0.0,3.344791,0.0,0.0,0.0,0.0,17.66674,0.0,1.0992667
2023-05-09 21:15:00+02:00,0.0,1.0426,0.0,0.0,0.0,0.0,3.0555103,0.0,0.0,0.0,0.0,17.66674,0.0,1.0426
2023-05-09 21:30:00+02:00,0.0,0.7805333333333333,0.0,0.0,0.0,0.0,2.7811419,0.0,0.0,0.0,0.0,17.66674,0.0,0.78053333
2023-05-09 21:45:00+02:00,0.0,0.6654666666666667,0.0,0.0,0.0,0.0,2.5757384,0.0,0.0,0.0,0.0,17.66674,0.0,0.66546667
2023-05-09 22:00:00+02:00,0.0,0.4685333333333333,0.0,0.0,0.0,0.0,2.4006156,0.0,0.0,0.0,0.0,17.66674,0.0,0.46853333
2023-05-09 22:15:00+02:00,0.0,0.8377333333333333,0.0,0.0,0.0,0.0,2.2773173,0.0,0.0,0.0,0.0,17.66674,0.0,0.83773333
2023-05-09 22:30:00+02:00,0.0,0.6068,0.0,0.0,0.0,0.0,2.0568612,0.0,0.0,0.0,0.0,17.66674,0.0,0.6068
2023-05-09 22:45:00+02:00,0.0,0.6480666666666667,0.0,0.0,0.0,0.0,1.897177,0.0,0.0,0.0,0.0,17.66674,0.0,0.64806667
2023-05-09 23:00:00+02:00,0.0,0.589,0.0,0.0,0.0,0.0,1.7266331,0.0,0.0,0.0,0.0,17.66674,0.0,0.589
2023-05-09 23:15:00+02:00,0.0,0.7094666666666667,0.0,0.0,0.0,0.0,1.5716331,0.0,0.0,0.0,0.0,17.66674,0.0,0.70946667
2023-05-09 23:30:00+02:00,0.0,0.553,0.0,0.0,0.0,0.0,1.3849314,0.0,0.0,0.0,0.0,17.66674,0.0,0.553
2023-05-09 23:45:00+02:00,0.0,0.2647333333333334,0.0,0.0,0.0,0.0,1.2394051,0.0,0.0,0.0,0.0,17.66674,0.0,0.26473333
2023-05-10 00:00:00+02:00,0.0,0.2323333333333333,0.0,0.0,0.0,0.0,1.1697384,0.0,0.0,0.0,0.0,17.66674,0.0,0.23233333
2023-05-10 00:15:00+02:00,0.0,0.2549333333333333,0.0,0.0,0.0,0.0,1.108598,0.0,0.0,0.0,0.0,17.66674,0.0,0.25493333
2023-05-10 00:30:00+02:00,0.0,0.2296666666666666,0.0,0.0,0.0,0.0,1.0415103,0.0,0.0,0.0,0.0,17.66674,0.0,0.22966667
2023-05-10 00:45:00+02:00,0.0,0.1876,0.0,0.0,0.0,0.0,0.98107172,0.0,0.0,0.0,0.0,17.66674,0.0,0.1876
2023-05-10 01:00:00+02:00,0.0,0.2053333333333333,0.0,0.0,0.0,0.0,0.9317033,0.0,0.0,0.0,0.0,17.66674,0.0,0.20533333
2023-05-10 01:15:00+02:00,0.0,0.1728666666666666,0.0,0.0,0.0,0.0,0.87766821,0.0,0.0,0.0,0.0,17.66674,0.0,0.17286667
2023-05-10 01:30:00+02:00,0.0,0.2248,0.0,0.0,0.0,0.0,0.83217698,0.0,0.0,0.0,0.0,17.66674,0.0,0.2248
2023-05-10 01:45:00+02:00,0.0,0.2582666666666666,0.0,0.0,0.0,0.0,0.77301909,0.0,0.0,0.0,0.0,17.66674,0.0,0.25826667
2023-05-10 02:00:00+02:00,0.0,0.192,0.0,0.0,0.0,0.0,0.70505417,0.0,0.0,0.0,0.0,17.66674,0.0,0.192
2023-05-10 02:15:00+02:00,0.0,0.3570666666666666,0.0,0.0,0.0,0.0,0.65452786,0.0,0.0,0.0,0.0,17.66674,0.0,0.35706667
2023-05-10 02:30:00+02:00,0.0,0.1375333333333333,0.0,0.0,0.0,0.0,0.56056295,0.0,0.0,0.0,0.0,17.66674,0.0,0.13753333
2023-05-10 02:45:00+02:00,0.0,0.1618,0.0,0.0,0.0,0.0,0.52436996,0.0,0.0,0.0,0.0,17.66674,0.0,0.1618
2023-05-10 03:00:00+02:00,0.0,0.137,0.0,0.0,0.0,0.0,0.48179102,0.0,0.0,0.0,0.0,17.66674,0.0,0.137
2023-05-10 03:15:00+02:00,0.0,0.194,0.0,0.0,0.0,0.0,0.44573839,0.0,0.0,0.0,0.0,17.66674,0.0,0.194
2023-05-10 03:30:00+02:00,0.0,0.1862666666666667,0.0,0.0,0.0,0.0,0.39468575,0.0,0.0,0.0,0.0,17.66674,0.0,0.18626667
2023-05-10 03:45:00+02:00,0.0,0.1678666666666666,0.0,0.0,0.0,0.0,0.34566821,0.0,0.0,0.0,0.0,17.66674,0.0,0.16786667
2023-05-10 04:00:00+02:00,0.0,0.2471333333333333,0.0,0.0,0.0,0.0,0.30149277,0.0,0.0,0.0,0.0,17.66674,0.0,0.24713333
2023-05-10 04:15:00+02:00,0.0,0.2158666666666666,0.0,0.0,0.0,0.0,0.23645768,0.0,0.0,0.0,0.0,17.66674,0.0,0.21586667
2023-05-10 04:30:00+02:00,0.0,0.1661333333333333,0.0,0.0,0.0,0.0,0.17965067,0.0,0.0,0.0,0.0,17.66674,0.0,0.16613333
2023-05-10 04:45:00+02:00,0.0,0.1423333333333333,0.0,0.0,0.0,0.0,0.13593137,0.0,0.0,0.0,0.0,17.66674,0.0,0.14233333
2023-05-10 05:00:00+02:00,0.0,0.1263333333333333,0.0,0.0,0.0,0.0,0.098475228,0.0,0.0,0.0,0.0,17.66674,0.0,0.12633333
2023-05-10 05:15:00+02:00,0.0,0.1502,0.0,0.0,0.0,0.0,0.065229614,0.0,0.0,0.0,0.0,17.66674,0.0,0.1502
2023-05-10 05:30:00+02:00,0.0,0.1384,0.0420783259987205,0.0,0.042078326,0.042078326,0.025703298,0.0,0.0,0.0,0.0,17.66674,0.0,0.096321674
2023-05-10 05:45:00+02:00,0.0,0.1864666666666666,0.1851158093623066,0.0,0.18511581,0.18511581,0.00035548876,0.0,0.0,0.0,0.0,17.66674,0.0,0.0013508573
2023-05-10 06:00:00+02:00,0.0,0.2214666666666666,0.3147141881845599,0.0,0.31471419,0.22146667,0.0,0.093247522,0.0,0.093247522,0.0,39.151,0.0,0.0
2023-05-10 06:15:00+02:00,0.0,0.2704,0.6613279419209018,0.0,0.66132794,0.2704,0.0,0.39092794,0.0,0.39092794,0.0,39.151,0.0,0.0
2023-05-10 06:30:00+02:00,0.0,0.3428666666666666,1.0582601601619763,0.0,1.0582602,0.34286667,0.0,0.71539349,0.0,0.71539349,0.0,39.151,0.0,0.0
2023-05-10 06:45:00+02:00,0.0,0.9458,1.6224598395438865,0.67665984,0.9458,0.9458,0.0,0.0,0.0,0.0,0.0,39.151,0.0,0.0
2023-05-10 07:00:00+02:00,0.0,0.5651333333333334,2.004384306409864,1.439251,0.56513333,0.56513333,0.0,0.0,0.0,0.0,0.0,39.151,0.0,0.0
2023-05-10 07:15:00+02:00,0.0,0.3532,1.583098192409218,0.0,1.5830982,0.3532,0.0,1.2298982,0.0,1.2298982,0.0,39.151,0.0,0.0
2023-05-10 07:30:00+02:00,0.0,0.8894666666666667,1.7269588330158223,0.0,1.7269588,0.88946667,0.0,0.83749217,0.0,0.83749217,0.0,39.151,0.0,0.0
2023-05-10 07:45:00+02:00,0.0,1.454,2.8530183174607395,0.0,2.8530183,1.454,0.0,1.3990183,0.0,1.3990183,0.0,39.151,0.0,0.0
2023-05-10 08:00:00+02:00,0.0,1.7982,3.801537971289326,0.0,3.801538,1.7982,0.0,2.003338,0.0,2.003338,0.0,39.151,0.0,0.0
2023-05-10 08:15:00+02:00,0.0,0.4693333333333333,4.330487370719992,0.0,4.3304874,0.46933333,0.0,3.861154,0.0,3.861154,0.0,39.151,0.0,0.0
2023-05-10 08:30:00+02:00,0.0,0.3256,3.669580469557641,0.0,3.6695805,0.3256,0.0,3.3439805,0.0,3.3439805,0.0,39.151,0.0,0.0
2023-05-10 08:45:00+02:00,0.0,0.7474666666666667,4.890533048588681,0.0,4.890533,0.74746667,0.0,4.1430664,0.0,4.1430664,0.0,39.151,0.0,0.0
2023-05-10 09:00:00+02:00,0.0,0.6788,3.588929466132024,2.9101295,0.6788,0.6788,0.0,0.0,0.0,0.0,0.0,39.151,0.0,0.0
2023-05-10 09:15:00+02:00,0.0,1.8824666666666667,4.894598322206874,0.0,4.8945983,1.8824667,0.0,3.0121317,0.0,3.0121317,0.0,39.151,0.0,0.0
2023-05-10 09:30:00+02:00,0.0,0.9981333333333332,3.107350282301743,0.0,3.1073503,0.99813333,0.0,2.1092169,0.0,2.1092169,0.0,39.151,0.0,0.0
2023-05-10 09:45:00+02:00,0.0,0.3528666666666666,3.08362757475822,0.0,3.0836276,0.35286667,0.0,2.7307609,0.0,2.7307609,0.0,39.151,0.0,0.0
2023-05-10 10:00:00+02:00,0.0,0.3137333333333333,3.398357329074972,3.084624,0.31373333,0.31373333,0.0,0.0,0.0,0.0,0.0,39.151,0.0,0.0
2023-05-10 10:15:00+02:00,0.0,0.5609333333333333,3.373913615550776,0.0,3.3739136,0.56093333,0.0,2.8129803,0.0,2.8129803,0.0,39.151,0.0,0.0
2023-05-10 10:30:00+02:00,0.0,0.4255333333333334,3.06608215799314,0.0,3.0660822,0.42553333,0.0,2.6405488,0.0,2.6405488,0.0,39.151,0.0,0.0
2023-05-10 10:45:00+02:00,0.0,0.3697333333333333,3.661065782284772,0.0,3.6610658,0.36973333,0.0,3.2913324,0.0,3.2913324,0.0,39.151,0.0,0.0
2023-05-10 11:00:00+02:00,0.0,0.2684666666666666,3.0800687832657387,0.0,3.0800688,0.26846667,0.0,2.8116021,0.0,2.8116021,0.0,39.151,0.0,0.0
2023-05-10 11:15:00+02:00,0.0,0.2579333333333333,4.822889247061019,0.0,4.8228892,0.25793333,0.0,4.5649559,0.0,4.5649559,0.0,39.151,0.0,0.0
2023-05-10 11:30:00+02:00,0.0,0.3104666666666666,3.6170260350873487,3.3065594,0.31046667,0.31046667,0.0,0.0,0.0,0.0,0.0,39.151,0.0,0.0
2023-05-10 11:45:00+02:00,0.0,0.3330666666666667,3.2306286781105102,2.897562,0.33306667,0.33306667,0.0,0.0,0.0,0.0,0.0,39.151,0.0,0.0
2023-05-10 12:00:00+02:00,0.0,0.3682666666666666,3.017015614220419,2.6487489,0.36826667,0.36826667,0.0,0.0,0.0,0.0,0.0,39.151,0.0,0.0
2023-05-10 12:15:00+02:00,0.0,0.364,2.583742148510498,0.0,2.5837421,0.364,0.0,2.2197421,0.0,2.2197421,0.0,39.151,0.0,0.0
2023-05-10 12:30:00+02:00,0.0,0.7974666666666667,2.687463133685221,0.0,2.6874631,0.79746667,0.0,1.8899965,0.0,1.8899965,0.0,39.151,0.0,0.0
2023-05-10 12:45:00+02:00,0.0,0.8435333333333334,3.796118872717269,0.10849502,3.6876239,0.84353333,0.0,2.8440905,0.0,2.8440905,0.0,39.151,0.0,0.0
2023-05-10 13:00:00+02:00,0.0,0.5067333333333334,2.517964128005328,0.0,2.5179641,0.50673333,0.0,2.0112308,0.0,2.0112308,0.0,39.151,0.0,0.0
2023-05-10 13:15:00+02:00,0.0,0.258,2.065685674391993,0.0,2.0656857,0.258,0.0,1.8076857,0.0,1.8076857,0.0,39.151,0.0,0.0
2023-05-10 13:30:00+02:00,0.0,0.2169333333333333,3.011329390584426,0.0,3.0113294,0.21693333,0.0,2.7943961,0.0,2.7943961,0.0,39.151,0.0,0.0
2023-05-10 13:45:00+02:00,0.0,0.2115999999999999,2.6291598672565764,0.0,2.6291599,0.2116,0.0,2.4175599,0.0,2.4175599,0.0,39.151,0.0,0.0
2023-05-10 14:00:00+02:00,0.0,0.3058,2.7984515785276547,0.0,2.7984516,0.3058,0.0,2.4926516,0.0,2.4926516,0.0,39.151,0.0,0.0
2023-05-10 14:15:00+02:00,0.0,0.4788,3.736097557580388,0.0,3.7360976,0.4788,0.0,3.2572976,0.0,3.2572976,0.0,39.151,0.0,0.0
2023-05-10 14:30:00+02:00,0.0,0.4652,4.495689399727721,0.0,4.4956894,0.4652,0.0,4.0304894,0.0,4.0304894,0.0,39.151,0.0,0.0
2023-05-10 14:45:00+02:00,0.0,0.4482666666666666,4.349712240325328,0.0,4.3497122,0.44826667,0.0,3.9014456,0.0,3.9014456,0.0,39.151,0.0,0.0
2023-05-10 15:00:00+02:00,0.0,0.4619333333333333,6.091683291846141,0.0,6.0916833,0.46193333,0.0,5.62975,0.0,5.62975,0.0,39.151,0.0,0.0
2023-05-10 15:15:00+02:00,0.0,0.4683333333333333,5.879904743420954,0.41157141,5.4683333,0.46833333,0.0,0.0,0.0,0.0,5.0,39.151,5.0,0.0
2023-05-10 15:30:00+02:00,0.0,0.4536666666666666,5.400139651834168,0.0,5.4001397,0.45366667,1.1875,1.7724977,0.0,1.7724977,3.1739753,39.151,3.1739753,0.0
2023-05-10 15:45:00+02:00,0.0,0.5799333333333333,5.002978088099858,0.0,5.0029781,0.57993333,1.9413191,0.0,0.0,0.0,4.4230448,39.151,4.4230448,0.0
2023-05-10 16:00:00+02:00,0.0,0.4856666666666667,4.7499567640572735,0.0,4.7499568,0.48566667,2.9917923,0.0,0.0,0.0,4.2642901,39.151,4.2642901,0.0
2023-05-10 16:15:00+02:00,0.0,0.4621333333333333,4.587785939821479,0.0,4.5877859,0.46213333,4.0045612,0.0,0.0,0.0,4.1256526,39.151,4.1256526,0.0
2023-05-10 16:30:00+02:00,0.0,0.4228,2.516253468861235,0.0,2.5162535,0.4228,4.9844037,0.0,0.0,0.0,2.0934535,39.151,2.0934535,0.0
2023-05-10 16:45:00+02:00,0.0,0.5608666666666666,1.5279031564550145,0.0,1.5279032,0.56086667,5.4815989,0.0,0.0,0.0,0.96703649,39.151,0.96703649,0.0
2023-05-10 17:00:00+02:00,0.0,1.3745999999999998,1.5507162589249823,0.0,1.5507163,1.3746,5.71127,0.0,0.0,0.0,0.17611626,39.151,0.17611626,0.0
2023-05-10 17:15:00+02:00,0.0,0.6122000000000001,1.017246446918865,0.0,1.0172464,0.6122,5.7530976,0.0,0.0,0.0,0.40504645,39.151,0.40504645,0.0
2023-05-10 17:30:00+02:00,0.0,0.4701333333333333,1.437941569414941,0.0,1.4379416,0.47013333,5.8492962,0.0,0.0,0.0,0.96780824,39.151,0.96780824,0.0
2023-05-10 17:45:00+02:00,0.0,0.514,1.0577178872710933,0.0,1.0577179,0.514,6.0791506,0.0,0.0,0.0,0.54371789,39.151,0.54371789,0.0
2023-05-10 18:00:00+02:00,0.0,0.5274,0.8328793601135775,0.0,0.83287936,0.5274,6.2082836,0.0,0.0,0.0,0.30547936,39.151,0.30547936,0.0
2023-05-10 18:15:00+02:00,0.0,0.5198666666666667,0.6011143922489897,0.0,0.60111439,0.51986667,6.280835,0.0,0.0,0.0,0.081247726,39.151,0.081247726,0.0
2023-05-10 18:30:00+02:00,0.0,0.4046,0.0805810873076353,0.0,0.080581087,0.080581087,6.3001313,0.0,0.0,0.0,0.0,39.151,0.0,0.32401891
2023-05-10 18:45:00+02:00,0.0,0.3761333333333333,0.0,0.0,0.0,0.0,6.2148632,0.0,0.0,0.0,0.0,39.151,0.0,0.37613333
2023-05-10 19:00:00+02:00,0.0,0.3485333333333333,0.0,0.0,0.0,0.0,6.1158807,0.0,0.0,0.0,0.0,39.151,0.0,0.34853333
2023-05-10 19:15:00+02:00,0.0,0.3325333333333333,0.0,0.0,0.0,0.0,6.0241614,0.0,0.0,0.0,0.0,39.151,0.0,0.33253333
2023-05-10 19:30:00+02:00,0.0,1.4602666666666666,0.0,0.0,0.0,0.0,5.9366526,0.0,0.0,0.0,0.0,39.151,0.0,1.4602667
2023-05-10 19:45:00+02:00,0.0,1.7148,0.0,0.0,0.0,0.0,5.5523719,0.0,0.0,0.0,0.0,39.151,0.0,1.7148
2023-05-10 20:00:00+02:00,0.0,1.0378666666666665,0.0,0.0,0.0,0.0,5.1011088,0.0,0.0,0.0,0.0,39.151,0.0,1.0378667
2023-05-10 20:15:00+02:00,0.0,0.6199333333333332,0.0,0.0,0.0,0.0,4.827986,0.0,0.0,0.0,0.0,39.151,0.0,0.61993333
2023-05-10 20:30:00+02:00,0.0,0.5644666666666667,0.0,0.0,0.0,0.0,4.6648456,0.0,0.0,0.0,0.0,39.151,0.0,0.56446667
2023-05-10 20:45:00+02:00,0.0,0.6632,0.0,0.0,0.0,0.0,4.5163018,0.0,0.0,0.0,0.0,39.151,0.0,0.6632
2023-05-10 21:00:00+02:00,0.0,0.6579333333333333,0.0,0.0,0.0,0.0,4.3417754,0.0,0.0,0.0,0.0,21.02611,0.0,0.65793333
2023-05-10 21:15:00+02:00,0.0,0.7565333333333333,0.0,0.0,0.0,0.0,4.1686351,0.0,0.0,0.0,0.0,21.02611,0.0,0.75653333
2023-05-10 21:30:00+02:00,0.0,0.8985333333333333,0.0,0.0,0.0,0.0,3.9695474,0.0,0.0,0.0,0.0,21.02611,0.0,0.89853333
2023-05-10 21:45:00+02:00,0.0,0.7489333333333332,0.0,0.0,0.0,0.0,3.7330912,0.0,0.0,0.0,0.0,21.02611,0.0,0.74893333
2023-05-10 22:00:00+02:00,0.0,0.7938,0.0,0.0,0.0,0.0,3.5360035,0.0,0.0,0.0,0.0,21.02611,0.0,0.7938
2023-05-10 22:15:00+02:00,0.0,0.8111333333333334,0.0,0.0,0.0,0.0,3.3271088,0.0,0.0,0.0,0.0,21.02611,0.0,0.81113333
2023-05-10 22:30:00+02:00,0.0,0.8647333333333334,0.0,0.0,0.0,0.0,3.1136526,0.0,0.0,0.0,0.0,21.02611,0.0,0.86473333
2023-05-10 22:45:00+02:00,0.0,0.6300666666666668,0.0,0.0,0.0,0.0,2.8860912,0.0,0.0,0.0,0.0,21.02611,0.0,0.63006667
2023-05-10 23:00:00+02:00,0.0,0.5220666666666667,0.0,0.0,0.0,0.0,2.7202842,0.0,0.0,0.0,0.0,21.02611,0.0,0.52206667
2023-05-10 23:15:00+02:00,0.0,0.6004666666666667,0.0,0.0,0.0,0.0,2.5828983,0.0,0.0,0.0,0.0,21.02611,0.0,0.60046667
2023-05-10 23:30:00+02:00,0.0,0.5617333333333333,0.0,0.0,0.0,0.0,2.4248807,0.0,0.0,0.0,0.0,21.02611,0.0,0.56173333
2023-05-10 23:45:00+02:00,0.0,0.4936666666666667,0.0,0.0,0.0,0.0,2.2770561,0.0,0.0,0.0,0.0,21.02611,0.0,0.49366667
2023-05-11 00:00:00+02:00,0.0,0.3765333333333334,0.0,0.0,0.0,0.0,2.1471439,0.0,0.0,0.0,0.0,21.02611,0.0,0.37653333
2023-05-11 00:15:00+02:00,0.0,0.5115333333333334,0.0,0.0,0.0,0.0,2.0480561,0.0,0.0,0.0,0.0,21.02611,0.0,0.51153333
2023-05-11 00:30:00+02:00,0.0,0.3899333333333333,0.0,0.0,0.0,0.0,1.9134421,0.0,0.0,0.0,0.0,21.02611,0.0,0.38993333
2023-05-11 00:45:00+02:00,0.0,0.351,0.0,0.0,0.0,0.0,1.8108281,0.0,0.0,0.0,0.0,21.02611,0.0,0.351
2023-05-11 01:00:00+02:00,0.0,0.5956666666666667,0.0,0.0,0.0,0.0,1.7184597,0.0,0.0,0.0,0.0,21.02611,0.0,0.59566667
2023-05-11 01:15:00+02:00,0.0,0.4604666666666666,0.0,0.0,0.0,0.0,1.5617053,0.0,0.0,0.0,0.0,21.02611,0.0,0.46046667
2023-05-11 01:30:00+02:00,0.0,0.3075333333333334,0.0,0.0,0.0,0.0,1.4405298,0.0,0.0,0.0,0.0,21.02611,0.0,0.30753333
2023-05-11 01:45:00+02:00,0.0,0.2885333333333333,0.0,0.0,0.0,0.0,1.3596,0.0,0.0,0.0,0.0,21.02611,0.0,0.28853333
2023-05-11 02:00:00+02:00,0.0,0.2286666666666666,0.0,0.0,0.0,0.0,1.2836702,0.0,0.0,0.0,0.0,21.02611,0.0,0.22866667
2023-05-11 02:15:00+02:00,0.0,0.254,0.0,0.0,0.0,0.0,1.2234947,0.0,0.0,0.0,0.0,21.02611,0.0,0.254
2023-05-11 02:30:00+02:00,0.0,0.2450666666666666,0.0,0.0,0.0,0.0,1.1566526,0.0,0.0,0.0,0.0,21.02611,0.0,0.24506667
2023-05-11 02:45:00+02:00,0.0,0.2545333333333333,0.0,0.0,0.0,0.0,1.0921614,0.0,0.0,0.0,0.0,21.02611,0.0,0.25453333
2023-05-11 03:00:00+02:00,0.0,0.3124666666666666,0.0,0.0,0.0,0.0,1.025179,0.0,0.0,0.0,0.0,21.02611,0.0,0.31246667
2023-05-11 03:15:00+02:00,0.0,0.3196666666666667,0.0,0.0,0.0,0.0,0.94295089,0.0,0.0,0.0,0.0,21.02611,0.0,0.31966667
2023-05-11 03:30:00+02:00,0.0,0.3318,0.0,0.0,0.0,0.0,0.85882808,0.0,0.0,0.0,0.0,21.02611,0.0,0.3318
2023-05-11 03:45:00+02:00,0.0,0.2594666666666666,0.0,0.0,0.0,0.0,0.77151229,0.0,0.0,0.0,0.0,21.02611,0.0,0.25946667
2023-05-11 04:00:00+02:00,0.0,0.2440666666666666,0.0,0.0,0.0,0.0,0.70323159,0.0,0.0,0.0,0.0,21.02611,0.0,0.24406667
2023-05-11 04:15:00+02:00,0.0,0.2744666666666666,0.0,0.0,0.0,0.0,0.63900352,0.0,0.0,0.0,0.0,21.02611,0.0,0.27446667
2023-05-11 04:30:00+02:00,0.0,0.2429333333333333,0.0,0.0,0.0,0.0,0.56677545,0.0,0.0,0.0,0.0,21.02611,0.0,0.24293333
2023-05-11 04:45:00+02:00,0.0,0.2248666666666667,0.0,0.0,0.0,0.0,0.50284562,0.0,0.0,0.0,0.0,21.02611,0.0,0.22486667
2023-05-11 05:00:00+02:00,0.0,0.2828,0.0,0.0,0.0,0.0,0.44367018,0.0,0.0,0.0,0.0,21.02611,0.0,0.2828
2023-05-11 05:15:00+02:00,0.0,0.2524666666666667,0.0,0.0,0.0,0.0,0.36924913,0.0,0.0,0.0,0.0,21.02611,0.0,0.25246667
2023-05-11 05:30:00+02:00,0.0,0.3112666666666666,0.130331048086243,0.0,0.13033105,0.13033105,0.30281053,0.0,0.0,0.0,0.0,21.02611,0.0,0.18093562
2023-05-11 05:45:00+02:00,0.0,0.3528666666666666,0.1718015380271722,0.0,0.17180154,0.17180154,0.2551959,0.0,0.0,0.0,0.0,21.02611,0.0,0.18106513
2023-05-11 06:00:00+02:00,0.0,0.2378,0.2527827745255867,0.0,0.25278277,0.2378,0.20754718,0.0,0.0,0.0,0.014982775,26.551279999999995,0.014982775,0.0
2023-05-11 06:15:00+02:00,0.0,0.6336666666666666,0.4168672070594728,0.0,0.41686721,0.41686721,0.21110559,0.0,0.0,0.0,0.0,26.551279999999995,0.0,0.21679946
2023-05-11 06:30:00+02:00,0.0,1.1274666666666666,0.6270723928590617,0.0,0.62707239,0.62707239,0.1540531,0.0,0.0,0.0,0.0,26.551279999999995,0.0,0.50039427
2023-05-11 06:45:00+02:00,0.0,0.9074666666666666,0.8224591608036449,0.0,0.82245916,0.82245916,0.022370396,0.0,0.0,0.0,0.0,26.551279999999995,0.0,0.085007506
2023-05-11 07:00:00+02:00,0.0,0.5234666666666667,1.0340419460590973,0.0,1.0340419,0.52346667,0.0,0.51057528,0.0,0.51057528,0.0,26.551279999999995,0.0,0.0
2023-05-11 07:15:00+02:00,0.0,0.3074666666666666,1.2780958890300087,0.0,1.2780959,0.30746667,0.0,0.97062922,0.0,0.97062922,0.0,26.551279999999995,0.0,0.0
2023-05-11 07:30:00+02:00,0.0,0.5148666666666667,1.7487784899451648,0.0,1.7487785,0.51486667,0.0,1.2339118,0.0,1.2339118,0.0,26.551279999999995,0.0,0.0
2023-05-11 07:45:00+02:00,0.0,0.5460666666666667,1.6428562441546308,0.0,1.6428562,0.54606667,0.0,1.0967896,0.0,1.0967896,0.0,26.551279999999995,0.0,0.0
2023-05-11 08:00:00+02:00,0.0,0.4685333333333333,1.4063760337449125,0.9378427,0.46853333,0.46853333,0.0,0.0,0.0,0.0,0.0,26.551279999999995,0.0,0.0
2023-05-11 08:15:00+02:00,0.0,0.3702,1.4146571555888976,1.0444572,0.3702,0.3702,0.0,0.0,0.0,0.0,0.0,26.551279999999995,0.0,0.0
2023-05-11 08:30:00+02:00,0.0,0.4452,1.4119036756393726,0.96670368,0.4452,0.4452,0.0,0.0,0.0,0.0,0.0,26.551279999999995,0.0,0.0
2023-05-11 08:45:00+02:00,0.0,0.3766666666666667,4.752919588633708,4.3762529,0.37666667,0.37666667,0.0,0.0,0.0,0.0,0.0,26.551279999999995,0.0,0.0
2023-05-11 09:00:00+02:00,0.0,0.4049333333333333,5.8574056547437605,5.4524723,0.40493333,0.40493333,0.0,0.0,0.0,0.0,0.0,26.551279999999995,0.0,0.0
2023-05-11 09:15:00+02:00,0.0,0.6354,5.794354330916864,5.1589543,0.6354,0.6354,0.0,0.0,0.0,0.0,0.0,26.551279999999995,0.0,0.0
2023-05-11 09:30:00+02:00,0.0,0.6150666666666668,6.369060583374536,5.7539939,0.61506667,0.61506667,0.0,0.0,0.0,0.0,0.0,26.551279999999995,0.0,0.0
2023-05-11 09:45:00+02:00,0.0,0.2941333333333333,6.746487870181355,6.4523545,0.29413333,0.29413333,0.0,0.0,0.0,0.0,0.0,26.551279999999995,0.0,0.0
2023-05-11 10:00:00+02:00,0.0,0.3468666666666666,7.27300479481962,6.9261381,0.34686667,0.34686667,0.0,0.0,0.0,0.0,0.0,26.551279999999995,0.0,0.0
2023-05-11 10:15:00+02:00,0.0,0.4064,7.452324225855579,7.0459242,0.4064,0.4064,0.0,0.0,0.0,0.0,0.0,26.551279999999995,0.0,0.0
2023-05-11 10:30:00+02:00,0.0,0.328,6.404047460838687,6.0760475,0.328,0.328,0.0,0.0,0.0,0.0,0.0,26.551279999999995,0.0,0.0
2023-05-11 10:45:00+02:00,0.0,0.3654666666666666,5.589014766238364,5.2235481,0.36546667,0.36546667,0.0,0.0,0.0,0.0,0.0,26.551279999999995,0.0,0.0
2023-05-11 11:00:00+02:00,0.0,0.4802666666666667,5.853168536590065,5.3729019,0.48026667,0.48026667,0.0,0.0,0.0,0.0,0.0,26.551279999999995,0.0,0.0
2023-05-11 11:15:00+02:00,0.0,0.4013333333333333,4.853532059401754,4.4521987,0.40133333,0.40133333,0.0,0.0,0.0,0.0,0.0,26.551279999999995,0.0,0.0
2023-05-11 11:30:00+02:00,0.0,0.4782,5.251736650319208,4.7735367,0.4782,0.4782,0.0,0.0,0.0,0.0,0.0,26.551279999999995,0.0,0.0
2023-05-11 11:45:00+02:00,0.0,0.4682666666666666,8.061518680895253,7.593252,0.46826667,0.46826667,0.0,0.0,0.0,0.0,0.0,26.551279999999995,0.0,0.0
2023-05-11 12:00:00+02:00,0.0,0.439,7.831038243702063,7.3920382,0.439,0.439,0.0,0.0,0.0,0.0,0.0,26.551279999999995,0.0,0.0
2023-05-11 12:15:00+02:00,0.0,0.3569333333333333,8.508212049850806,8.1512787,0.35693333,0.35693333,0.0,0.0,0.0,0.0,0.0,26.551279999999995,0.0,0.0
2023-05-11 12:30:00+02:00,0.0,0.6988,8.796983304133146,8.0981833,0.6988,0.6988,0.0,0.0,0.0,0.0,0.0,26.551279999999995,0.0,0.0
2023-05-11 12:45:00+02:00,0.0,0.7336,8.643248859104812,7.9096489,0.7336,0.7336,0.0,0.0,0.0,0.0,0.0,26.551279999999995,0.0,0.0
2023-05-11 13:00:00+02:00,0.0,0.3932666666666666,8.565698583212404,8.1724319,0.39326667,0.39326667,0.0,0.0,0.0,0.0,0.0,26.551279999999995,0.0,0.0
2023-05-11 13:15:00+02:00,0.0,0.6157999999999999,8.52700981266809,7.9112098,0.6158,0.6158,0.0,0.0,0.0,0.0,0.0,26.551279999999995,0.0,0.0
2023-05-11 13:30:00+02:00,0.0,0.5942000000000001,8.399537301682772,7.8053373,0.5942,0.5942,0.0,0.0,0.0,0.0,0.0,26.551279999999995,0.0,0.0
2023-05-11 13:45:00+02:00,0.0,0.5862666666666666,8.220817645236341,7.634551,0.58626667,0.58626667,0.0,0.0,0.0,0.0,0.0,26.551279999999995,0.0,0.0
2023-05-11 14:00:00+02:00,0.0,0.6843333333333333,8.016662661947231,7.3323293,0.68433333,0.68433333,0.0,0.0,0.0,0.0,0.0,26.551279999999995,0.0,0.0
2023-05-11 14:15:00+02:00,0.0,0.6696666666666666,7.716444803565359,7.0467781,0.66966667,0.66966667,0.0,0.0,0.0,0.0,0.0,26.551279999999995,0.0,0.0
2023-05-11 14:30:00+02:00,0.0,0.9180666666666668,7.327752123637536,6.4096855,0.91806667,0.91806667,0.0,0.0,0.0,0.0,0.0,26.551279999999995,0.0,0.0
2023-05-11 14:45:00+02:00,0.0,0.4921999999999999,6.985090906578345,6.4928909,0.4922,0.4922,0.0,0.0,0.0,0.0,0.0,26.551279999999995,0.0,0.0
2023-05-11 15:00:00+02:00,0.0,2.397866666666667,6.877985128317797,4.4801185,2.3978667,2.3978667,0.0,0.0,0.0,0.0,0.0,26.551279999999995,0.0,0.0
2023-05-11 15:15:00+02:00,0.0,3.260733333333333,5.540615293962098,2.279882,3.2607333,3.2607333,0.0,0.0,0.0,0.0,0.0,26.551279999999995,0.0,0.0
2023-05-11 15:30:00+02:00,0.0,0.905,6.080021088099112,1.9093013,4.1707198,0.905,0.0,0.0,0.0,0.0,3.2657198,26.551279999999995,3.2657198,0.0
2023-05-11 15:45:00+02:00,0.0,0.5966,5.569097919816327,0.0,5.5690979,0.5966,0.77560846,0.0,0.0,0.0,4.9724979,26.551279999999995,4.9724979,0.0
2023-05-11 16:00:00+02:00,0.0,0.7794,4.530675097563962,0.0,4.5306751,0.7794,1.9565767,3.7512751,0.0,3.7512751,0.0,26.551279999999995,0.0,0.0
2023-05-11 16:15:00+02:00,0.0,0.5097333333333334,3.084330325117459,0.0,3.0843303,0.50973333,1.9565767,0.0,0.0,0.0,2.574597,26.551279999999995,2.574597,0.0
2023-05-11 16:30:00+02:00,0.0,0.6848,3.585186856397561,0.0,3.5851869,0.6848,2.5680435,0.0,0.0,0.0,2.9003869,26.551279999999995,2.9003869,0.0
2023-05-11 16:45:00+02:00,0.0,0.618,2.5052375193855614,0.0,2.5052375,0.618,3.2568854,0.0,0.0,0.0,1.8872375,26.551279999999995,1.8872375,0.0
2023-05-11 17:00:00+02:00,0.0,0.6498666666666667,2.0889345884285864,0.0,2.0889346,0.64986667,3.7051043,0.0,0.0,0.0,1.4390679,26.551279999999995,1.4390679,0.0
2023-05-11 17:15:00+02:00,0.0,0.3812,1.3332188425597344,0.0,1.3332188,0.3812,4.0468829,0.0,0.0,0.0,0.95201884,26.551279999999995,0.95201884,0.0
2023-05-11 17:30:00+02:00,0.0,0.518,0.9028841111459662,0.0,0.90288411,0.518,4.2729874,0.0,0.0,0.0,0.38488411,26.551279999999995,0.38488411,0.0
2023-05-11 17:45:00+02:00,0.0,0.5910666666666667,0.9536787206062508,0.0,0.95367872,0.59106667,4.3643974,0.0,0.0,0.0,0.36261205,26.551279999999995,0.36261205,0.0
2023-05-11 18:00:00+02:00,0.0,0.5319333333333333,0.556970343357421,0.0,0.55697034,0.53193333,4.4505177,0.0,0.0,0.0,0.02503701,26.551279999999995,0.02503701,0.0
2023-05-11 18:15:00+02:00,0.0,0.5357333333333334,0.4104119698547159,0.0,0.41041197,0.41041197,4.456464,0.0,0.0,0.0,0.0,26.551279999999995,0.0,0.12532136
2023-05-11 18:30:00+02:00,0.0,0.3876666666666666,0.24468177196174,0.0,0.24468177,0.24468177,4.4234847,0.0,0.0,0.0,0.0,26.551279999999995,0.0,0.14298489
2023-05-11 18:45:00+02:00,0.0,0.7805333333333333,0.0539298345467407,0.0,0.053929835,0.053929835,4.3858571,0.0,0.0,0.0,0.0,26.551279999999995,0.0,0.7266035
2023-05-11 19:00:00+02:00,0.0,0.9476,0.0,0.0,0.0,0.0,4.1946457,0.0,0.0,0.0,0.0,26.551279999999995,0.0,0.9476
2023-05-11 19:15:00+02:00,0.0,0.4340666666666666,0.0,0.0,0.0,0.0,3.9452772,0.0,0.0,0.0,0.0,26.551279999999995,0.0,0.43406667
2023-05-11 19:30:00+02:00,0.0,0.4618,0.0,0.0,0.0,0.0,3.8310492,0.0,0.0,0.0,0.0,26.551279999999995,0.0,0.4618
2023-05-11 19:45:00+02:00,0.0,0.3900666666666667,0.0,0.0,0.0,0.0,3.7095229,0.0,0.0,0.0,0.0,26.551279999999995,0.0,0.39006667
2023-05-11 20:00:00+02:00,0.0,0.5406666666666666,0.0,0.0,0.0,0.0,3.6068737,0.0,0.0,0.0,0.0,26.551279999999995,0.0,0.54066667
2023-05-11 20:15:00+02:00,0.0,0.5818666666666666,0.0,0.0,0.0,0.0,3.464593,0.0,0.0,0.0,0.0,26.551279999999995,0.0,0.58186667
2023-05-11 20:30:00+02:00,0.0,0.3988666666666666,0.0,0.0,0.0,0.0,3.3114702,0.0,0.0,0.0,0.0,26.551279999999995,0.0,0.39886667
2023-05-11 20:45:00+02:00,0.0,0.6614,0.0,0.0,0.0,0.0,3.2065053,0.0,0.0,0.0,0.0,26.551279999999995,0.0,0.6614
2023-05-11 21:00:00+02:00,0.0,0.4796666666666667,0.0,0.0,0.0,0.0,3.0324527,0.0,0.0,0.0,0.0,18.040399999999998,0.0,0.47966667
2023-05-11 21:15:00+02:00,0.0,0.5373333333333333,0.0,0.0,0.0,0.0,2.9062246,0.0,0.0,0.0,0.0,18.040399999999998,0.0,0.53733333
2023-05-11 21:30:00+02:00,0.0,0.4798,0.0,0.0,0.0,0.0,2.7648211,0.0,0.0,0.0,0.0,18.040399999999998,0.0,0.4798
2023-05-11 21:45:00+02:00,0.0,0.6120666666666668,0.0,0.0,0.0,0.0,2.6385579,0.0,0.0,0.0,0.0,18.040399999999998,0.0,0.61206667
2023-05-11 22:00:00+02:00,0.0,0.5692666666666667,0.0,0.0,0.0,0.0,2.4774878,0.0,0.0,0.0,0.0,18.040399999999998,0.0,0.56926667
2023-05-11 22:15:00+02:00,0.0,0.2729333333333333,0.0,0.0,0.0,0.0,2.3276808,0.0,0.0,0.0,0.0,18.040399999999998,0.0,0.27293333
2023-05-11 22:30:00+02:00,0.0,0.4111333333333333,0.0,0.0,0.0,0.0,2.2558562,0.0,0.0,0.0,0.0,18.040399999999998,0.0,0.41113333
2023-05-11 22:45:00+02:00,0.0,0.3826,0.0,0.0,0.0,0.0,2.1476632,0.0,0.0,0.0,0.0,18.040399999999998,0.0,0.3826
2023-05-11 23:00:00+02:00,0.0,0.2354666666666666,0.0,0.0,0.0,0.0,2.046979,0.0,0.0,0.0,0.0,18.040399999999998,0.0,0.23546667
2023-05-11 23:15:00+02:00,0.0,0.2380666666666666,0.0,0.0,0.0,0.0,1.9850141,0.0,0.0,0.0,0.0,18.040399999999998,0.0,0.23806667
2023-05-11 23:30:00+02:00,0.0,0.3124666666666666,0.0,0.0,0.0,0.0,1.922365,0.0,0.0,0.0,0.0,18.040399999999998,0.0,0.31246667
2023-05-11 23:45:00+02:00,0.0,0.3655333333333334,0.0,0.0,0.0,0.0,1.8401369,0.0,0.0,0.0,0.0,18.040399999999998,0.0,0.36553333
2023-05-12 00:00:00+02:00,0.0,0.4398,0.0,0.0,0.0,0.0,1.7439439,0.0,0.0,0.0,0.0,18.040399999999998,0.0,0.4398
2023-05-12 00:15:00+02:00,0.0,0.3051333333333333,0.0,0.0,0.0,0.0,1.6282071,0.0,0.0,0.0,0.0,18.040399999999998,0.0,0.30513333
2023-05-12 00:30:00+02:00,0.0,0.2633333333333333,0.0,0.0,0.0,0.0,1.5479088,0.0,0.0,0.0,0.0,18.040399999999998,0.0,0.26333333
2023-05-12 00:45:00+02:00,0.0,0.2867333333333333,0.0,0.0,0.0,0.0,1.4786106,0.0,0.0,0.0,0.0,18.040399999999998,0.0,0.28673333
2023-05-12 01:00:00+02:00,0.0,0.2608666666666667,0.0,0.0,0.0,0.0,1.4031544,0.0,0.0,0.0,0.0,18.040399999999998,0.0,0.26086667
2023-05-12 01:15:00+02:00,0.0,0.3634666666666666,0.0,0.0,0.0,0.0,1.3345053,0.0,0.0,0.0,0.0,18.040399999999998,0.0,0.36346667
2023-05-12 01:30:00+02:00,0.0,0.2768666666666666,0.0,0.0,0.0,0.0,1.2388562,0.0,0.0,0.0,0.0,18.040399999999998,0.0,0.27686667
2023-05-12 01:45:00+02:00,0.0,0.2872,0.0,0.0,0.0,0.0,1.1659965,0.0,0.0,0.0,0.0,18.040399999999998,0.0,0.2872
2023-05-12 02:00:00+02:00,0.0,0.3086666666666667,0.0,0.0,0.0,0.0,1.0904176,0.0,0.0,0.0,0.0,18.040399999999998,0.0,0.30866667
2023-05-12 02:15:00+02:00,0.0,0.2899333333333333,0.0,0.0,0.0,0.0,1.0091895,0.0,0.0,0.0,0.0,18.040399999999998,0.0,0.28993333
2023-05-12 02:30:00+02:00,0.0,0.2390666666666666,0.0,0.0,0.0,0.0,0.93289128,0.0,0.0,0.0,0.0,18.040399999999998,0.0,0.23906667
2023-05-12 02:45:00+02:00,0.0,0.2955333333333333,0.0,0.0,0.0,0.0,0.869979,0.0,0.0,0.0,0.0,18.040399999999998,0.0,0.29553333
2023-05-12 03:00:00+02:00,0.0,0.2535333333333333,0.0,0.0,0.0,0.0,0.79220707,0.0,0.0,0.0,0.0,18.040399999999998,0.0,0.25353333
2023-05-12 03:15:00+02:00,0.0,0.2836,0.0,0.0,0.0,0.0,0.72548777,0.0,0.0,0.0,0.0,18.040399999999998,0.0,0.2836
2023-05-12 03:30:00+02:00,0.0,0.2834,0.0,0.0,0.0,0.0,0.65085619,0.0,0.0,0.0,0.0,18.040399999999998,0.0,0.2834
2023-05-12 03:45:00+02:00,0.0,0.3132,0.0,0.0,0.0,0.0,0.57627725,0.0,0.0,0.0,0.0,18.040399999999998,0.0,0.3132
2023-05-12 04:00:00+02:00,0.0,0.3281333333333333,0.0,0.0,0.0,0.0,0.49385619,0.0,0.0,0.0,0.0,18.040399999999998,0.0,0.32813333
2023-05-12 04:15:00+02:00,0.0,0.364,0.0,0.0,0.0,0.0,0.40750532,0.0,0.0,0.0,0.0,18.040399999999998,0.0,0.364
2023-05-12 04:30:00+02:00,0.0,0.3076666666666667,0.0,0.0,0.0,0.0,0.31171584,0.0,0.0,0.0,0.0,18.040399999999998,0.0,0.30766667
2023-05-12 04:45:00+02:00,0.0,0.2355333333333333,0.0,0.0,0.0,0.0,0.23075093,0.0,0.0,0.0,0.0,18.040399999999998,0.0,0.23553333
2023-05-12 05:00:00+02:00,0.0,0.2892666666666666,0.0,0.0,0.0,0.0,0.16876847,0.0,0.0,0.0,0.0,18.040399999999998,0.0,0.28926667
2023-05-12 05:15:00+02:00,0.0,0.2463333333333333,0.0,0.0,0.0,0.0,0.092645667,0.0,0.0,0.0,0.0,18.040399999999998,0.0,0.24633333
2023-05-12 05:30:00+02:00,0.0,0.2365333333333333,0.1308131321844804,0.0,0.13081313,0.13081313,0.027821106,0.0,0.0,0.0,0.0,18.040399999999998,0.0,0.1057202
2023-05-12 05:45:00+02:00,0.0,0.2946666666666667,0.3368594038810448,0.0,0.3368594,0.29466667,0.0,0.042192737,0.0,0.042192737,0.0,18.040399999999998,0.0,0.0
2023-05-12 06:00:00+02:00,0.0,0.2676,0.6246823946335102,0.0,0.62468239,0.2676,0.0,0.35708239,0.0,0.35708239,0.0,30.41164,0.0,0.0
2023-05-12 06:15:00+02:00,0.0,0.3589333333333333,0.9748546374935234,0.0,0.97485464,0.35893333,0.0,0.15500513,0.0,0.15500513,0.46091618,30.41164,0.46091618,0.0
2023-05-12 06:30:00+02:00,0.0,0.2631333333333333,1.393212462521198,0.0,1.3932125,0.26313333,0.10946759,0.0,0.0,0.0,1.1300791,30.41164,1.1300791,0.0
2023-05-12 06:45:00+02:00,0.0,3.293066666666667,1.8571934010487927,0.0,1.8571934,1.8571934,0.37786139,0.0,0.0,0.0,0.0,30.41164,0.0,1.4358733
2023-05-12 07:00:00+02:00,0.0,1.1255333333333333,2.337116020660858,0.0,2.337116,1.1255333,0.0,1.2115827,0.0,1.2115827,0.0,30.41164,0.0,0.0
2023-05-12 07:15:00+02:00,0.0,0.2224,2.799701285979072,0.0,2.7997013,0.2224,0.0,2.5773013,0.0,2.5773013,0.0,30.41164,0.0,0.0
2023-05-12 07:30:00+02:00,0.0,0.2387333333333333,3.315531513409184,0.0,3.3155315,0.23873333,0.0,3.0767982,0.0,3.0767982,0.0,30.41164,0.0,0.0
2023-05-12 07:45:00+02:00,0.0,0.1641999999999999,3.730788590541585,0.0,3.7307886,0.1642,0.0,3.5665886,0.0,3.5665886,0.0,30.41164,0.0,0.0
2023-05-12 08:00:00+02:00,0.0,0.2825333333333333,4.221753181156879,0.0,4.2217532,0.28253333,0.0,3.9392198,0.0,3.9392198,0.0,30.41164,0.0,0.0
2023-05-12 08:15:00+02:00,0.0,0.2809333333333333,4.707827753844263,4.4268944,0.28093333,0.28093333,0.0,0.0,0.0,0.0,0.0,30.41164,0.0,0.0
2023-05-12 08:30:00+02:00,0.0,0.293,5.136718570097207,4.8437186,0.293,0.293,0.0,0.0,0.0,0.0,0.0,30.41164,0.0,0.0
2023-05-12 08:45:00+02:00,0.0,0.1994,5.563365113383219,5.3639651,0.1994,0.1994,0.0,0.0,0.0,0.0,0.0,30.41164,0.0,0.0
2023-05-12 09:00:00+02:00,0.0,0.2164666666666666,5.96549260526748,5.7490259,0.21646667,0.21646667,0.0,0.0,0.0,0.0,0.0,30.41164,0.0,0.0
2023-05-12 09:15:00+02:00,0.0,0.2382,6.368840975428609,6.130641,0.2382,0.2382,0.0,0.0,0.0,0.0,0.0,30.41164,0.0,0.0
2023-05-12 09:30:00+02:00,0.0,0.2540666666666666,6.690935990693085,6.4368693,0.25406667,0.25406667,0.0,0.0,0.0,0.0,0.0,30.41164,0.0,0.0
2023-05-12 09:45:00+02:00,0.0,0.2639333333333333,6.810542014944138,6.5466087,0.26393333,0.26393333,0.0,0.0,0.0,0.0,0.0,30.41164,0.0,0.0
2023-05-12 10:00:00+02:00,0.0,0.2534666666666667,7.30487213065268,7.0514055,0.25346667,0.25346667,0.0,0.0,0.0,0.0,0.0,30.41164,0.0,0.0
2023-05-12 10:15:00+02:00,0.0,0.1983333333333333,7.601148094867328,7.4028148,0.19833333,0.19833333,0.0,0.0,0.0,0.0,0.0,30.41164,0.0,0.0
2023-05-12 10:30:00+02:00,0.0,0.1961999999999999,7.787934064444538,7.5917341,0.1962,0.1962,0.0,0.0,0.0,0.0,0.0,30.41164,0.0,0.0
2023-05-12 10:45:00+02:00,0.0,0.2838666666666666,7.990670945986267,7.7068043,0.28386667,0.28386667,0.0,0.0,0.0,0.0,0.0,30.41164,0.0,0.0
2023-05-12 11:00:00+02:00,0.0,0.277,8.186934931041119,7.9099349,0.277,0.277,0.0,0.0,0.0,0.0,0.0,30.41164,0.0,0.0
2023-05-12 11:15:00+02:00,0.0,0.3061999999999999,8.367122261463246,8.0609223,0.3062,0.3062,0.0,0.0,0.0,0.0,0.0,30.41164,0.0,0.0
2023-05-12 11:30:00+02:00,0.0,0.2958,8.712632972269947,8.416833,0.2958,0.2958,0.0,0.0,0.0,0.0,0.0,30.41164,0.0,0.0
2023-05-12 11:45:00+02:00,0.0,0.2024,9.112237623772522,8.9098376,0.2024,0.2024,0.0,0.0,0.0,0.0,0.0,30.41164,0.0,0.0
2023-05-12 12:00:00+02:00,0.0,0.2529333333333333,9.379036901336574,9.1261036,0.25293333,0.25293333,0.0,0.0,0.0,0.0,0.0,30.41164,0.0,0.0
2023-05-12 12:15:00+02:00,0.0,0.2364666666666666,9.33157554955038,9.0951089,0.23646667,0.23646667,0.0,0.0,0.0,0.0,0.0,30.41164,0.0,0.0
2023-05-12 12:30:00+02:00,0.0,0.2957333333333333,3.9915199396394576,3.6957866,0.29573333,0.29573333,0.0,0.0,0.0,0.0,0.0,30.41164,0.0,0.0
2023-05-12 12:45:00+02:00,0.0,0.3146,6.68889456805903,6.3742946,0.3146,0.3146,0.0,0.0,0.0,0.0,0.0,30.41164,0.0,0.0
2023-05-12 13:00:00+02:00,0.0,0.4162666666666667,6.5516763815294725,6.1354097,0.41626667,0.41626667,0.0,0.0,0.0,0.0,0.0,30.41164,0.0,0.0
2023-05-12 13:15:00+02:00,0.0,0.2546666666666666,6.20281420104426,5.9481475,0.25466667,0.25466667,0.0,0.0,0.0,0.0,0.0,30.41164,0.0,0.0
2023-05-12 13:30:00+02:00,0.0,0.5653333333333334,6.274573039573163,5.7092397,0.56533333,0.56533333,0.0,0.0,0.0,0.0,0.0,30.41164,0.0,0.0
2023-05-12 13:45:00+02:00,0.0,0.4144666666666666,5.578625507753025,5.1641588,0.41446667,0.41446667,0.0,0.0,0.0,0.0,0.0,30.41164,0.0,0.0
2023-05-12 14:00:00+02:00,0.0,0.3666,8.341737318522396,7.9751373,0.3666,0.3666,0.0,0.0,0.0,0.0,0.0,30.41164,0.0,0.0
2023-05-12 14:15:00+02:00,0.0,0.3552,7.977971745195735,2.6590448,5.318927,0.3552,0.0,0.0,0.0,0.0,4.963727,30.41164,4.963727,0.0
2023-05-12 14:30:00+02:00,0.0,0.4201333333333333,8.19797380077852,2.7778405,5.4201333,0.42013333,1.1788852,0.0,0.0,0.0,5.0,30.41164,5.0,0.0
2023-05-12 14:45:00+02:00,0.0,1.0644,5.963736082459519,0.0,5.9637361,1.0644,2.3663852,0.0,0.0,0.0,4.8993361,30.41164,4.8993361,0.0
2023-05-12 15:00:00+02:00,0.0,0.6350666666666667,3.613610305130498,0.0,3.6136103,0.63506667,3.5299775,0.0,0.0,0.0,2.9785436,30.41164,2.9785436,0.0
2023-05-12 15:15:00+02:00,0.0,0.2855333333333333,6.077714208054329,0.79218087,5.2855333,0.28553333,4.2373816,0.0,0.0,0.0,5.0,30.41164,5.0,0.0
2023-05-12 15:30:00+02:00,0.0,0.2076666666666666,4.591748576158258,0.0,4.5917486,0.20766667,5.4248816,0.0,0.0,0.0,4.3840819,30.41164,4.3840819,0.0
2023-05-12 15:45:00+02:00,0.0,0.3703333333333333,4.885455325963756,0.0,4.8854553,0.37033333,6.466101,0.0,0.0,0.0,4.515122,30.41164,4.515122,0.0
2023-05-12 16:00:00+02:00,0.0,0.6767333333333333,4.990135456753941,0.0,4.9901355,0.0,7.5384425,4.9901355,0.0,4.9901355,0.0,30.41164,0.0,0.67673333
2023-05-12 16:15:00+02:00,0.0,0.7756000000000001,3.9567826908240535,0.0,3.9567827,0.0,7.3603548,3.9567827,0.0,3.9567827,0.0,30.41164,0.0,0.7756
2023-05-12 16:30:00+02:00,0.0,0.3490666666666666,1.6654912155189945,0.0,1.6654912,0.0,7.1562495,1.6654912,0.0,1.6654912,0.0,30.41164,0.0,0.34906667
2023-05-12 16:45:00+02:00,0.0,0.498,3.048981380790931,0.0,3.0489814,0.0,7.0643899,3.0489814,0.0,3.0489814,0.0,30.41164,0.0,0.498
2023-05-12 17:00:00+02:00,0.0,0.3122,2.031767479094246,0.0,2.0317675,0.0,6.9333373,2.0317675,0.0,2.0317675,0.0,30.41164,0.0,0.3122
2023-05-12 17:15:00+02:00,0.0,0.3015333333333334,0.9719857343799796,0.0,0.97198573,0.0,6.8511794,0.97198573,0.0,0.97198573,0.0,30.41164,0.0,0.30153333
2023-05-12 17:30:00+02:00,0.0,0.309,1.2111574130673557,0.0,1.2111574,0.0,6.7718285,1.2111574,0.0,1.2111574,0.0,30.41164,0.0,0.309
2023-05-12 17:45:00+02:00,0.0,0.3193333333333333,0.8736039459321547,0.0,0.87360395,0.1698526,6.6905127,0.70375135,0.0,0.70375135,0.0,30.41164,0.0,0.14948073
2023-05-12 18:00:00+02:00,0.0,0.2858666666666666,0.522829678332366,0.0,0.52282968,0.28586667,6.6511757,0.23696301,0.0,0.23696301,0.0,30.41164,0.0,0.0
2023-05-12 18:15:00+02:00,0.0,0.4536666666666666,0.5526859177939509,0.0,0.55268592,0.45366667,6.6511757,0.099019251,0.0,0.099019251,0.0,30.41164,0.0,0.0
2023-05-12 18:30:00+02:00,0.0,0.4896,0.1881141064253738,0.0,0.18811411,0.18811411,6.6511757,0.0,0.0,0.0,0.0,30.41164,0.0,0.30148589
2023-05-12 18:45:00+02:00,0.0,0.5026666666666667,0.0,0.0,0.0,0.0,6.5718373,0.0,0.0,0.0,0.0,30.41164,0.0,0.50266667
2023-05-12 19:00:00+02:00,0.0,0.4222666666666667,0.0,0.0,0.0,0.0,6.4395566,0.0,0.0,0.0,0.0,30.41164,0.0,0.42226667
2023-05-12 19:15:00+02:00,0.0,0.5685333333333333,0.0,0.0,0.0,0.0,6.3284338,0.0,0.0,0.0,0.0,30.41164,0.0,0.56853333
2023-05-12 19:30:00+02:00,0.0,0.8842000000000001,0.0,0.0,0.0,0.0,6.1788197,0.0,0.0,0.0,0.0,30.41164,0.0,0.8842
2023-05-12 19:45:00+02:00,0.0,0.326,0.0,0.0,0.0,0.0,5.9461355,0.0,0.0,0.0,0.0,30.41164,0.0,0.326
2023-05-12 20:00:00+02:00,0.0,0.3638,0.0,0.0,0.0,0.0,5.860346,0.0,0.0,0.0,0.0,30.41164,0.0,0.3638
2023-05-12 20:15:00+02:00,0.0,0.4057333333333333,0.0,0.0,0.0,0.0,5.7646092,0.0,0.0,0.0,0.0,30.41164,0.0,0.40573333
2023-05-12 20:30:00+02:00,0.0,0.6768,0.0,0.0,0.0,0.0,5.6578373,0.0,0.0,0.0,0.0,30.41164,0.0,0.6768
2023-05-12 20:45:00+02:00,0.0,0.849,0.0,0.0,0.0,0.0,5.479732,0.0,0.0,0.0,0.0,30.41164,0.0,0.849
2023-05-12 21:00:00+02:00,0.0,1.0022,0.0,0.0,0.0,0.0,5.256311,0.0,0.0,0.0,0.0,22.782549999999997,0.0,1.0022
2023-05-12 21:15:00+02:00,0.0,0.9720666666666667,0.0,0.0,0.0,0.0,4.9925741,0.0,0.0,0.0,0.0,22.782549999999997,0.0,0.97206667
2023-05-12 21:30:00+02:00,0.0,0.7358666666666667,0.0,0.0,0.0,0.0,4.7367671,0.0,0.0,0.0,0.0,22.782549999999997,0.0,0.73586667
2023-05-12 21:45:00+02:00,0.0,0.7056666666666667,0.0,0.0,0.0,0.0,4.543118,0.0,0.0,0.0,0.0,22.782549999999997,0.0,0.70566667
2023-05-12 22:00:00+02:00,0.0,0.5718,0.0,0.0,0.0,0.0,4.3574162,0.0,0.0,0.0,0.0,22.782549999999997,0.0,0.5718
2023-05-12 22:15:00+02:00,0.0,0.6792666666666667,0.0,0.0,0.0,0.0,4.2069425,0.0,0.0,0.0,0.0,22.782549999999997,0.0,0.67926667
2023-05-12 22:30:00+02:00,0.0,0.3977333333333333,0.0,0.0,0.0,0.0,4.0281881,0.0,0.0,0.0,0.0,22.782549999999997,0.0,0.39773333
2023-05-12 22:45:00+02:00,0.0,0.5044,0.0,0.0,0.0,0.0,3.9235215,0.0,0.0,0.0,0.0,22.782549999999997,0.0,0.5044
2023-05-12 23:00:00+02:00,0.0,0.4555333333333333,0.0,0.0,0.0,0.0,3.7907846,0.0,0.0,0.0,0.0,22.782549999999997,0.0,0.45553333
2023-05-12 23:15:00+02:00,0.0,0.6300666666666668,0.0,0.0,0.0,0.0,3.6709074,0.0,0.0,0.0,0.0,22.782549999999997,0.0,0.63006667
2023-05-12 23:30:00+02:00,0.0,0.7190666666666667,0.0,0.0,0.0,0.0,3.5051004,0.0,0.0,0.0,0.0,22.782549999999997,0.0,0.71906667
2023-05-12 23:45:00+02:00,0.0,0.6996666666666667,0.0,0.0,0.0,0.0,3.3158724,0.0,0.0,0.0,0.0,22.782549999999997,0.0,0.69966667
2023-05-13 00:00:00+02:00,0.0,0.6016666666666667,0.0,0.0,0.0,0.0,3.1317495,0.0,0.0,0.0,0.0,22.782549999999997,0.0,0.60166667
2023-05-13 00:15:00+02:00,0.0,0.576,0.0,0.0,0.0,0.0,2.9734162,0.0,0.0,0.0,0.0,22.782549999999997,0.0,0.576
2023-05-13 00:30:00+02:00,0.0,0.7733333333333333,0.0,0.0,0.0,0.0,2.8218373,0.0,0.0,0.0,0.0,22.782549999999997,0.0,0.77333333
2023-05-13 00:45:00+02:00,0.0,0.6078,0.0,0.0,0.0,0.0,2.6183285,0.0,0.0,0.0,0.0,22.782549999999997,0.0,0.6078
2023-05-13 01:00:00+02:00,0.0,0.6424,0.0,0.0,0.0,0.0,2.4583811,0.0,0.0,0.0,0.0,22.782549999999997,0.0,0.6424
2023-05-13 01:15:00+02:00,0.0,0.6186,0.0,0.0,0.0,0.0,2.2893285,0.0,0.0,0.0,0.0,22.782549999999997,0.0,0.6186
2023-05-13 01:30:00+02:00,0.0,0.6258666666666667,0.0,0.0,0.0,0.0,2.126539,0.0,0.0,0.0,0.0,22.782549999999997,0.0,0.62586667
2023-05-13 01:45:00+02:00,0.0,0.3792,0.0,0.0,0.0,0.0,1.9618373,0.0,0.0,0.0,0.0,22.782549999999997,0.0,0.3792
2023-05-13 02:00:00+02:00,0.0,0.4175333333333333,0.0,0.0,0.0,0.0,1.8620478,0.0,0.0,0.0,0.0,22.782549999999997,0.0,0.41753333
2023-05-13 02:15:00+02:00,0.0,0.4478,0.0,0.0,0.0,0.0,1.7521706,0.0,0.0,0.0,0.0,22.782549999999997,0.0,0.4478
2023-05-13 02:30:00+02:00,0.0,0.3747333333333333,0.0,0.0,0.0,0.0,1.6343285,0.0,0.0,0.0,0.0,22.782549999999997,0.0,0.37473333
2023-05-13 02:45:00+02:00,0.0,0.2764,0.0,0.0,0.0,0.0,1.5357145,0.0,0.0,0.0,0.0,22.782549999999997,0.0,0.2764
2023-05-13 03:00:00+02:00,0.0,0.6812,0.0,0.0,0.0,0.0,1.4629776,0.0,0.0,0.0,0.0,22.782549999999997,0.0,0.6812
2023-05-13 03:15:00+02:00,0.0,1.3169333333333333,0.0,0.0,0.0,0.0,1.2837145,0.0,0.0,0.0,0.0,22.782549999999997,0.0,1.3169333
2023-05-13 03:30:00+02:00,0.0,1.209666666666667,0.0,0.0,0.0,0.0,0.93715306,0.0,0.0,0.0,0.0,22.782549999999997,0.0,1.2096667
2023-05-13 03:45:00+02:00,0.0,0.3275333333333333,0.0,0.0,0.0,0.0,0.61881972,0.0,0.0,0.0,0.0,22.782549999999997,0.0,0.32753333
2023-05-13 04:00:00+02:00,0.0,0.3526666666666667,0.0,0.0,0.0,0.0,0.53262674,0.0,0.0,0.0,0.0,22.782549999999997,0.0,0.35266667
2023-05-13 04:15:00+02:00,0.0,0.4056666666666667,0.0,0.0,0.0,0.0,0.43981972,0.0,0.0,0.0,0.0,22.782549999999997,0.0,0.40566667
2023-05-13 04:30:00+02:00,0.0,0.3834666666666666,0.0,0.0,0.0,0.0,0.33306534,0.0,0.0,0.0,0.0,22.782549999999997,0.0,0.38346667
2023-05-13 04:45:00+02:00,0.0,0.3098,0.0,0.0,0.0,0.0,0.23215306,0.0,0.0,0.0,0.0,22.782549999999997,0.0,0.3098
2023-05-13 05:00:00+02:00,0.0,0.2278666666666666,0.0,0.0,0.0,0.0,0.15062674,0.0,0.0,0.0,0.0,22.782549999999997,0.0,0.22786667
2023-05-13 05:15:00+02:00,0.0,0.2325333333333333,0.0,0.0,0.0,0.0,0.090661829,0.0,0.0,0.0,0.0,22.782549999999997,0.0,0.23253333
2023-05-13 05:30:00+02:00,0.0,0.2279333333333333,0.1159517179822535,0.0,0.11595172,0.11595172,0.029468846,0.0,0.0,0.0,0.0,22.782549999999997,0.0,0.11198162
2023-05-13 05:45:00+02:00,0.0,0.3006666666666667,0.3125491604480304,0.0,0.31254916,0.30066667,0.0,0.011882494,0.0,0.011882494,0.0,22.782549999999997,0.0,0.0
2023-05-13 06:00:00+02:00,0.0,0.2544666666666667,0.5778913419757357,0.0,0.57789134,0.25446667,0.0,0.32342468,0.0,0.32342468,0.0,34.536179999999995,0.0,0.0
2023-05-13 06:15:00+02:00,0.0,0.2562,0.9459625065421492,0.0,0.94596251,0.2562,0.0,0.68976251,0.0,0.68976251,0.0,34.536179999999995,0.0,0.0
2023-05-13 06:30:00+02:00,0.0,0.2540666666666666,1.3501976535399811,0.0,1.3501977,0.25406667,0.0,1.096131,0.0,1.096131,0.0,34.536179999999995,0.0,0.0
2023-05-13 06:45:00+02:00,0.0,0.258,1.7957356644659024,0.0,1.7957357,0.258,0.0,1.5377357,0.0,1.5377357,0.0,34.536179999999995,0.0,0.0
2023-05-13 07:00:00+02:00,0.0,0.3655333333333334,2.239290653537996,0.0,2.2392907,0.36553333,0.0,1.8737573,0.0,1.8737573,0.0,34.536179999999995,0.0,0.0
2023-05-13 07:15:00+02:00,0.0,0.5132666666666666,2.7153418786790784,0.0,2.7153419,0.51326667,0.0,2.2020752,0.0,2.2020752,0.0,34.536179999999995,0.0,0.0
2023-05-13 07:30:00+02:00,0.0,0.5616,3.202187374686848,0.0,3.2021874,0.5616,0.0,2.6405874,0.0,2.6405874,0.0,34.536179999999995,0.0,0.0
2023-05-13 07:45:00+02:00,0.0,0.5469333333333333,3.688153791048741,3.1412205,0.54693333,0.54693333,0.0,0.0,0.0,0.0,0.0,34.536179999999995,0.0,0.0
2023-05-13 08:00:00+02:00,0.0,0.6562666666666667,4.1629216730621605,3.506655,0.65626667,0.65626667,0.0,0.0,0.0,0.0,0.0,34.536179999999995,0.0,0.0
2023-05-13 08:15:00+02:00,0.0,0.3766,4.639067167716374,4.2624672,0.3766,0.3766,0.0,0.0,0.0,0.0,0.0,34.536179999999995,0.0,0.0
2023-05-13 08:30:00+02:00,0.0,1.1273333333333333,5.093278359791897,3.965945,1.1273333,1.1273333,0.0,0.0,0.0,0.0,0.0,34.536179999999995,0.0,0.0
2023-05-13 08:45:00+02:00,0.0,0.4339333333333333,5.488826747623786,5.0548934,0.43393333,0.43393333,0.0,0.0,0.0,0.0,0.0,34.536179999999995,0.0,0.0
2023-05-13 09:00:00+02:00,0.0,3.4902,5.906363193961983,2.4161632,3.4902,3.4902,0.0,0.0,0.0,0.0,0.0,34.536179999999995,0.0,0.0
2023-05-13 09:15:00+02:00,0.0,0.9736,6.267328731213196,5.2937287,0.9736,0.9736,0.0,0.0,0.0,0.0,0.0,34.536179999999995,0.0,0.0
2023-05-13 09:30:00+02:00,0.0,0.3972666666666666,6.369108854857849,5.9718422,0.39726667,0.39726667,0.0,0.0,0.0,0.0,0.0,34.536179999999995,0.0,0.0
2023-05-13 09:45:00+02:00,0.0,0.3908,6.680000854277985,6.2892009,0.3908,0.3908,0.0,0.0,0.0,0.0,0.0,34.536179999999995,0.0,0.0
2023-05-13 10:00:00+02:00,0.0,0.2229333333333333,7.202729397312359,6.9797961,0.22293333,0.22293333,0.0,0.0,0.0,0.0,0.0,34.536179999999995,0.0,0.0
2023-05-13 10:15:00+02:00,0.0,0.2265333333333333,7.396120614404806,7.1695873,0.22653333,0.22653333,0.0,0.0,0.0,0.0,0.0,34.536179999999995,0.0,0.0
2023-05-13 10:30:00+02:00,0.0,0.58,7.643562076455501,7.0635621,0.58,0.58,0.0,0.0,0.0,0.0,0.0,34.536179999999995,0.0,0.0
2023-05-13 10:45:00+02:00,0.0,1.4418,8.046898383277748,6.6050984,1.4418,1.4418,0.0,0.0,0.0,0.0,0.0,34.536179999999995,0.0,0.0
2023-05-13 11:00:00+02:00,0.0,0.6116,8.174109775271612,7.5625098,0.6116,0.6116,0.0,0.0,0.0,0.0,0.0,34.536179999999995,0.0,0.0
2023-05-13 11:15:00+02:00,0.0,1.6529333333333334,8.268783530490193,6.6158502,1.6529333,1.6529333,0.0,0.0,0.0,0.0,0.0,34.536179999999995,0.0,0.0
2023-05-13 11:30:00+02:00,0.0,2.6932666666666667,8.412531962083875,5.7192653,2.6932667,2.6932667,0.0,0.0,0.0,0.0,0.0,34.536179999999995,0.0,0.0
2023-05-13 11:45:00+02:00,0.0,2.1269333333333336,8.645417341987876,6.518484,2.1269333,2.1269333,0.0,0.0,0.0,0.0,0.0,34.536179999999995,0.0,0.0
2023-05-13 12:00:00+02:00,0.0,1.2794,8.654563021316385,7.375163,1.2794,1.2794,0.0,0.0,0.0,0.0,0.0,34.536179999999995,0.0,0.0
2023-05-13 12:15:00+02:00,0.0,0.3881333333333333,8.668821775556829,8.2806884,0.38813333,0.38813333,0.0,0.0,0.0,0.0,0.0,34.536179999999995,0.0,0.0
2023-05-13 12:30:00+02:00,0.0,0.3374666666666666,8.679828731881894,8.3423621,0.33746667,0.33746667,0.0,0.0,0.0,0.0,0.0,34.536179999999995,0.0,0.0
2023-05-13 12:45:00+02:00,0.0,0.2591333333333333,8.70290145720893,8.4437681,0.25913333,0.25913333,0.0,0.0,0.0,0.0,0.0,34.536179999999995,0.0,0.0
2023-05-13 13:00:00+02:00,0.0,0.2285333333333333,8.61724303676335,8.3887097,0.22853333,0.22853333,0.0,0.0,0.0,0.0,0.0,34.536179999999995,0.0,0.0
2023-05-13 13:15:00+02:00,0.0,0.2892666666666666,8.469669929964176,8.1804033,0.28926667,0.28926667,0.0,0.0,0.0,0.0,0.0,34.536179999999995,0.0,0.0
2023-05-13 13:30:00+02:00,0.0,1.0526666666666666,8.288695668710325,7.236029,1.0526667,1.0526667,0.0,0.0,0.0,0.0,0.0,34.536179999999995,0.0,0.0
2023-05-13 13:45:00+02:00,0.0,1.0506,8.160995524377164,3.567912,4.5930836,1.0506,0.0,0.0,0.0,0.0,3.5424836,34.536179999999995,3.5424836,0.0
2023-05-13 14:00:00+02:00,0.0,0.5754,7.92597234478098,2.3505723,5.5754,0.5754,0.84133985,0.0,0.0,0.0,5.0,34.536179999999995,5.0,0.0
2023-05-13 14:15:00+02:00,0.0,0.1511333333333333,7.615118257158004,2.4639849,5.1511333,0.15113333,2.0288398,0.0,0.0,0.0,5.0,34.536179999999995,5.0,0.0
2023-05-13 14:30:00+02:00,0.0,0.1574666666666666,7.411967252553084,2.2545006,5.1574667,0.15746667,3.2163398,0.0,0.0,0.0,5.0,34.536179999999995,5.0,0.0
2023-05-13 14:45:00+02:00,0.0,0.2024666666666666,7.000195614794511,1.7977289,5.2024667,0.20246667,4.4038398,0.0,0.0,0.0,5.0,34.536179999999995,5.0,0.0
2023-05-13 15:00:00+02:00,0.0,0.2271999999999999,6.642191016625899,1.414991,5.2272,0.2272,5.5913398,0.0,0.0,0.0,5.0,34.536179999999995,5.0,0.0
2023-05-13 15:15:00+02:00,0.0,0.1925333333333333,6.206822024363826,1.0142887,5.1925333,0.19253333,6.7788398,0.0,0.0,0.0,5.0,34.536179999999995,5.0,0.0
2023-05-13 15:30:00+02:00,0.0,0.1830666666666666,5.688196741522184,0.50513007,5.1830667,0.18306667,7.9663398,0.0,0.0,0.0,5.0,34.536179999999995,5.0,0.0
2023-05-13 15:45:00+02:00,0.0,0.1742,5.14567637403413,0.0,5.1456764,0.0,9.1538398,5.1456764,0.0,5.1456764,0.0,34.536179999999995,0.0,0.1742
2023-05-13 16:00:00+02:00,0.0,1.147,4.527937563387288,0.0,4.5279376,0.0,9.1079977,4.5279376,0.0,4.5279376,0.0,34.536179999999995,0.0,1.147
2023-05-13 16:15:00+02:00,0.0,2.28,3.873196123152953,0.0,3.8731961,0.0,8.8061556,3.8731961,0.0,3.8731961,0.0,34.536179999999995,0.0,2.28
2023-05-13 16:30:00+02:00,0.0,0.8121333333333334,3.1907026396377782,0.0,3.1907026,0.0,8.2061556,3.1907026,0.0,3.1907026,0.0,34.536179999999995,0.0,0.81213333
2023-05-13 16:45:00+02:00,0.0,0.275,2.463524333121284,0.0,2.4635243,0.0,7.9924363,2.4635243,0.0,2.4635243,0.0,34.536179999999995,0.0,0.275
2023-05-13 17:00:00+02:00,0.0,0.2477333333333333,1.6824298122152832,0.0,1.6824298,0.0,7.9200679,1.6824298,0.0,1.6824298,0.0,34.536179999999995,0.0,0.24773333
2023-05-13 17:15:00+02:00,0.0,0.2011333333333333,0.9992994433812692,0.0,0.99929944,0.0,7.8548749,0.99929944,0.0,0.99929944,0.0,34.536179999999995,0.0,0.20113333
2023-05-13 17:30:00+02:00,0.0,0.2415999999999999,0.5660348318898146,0.0,0.56603483,0.2416,7.8019451,0.32443483,0.0,0.32443483,0.0,34.536179999999995,0.0,0.0
2023-05-13 17:45:00+02:00,0.0,0.1481333333333333,0.4786277702119008,0.0,0.47862777,0.14813333,7.8019451,0.33049444,0.0,0.33049444,0.0,34.536179999999995,0.0,0.0
2023-05-13 18:00:00+02:00,0.0,0.1519333333333333,0.4403762453376359,0.0,0.44037625,0.15193333,7.8019451,0.28844291,0.0,0.28844291,0.0,34.536179999999995,0.0,0.0
2023-05-13 18:15:00+02:00,0.0,1.2018666666666666,0.3809922991515466,0.0,0.3809923,0.3809923,7.8019451,0.0,0.0,0.0,0.0,34.536179999999995,0.0,0.82087437
2023-05-13 18:30:00+02:00,0.0,1.7128,0.3033819776982302,0.0,0.30338198,0.30338198,7.5859255,0.0,0.0,0.0,0.0,34.536179999999995,0.0,1.409418
2023-05-13 18:45:00+02:00,0.0,1.0641333333333334,0.0808065016599353,0.0,0.080806502,0.080806502,7.2150261,0.0,0.0,0.0,0.0,34.536179999999995,0.0,0.98332683
2023-05-13 19:00:00+02:00,0.0,0.6272000000000001,0.0,0.0,0.0,0.0,6.9562558,0.0,0.0,0.0,0.0,34.536179999999995,0.0,0.6272
2023-05-13 19:15:00+02:00,0.0,0.3520666666666666,0.0,0.0,0.0,0.0,6.7912032,0.0,0.0,0.0,0.0,34.536179999999995,0.0,0.35206667
2023-05-13 19:30:00+02:00,0.0,0.4946666666666667,0.0,0.0,0.0,0.0,6.6985541,0.0,0.0,0.0,0.0,34.536179999999995,0.0,0.49466667
2023-05-13 19:45:00+02:00,0.0,0.412,0.0,0.0,0.0,0.0,6.5683786,0.0,0.0,0.0,0.0,34.536179999999995,0.0,0.412
2023-05-13 20:00:00+02:00,0.0,1.292266666666667,0.0,0.0,0.0,0.0,6.4599576,0.0,0.0,0.0,0.0,34.536179999999995,0.0,1.2922667
2023-05-13 20:15:00+02:00,0.0,1.6083333333333332,0.0,0.0,0.0,0.0,6.1198874,0.0,0.0,0.0,0.0,34.536179999999995,0.0,1.6083333
2023-05-13 20:30:00+02:00,0.0,0.943,0.0,0.0,0.0,0.0,5.6966418,0.0,0.0,0.0,0.0,34.536179999999995,0.0,0.943
2023-05-13 20:45:00+02:00,0.0,0.8864,0.0,0.0,0.0,0.0,5.4484839,0.0,0.0,0.0,0.0,34.536179999999995,0.0,0.8864
2023-05-13 21:00:00+02:00,0.0,0.6626000000000001,0.0,0.0,0.0,0.0,5.2152208,0.0,0.0,0.0,0.0,23.894009999999998,0.0,0.6626
2023-05-13 21:15:00+02:00,0.0,0.6507999999999999,0.0,0.0,0.0,0.0,5.0408523,0.0,0.0,0.0,0.0,23.894009999999998,0.0,0.6508
2023-05-13 21:30:00+02:00,1.4660667,6.466066666666666,0.0,0.0,0.0,0.0,4.8695892,0.0,0.0,0.0,0.0,23.894009999999998,0.0,5.0
2023-05-13 21:45:00+02:00,0.0,1.7022,0.0,0.0,0.0,0.0,3.5537997,0.0,0.0,0.0,0.0,23.894009999999998,0.0,1.7022
2023-05-13 22:00:00+02:00,0.0,0.7537333333333334,0.0,0.0,0.0,0.0,3.1058523,0.0,0.0,0.0,0.0,23.894009999999998,0.0,0.75373333
2023-05-13 22:15:00+02:00,0.0,0.9028,0.0,0.0,0.0,0.0,2.9075015,0.0,0.0,0.0,0.0,23.894009999999998,0.0,0.9028
2023-05-13 22:30:00+02:00,0.0,0.4416,0.0,0.0,0.0,0.0,2.6699225,0.0,0.0,0.0,0.0,23.894009999999998,0.0,0.4416
2023-05-13 22:45:00+02:00,0.0,0.4431333333333333,0.0,0.0,0.0,0.0,2.553712,0.0,0.0,0.0,0.0,23.894009999999998,0.0,0.44313333
2023-05-13 23:00:00+02:00,0.0,0.3456666666666667,0.0,0.0,0.0,0.0,2.4370979,0.0,0.0,0.0,0.0,23.894009999999998,0.0,0.34566667
2023-05-13 23:15:00+02:00,0.0,0.43,0.0,0.0,0.0,0.0,2.346133,0.0,0.0,0.0,0.0,23.894009999999998,0.0,0.43
2023-05-13 23:30:00+02:00,0.0,0.3086,0.0,0.0,0.0,0.0,2.2329751,0.0,0.0,0.0,0.0,23.894009999999998,0.0,0.3086
2023-05-13 23:45:00+02:00,0.0,0.3803333333333333,0.0,0.0,0.0,0.0,2.1517646,0.0,0.0,0.0,0.0,23.894009999999998,0.0,0.38033333
2023-05-14 00:00:00+02:00,0.0,0.372,0.0,0.0,0.0,0.0,2.0516769,0.0,0.0,0.0,0.0,23.894009999999998,0.0,0.372
2023-05-14 00:15:00+02:00,0.0,0.3001999999999999,0.0,0.0,0.0,0.0,1.9537822,0.0,0.0,0.0,0.0,23.894009999999998,0.0,0.3002
2023-05-14 00:30:00+02:00,0.0,0.2819333333333333,0.0,0.0,0.0,0.0,1.8747822,0.0,0.0,0.0,0.0,23.894009999999998,0.0,0.28193333
2023-05-14 00:45:00+02:00,0.0,0.4347333333333333,0.0,0.0,0.0,0.0,1.8005892,0.0,0.0,0.0,0.0,23.894009999999998,0.0,0.43473333
2023-05-14 01:00:00+02:00,0.0,0.409,0.0,0.0,0.0,0.0,1.6861857,0.0,0.0,0.0,0.0,23.894009999999998,0.0,0.409
2023-05-14 01:15:00+02:00,0.0,0.4453999999999999,0.0,0.0,0.0,0.0,1.5785541,0.0,0.0,0.0,0.0,23.894009999999998,0.0,0.4454
2023-05-14 01:30:00+02:00,0.0,0.3324,0.0,0.0,0.0,0.0,1.4613436,0.0,0.0,0.0,0.0,23.894009999999998,0.0,0.3324
2023-05-14 01:45:00+02:00,0.0,0.3615333333333334,0.0,0.0,0.0,0.0,1.3738699,0.0,0.0,0.0,0.0,23.894009999999998,0.0,0.36153333
2023-05-14 02:00:00+02:00,0.0,0.3377333333333333,0.0,0.0,0.0,0.0,1.2787295,0.0,0.0,0.0,0.0,23.894009999999998,0.0,0.33773333
2023-05-14 02:15:00+02:00,0.0,0.5334666666666666,0.0,0.0,0.0,0.0,1.1898523,0.0,0.0,0.0,0.0,23.894009999999998,0.0,0.53346667
2023-05-14 02:30:00+02:00,0.0,0.5351333333333333,0.0,0.0,0.0,0.0,1.0494664,0.0,0.0,0.0,0.0,23.894009999999998,0.0,0.53513333
2023-05-14 02:45:00+02:00,0.0,0.4576666666666666,0.0,0.0,0.0,0.0,0.90864181,0.0,0.0,0.0,0.0,23.894009999999998,0.0,0.45766667
2023-05-14 03:00:00+02:00,0.0,0.3696666666666667,0.0,0.0,0.0,0.0,0.78820321,0.0,0.0,0.0,0.0,23.894009999999998,0.0,0.36966667
2023-05-14 03:15:00+02:00,0.0,0.2617333333333334,0.0,0.0,0.0,0.0,0.69092251,0.0,0.0,0.0,0.0,23.894009999999998,0.0,0.26173333
2023-05-14 03:30:00+02:00,0.0,0.2487333333333333,0.0,0.0,0.0,0.0,0.62204531,0.0,0.0,0.0,0.0,23.894009999999998,0.0,0.24873333
2023-05-14 03:45:00+02:00,0.0,0.3299333333333333,0.0,0.0,0.0,0.0,0.55658917,0.0,0.0,0.0,0.0,23.894009999999998,0.0,0.32993333
2023-05-14 04:00:00+02:00,0.0,0.2451333333333333,0.0,0.0,0.0,0.0,0.46976461,0.0,0.0,0.0,0.0,23.894009999999998,0.0,0.24513333
2023-05-14 04:15:00+02:00,0.0,0.244,0.0,0.0,0.0,0.0,0.40525584,0.0,0.0,0.0,0.0,23.894009999999998,0.0,0.244
2023-05-14 04:30:00+02:00,0.0,0.299,0.0,0.0,0.0,0.0,0.34104531,0.0,0.0,0.0,0.0,23.894009999999998,0.0,0.299
2023-05-14 04:45:00+02:00,0.0,0.1926,0.0,0.0,0.0,0.0,0.2623611,0.0,0.0,0.0,0.0,23.894009999999998,0.0,0.1926
2023-05-14 05:00:00+02:00,0.0,0.2582,0.0,0.0,0.0,0.0,0.21167689,0.0,0.0,0.0,0.0,23.894009999999998,0.0,0.2582
2023-05-14 05:15:00+02:00,0.0,0.2148666666666666,0.0,0.0,0.0,0.0,0.14372952,0.0,0.0,0.0,0.0,23.894009999999998,0.0,0.21486667
2023-05-14 05:30:00+02:00,0.0,0.2202666666666666,0.0805654613618677,0.0,0.080565461,0.080565461,0.087185665,0.0,0.0,0.0,0.0,23.894009999999998,0.0,0.13970121
2023-05-14 05:45:00+02:00,0.0,0.2593333333333333,0.1348615338525844,0.0,0.13486153,0.13486153,0.05042219,0.0,0.0,0.0,0.0,23.894009999999998,0.0,0.1244718
2023-05-14 06:00:00+02:00,0.0,0.2863333333333333,0.2192008102126848,0.0,0.21920081,0.21920081,0.017666453,0.0,0.0,0.0,0.0,27.372379999999996,0.0,0.067132523
2023-05-14 06:15:00+02:00,0.0,0.3406,0.42059862541361,0.0,0.42059863,0.3406,0.0,0.079998625,0.0,0.079998625,0.0,27.372379999999996,0.0,0.0
2023-05-14 06:30:00+02:00,0.0,0.2157333333333333,0.6579663987797031,0.0,0.6579664,0.21573333,0.0,0.44223307,0.0,0.44223307,0.0,27.372379999999996,0.0,0.0
2023-05-14 06:45:00+02:00,0.0,0.2199333333333333,0.8187395506332181,0.0,0.81873955,0.21993333,0.0,0.59880622,0.0,0.59880622,0.0,27.372379999999996,0.0,0.0
2023-05-14 07:00:00+02:00,0.0,0.2469333333333333,1.0319073915260988,0.0,1.0319074,0.24693333,0.0,0.78497406,0.0,0.78497406,0.0,27.372379999999996,0.0,0.0
2023-05-14 07:15:00+02:00,0.0,0.2036,1.870221899621563,0.0,1.8702219,0.2036,0.0,1.6666219,0.0,1.6666219,0.0,27.372379999999996,0.0,0.0
2023-05-14 07:30:00+02:00,0.0,0.2489333333333333,3.276516294545832,0.0,3.2765163,0.24893333,0.0,3.027583,0.0,3.027583,0.0,27.372379999999996,0.0,0.0
2023-05-14 07:45:00+02:00,0.0,0.2412666666666666,3.4154271154238334,0.0,3.4154271,0.24126667,0.0,3.1741604,0.0,3.1741604,0.0,27.372379999999996,0.0,0.0
2023-05-14 08:00:00+02:00,0.0,0.3290666666666667,3.696586479634637,3.3675198,0.32906667,0.32906667,0.0,0.0,0.0,0.0,0.0,27.372379999999996,0.0,0.0
2023-05-14 08:15:00+02:00,0.0,0.3315333333333333,4.518370039913565,4.1868367,0.33153333,0.33153333,0.0,0.0,0.0,0.0,0.0,27.372379999999996,0.0,0.0
2023-05-14 08:30:00+02:00,0.0,0.9778666666666668,4.637518961441002,3.6596523,0.97786667,0.97786667,0.0,0.0,0.0,0.0,0.0,27.372379999999996,0.0,0.0
2023-05-14 08:45:00+02:00,0.0,0.3591999999999999,5.238406322203099,4.8792063,0.3592,0.3592,0.0,0.0,0.0,0.0,0.0,27.372379999999996,0.0,0.0
2023-05-14 09:00:00+02:00,0.0,0.5153333333333334,5.33642065864323,4.8210873,0.51533333,0.51533333,0.0,0.0,0.0,0.0,0.0,27.372379999999996,0.0,0.0
2023-05-14 09:15:00+02:00,0.0,0.7306666666666666,6.030357596564934,5.2996909,0.73066667,0.73066667,0.0,0.0,0.0,0.0,0.0,27.372379999999996,0.0,0.0
2023-05-14 09:30:00+02:00,0.0,0.5266000000000001,6.153365967215212,5.626766,0.5266,0.5266,0.0,0.0,0.0,0.0,0.0,27.372379999999996,0.0,0.0
2023-05-14 09:45:00+02:00,0.0,0.721,5.580859799507199,4.8598598,0.721,0.721,0.0,0.0,0.0,0.0,0.0,27.372379999999996,0.0,0.0
2023-05-14 10:00:00+02:00,0.0,0.3253999999999999,6.2908259583132935,5.965426,0.3254,0.3254,0.0,0.0,0.0,0.0,0.0,27.372379999999996,0.0,0.0
2023-05-14 10:15:00+02:00,0.0,0.4417333333333333,6.84850195620105,6.4067686,0.44173333,0.44173333,0.0,0.0,0.0,0.0,0.0,27.372379999999996,0.0,0.0
2023-05-14 10:30:00+02:00,0.0,0.3181333333333333,6.7448824143416966,6.4267491,0.31813333,0.31813333,0.0,0.0,0.0,0.0,0.0,27.372379999999996,0.0,0.0
2023-05-14 10:45:00+02:00,0.0,0.8593333333333334,7.374215637231396,6.5148823,0.85933333,0.85933333,0.0,0.0,0.0,0.0,0.0,27.372379999999996,0.0,0.0
2023-05-14 11:00:00+02:00,0.0,0.3103999999999999,6.882159555872657,6.5717596,0.3104,0.3104,0.0,0.0,0.0,0.0,0.0,27.372379999999996,0.0,0.0
2023-05-14 11:15:00+02:00,0.0,0.295,6.052236202324725,5.7572362,0.295,0.295,0.0,0.0,0.0,0.0,0.0,27.372379999999996,0.0,0.0
2023-05-14 11:30:00+02:00,0.0,0.1558,8.703405623069264,8.5476056,0.1558,0.1558,0.0,0.0,0.0,0.0,0.0,27.372379999999996,0.0,0.0
2023-05-14 11:45:00+02:00,0.0,0.2236666666666666,8.477082088477859,8.2534154,0.22366667,0.22366667,0.0,0.0,0.0,0.0,0.0,27.372379999999996,0.0,0.0
2023-05-14 12:00:00+02:00,0.0,0.1611999999999999,8.60000998084546,8.43881,0.1612,0.1612,0.0,0.0,0.0,0.0,0.0,27.372379999999996,0.0,0.0
2023-05-14 12:15:00+02:00,0.0,0.1233333333333333,8.523160199439346,8.3998269,0.12333333,0.12333333,0.0,0.0,0.0,0.0,0.0,27.372379999999996,0.0,0.0
2023-05-14 12:30:00+02:00,0.0,0.1472666666666666,8.544596734336215,8.3973301,0.14726667,0.14726667,0.0,0.0,0.0,0.0,0.0,27.372379999999996,0.0,0.0
2023-05-14 12:45:00+02:00,0.0,0.1447333333333333,8.733291534805746,8.5885582,0.14473333,0.14473333,0.0,0.0,0.0,0.0,0.0,27.372379999999996,0.0,0.0
2023-05-14 13:00:00+02:00,0.0,0.586,8.713414679868517,8.1274147,0.586,0.586,0.0,0.0,0.0,0.0,0.0,27.372379999999996,0.0,0.0
2023-05-14 13:15:00+02:00,0.0,1.9798666666666669,8.697627034169244,6.7177604,1.9798667,1.9798667,0.0,0.0,0.0,0.0,0.0,27.372379999999996,0.0,0.0
2023-05-14 13:30:00+02:00,0.0,3.2720666666666665,8.42188597305666,5.1498193,3.2720667,3.2720667,0.0,0.0,0.0,0.0,0.0,27.372379999999996,0.0,0.0
2023-05-14 13:45:00+02:00,0.0,1.9868,8.352088080994301,6.3652881,1.9868,1.9868,0.0,0.0,0.0,0.0,0.0,27.372379999999996,0.0,0.0
2023-05-14 14:00:00+02:00,0.0,0.5089333333333333,8.165585917750205,7.6566526,0.50893333,0.50893333,0.0,0.0,0.0,0.0,0.0,27.372379999999996,0.0,0.0
2023-05-14 14:15:00+02:00,0.0,1.0536,7.890409187705076,6.8368092,1.0536,1.0536,0.0,0.0,0.0,0.0,0.0,27.372379999999996,0.0,0.0
2023-05-14 14:30:00+02:00,0.0,2.101733333333333,7.328782581484883,0.22704925,7.1017333,2.1017333,0.0,0.0,0.0,0.0,5.0,27.372379999999996,5.0,0.0
2023-05-14 14:45:00+02:00,0.0,0.744,4.716468128653097,3.525704,1.1907641,0.744,1.1875,0.0,0.0,0.0,0.44676409,27.372379999999996,0.44676409,0.0
2023-05-14 15:00:00+02:00,0.0,0.6664666666666667,5.85673716550608,0.1902705,5.6664667,0.66646667,1.2936065,0.0,0.0,0.0,5.0,27.372379999999996,5.0,0.0
2023-05-14 15:15:00+02:00,0.0,0.5958666666666667,5.001384095604784,0.0,5.0013841,0.59586667,2.4811065,0.0,0.0,0.0,4.4055174,27.372379999999996,4.4055174,0.0
2023-05-14 15:30:00+02:00,0.0,0.9686,4.890024374914264,0.0,4.8900244,0.9686,3.5274169,0.0,0.0,0.0,3.9214244,27.372379999999996,3.9214244,0.0
2023-05-14 15:45:00+02:00,0.0,1.8295333333333328,4.044626822477703,0.0,4.0446268,1.8295333,4.4587551,0.0,0.0,0.0,2.2150935,27.372379999999996,2.2150935,0.0
2023-05-14 16:00:00+02:00,0.0,1.5593333333333332,3.742942844416208,0.0,3.7429428,1.5593333,4.9848399,0.0,0.0,0.0,2.1836095,27.372379999999996,2.1836095,0.0
2023-05-14 16:15:00+02:00,0.0,0.7431333333333333,3.936285867499562,0.0,3.9362859,0.74313333,5.5034471,0.0,0.0,0.0,3.1931525,27.372379999999996,3.1931525,0.0
2023-05-14 16:30:00+02:00,0.0,0.6453333333333334,3.0829800455627048,0.0,3.08298,0.64533333,6.2618208,0.0,0.0,0.0,2.4376467,27.372379999999996,2.4376467,0.0
2023-05-14 16:45:00+02:00,0.0,0.5734666666666667,2.3405954363616464,0.0,2.3405954,0.57346667,6.8407619,0.0,0.0,0.0,1.7671288,27.372379999999996,1.7671288,0.0
2023-05-14 17:00:00+02:00,0.0,0.8700666666666668,1.885334470046517,0.0,1.8853345,0.87006667,7.260455,0.0,0.0,0.0,1.0152678,27.372379999999996,1.0152678,0.0
2023-05-14 17:15:00+02:00,0.0,0.4493999999999999,1.491641427675025,0.0,1.4916414,0.0,7.5015811,1.4916414,0.0,1.4916414,0.0,27.372379999999996,0.0,0.4494
2023-05-14 17:30:00+02:00,0.0,0.4726666666666667,1.07026166514583,0.0,1.0702617,0.0,7.383318,1.0702617,0.0,1.0702617,0.0,27.372379999999996,0.0,0.47266667
2023-05-14 17:45:00+02:00,0.0,0.4308,0.6792412132029131,0.0,0.67924121,0.0,7.258932,0.67924121,0.0,0.67924121,0.0,27.372379999999996,0.0,0.4308
2023-05-14 18:00:00+02:00,0.0,0.5099333333333333,0.5890537922618775,0.0,0.58905379,0.0,7.1455636,0.58905379,0.0,0.58905379,0.0,27.372379999999996,0.0,0.50993333
2023-05-14 18:15:00+02:00,0.0,0.562,0.7137088051888325,0.0,0.71370881,0.0,7.0113706,0.71370881,0.0,0.71370881,0.0,27.372379999999996,0.0,0.562
2023-05-14 18:30:00+02:00,0.0,0.5024666666666666,0.7654023410981207,0.0,0.76540234,0.0,6.8634759,0.76540234,0.0,0.76540234,0.0,27.372379999999996,0.0,0.50246667
2023-05-14 18:45:00+02:00,0.0,0.4771333333333333,0.0,0.0,0.0,0.0,6.7312478,0.0,0.0,0.0,0.0,27.372379999999996,0.0,0.47713333
2023-05-14 19:00:00+02:00,0.0,0.4186,0.0,0.0,0.0,0.0,6.6056864,0.0,0.0,0.0,0.0,27.372379999999996,0.0,0.4186
2023-05-14 19:15:00+02:00,0.0,0.4530666666666667,0.0,0.0,0.0,0.0,6.4955285,0.0,0.0,0.0,0.0,27.372379999999996,0.0,0.45306667
2023-05-14 19:30:00+02:00,0.0,0.4672,0.0,0.0,0.0,0.0,6.3763004,0.0,0.0,0.0,0.0,27.372379999999996,0.0,0.4672
2023-05-14 19:45:00+02:00,0.0,0.4405333333333333,0.0,0.0,0.0,0.0,6.253353,0.0,0.0,0.0,0.0,27.372379999999996,0.0,0.44053333
2023-05-14 20:00:00+02:00,0.0,0.5333333333333333,0.0,0.0,0.0,0.0,6.1374232,0.0,0.0,0.0,0.0,27.372379999999996,0.0,0.53333333
2023-05-14 20:15:00+02:00,0.0,0.4333333333333333,0.0,0.0,0.0,0.0,5.9970723,0.0,0.0,0.0,0.0,27.372379999999996,0.0,0.43333333
2023-05-14 20:30:00+02:00,0.0,0.4311999999999999,0.0,0.0,0.0,0.0,5.8830373,0.0,0.0,0.0,0.0,27.372379999999996,0.0,0.4312
2023-05-14 20:45:00+02:00,0.0,0.5966,0.0,0.0,0.0,0.0,5.7695636,0.0,0.0,0.0,0.0,27.372379999999996,0.0,0.5966
2023-05-14 21:00:00+02:00,0.0,0.8947999999999999,0.0,0.0,0.0,0.0,5.6125636,0.0,0.0,0.0,0.0,23.853550000000002,0.0,0.8948
2023-05-14 21:15:00+02:00,0.0,0.7034666666666667,0.0,0.0,0.0,0.0,5.3770899,0.0,0.0,0.0,0.0,23.853550000000002,0.0,0.70346667
2023-05-14 21:30:00+02:00,0.0,0.6455333333333333,0.0,0.0,0.0,0.0,5.1919671,0.0,0.0,0.0,0.0,23.853550000000002,0.0,0.64553333
2023-05-14 21:45:00+02:00,0.0,0.6533333333333333,0.0,0.0,0.0,0.0,5.0220899,0.0,0.0,0.0,0.0,23.853550000000002,0.0,0.65333333
2023-05-14 22:00:00+02:00,0.0,0.5610666666666667,0.0,0.0,0.0,0.0,4.8501601,0.0,0.0,0.0,0.0,23.853550000000002,0.0,0.56106667
2023-05-14 22:15:00+02:00,0.0,0.5932666666666666,0.0,0.0,0.0,0.0,4.7025109,0.0,0.0,0.0,0.0,23.853550000000002,0.0,0.59326667
2023-05-14 22:30:00+02:00,0.0,0.6751333333333334,0.0,0.0,0.0,0.0,4.5463881,0.0,0.0,0.0,0.0,23.853550000000002,0.0,0.67513333
2023-05-14 22:45:00+02:00,0.0,0.6218666666666667,0.0,0.0,0.0,0.0,4.3687215,0.0,0.0,0.0,0.0,23.853550000000002,0.0,0.62186667
2023-05-14 23:00:00+02:00,0.0,0.5576,0.0,0.0,0.0,0.0,4.2050723,0.0,0.0,0.0,0.0,23.853550000000002,0.0,0.5576
2023-05-14 23:15:00+02:00,0.0,0.7269333333333333,0.0,0.0,0.0,0.0,4.0583355,0.0,0.0,0.0,0.0,23.853550000000002,0.0,0.72693333
2023-05-14 23:30:00+02:00,0.0,0.6342666666666666,0.0,0.0,0.0,0.0,3.8670373,0.0,0.0,0.0,0.0,23.853550000000002,0.0,0.63426667
2023-05-14 23:45:00+02:00,0.0,0.7122666666666666,0.0,0.0,0.0,0.0,3.700125,0.0,0.0,0.0,0.0,23.853550000000002,0.0,0.71226667
2023-05-15 00:00:00+02:00,0.0,0.6292000000000001,0.0,0.0,0.0,0.0,3.5126864,0.0,0.0,0.0,0.0,23.853550000000002,0.0,0.6292
2023-05-15 00:15:00+02:00,0.0,0.568,0.0,0.0,0.0,0.0,3.3471074,0.0,0.0,0.0,0.0,23.853550000000002,0.0,0.568
2023-05-15 00:30:00+02:00,0.0,0.483,0.0,0.0,0.0,0.0,3.1976338,0.0,0.0,0.0,0.0,23.853550000000002,0.0,0.483
2023-05-15 00:45:00+02:00,0.0,0.4010666666666667,0.0,0.0,0.0,0.0,3.0705285,0.0,0.0,0.0,0.0,23.853550000000002,0.0,0.40106667
2023-05-15 01:00:00+02:00,0.0,0.5333333333333333,0.0,0.0,0.0,0.0,2.9649846,0.0,0.0,0.0,0.0,23.853550000000002,0.0,0.53333333
2023-05-15 01:15:00+02:00,0.0,0.3209333333333333,0.0,0.0,0.0,0.0,2.8246338,0.0,0.0,0.0,0.0,23.853550000000002,0.0,0.32093333
2023-05-15 01:30:00+02:00,0.0,0.3428666666666666,0.0,0.0,0.0,0.0,2.7401776,0.0,0.0,0.0,0.0,23.853550000000002,0.0,0.34286667
2023-05-15 01:45:00+02:00,0.0,0.3631333333333333,0.0,0.0,0.0,0.0,2.6499495,0.0,0.0,0.0,0.0,23.853550000000002,0.0,0.36313333
2023-05-15 02:00:00+02:00,0.0,0.3877333333333334,0.0,0.0,0.0,0.0,2.5543881,0.0,0.0,0.0,0.0,23.853550000000002,0.0,0.38773333
2023-05-15 02:15:00+02:00,0.0,0.4601333333333333,0.0,0.0,0.0,0.0,2.452353,0.0,0.0,0.0,0.0,23.853550000000002,0.0,0.46013333
2023-05-15 02:30:00+02:00,0.0,0.5,0.0,0.0,0.0,0.0,2.3312653,0.0,0.0,0.0,0.0,23.853550000000002,0.0,0.5
2023-05-15 02:45:00+02:00,0.0,0.3606666666666667,0.0,0.0,0.0,0.0,2.1996864,0.0,0.0,0.0,0.0,23.853550000000002,0.0,0.36066667
2023-05-15 03:00:00+02:00,0.0,0.4191999999999999,0.0,0.0,0.0,0.0,2.1047741,0.0,0.0,0.0,0.0,23.853550000000002,0.0,0.4192
2023-05-15 03:15:00+02:00,0.0,0.3477333333333333,0.0,0.0,0.0,0.0,1.9944583,0.0,0.0,0.0,0.0,23.853550000000002,0.0,0.34773333
2023-05-15 03:30:00+02:00,0.0,0.3242,0.0,0.0,0.0,0.0,1.9029495,0.0,0.0,0.0,0.0,23.853550000000002,0.0,0.3242
2023-05-15 03:45:00+02:00,0.0,0.3879333333333333,0.0,0.0,0.0,0.0,1.8176338,0.0,0.0,0.0,0.0,23.853550000000002,0.0,0.38793333
2023-05-15 04:00:00+02:00,0.0,0.3892,0.0,0.0,0.0,0.0,1.715546,0.0,0.0,0.0,0.0,23.853550000000002,0.0,0.3892
2023-05-15 04:15:00+02:00,0.0,0.3502666666666666,0.0,0.0,0.0,0.0,1.613125,0.0,0.0,0.0,0.0,23.853550000000002,0.0,0.35026667
2023-05-15 04:30:00+02:00,0.0,0.3849333333333333,0.0,0.0,0.0,0.0,1.5209495,0.0,0.0,0.0,0.0,23.853550000000002,0.0,0.38493333
2023-05-15 04:45:00+02:00,0.0,0.4921333333333333,0.0,0.0,0.0,0.0,1.4196513,0.0,0.0,0.0,0.0,23.853550000000002,0.0,0.49213333
2023-05-15 05:00:00+02:00,0.0,0.3739333333333333,0.0,0.0,0.0,0.0,1.2901425,0.0,0.0,0.0,0.0,23.853550000000002,0.0,0.37393333
2023-05-15 05:15:00+02:00,0.0,0.3802666666666666,0.0141154602326364,0.0,0.01411546,0.0,1.191739,0.01411546,0.0,0.01411546,0.0,23.853550000000002,0.0,0.38026667
2023-05-15 05:30:00+02:00,0.0,0.4796666666666667,0.1387810809151857,0.0,0.13878108,0.0,1.0916688,0.13878108,0.0,0.13878108,0.0,23.853550000000002,0.0,0.47966667
2023-05-15 05:45:00+02:00,0.0,0.6744666666666667,0.3635917477012151,0.0,0.36359175,0.0,0.96544077,0.36359175,0.0,0.36359175,0.0,23.853550000000002,0.0,0.67446667
2023-05-15 06:00:00+02:00,0.0,0.293,0.6383927856848248,0.0,0.63839279,0.0,0.78794954,0.63839279,0.0,0.63839279,0.0,29.247819999999997,0.0,0.293
2023-05-15 06:15:00+02:00,0.0,0.2571333333333333,0.9780949045367252,0.0,0.9780949,0.0,0.71084428,0.9780949,0.0,0.9780949,0.0,29.247819999999997,0.0,0.25713333
2023-05-15 06:30:00+02:00,0.0,0.2822666666666666,1.41704373292545,0.0,1.4170437,0.0,0.64317761,1.4170437,0.0,1.4170437,0.0,29.247819999999997,0.0,0.28226667
2023-05-15 06:45:00+02:00,0.0,0.3376666666666666,1.8758086990513472,0.0,1.8758087,0.0,0.56889691,1.8758087,0.0,1.8758087,0.0,29.247819999999997,0.0,0.33766667
2023-05-15 07:00:00+02:00,0.0,0.3311333333333333,2.364011646608997,0.0,2.3640116,0.0,0.48003726,2.3640116,0.0,2.3640116,0.0,29.247819999999997,0.0,0.33113333
2023-05-15 07:15:00+02:00,0.0,0.3771333333333333,2.851539821246164,0.0,2.8515398,0.0,0.39289691,2.8515398,0.0,2.8515398,0.0,29.247819999999997,0.0,0.37713333
2023-05-15 07:30:00+02:00,0.0,0.7513333333333334,3.357700657542868,0.0,3.3577007,0.0,0.29365129,3.3577007,0.0,3.3577007,0.0,29.247819999999997,0.0,0.75133333
2023-05-15 07:45:00+02:00,0.0,1.1351333333333335,3.84710269514893,0.0,3.8471027,0.77059175,0.095931997,3.0765109,0.0,3.0765109,0.0,29.247819999999997,0.0,0.36454159
2023-05-15 08:00:00+02:00,0.0,0.3903999999999999,4.357609467030391,0.0,4.3576095,0.3904,0.0,3.9672095,0.0,3.9672095,0.0,29.247819999999997,0.0,0.0
2023-05-15 08:15:00+02:00,0.0,0.3692,4.854183009844037,0.0,4.854183,0.3692,0.0,4.484983,0.0,4.484983,0.0,29.247819999999997,0.0,0.0
2023-05-15 08:30:00+02:00,0.0,0.3417333333333333,5.29087364437779,4.9491403,0.34173333,0.34173333,0.0,0.0,0.0,0.0,0.0,29.247819999999997,0.0,0.0
2023-05-15 08:45:00+02:00,0.0,0.3938666666666667,5.756750149590235,5.3628835,0.39386667,0.39386667,0.0,0.0,0.0,0.0,0.0,29.247819999999997,0.0,0.0
2023-05-15 09:00:00+02:00,0.0,0.3335333333333333,6.196728761282976,5.8631954,0.33353333,0.33353333,0.0,0.0,0.0,0.0,0.0,29.247819999999997,0.0,0.0
2023-05-15 09:15:00+02:00,0.0,0.3288,6.87326332973617,6.5444633,0.3288,0.3288,0.0,0.0,0.0,0.0,0.0,29.247819999999997,0.0,0.0
2023-05-15 09:30:00+02:00,0.0,0.2884666666666666,6.402192857629506,6.1137262,0.28846667,0.28846667,0.0,0.0,0.0,0.0,0.0,29.247819999999997,0.0,0.0
2023-05-15 09:45:00+02:00,0.0,0.7672666666666667,6.465810736679987,5.6985441,0.76726667,0.76726667,0.0,0.0,0.0,0.0,0.0,29.247819999999997,0.0,0.0
2023-05-15 10:00:00+02:00,0.0,0.7497333333333334,6.912206820361589,6.1624735,0.74973333,0.74973333,0.0,0.0,0.0,0.0,0.0,29.247819999999997,0.0,0.0
2023-05-15 10:15:00+02:00,0.0,0.7677999999999999,3.414658677567424,2.6468587,0.7678,0.7678,0.0,0.0,0.0,0.0,0.0,29.247819999999997,0.0,0.0
2023-05-15 10:30:00+02:00,0.0,0.4443999999999999,5.048248609767895,4.6038486,0.4444,0.4444,0.0,0.0,0.0,0.0,0.0,29.247819999999997,0.0,0.0
2023-05-15 10:45:00+02:00,0.0,0.5049333333333333,6.702136792696824,6.1972035,0.50493333,0.50493333,0.0,0.0,0.0,0.0,0.0,29.247819999999997,0.0,0.0
2023-05-15 11:00:00+02:00,0.0,1.1121333333333334,8.77663988005919,7.6645065,1.1121333,1.1121333,0.0,0.0,0.0,0.0,0.0,29.247819999999997,0.0,0.0
2023-05-15 11:15:00+02:00,0.0,0.5237333333333334,4.796207067767312,4.2724737,0.52373333,0.52373333,0.0,0.0,0.0,0.0,0.0,29.247819999999997,0.0,0.0
2023-05-15 11:30:00+02:00,0.0,1.9021333333333328,3.263166364678115,1.361033,1.9021333,1.9021333,0.0,0.0,0.0,0.0,0.0,29.247819999999997,0.0,0.0
2023-05-15 11:45:00+02:00,0.0,1.8150666666666664,2.9948135472037083,1.1797469,1.8150667,1.8150667,0.0,0.0,0.0,0.0,0.0,29.247819999999997,0.0,0.0
2023-05-15 12:00:00+02:00,0.0,1.3638,7.3360316581342335,5.9722317,1.3638,1.3638,0.0,0.0,0.0,0.0,0.0,29.247819999999997,0.0,0.0
2023-05-15 12:15:00+02:00,0.0,0.4305333333333334,6.185203428458666,5.7546701,0.43053333,0.43053333,0.0,0.0,0.0,0.0,0.0,29.247819999999997,0.0,0.0
2023-05-15 12:30:00+02:00,0.0,0.4487333333333334,5.0904362369876806,4.6417029,0.44873333,0.44873333,0.0,0.0,0.0,0.0,0.0,29.247819999999997,0.0,0.0
2023-05-15 12:45:00+02:00,0.0,0.327,3.558919356983284,3.2319194,0.327,0.327,0.0,0.0,0.0,0.0,0.0,29.247819999999997,0.0,0.0
2023-05-15 13:00:00+02:00,0.0,0.3774666666666666,2.197409057130317,1.8199424,0.37746667,0.37746667,0.0,0.0,0.0,0.0,0.0,29.247819999999997,0.0,0.0
2023-05-15 13:15:00+02:00,0.0,0.6271333333333333,1.1420889466904958,0.51495561,0.62713333,0.62713333,0.0,0.0,0.0,0.0,0.0,29.247819999999997,0.0,0.0
2023-05-15 13:30:00+02:00,0.0,0.3052666666666666,1.7672939901541445,1.4620273,0.30526667,0.30526667,0.0,0.0,0.0,0.0,0.0,29.247819999999997,0.0,0.0
2023-05-15 13:45:00+02:00,0.0,0.4066,1.8161845202403792,1.4095845,0.4066,0.4066,0.0,0.0,0.0,0.0,0.0,29.247819999999997,0.0,0.0
2023-05-15 14:00:00+02:00,0.0,0.2823333333333333,1.422148153282308,1.1398148,0.28233333,0.28233333,0.0,0.0,0.0,0.0,0.0,29.247819999999997,0.0,0.0
2023-05-15 14:15:00+02:00,0.0,0.2296,1.169511845052322,0.93991185,0.2296,0.2296,0.0,0.0,0.0,0.0,0.0,29.247819999999997,0.0,0.0
2023-05-15 14:30:00+02:00,0.0,0.2677333333333333,1.4142112130709044,1.1464779,0.26773333,0.26773333,0.0,0.0,0.0,0.0,0.0,29.247819999999997,0.0,0.0
2023-05-15 14:45:00+02:00,0.0,0.2739333333333333,1.575383808986364,0.6819826,0.8934012,0.27393333,0.0,0.0,0.0,0.0,0.61946787,29.247819999999997,0.61946787,0.0
2023-05-15 15:00:00+02:00,0.0,0.3246,5.734448052613813,5.4098481,0.3246,0.3246,0.14712362,0.0,0.0,0.0,0.0,29.247819999999997,0.0,0.0
2023-05-15 15:15:00+02:00,0.0,0.2664666666666666,4.263236522804792,0.0,4.2632365,0.26646667,0.14712362,0.0,0.0,0.0,3.9967699,29.247819999999997,3.9967699,0.0
2023-05-15 15:30:00+02:00,0.0,0.4050666666666667,4.606864173350959,0.0,4.6068642,0.40506667,1.0963565,0.0,0.0,0.0,4.2017975,29.247819999999997,4.2017975,0.0
2023-05-15 15:45:00+02:00,0.0,0.8677999999999999,1.954233210851279,0.0,1.9542332,0.8678,2.0942834,0.0,0.0,0.0,1.0864332,29.247819999999997,1.0864332,0.0
2023-05-15 16:00:00+02:00,0.0,0.2389333333333333,1.892974476264044,0.0,1.8929745,0.23893333,2.3523113,0.0,0.0,0.0,1.6540411,29.247819999999997,1.6540411,0.0
2023-05-15 16:15:00+02:00,0.0,0.3320666666666667,1.272481881784304,0.0,1.2724819,0.33206667,2.745146,0.0,0.0,0.0,0.94041522,29.247819999999997,0.94041522,0.0
2023-05-15 16:30:00+02:00,0.0,0.8518666666666667,2.818792384003067,0.0,2.8187924,0.85186667,2.9684946,0.0,0.0,0.0,1.9669257,29.247819999999997,1.9669257,0.0
2023-05-15 16:45:00+02:00,0.0,0.1876,2.200155580596141,0.0,2.2001556,0.1876,3.4356395,0.0,0.0,0.0,2.0125556,29.247819999999997,2.0125556,0.0
2023-05-15 17:00:00+02:00,0.0,0.2692666666666666,1.015682933421961,0.0,1.0156829,0.26926667,3.9136214,0.0,0.0,0.0,0.74641627,29.247819999999997,0.74641627,0.0
2023-05-15 17:15:00+02:00,0.0,0.1797333333333333,1.111426840302426,0.0,1.1114268,0.17973333,4.0908953,0.0,0.0,0.0,0.93169351,29.247819999999997,0.93169351,0.0
2023-05-15 17:30:00+02:00,0.0,0.2599333333333333,1.1289840790612602,0.0,1.1289841,0.25993333,4.3121725,0.0,0.0,0.0,0.86905075,29.247819999999997,0.86905075,0.0
2023-05-15 17:45:00+02:00,0.0,0.211,0.9039906529627364,0.0,0.90399065,0.211,4.5185721,0.0,0.0,0.0,0.69299065,29.247819999999997,0.69299065,0.0
2023-05-15 18:00:00+02:00,0.0,0.1423333333333333,1.0622981849412547,0.0,1.0622982,0.14233333,4.6831574,0.0,0.0,0.0,0.91996485,29.247819999999997,0.91996485,0.0
2023-05-15 18:15:00+02:00,0.0,0.1814666666666666,0.4462132399909075,0.0,0.44621324,0.18146667,4.901649,0.0,0.0,0.0,0.26474657,29.247819999999997,0.26474657,0.0
2023-05-15 18:30:00+02:00,0.0,0.1992,0.2808691520778492,0.0,0.28086915,0.0,4.9645263,0.28086915,0.0,0.28086915,0.0,29.247819999999997,0.0,0.1992
2023-05-15 18:45:00+02:00,0.0,0.2213333333333333,0.0500379581255772,0.0,0.050037958,0.0,4.9121053,0.050037958,0.0,0.050037958,0.0,29.247819999999997,0.0,0.22133333
2023-05-15 19:00:00+02:00,0.0,0.3720666666666666,0.0,0.0,0.0,0.0,4.8538596,0.0,0.0,0.0,0.0,29.247819999999997,0.0,0.37206667
2023-05-15 19:15:00+02:00,0.0,0.8155333333333333,0.0,0.0,0.0,0.0,4.7559474,0.0,0.0,0.0,0.0,29.247819999999997,0.0,0.81553333
2023-05-15 19:30:00+02:00,0.0,0.6011333333333333,0.0,0.0,0.0,0.0,4.5413333,0.0,0.0,0.0,0.0,29.247819999999997,0.0,0.60113333
2023-05-15 19:45:00+02:00,0.0,0.3781333333333333,0.0,0.0,0.0,0.0,4.3831404,0.0,0.0,0.0,0.0,29.247819999999997,0.0,0.37813333
2023-05-15 20:00:00+02:00,0.0,0.4969333333333333,0.0,0.0,0.0,0.0,4.2836316,0.0,0.0,0.0,0.0,29.247819999999997,0.0,0.49693333
2023-05-15 20:15:00+02:00,0.0,0.5548,0.0,0.0,0.0,0.0,4.1528596,0.0,0.0,0.0,0.0,29.247819999999997,0.0,0.5548
2023-05-15 20:30:00+02:00,0.0,0.4476666666666667,0.0,0.0,0.0,0.0,4.0068596,0.0,0.0,0.0,0.0,29.247819999999997,0.0,0.44766667
2023-05-15 20:45:00+02:00,0.0,0.4482666666666666,0.0,0.0,0.0,0.0,3.8890526,0.0,0.0,0.0,0.0,29.247819999999997,0.0,0.44826667
2023-05-15 21:00:00+02:00,0.0,0.3839333333333333,0.0,0.0,0.0,0.0,3.7710877,0.0,0.0,0.0,0.0,19.266099999999998,0.0,0.38393333
2023-05-15 21:15:00+02:00,0.0,0.5576,0.0,0.0,0.0,0.0,3.6700526,0.0,0.0,0.0,0.0,19.266099999999998,0.0,0.5576
2023-05-15 21:30:00+02:00,0.0,0.548,0.0,0.0,0.0,0.0,3.5233158,0.0,0.0,0.0,0.0,19.266099999999998,0.0,0.548
2023-05-15 21:45:00+02:00,0.0,0.4483999999999999,0.0,0.0,0.0,0.0,3.3791053,0.0,0.0,0.0,0.0,19.266099999999998,0.0,0.4484
2023-05-15 22:00:00+02:00,0.0,0.4569333333333333,0.0,0.0,0.0,0.0,3.2611053,0.0,0.0,0.0,0.0,19.266099999999998,0.0,0.45693333
2023-05-15 22:15:00+02:00,0.0,0.3927333333333333,0.0,0.0,0.0,0.0,3.1408596,0.0,0.0,0.0,0.0,19.266099999999998,0.0,0.39273333
2023-05-15 22:30:00+02:00,0.0,0.3921333333333333,0.0,0.0,0.0,0.0,3.0375088,0.0,0.0,0.0,0.0,19.266099999999998,0.0,0.39213333
2023-05-15 22:45:00+02:00,0.0,0.4558,0.0,0.0,0.0,0.0,2.9343158,0.0,0.0,0.0,0.0,19.266099999999998,0.0,0.4558
2023-05-15 23:00:00+02:00,0.0,0.5445333333333333,0.0,0.0,0.0,0.0,2.8143684,0.0,0.0,0.0,0.0,19.266099999999998,0.0,0.54453333
2023-05-15 23:15:00+02:00,0.0,0.4282666666666666,0.0,0.0,0.0,0.0,2.6710702,0.0,0.0,0.0,0.0,19.266099999999998,0.0,0.42826667
2023-05-15 23:30:00+02:00,0.0,0.415,0.0,0.0,0.0,0.0,2.5583684,0.0,0.0,0.0,0.0,19.266099999999998,0.0,0.415
2023-05-15 23:45:00+02:00,0.0,0.4176,0.0,0.0,0.0,0.0,2.4491579,0.0,0.0,0.0,0.0,19.266099999999998,0.0,0.4176
2023-05-16 00:00:00+02:00,0.0,0.4806,0.0,0.0,0.0,0.0,2.3392632,0.0,0.0,0.0,0.0,19.266099999999998,0.0,0.4806
2023-05-16 00:15:00+02:00,0.0,0.453,0.0,0.0,0.0,0.0,2.2127895,0.0,0.0,0.0,0.0,19.266099999999998,0.0,0.453
2023-05-16 00:30:00+02:00,0.0,0.4290666666666666,0.0,0.0,0.0,0.0,2.0935789,0.0,0.0,0.0,0.0,19.266099999999998,0.0,0.42906667
2023-05-16 00:45:00+02:00,0.0,0.3937333333333333,0.0,0.0,0.0,0.0,1.9806667,0.0,0.0,0.0,0.0,19.266099999999998,0.0,0.39373333
2023-05-16 01:00:00+02:00,0.0,0.3659333333333333,0.0,0.0,0.0,0.0,1.8770526,0.0,0.0,0.0,0.0,19.266099999999998,0.0,0.36593333
2023-05-16 01:15:00+02:00,0.0,0.449,0.0,0.0,0.0,0.0,1.7807544,0.0,0.0,0.0,0.0,19.266099999999998,0.0,0.449
2023-05-16 01:30:00+02:00,0.0,0.4394666666666666,0.0,0.0,0.0,0.0,1.6625965,0.0,0.0,0.0,0.0,19.266099999999998,0.0,0.43946667
2023-05-16 01:45:00+02:00,0.0,0.4830666666666666,0.0,0.0,0.0,0.0,1.5469474,0.0,0.0,0.0,0.0,19.266099999999998,0.0,0.48306667
2023-05-16 02:00:00+02:00,0.0,0.3956666666666666,0.0,0.0,0.0,0.0,1.4198246,0.0,0.0,0.0,0.0,19.266099999999998,0.0,0.39566667
2023-05-16 02:15:00+02:00,0.0,0.4336666666666667,0.0,0.0,0.0,0.0,1.3157018,0.0,0.0,0.0,0.0,19.266099999999998,0.0,0.43366667
2023-05-16 02:30:00+02:00,0.0,0.1889333333333333,0.0,0.0,0.0,0.0,1.2015789,0.0,0.0,0.0,0.0,19.266099999999998,0.0,0.18893333
2023-05-16 02:45:00+02:00,0.0,0.1752666666666666,0.0,0.0,0.0,0.0,1.1518596,0.0,0.0,0.0,0.0,19.266099999999998,0.0,0.17526667
2023-05-16 03:00:00+02:00,0.0,0.1513333333333333,0.0,0.0,0.0,0.0,1.1057368,0.0,0.0,0.0,0.0,19.266099999999998,0.0,0.15133333
2023-05-16 03:15:00+02:00,0.0,0.1542666666666667,0.0,0.0,0.0,0.0,1.0659123,0.0,0.0,0.0,0.0,19.266099999999998,0.0,0.15426667
2023-05-16 03:30:00+02:00,0.0,0.1158,0.0,0.0,0.0,0.0,1.0253158,0.0,0.0,0.0,0.0,19.266099999999998,0.0,0.1158
2023-05-16 03:45:00+02:00,0.0,0.184,0.0,0.0,0.0,0.0,0.99484211,0.0,0.0,0.0,0.0,19.266099999999998,0.0,0.184
2023-05-16 04:00:00+02:00,0.0,0.2284666666666666,0.0,0.0,0.0,0.0,0.94642105,0.0,0.0,0.0,0.0,19.266099999999998,0.0,0.22846667
2023-05-16 04:15:00+02:00,0.0,0.2296666666666666,0.0,0.0,0.0,0.0,0.88629825,0.0,0.0,0.0,0.0,19.266099999999998,0.0,0.22966667
2023-05-16 04:30:00+02:00,0.0,0.2063333333333333,0.0,0.0,0.0,0.0,0.82585965,0.0,0.0,0.0,0.0,19.266099999999998,0.0,0.20633333
2023-05-16 04:45:00+02:00,0.0,0.2442666666666667,0.0,0.0,0.0,0.0,0.7715614,0.0,0.0,0.0,0.0,19.266099999999998,0.0,0.24426667
2023-05-16 05:00:00+02:00,0.0,0.2385333333333333,0.0,0.0,0.0,0.0,0.7072807,0.0,0.0,0.0,0.0,19.266099999999998,0.0,0.23853333
2023-05-16 05:15:00+02:00,0.0,0.1876666666666666,0.0,0.0,0.0,0.0,0.64450877,0.0,0.0,0.0,0.0,19.266099999999998,0.0,0.18766667
2023-05-16 05:30:00+02:00,0.0,0.2219333333333333,0.0912905175376817,0.0,0.091290518,0.0,0.59512281,0.091290518,0.0,0.091290518,0.0,19.266099999999998,0.0,0.22193333
2023-05-16 05:45:00+02:00,0.0,0.2306,0.1542610605065887,0.0,0.15426106,0.0,0.5367193,0.15426106,0.0,0.15426106,0.0,19.266099999999998,0.0,0.2306
2023-05-16 06:00:00+02:00,0.0,0.2530666666666666,0.2806558648437421,0.0,0.28065586,0.0,0.47603509,0.28065586,0.0,0.28065586,0.0,42.54607,0.0,0.25306667
2023-05-16 06:15:00+02:00,0.0,0.2936,0.423090743100542,0.0,0.42309074,0.0,0.4094386,0.42309074,0.0,0.42309074,0.0,42.54607,0.0,0.2936
2023-05-16 06:30:00+02:00,0.0,0.3566,0.8740948872524552,0.0,0.87409489,0.0,0.33217544,0.87409489,0.0,0.87409489,0.0,42.54607,0.0,0.3566
2023-05-16 06:45:00+02:00,0.0,0.3397333333333333,0.8245633135496377,0.0,0.82456331,0.0,0.23833333,0.82456331,0.0,0.82456331,0.0,42.54607,0.0,0.33973333
2023-05-16 07:00:00+02:00,0.0,0.295,0.5933218505580339,0.0,0.59332185,0.0,0.14892982,0.59332185,0.0,0.59332185,0.0,42.54607,0.0,0.295
2023-05-16 07:15:00+02:00,0.0,0.2709333333333333,2.0789548474904995,0.0,2.0789548,0.0,0.071298246,2.0789548,0.0,2.0789548,0.0,42.54607,0.0,0.27093333
2023-05-16 07:30:00+02:00,0.0,0.3696666666666667,1.5732768798384182,1.2036102,0.36966667,0.36966667,0.0,0.0,0.0,0.0,0.0,42.54607,0.0,0.0
2023-05-16 07:45:00+02:00,0.0,0.2404666666666666,0.8654809592598787,0.62501429,0.24046667,0.24046667,0.0,0.0,0.0,0.0,0.0,42.54607,0.0,0.0
2023-05-16 08:00:00+02:00,0.0,0.2978,1.4809417903488131,1.1831418,0.2978,0.2978,0.0,0.0,0.0,0.0,0.0,42.54607,0.0,0.0
2023-05-16 08:15:00+02:00,0.0,0.2840666666666667,3.0491126580166727,2.765046,0.28406667,0.28406667,0.0,0.0,0.0,0.0,0.0,42.54607,0.0,0.0
2023-05-16 08:30:00+02:00,0.0,0.3679333333333333,3.93972110138614,3.5717878,0.36793333,0.36793333,0.0,0.0,0.0,0.0,0.0,42.54607,0.0,0.0
2023-05-16 08:45:00+02:00,0.0,1.3964,2.5479171075891776,1.1515171,1.3964,1.3964,0.0,0.0,0.0,0.0,0.0,42.54607,0.0,0.0
2023-05-16 09:00:00+02:00,0.0,0.5498666666666667,3.652217557325483,3.1023509,0.54986667,0.54986667,0.0,0.0,0.0,0.0,0.0,42.54607,0.0,0.0
2023-05-16 09:15:00+02:00,0.0,0.3354,1.7065520732772854,1.3711521,0.3354,0.3354,0.0,0.0,0.0,0.0,0.0,42.54607,0.0,0.0
2023-05-16 09:30:00+02:00,0.0,0.4029333333333333,1.4875326452654918,1.0845993,0.40293333,0.40293333,0.0,0.0,0.0,0.0,0.0,42.54607,0.0,0.0
2023-05-16 09:45:00+02:00,0.0,0.6252000000000001,1.2603016776383356,0.63510168,0.6252,0.6252,0.0,0.0,0.0,0.0,0.0,42.54607,0.0,0.0
2023-05-16 10:00:00+02:00,0.0,0.5411333333333334,0.677174265893852,0.13604093,0.54113333,0.54113333,0.0,0.0,0.0,0.0,0.0,42.54607,0.0,0.0
2023-05-16 10:15:00+02:00,0.0,0.3701333333333333,0.628867446681941,0.25873411,0.37013333,0.37013333,0.0,0.0,0.0,0.0,0.0,42.54607,0.0,0.0
2023-05-16 10:30:00+02:00,0.0,0.3534,0.5787556412061677,0.22535564,0.3534,0.3534,0.0,0.0,0.0,0.0,0.0,42.54607,0.0,0.0
2023-05-16 10:45:00+02:00,0.0,0.3354666666666666,0.7373579210466664,0.40189125,0.33546667,0.33546667,0.0,0.0,0.0,0.0,0.0,42.54607,0.0,0.0
2023-05-16 11:00:00+02:00,0.0,0.469,1.533181408413406,1.0641814,0.469,0.469,0.0,0.0,0.0,0.0,0.0,42.54607,0.0,0.0
2023-05-16 11:15:00+02:00,0.0,0.7015333333333333,3.0289155522773537,2.3273822,0.70153333,0.70153333,0.0,0.0,0.0,0.0,0.0,42.54607,0.0,0.0
2023-05-16 11:30:00+02:00,0.0,1.4209333333333334,4.664221614113324,3.2432883,1.4209333,1.4209333,0.0,0.0,0.0,0.0,0.0,42.54607,0.0,0.0
2023-05-16 11:45:00+02:00,0.0,0.9754,3.883323269967593,2.9079233,0.9754,0.9754,0.0,0.0,0.0,0.0,0.0,42.54607,0.0,0.0
2023-05-16 12:00:00+02:00,0.0,1.6121333333333334,4.144829140304659,2.5326958,1.6121333,1.6121333,0.0,0.0,0.0,0.0,0.0,42.54607,0.0,0.0
2023-05-16 12:15:00+02:00,0.0,2.307266666666667,5.113132900917975,2.8058662,2.3072667,2.3072667,0.0,0.0,0.0,0.0,0.0,42.54607,0.0,0.0
2023-05-16 12:30:00+02:00,0.0,1.9689333333333328,5.480490332071732,3.511557,1.9689333,1.9689333,0.0,0.0,0.0,0.0,0.0,42.54607,0.0,0.0
2023-05-16 12:45:00+02:00,0.0,1.0852666666666666,6.52108266067091,5.435816,1.0852667,1.0852667,0.0,0.0,0.0,0.0,0.0,42.54607,0.0,0.0
2023-05-16 13:00:00+02:00,0.0,1.8632666666666664,4.080565768735918,2.2172991,1.8632667,1.8632667,0.0,0.0,0.0,0.0,0.0,42.54607,0.0,0.0
2023-05-16 13:15:00+02:00,0.0,0.6916666666666667,7.342496135469013,6.6508295,0.69166667,0.69166667,0.0,0.0,0.0,0.0,0.0,42.54607,0.0,0.0
2023-05-16 13:30:00+02:00,0.0,0.3666,5.476691411532919,5.1100914,0.3666,0.3666,0.0,0.0,0.0,0.0,0.0,42.54607,0.0,0.0
2023-05-16 13:45:00+02:00,0.0,0.5917333333333333,2.675969196302357,1.2481666,1.4278026,0.59173333,0.0,0.0,0.0,0.0,0.83606923,42.54607,0.83606923,0.0
2023-05-16 14:00:00+02:00,0.0,0.5654,0.3889450900092298,0.0,0.38894509,0.38894509,0.19856644,0.0,0.0,0.0,0.0,42.54607,0.0,0.17645491
2023-05-16 14:15:00+02:00,0.0,0.6156,0.1337815283806374,0.0,0.13378153,0.13378153,0.15213094,0.0,0.0,0.0,0.0,42.54607,0.0,0.48181847
2023-05-16 14:30:00+02:00,0.0,0.5234,0.4271209015637144,0.0,0.4271209,0.4271209,0.025336605,0.0,0.0,0.0,0.0,42.54607,0.0,0.096279098
2023-05-16 14:45:00+02:00,0.0,0.4888666666666666,1.4779097775419774,0.98904311,0.48886667,0.48886667,0.0,0.0,0.0,0.0,0.0,42.54607,0.0,0.0
2023-05-16 15:00:00+02:00,0.0,0.6349333333333332,1.562537489964349,0.92760416,0.63493333,0.63493333,0.0,0.0,0.0,0.0,0.0,42.54607,0.0,0.0
2023-05-16 15:15:00+02:00,0.0,1.1117333333333332,2.772057674040062,1.6603243,1.1117333,1.1117333,0.0,0.0,0.0,0.0,0.0,42.54607,0.0,0.0
2023-05-16 15:30:00+02:00,0.0,0.455,4.671413635277622,1.0954715,3.5759421,0.455,0.0,0.0,0.0,0.0,3.1209421,42.54607,3.1209421,0.0
2023-05-16 15:45:00+02:00,0.0,0.4573333333333333,5.438408237343623,0.0,5.4384082,0.45733333,0.74122375,0.0,0.0,0.0,4.9810749,42.54607,4.9810749,0.0
2023-05-16 16:00:00+02:00,0.0,0.7764,4.872991226006898,0.0,4.8729912,0.7764,1.924229,0.0,0.0,0.0,4.0965912,42.54607,4.0965912,0.0
2023-05-16 16:15:00+02:00,0.0,0.7267333333333333,3.761240874632646,0.0,3.7612409,0.72673333,2.8971695,0.0,0.0,0.0,3.0345075,42.54607,3.0345075,0.0
2023-05-16 16:30:00+02:00,0.0,0.5630666666666667,2.934215655852661,0.0,2.9342157,0.56306667,3.617865,0.0,0.0,0.0,2.371149,42.54607,2.371149,0.0
2023-05-16 16:45:00+02:00,0.0,0.4311333333333333,2.663698986083407,0.0,2.663699,0.43113333,4.1810129,0.0,0.0,0.0,2.2325657,42.54607,2.2325657,0.0
2023-05-16 17:00:00+02:00,0.0,0.4234666666666666,1.820412637748636,0.0,1.8204126,0.42346667,4.7112472,0.0,0.0,0.0,1.396946,42.54607,1.396946,0.0
2023-05-16 17:15:00+02:00,0.0,0.3257333333333334,1.1184907844731733,0.0,1.1184908,0.32573333,5.0430219,0.0,0.0,0.0,0.79275745,42.54607,0.79275745,0.0
2023-05-16 17:30:00+02:00,0.0,0.4626666666666666,0.643632224693507,0.0,0.64363222,0.46266667,5.2313018,0.0,0.0,0.0,0.18096556,42.54607,0.18096556,0.0
2023-05-16 17:45:00+02:00,0.0,0.5697333333333333,0.8754179279591094,0.0,0.87541793,0.56973333,5.2742811,0.0,0.0,0.0,0.30568459,42.54607,0.30568459,0.0
2023-05-16 18:00:00+02:00,0.0,0.2458,0.636658666952017,0.0,0.63665867,0.2458,5.3468812,0.0,0.0,0.0,0.39085867,42.54607,0.39085867,0.0
2023-05-16 18:15:00+02:00,0.0,0.3964,0.5349057789613255,0.0,0.53490578,0.3964,5.4397101,0.0,0.0,0.0,0.13850578,42.54607,0.13850578,0.0
2023-05-16 18:30:00+02:00,0.0,0.3977333333333333,0.3639992976435601,0.0,0.3639993,0.3639993,5.4726053,0.0,0.0,0.0,0.0,42.54607,0.0,0.033734036
2023-05-16 18:45:00+02:00,0.0,0.3827333333333333,0.0,0.0,0.0,0.0,5.4637279,0.0,0.0,0.0,0.0,42.54607,0.0,0.38273333
2023-05-16 19:00:00+02:00,0.0,0.4938666666666667,0.0,0.0,0.0,0.0,5.3630086,0.0,0.0,0.0,0.0,42.54607,0.0,0.49386667
2023-05-16 19:15:00+02:00,0.0,0.4582666666666666,0.0,0.0,0.0,0.0,5.2330437,0.0,0.0,0.0,0.0,42.54607,0.0,0.45826667
2023-05-16 19:30:00+02:00,0.0,0.4282666666666666,0.0,0.0,0.0,0.0,5.1124472,0.0,0.0,0.0,0.0,42.54607,0.0,0.42826667
2023-05-16 19:45:00+02:00,0.0,0.4104666666666666,0.0,0.0,0.0,0.0,4.9997454,0.0,0.0,0.0,0.0,42.54607,0.0,0.41046667
2023-05-16 20:00:00+02:00,0.0,0.3576,0.0,0.0,0.0,0.0,4.8917279,0.0,0.0,0.0,0.0,42.54607,0.0,0.3576
2023-05-16 20:15:00+02:00,0.0,0.4042,0.0,0.0,0.0,0.0,4.7976226,0.0,0.0,0.0,0.0,42.54607,0.0,0.4042
2023-05-16 20:30:00+02:00,0.0,0.5963999999999999,0.0,0.0,0.0,0.0,4.6912542,0.0,0.0,0.0,0.0,42.54607,0.0,0.5964
2023-05-16 20:45:00+02:00,0.0,0.2388666666666666,0.0,0.0,0.0,0.0,4.5343068,0.0,0.0,0.0,0.0,42.54607,0.0,0.23886667
2023-05-16 21:00:00+02:00,0.0,0.5311333333333333,0.0,0.0,0.0,0.0,4.4714472,0.0,0.0,0.0,0.0,20.59771,0.0,0.53113333
2023-05-16 21:15:00+02:00,0.0,0.66,0.0,0.0,0.0,0.0,4.3316752,0.0,0.0,0.0,0.0,20.59771,0.0,0.66
2023-05-16 21:30:00+02:00,0.0,0.6950666666666667,0.0,0.0,0.0,0.0,4.157991,0.0,0.0,0.0,0.0,20.59771,0.0,0.69506667
2023-05-16 21:45:00+02:00,0.0,0.7897333333333334,0.0,0.0,0.0,0.0,3.9750788,0.0,0.0,0.0,0.0,20.59771,0.0,0.78973333
2023-05-16 22:00:00+02:00,0.0,0.6126,0.0,0.0,0.0,0.0,3.7672542,0.0,0.0,0.0,0.0,20.59771,0.0,0.6126
2023-05-16 22:15:00+02:00,0.0,0.7360666666666668,0.0,0.0,0.0,0.0,3.6060437,0.0,0.0,0.0,0.0,20.59771,0.0,0.73606667
2023-05-16 22:30:00+02:00,0.0,0.7472000000000001,0.0,0.0,0.0,0.0,3.4123419,0.0,0.0,0.0,0.0,20.59771,0.0,0.7472
2023-05-16 22:45:00+02:00,0.0,0.6239333333333332,0.0,0.0,0.0,0.0,3.2157103,0.0,0.0,0.0,0.0,20.59771,0.0,0.62393333
2023-05-16 23:00:00+02:00,0.0,0.5953333333333334,0.0,0.0,0.0,0.0,3.0515174,0.0,0.0,0.0,0.0,20.59771,0.0,0.59533333
2023-05-16 23:15:00+02:00,0.0,0.5216666666666666,0.0,0.0,0.0,0.0,2.8948507,0.0,0.0,0.0,0.0,20.59771,0.0,0.52166667
2023-05-16 23:30:00+02:00,0.0,0.63,0.0,0.0,0.0,0.0,2.75757,0.0,0.0,0.0,0.0,20.59771,0.0,0.63
2023-05-16 23:45:00+02:00,0.0,0.4907333333333333,0.0,0.0,0.0,0.0,2.5917805,0.0,0.0,0.0,0.0,20.59771,0.0,0.49073333
2023-05-17 00:00:00+02:00,0.0,0.7373999999999999,0.0,0.0,0.0,0.0,2.4626402,0.0,0.0,0.0,0.0,20.59771,0.0,0.7374
2023-05-17 00:15:00+02:00,0.0,0.5568666666666666,0.0,0.0,0.0,0.0,2.2685875,0.0,0.0,0.0,0.0,20.59771,0.0,0.55686667
2023-05-17 00:30:00+02:00,0.0,0.5919333333333333,0.0,0.0,0.0,0.0,2.1220437,0.0,0.0,0.0,0.0,20.59771,0.0,0.59193333
2023-05-17 00:45:00+02:00,0.0,0.5068,0.0,0.0,0.0,0.0,1.9662717,0.0,0.0,0.0,0.0,20.59771,0.0,0.5068
2023-05-17 01:00:00+02:00,0.0,0.2814666666666666,0.0,0.0,0.0,0.0,1.8329033,0.0,0.0,0.0,0.0,20.59771,0.0,0.28146667
2023-05-17 01:15:00+02:00,0.0,0.4152666666666667,0.0,0.0,0.0,0.0,1.7588331,0.0,0.0,0.0,0.0,20.59771,0.0,0.41526667
2023-05-17 01:30:00+02:00,0.0,0.5189333333333332,0.0,0.0,0.0,0.0,1.6495524,0.0,0.0,0.0,0.0,20.59771,0.0,0.51893333
2023-05-17 01:45:00+02:00,0.0,0.5722,0.0,0.0,0.0,0.0,1.512991,0.0,0.0,0.0,0.0,20.59771,0.0,0.5722
2023-05-17 02:00:00+02:00,0.0,0.5433333333333333,0.0,0.0,0.0,0.0,1.3624121,0.0,0.0,0.0,0.0,20.59771,0.0,0.54333333
2023-05-17 02:15:00+02:00,0.0,0.343,0.0,0.0,0.0,0.0,1.2194296,0.0,0.0,0.0,0.0,20.59771,0.0,0.343
2023-05-17 02:30:00+02:00,0.0,0.4972666666666666,0.0,0.0,0.0,0.0,1.1291665,0.0,0.0,0.0,0.0,20.59771,0.0,0.49726667
2023-05-17 02:45:00+02:00,0.0,0.3528666666666666,0.0,0.0,0.0,0.0,0.99830682,0.0,0.0,0.0,0.0,20.59771,0.0,0.35286667
2023-05-17 03:00:00+02:00,0.0,0.2078666666666666,0.0,0.0,0.0,0.0,0.90544718,0.0,0.0,0.0,0.0,20.59771,0.0,0.20786667
2023-05-17 03:15:00+02:00,0.0,0.3090666666666666,0.0,0.0,0.0,0.0,0.85074542,0.0,0.0,0.0,0.0,20.59771,0.0,0.30906667
2023-05-17 03:30:00+02:00,0.0,0.1495333333333333,0.0,0.0,0.0,0.0,0.76941209,0.0,0.0,0.0,0.0,20.59771,0.0,0.14953333
2023-05-17 03:45:00+02:00,0.0,0.1323333333333333,0.0,0.0,0.0,0.0,0.73006121,0.0,0.0,0.0,0.0,20.59771,0.0,0.13233333
2023-05-17 04:00:00+02:00,0.0,0.1531333333333333,0.0,0.0,0.0,0.0,0.69523665,0.0,0.0,0.0,0.0,20.59771,0.0,0.15313333
2023-05-17 04:15:00+02:00,0.0,0.1952666666666666,0.0,0.0,0.0,0.0,0.6549384,0.0,0.0,0.0,0.0,20.59771,0.0,0.19526667
2023-05-17 04:30:00+02:00,0.0,0.2231333333333333,0.0,0.0,0.0,0.0,0.60355244,0.0,0.0,0.0,0.0,20.59771,0.0,0.22313333
2023-05-17 04:45:00+02:00,0.0,0.221,0.0,0.0,0.0,0.0,0.54483314,0.0,0.0,0.0,0.0,20.59771,0.0,0.221
2023-05-17 05:00:00+02:00,0.0,0.2002666666666666,0.0,0.0,0.0,0.0,0.48667525,0.0,0.0,0.0,0.0,20.59771,0.0,0.20026667
2023-05-17 05:15:00+02:00,0.0,0.1507333333333333,0.0,0.0,0.0,0.0,0.43397349,0.0,0.0,0.0,0.0,20.59771,0.0,0.15073333
2023-05-17 05:30:00+02:00,0.0,0.1546666666666666,0.0926715824816672,0.0,0.092671582,0.092671582,0.39430682,0.0,0.0,0.0,0.0,20.59771,0.0,0.061995084
2023-05-17 05:45:00+02:00,0.0,0.1965333333333333,0.2216857046352585,0.0,0.2216857,0.19653333,0.37799233,0.0,0.0,0.0,0.025152371,20.59771,0.025152371,0.0
2023-05-17 06:00:00+02:00,0.0,0.2086666666666666,0.3463791545001271,0.0,0.34637915,0.20866667,0.38396602,0.0,0.0,0.0,0.13771249,31.4041,0.13771249,0.0
2023-05-17 06:15:00+02:00,0.0,0.2421333333333333,0.559263571546145,0.0,0.55926357,0.24213333,0.41667273,0.0,0.0,0.0,0.31713024,31.4041,0.31713024,0.0
2023-05-17 06:30:00+02:00,0.0,2.5170666666666666,1.4401486804867598,0.0,1.4401487,1.4401487,0.49199116,0.0,0.0,0.0,0.0,31.4041,0.0,1.076918
2023-05-17 06:45:00+02:00,0.0,2.5441333333333334,1.751484894167905,0.0,1.7514849,1.7514849,0.20859169,0.0,0.0,0.0,0.0,31.4041,0.0,0.79264844
2023-05-17 07:00:00+02:00,0.0,0.3624,2.610269216037607,0.0,2.6102692,0.3624,0.0,2.2478692,0.0,2.2478692,0.0,31.4041,0.0,0.0
2023-05-17 07:15:00+02:00,0.0,0.2160666666666666,1.0557883261887415,0.0,1.0557883,0.21606667,0.0,0.83972166,0.0,0.83972166,0.0,31.4041,0.0,0.0
2023-05-17 07:30:00+02:00,0.0,0.1414,1.6888423473278502,0.0,1.6888423,0.1414,0.0,1.5474423,0.0,1.5474423,0.0,31.4041,0.0,0.0
2023-05-17 07:45:00+02:00,0.0,0.156,4.605403389945592,0.0,4.6054034,0.156,0.0,4.4494034,0.0,4.4494034,0.0,31.4041,0.0,0.0
2023-05-17 08:00:00+02:00,0.0,0.1346666666666666,4.269527560088523,0.0,4.2695276,0.13466667,0.0,4.1348609,0.0,4.1348609,0.0,31.4041,0.0,0.0
2023-05-17 08:15:00+02:00,0.0,0.1473333333333333,4.04477364083082,0.0,4.0447736,0.14733333,0.0,3.8974403,0.0,3.8974403,0.0,31.4041,0.0,0.0
2023-05-17 08:30:00+02:00,0.0,0.1747333333333333,5.382573999059068,0.0,5.382574,0.17473333,0.0,5.2078407,0.0,5.2078407,0.0,31.4041,0.0,0.0
2023-05-17 08:45:00+02:00,0.0,1.2321333333333335,5.705772342237112,0.0,5.7057723,1.2321333,0.0,4.473639,0.0,4.473639,0.0,31.4041,0.0,0.0
2023-05-17 09:00:00+02:00,0.0,0.5548,4.950531743825166,2.5071096,2.4434221,0.5548,0.0,1.8886221,0.0,1.8886221,0.0,31.4041,0.0,0.0
2023-05-17 09:15:00+02:00,0.0,0.1924666666666666,3.888835218897475,0.0,3.8888352,0.19246667,0.0,3.6963686,0.0,3.6963686,0.0,31.4041,0.0,0.0
2023-05-17 09:30:00+02:00,0.0,0.4409333333333333,5.768885963491492,0.0,5.768886,0.44093333,0.0,5.3279526,0.0,5.3279526,0.0,31.4041,0.0,0.0
2023-05-17 09:45:00+02:00,0.0,0.5566,4.58033919401294,0.0,4.5803392,0.5566,0.0,4.0237392,0.0,4.0237392,0.0,31.4041,0.0,0.0
2023-05-17 10:00:00+02:00,0.0,0.2946666666666667,3.859964247229712,0.0,3.8599642,0.29466667,0.0,3.5652976,0.0,3.5652976,0.0,31.4041,0.0,0.0
2023-05-17 10:15:00+02:00,0.0,0.1827333333333333,2.5779272526100883,0.0,2.5779273,0.18273333,0.0,2.3951939,0.0,2.3951939,0.0,31.4041,0.0,0.0
2023-05-17 10:30:00+02:00,0.0,0.2656666666666666,1.8414692207171863,0.0,1.8414692,0.26566667,0.0,1.5758026,0.0,1.5758026,0.0,31.4041,0.0,0.0
2023-05-17 10:45:00+02:00,0.0,0.4135333333333333,1.3589817665735162,0.0,1.3589818,0.41353333,0.0,0.54934783,0.0,0.54934783,0.39610061,31.4041,0.39610061,0.0
2023-05-17 11:00:00+02:00,0.0,0.2764666666666666,1.6065761697047454,0.0,1.6065762,0.27646667,0.094073894,0.0,0.0,0.0,1.3301095,31.4041,1.3301095,0.0
2023-05-17 11:15:00+02:00,0.0,1.0638,1.7999203045824812,0.0,1.7999203,1.0638,0.4099749,0.0,0.0,0.0,0.7361203,31.4041,0.7361203,0.0
2023-05-17 11:30:00+02:00,0.0,1.145,0.8688446287766287,0.0,0.86884463,0.86884463,0.58480347,0.0,0.0,0.0,0.0,31.4041,0.0,0.27615537
2023-05-17 11:45:00+02:00,0.0,2.9173333333333336,1.3173648796431208,0.0,1.3173649,1.3173649,0.51213101,0.0,0.0,0.0,0.0,31.4041,0.0,1.5999685
2023-05-17 12:00:00+02:00,0.0,2.660333333333333,2.3142039593934456,0.0,2.314204,2.314204,0.091086677,0.0,0.0,0.0,0.0,31.4041,0.0,0.34612937
2023-05-17 12:15:00+02:00,0.0,1.6354666666666666,2.603258691371703,0.0,2.6032587,1.6354667,0.0,0.96779202,0.0,0.96779202,0.0,31.4041,0.0,0.0
2023-05-17 12:30:00+02:00,0.0,0.5902666666666666,4.082984863444739,0.0,4.0829849,0.59026667,0.0,3.4927182,0.0,3.4927182,0.0,31.4041,0.0,0.0
2023-05-17 12:45:00+02:00,0.0,0.4536666666666666,7.985023066635624,0.0,7.9850231,0.45366667,0.0,4.8711332,0.0,4.8711332,2.6602232,31.4041,2.6602232,0.0
2023-05-17 13:00:00+02:00,0.0,0.3745333333333334,5.68622540319083,0.0,5.6862254,0.37453333,0.631803,0.31169207,0.0,0.31169207,5.0,31.4041,5.0,0.0
2023-05-17 13:15:00+02:00,0.0,0.2573999999999999,0.6133606815437627,0.0,0.61336068,0.2574,1.819303,0.0,0.0,0.0,0.35596068,31.4041,0.35596068,0.0
2023-05-17 13:30:00+02:00,0.0,0.2954,0.2694336675332913,0.0,0.26943367,0.26943367,1.9038437,0.0,0.0,0.0,0.0,31.4041,0.0,0.025966332
2023-05-17 13:45:00+02:00,0.0,0.3712666666666666,0.3922930070667862,0.0,0.39229301,0.37126667,1.8970104,0.0,0.0,0.0,0.02102634,31.4041,0.02102634,0.0
2023-05-17 14:00:00+02:00,0.0,0.3132,4.256505998434172,0.0,4.256506,0.3132,1.9020042,0.0,0.0,0.0,3.943306,31.4041,3.943306,0.0
2023-05-17 14:15:00+02:00,0.0,0.3330666666666667,3.763447897576786,0.0,3.7634479,0.33306667,2.8385393,0.0,0.0,0.0,3.4303812,31.4041,3.4303812,0.0
2023-05-17 14:30:00+02:00,0.0,0.3230666666666666,1.710223383854461,0.0,1.7102234,0.32306667,3.6532549,0.0,0.0,0.0,1.3871567,31.4041,1.3871567,0.0
2023-05-17 14:45:00+02:00,0.0,0.3092,2.516801552137516,0.0,2.5168016,0.3092,3.9827046,0.0,0.0,0.0,2.2076016,31.4041,2.2076016,0.0
2023-05-17 15:00:00+02:00,0.0,0.3736,3.100431612440916,0.0,3.1004316,0.3736,4.50701,0.0,0.0,0.0,2.7268316,31.4041,2.7268316,0.0
2023-05-17 15:15:00+02:00,0.0,0.4854,3.384348176241349,0.0,3.3843482,0.4854,5.1546325,0.0,0.0,0.0,2.8989482,31.4041,2.8989482,0.0
2023-05-17 15:30:00+02:00,0.0,1.2615333333333334,1.0419028972063948,0.0,1.0419029,1.0419029,5.8431327,0.0,0.0,0.0,0.0,31.4041,0.0,0.21963044
2023-05-17 15:45:00+02:00,0.0,0.9802,0.9229774419209024,0.0,0.92297744,0.92297744,5.7853352,0.0,0.0,0.0,0.0,31.4041,0.0,0.057222558
2023-05-17 16:00:00+02:00,0.0,1.7645333333333333,1.631259195040658,0.0,1.6312592,1.6312592,5.7702766,0.0,0.0,0.0,0.0,31.4041,0.0,0.13327414
2023-05-17 16:15:00+02:00,0.0,2.119866666666667,1.7253868032053654,0.0,1.7253868,1.7253868,5.7352045,0.0,0.0,0.0,0.0,31.4041,0.0,0.39447986
2023-05-17 16:30:00+02:00,0.0,1.582733333333333,0.9977475664568054,0.0,0.99774757,0.99774757,5.631394,0.0,0.0,0.0,0.0,31.4041,0.0,0.58498577
2023-05-17 16:45:00+02:00,0.0,0.7615333333333333,0.6443036414722656,0.0,0.64430364,0.64430364,5.4774504,0.0,0.0,0.0,0.0,31.4041,0.0,0.11722969
2023-05-17 17:00:00+02:00,0.0,0.7393333333333334,1.033884443132695,0.0,1.0338844,0.73933333,5.4466005,0.0,0.0,0.0,0.29455111,31.4041,0.29455111,0.0
2023-05-17 17:15:00+02:00,0.0,0.5064,1.059216139936042,0.0,1.0592161,0.5064,5.5165563,0.0,0.0,0.0,0.55281614,31.4041,0.55281614,0.0
2023-05-17 17:30:00+02:00,0.0,2.2466666666666666,0.7410507236987296,0.0,0.74105072,0.74105072,5.6478502,0.0,0.0,0.0,0.0,31.4041,0.0,1.5056159
2023-05-17 17:45:00+02:00,0.0,1.1922,0.7275488730783561,0.0,0.72754887,0.72754887,5.2516355,0.0,0.0,0.0,0.0,31.4041,0.0,0.46465113
2023-05-17 18:00:00+02:00,0.0,0.4236,0.6551988608426185,0.0,0.65519886,0.4236,5.1293588,0.0,0.0,0.0,0.23159886,31.4041,0.23159886,0.0
2023-05-17 18:15:00+02:00,0.0,0.4251999999999999,0.4949687593179157,0.0,0.49496876,0.4252,5.1843636,0.0,0.0,0.0,0.069768759,31.4041,0.069768759,0.0
2023-05-17 18:30:00+02:00,0.0,0.3034,0.2780487402042236,0.0,0.27804874,0.27804874,5.2009337,0.0,0.0,0.0,0.0,31.4041,0.0,0.02535126
2023-05-17 18:45:00+02:00,0.0,0.3526666666666667,0.0,0.0,0.0,0.0,5.1942623,0.0,0.0,0.0,0.0,31.4041,0.0,0.35266667
2023-05-17 19:00:00+02:00,0.0,0.3421333333333333,0.0,0.0,0.0,0.0,5.1014553,0.0,0.0,0.0,0.0,31.4041,0.0,0.34213333
2023-05-17 19:15:00+02:00,0.0,0.3846,0.0,0.0,0.0,0.0,5.0114202,0.0,0.0,0.0,0.0,31.4041,0.0,0.3846
2023-05-17 19:30:00+02:00,0.0,0.3056,0.0,0.0,0.0,0.0,4.9102096,0.0,0.0,0.0,0.0,31.4041,0.0,0.3056
2023-05-17 19:45:00+02:00,0.0,0.3566,0.0,0.0,0.0,0.0,4.8297886,0.0,0.0,0.0,0.0,31.4041,0.0,0.3566
2023-05-17 20:00:00+02:00,0.0,2.1793333333333336,0.0,0.0,0.0,0.0,4.7359465,0.0,0.0,0.0,0.0,31.4041,0.0,2.1793333
2023-05-17 20:15:00+02:00,0.0,0.9735333333333333,0.0,0.0,0.0,0.0,4.1624377,0.0,0.0,0.0,0.0,31.4041,0.0,0.97353333
2023-05-17 20:30:00+02:00,0.0,1.049,0.0,0.0,0.0,0.0,3.9062447,0.0,0.0,0.0,0.0,31.4041,0.0,1.049
2023-05-17 20:45:00+02:00,0.0,0.6396000000000001,0.0,0.0,0.0,0.0,3.6301921,0.0,0.0,0.0,0.0,31.4041,0.0,0.6396
2023-05-17 21:00:00+02:00,0.0,0.6657333333333334,0.0,0.0,0.0,0.0,3.4618763,0.0,0.0,0.0,0.0,19.582639999999998,0.0,0.66573333
2023-05-17 21:15:00+02:00,0.0,0.7771333333333333,0.0,0.0,0.0,0.0,3.2866833,0.0,0.0,0.0,0.0,19.582639999999998,0.0,0.77713333
2023-05-17 21:30:00+02:00,0.0,0.5588,0.0,0.0,0.0,0.0,3.0821745,0.0,0.0,0.0,0.0,19.582639999999998,0.0,0.5588
2023-05-17 21:45:00+02:00,0.0,0.5100666666666667,0.0,0.0,0.0,0.0,2.9351219,0.0,0.0,0.0,0.0,19.582639999999998,0.0,0.51006667
2023-05-17 22:00:00+02:00,0.0,0.5930666666666667,0.0,0.0,0.0,0.0,2.8008938,0.0,0.0,0.0,0.0,19.582639999999998,0.0,0.59306667
2023-05-17 22:15:00+02:00,0.0,0.3743333333333333,0.0,0.0,0.0,0.0,2.6448237,0.0,0.0,0.0,0.0,19.582639999999998,0.0,0.37433333
2023-05-17 22:30:00+02:00,0.0,0.574,0.0,0.0,0.0,0.0,2.5463149,0.0,0.0,0.0,0.0,19.582639999999998,0.0,0.574
2023-05-17 22:45:00+02:00,0.0,0.4892666666666666,0.0,0.0,0.0,0.0,2.3952623,0.0,0.0,0.0,0.0,19.582639999999998,0.0,0.48926667
2023-05-17 23:00:00+02:00,0.0,0.2902,0.0,0.0,0.0,0.0,2.2665079,0.0,0.0,0.0,0.0,19.582639999999998,0.0,0.2902
2023-05-17 23:15:00+02:00,0.0,0.2683333333333333,0.0,0.0,0.0,0.0,2.1901395,0.0,0.0,0.0,0.0,19.582639999999998,0.0,0.26833333
2023-05-17 23:30:00+02:00,0.0,0.3380666666666667,0.0,0.0,0.0,0.0,2.1195254,0.0,0.0,0.0,0.0,19.582639999999998,0.0,0.33806667
2023-05-17 23:45:00+02:00,0.0,0.3520666666666666,0.0,0.0,0.0,0.0,2.0305605,0.0,0.0,0.0,0.0,19.582639999999998,0.0,0.35206667
2023-05-18 00:00:00+02:00,0.0,0.208,0.0,0.0,0.0,0.0,1.9379114,0.0,0.0,0.0,0.0,19.582639999999998,0.0,0.208
2023-05-18 00:15:00+02:00,0.0,0.3018666666666666,0.0,0.0,0.0,0.0,1.8831745,0.0,0.0,0.0,0.0,19.582639999999998,0.0,0.30186667
2023-05-18 00:30:00+02:00,0.0,0.178,0.0,0.0,0.0,0.0,1.803736,0.0,0.0,0.0,0.0,19.582639999999998,0.0,0.178
2023-05-18 00:45:00+02:00,0.0,0.215,0.0,0.0,0.0,0.0,1.7568938,0.0,0.0,0.0,0.0,19.582639999999998,0.0,0.215
2023-05-18 01:00:00+02:00,0.0,0.2025333333333333,0.0,0.0,0.0,0.0,1.7003149,0.0,0.0,0.0,0.0,19.582639999999998,0.0,0.20253333
2023-05-18 01:15:00+02:00,0.0,0.1742666666666666,0.0,0.0,0.0,0.0,1.6470167,0.0,0.0,0.0,0.0,19.582639999999998,0.0,0.17426667
2023-05-18 01:30:00+02:00,0.0,0.2401333333333333,0.0,0.0,0.0,0.0,1.601157,0.0,0.0,0.0,0.0,19.582639999999998,0.0,0.24013333
2023-05-18 01:45:00+02:00,0.0,0.1845333333333333,0.0,0.0,0.0,0.0,1.537964,0.0,0.0,0.0,0.0,19.582639999999998,0.0,0.18453333
2023-05-18 02:00:00+02:00,0.0,0.2457333333333333,0.0,0.0,0.0,0.0,1.4894026,0.0,0.0,0.0,0.0,19.582639999999998,0.0,0.24573333
2023-05-18 02:15:00+02:00,0.0,0.3159333333333333,0.0,0.0,0.0,0.0,1.424736,0.0,0.0,0.0,0.0,19.582639999999998,0.0,0.31593333
2023-05-18 02:30:00+02:00,0.0,0.2609333333333333,0.0,0.0,0.0,0.0,1.3415956,0.0,0.0,0.0,0.0,19.582639999999998,0.0,0.26093333
2023-05-18 02:45:00+02:00,0.0,0.3449333333333333,0.0,0.0,0.0,0.0,1.2729289,0.0,0.0,0.0,0.0,19.582639999999998,0.0,0.34493333
2023-05-18 03:00:00+02:00,0.0,0.8018666666666667,0.0,0.0,0.0,0.0,1.182157,0.0,0.0,0.0,0.0,19.582639999999998,0.0,0.80186667
2023-05-18 03:15:00+02:00,0.0,0.1538666666666666,0.0,0.0,0.0,0.0,0.97113946,0.0,0.0,0.0,0.0,19.582639999999998,0.0,0.15386667
2023-05-18 03:30:00+02:00,0.0,0.1637333333333333,0.0,0.0,0.0,0.0,0.93064823,0.0,0.0,0.0,0.0,19.582639999999998,0.0,0.16373333
2023-05-18 03:45:00+02:00,0.0,0.1528666666666666,0.0,0.0,0.0,0.0,0.88756051,0.0,0.0,0.0,0.0,19.582639999999998,0.0,0.15286667
2023-05-18 04:00:00+02:00,0.0,0.2412,0.0,0.0,0.0,0.0,0.84733244,0.0,0.0,0.0,0.0,19.582639999999998,0.0,0.2412
2023-05-18 04:15:00+02:00,0.0,0.1674,0.0,0.0,0.0,0.0,0.78385876,0.0,0.0,0.0,0.0,19.582639999999998,0.0,0.1674
2023-05-18 04:30:00+02:00,0.0,0.2296666666666666,0.0,0.0,0.0,0.0,0.73980613,0.0,0.0,0.0,0.0,19.582639999999998,0.0,0.22966667
2023-05-18 04:45:00+02:00,0.0,0.2696,0.0,0.0,0.0,0.0,0.67936753,0.0,0.0,0.0,0.0,19.582639999999998,0.0,0.2696
2023-05-18 05:00:00+02:00,0.0,0.3015333333333334,0.0,0.0,0.0,0.0,0.60842016,0.0,0.0,0.0,0.0,19.582639999999998,0.0,0.30153333
2023-05-18 05:15:00+02:00,0.0,0.345,0.0,0.0,0.0,0.0,0.52906929,0.0,0.0,0.0,0.0,19.582639999999998,0.0,0.345
2023-05-18 05:30:00+02:00,0.0,0.2394666666666666,0.0045311758293261,0.0,0.0045311758,0.0045311758,0.43827981,0.0,0.0,0.0,0.0,19.582639999999998,0.0,0.23493549
2023-05-18 05:45:00+02:00,0.0,0.2657333333333333,0.0332497475332019,0.0,0.033249748,0.033249748,0.37645468,0.0,0.0,0.0,0.0,19.582639999999998,0.0,0.23248359
2023-05-18 06:00:00+02:00,0.0,0.297,0.0484373745444298,0.0,0.048437375,0.048437375,0.31527479,0.0,0.0,0.0,0.0,29.943969999999993,0.0,0.24856263
2023-05-18 06:15:00+02:00,0.0,0.2122666666666667,0.0865077107150781,0.0,0.086507711,0.086507711,0.24986357,0.0,0.0,0.0,0.0,29.943969999999993,0.0,0.12575896
2023-05-18 06:30:00+02:00,0.0,0.2622666666666666,0.1522125424189843,0.0,0.15221254,0.15221254,0.21676911,0.0,0.0,0.0,0.0,29.943969999999993,0.0,0.11005412
2023-05-18 06:45:00+02:00,0.0,0.2612,0.2056669187485033,0.0,0.20566692,0.20566692,0.1878075,0.0,0.0,0.0,0.0,29.943969999999993,0.0,0.055533081
2023-05-18 07:00:00+02:00,0.0,0.7942666666666667,0.274048553584259,0.0,0.27404855,0.27404855,0.17319353,0.0,0.0,0.0,0.0,29.943969999999993,0.0,0.52021811
2023-05-18 07:15:00+02:00,0.0,0.4843333333333333,0.3464160263032875,0.0,0.34641603,0.34641603,0.036294028,0.0,0.0,0.0,0.0,29.943969999999993,0.0,0.13791731
2023-05-18 07:30:00+02:00,0.0,0.3496666666666667,0.6613293440215698,0.0,0.66132934,0.34966667,0.0,0.31166268,0.0,0.31166268,0.0,29.943969999999993,0.0,0.0
2023-05-18 07:45:00+02:00,0.0,0.3551333333333333,0.4838682226966499,0.0,0.48386822,0.35513333,0.0,0.12873489,0.0,0.12873489,0.0,29.943969999999993,0.0,0.0
2023-05-18 08:00:00+02:00,0.0,0.3243333333333333,0.8697425992529418,0.0,0.8697426,0.32433333,0.0,0.54540927,0.0,0.54540927,0.0,29.943969999999993,0.0,0.0
2023-05-18 08:15:00+02:00,0.0,0.2762666666666666,1.3187578360144,1.0424912,0.27626667,0.27626667,0.0,0.0,0.0,0.0,0.0,29.943969999999993,0.0,0.0
2023-05-18 08:30:00+02:00,0.0,0.2437333333333333,2.128232776135572,1.8844994,0.24373333,0.24373333,0.0,0.0,0.0,0.0,0.0,29.943969999999993,0.0,0.0
2023-05-18 08:45:00+02:00,0.0,0.2205333333333333,2.323214566474979,2.1026812,0.22053333,0.22053333,0.0,0.0,0.0,0.0,0.0,29.943969999999993,0.0,0.0
2023-05-18 09:00:00+02:00,0.0,0.2499333333333333,2.266174709004987,2.0162414,0.24993333,0.24993333,0.0,0.0,0.0,0.0,0.0,29.943969999999993,0.0,0.0
2023-05-18 09:15:00+02:00,0.0,0.2148,3.0830569459875203,2.8682569,0.2148,0.2148,0.0,0.0,0.0,0.0,0.0,29.943969999999993,0.0,0.0
2023-05-18 09:30:00+02:00,0.0,0.1757333333333333,3.1991051916706628,3.0233719,0.17573333,0.17573333,0.0,0.0,0.0,0.0,0.0,29.943969999999993,0.0,0.0
2023-05-18 09:45:00+02:00,0.0,0.2618666666666667,3.912191732628521,3.6503251,0.26186667,0.26186667,0.0,0.0,0.0,0.0,0.0,29.943969999999993,0.0,0.0
2023-05-18 10:00:00+02:00,0.0,0.6115333333333333,3.886149846338464,3.2746165,0.61153333,0.61153333,0.0,0.0,0.0,0.0,0.0,29.943969999999993,0.0,0.0
2023-05-18 10:15:00+02:00,0.0,0.542,4.849613698467673,4.3076137,0.542,0.542,0.0,0.0,0.0,0.0,0.0,29.943969999999993,0.0,0.0
2023-05-18 10:30:00+02:00,0.0,0.3964,5.118442997300524,4.1678852,0.95055783,0.3964,0.0,0.0,0.0,0.0,0.55415783,29.943969999999993,0.55415783,0.0
2023-05-18 10:45:00+02:00,0.0,0.2741333333333333,6.9177837660448604,1.6436504,5.2741333,0.27413333,0.13161249,0.0,0.0,0.0,5.0,29.943969999999993,5.0,0.0
2023-05-18 11:00:00+02:00,0.0,0.2504,6.784487704959258,1.5340877,5.2504,0.2504,1.3191125,0.0,0.0,0.0,5.0,29.943969999999993,5.0,0.0
2023-05-18 11:15:00+02:00,0.0,0.2462666666666667,3.9475147912439374,0.0,3.9475148,0.24626667,2.5066125,0.0,0.0,0.0,3.7012481,29.943969999999993,3.7012481,0.0
2023-05-18 11:30:00+02:00,0.0,0.4352,3.577759029712744,0.0,3.577759,0.4352,3.3856589,0.0,0.0,0.0,3.142559,29.943969999999993,3.142559,0.0
2023-05-18 11:45:00+02:00,0.0,0.2626666666666666,1.2712446227128242,0.0,1.2712446,0.26266667,4.1320167,0.0,0.0,0.0,1.008578,29.943969999999993,1.008578,0.0
2023-05-18 12:00:00+02:00,0.0,0.2378,0.5105991055646765,0.0,0.51059911,0.2378,4.3715539,0.0,0.0,0.0,0.27279911,29.943969999999993,0.27279911,0.0
2023-05-18 12:15:00+02:00,0.0,0.7043333333333334,2.5711092336230843,0.0,2.5711092,0.70433333,4.4363437,0.0,0.0,0.0,1.8667759,29.943969999999993,1.8667759,0.0
2023-05-18 12:30:00+02:00,0.035490012,9.6524,4.616909987641822,0.0,4.61691,4.61691,4.879703,0.0,0.0,0.0,0.0,29.943969999999993,0.0,5.0
2023-05-18 12:45:00+02:00,0.0,0.6036666666666666,4.7159477248702535,0.0,4.7159477,0.60366667,3.5639135,0.0,0.0,0.0,4.1122811,29.943969999999993,4.1122811,0.0
2023-05-18 13:00:00+02:00,0.0,2.0996666666666663,3.318652413562299,0.0,3.3186524,2.0996667,4.5405803,0.0,0.0,0.0,1.2189857,29.943969999999993,1.2189857,0.0
2023-05-18 13:15:00+02:00,0.0,2.4160666666666666,0.7890830769092703,0.0,0.78908308,0.78908308,4.8300894,0.0,0.0,0.0,0.0,29.943969999999993,0.0,1.6269836
2023-05-18 13:30:00+02:00,0.0,1.1131333333333335,4.627204262347487,0.0,4.6272043,1.1131333,4.4019358,0.0,0.0,0.0,3.5140709,29.943969999999993,3.5140709,0.0
2023-05-18 13:45:00+02:00,0.0,0.2315333333333333,3.200371864310146,0.0,3.2003719,0.23153333,5.2365277,0.0,0.0,0.0,2.9688385,29.943969999999993,2.9688385,0.0
2023-05-18 14:00:00+02:00,0.0,0.2569333333333333,0.4494102513320051,0.0,0.44941025,0.25693333,5.9416268,0.0,0.0,0.0,0.19247692,29.943969999999993,0.19247692,0.0
2023-05-18 14:15:00+02:00,0.0,0.2748666666666666,3.1713231817035066,0.0,3.1713232,0.27486667,5.9873401,0.0,0.0,0.0,2.8964565,29.943969999999993,2.8964565,0.0
2023-05-18 14:30:00+02:00,0.0,0.2527333333333333,3.5108526355504703,0.0,3.5108526,0.25273333,6.6752485,0.0,0.0,0.0,3.2581193,29.943969999999993,3.2581193,0.0
2023-05-18 14:45:00+02:00,0.0,0.4888666666666666,4.626380097321004,0.0,4.6263801,0.48886667,7.4490519,0.0,0.0,0.0,4.1375134,29.943969999999993,4.1375134,0.0
2023-05-18 15:00:00+02:00,0.0,0.4727333333333333,2.5705540910413176,0.0,2.5705541,0.47273333,8.4317113,0.0,0.0,0.0,2.0978208,29.943969999999993,2.0978208,0.0
2023-05-18 15:15:00+02:00,0.0,0.4597333333333333,0.3599743748186426,0.0,0.35997437,0.35997437,8.9299437,0.0,0.0,0.0,0.0,29.943969999999993,0.0,0.099758959
2023-05-18 15:30:00+02:00,0.0,0.4849333333333333,1.4557378622390686,0.0,1.4557379,0.48493333,8.9036914,0.0,0.0,0.0,0.97080453,29.943969999999993,0.97080453,0.0
2023-05-18 15:45:00+02:00,0.0,0.4576,1.9239381056390563,0.0,1.9239381,0.4576,9.1342574,0.0,0.0,0.0,1.4663381,29.943969999999993,1.4663381,0.0
2023-05-18 16:00:00+02:00,0.0,2.073733333333333,1.99130002410664,0.0,1.9913,1.9913,9.4825127,0.0,0.0,0.0,0.0,29.943969999999993,0.0,0.082433309
2023-05-18 16:15:00+02:00,0.0,0.5873333333333334,1.4097852167633032,0.0,1.4097852,0.58733333,9.4608198,0.0,0.0,0.0,0.82245188,29.943969999999993,0.82245188,0.0
2023-05-18 16:30:00+02:00,0.0,0.5085333333333334,1.4797098015531172,0.0,1.4797098,0.50853333,9.6561521,0.0,0.0,0.0,0.97117647,29.943969999999993,0.97117647,0.0
2023-05-18 16:45:00+02:00,0.0,1.2603333333333333,1.3595786417695883,0.0,1.3595786,1.2603333,9.8868065,0.0,0.0,0.0,0.099245308,29.943969999999993,0.099245308,0.0
2023-05-18 17:00:00+02:00,0.0,0.6295333333333333,0.8632940917639322,0.0,0.86329409,0.62953333,9.9103773,0.0,0.0,0.0,0.23376076,29.943969999999993,0.23376076,0.0
2023-05-18 17:15:00+02:00,0.0,0.564,0.6753753264343391,0.0,0.67537533,0.564,9.9658954,0.0,0.0,0.0,0.11137533,29.943969999999993,0.11137533,0.0
2023-05-18 17:30:00+02:00,0.0,0.466,0.4982228341235787,0.0,0.49822283,0.466,9.9923471,0.0,0.0,0.0,0.032222834,29.943969999999993,0.032222834,0.0
2023-05-18 17:45:00+02:00,0.0,0.5029333333333333,0.4278920460627182,0.0,0.42789205,0.42789205,10.0,0.0,0.0,0.0,0.0,29.943969999999993,0.0,0.075041287
2023-05-18 18:00:00+02:00,0.0,0.4963333333333333,0.3609356550448857,0.0,0.36093566,0.36093566,9.9802523,0.0,0.0,0.0,0.0,29.943969999999993,0.0,0.13539768
2023-05-18 18:15:00+02:00,0.0,0.9442666666666668,0.1701685292779292,0.0,0.17016853,0.17016853,9.9446213,0.0,0.0,0.0,0.0,29.943969999999993,0.0,0.77409814
2023-05-18 18:30:00+02:00,0.0,0.5155333333333333,0.2136885327359054,0.0,0.21368853,0.21368853,9.7409113,0.0,0.0,0.0,0.0,29.943969999999993,0.0,0.3018448
2023-05-18 18:45:00+02:00,0.0,0.4051333333333333,0.1380232482950754,0.0,0.13802325,0.13802325,9.6614784,0.0,0.0,0.0,0.0,29.943969999999993,0.0,0.26711009
2023-05-18 19:00:00+02:00,0.0,0.5148666666666667,0.0,0.0,0.0,0.0,9.5911863,0.0,0.0,0.0,0.0,29.943969999999993,0.0,0.51486667
2023-05-18 19:15:00+02:00,0.0,0.5418,0.0,0.0,0.0,0.0,9.4556951,0.0,0.0,0.0,0.0,29.943969999999993,0.0,0.5418
2023-05-18 19:30:00+02:00,0.0,0.5157999999999999,0.0,0.0,0.0,0.0,9.3131161,0.0,0.0,0.0,0.0,29.943969999999993,0.0,0.5158
2023-05-18 19:45:00+02:00,0.0,0.4802,0.0,0.0,0.0,0.0,9.1773793,0.0,0.0,0.0,0.0,29.943969999999993,0.0,0.4802
2023-05-18 20:00:00+02:00,0.0,0.4370666666666666,0.0,0.0,0.0,0.0,9.0510109,0.0,0.0,0.0,0.0,29.943969999999993,0.0,0.43706667
2023-05-18 20:15:00+02:00,0.0,1.8034,0.0,0.0,0.0,0.0,8.9359933,0.0,0.0,0.0,0.0,29.943969999999993,0.0,1.8034
2023-05-18 20:30:00+02:00,0.0,0.6350666666666667,0.0,0.0,0.0,0.0,8.4614144,0.0,0.0,0.0,0.0,29.943969999999993,0.0,0.63506667
2023-05-18 20:45:00+02:00,0.0,1.056266666666667,0.0,0.0,0.0,0.0,8.2942916,0.0,0.0,0.0,0.0,29.943969999999993,0.0,1.0562667
2023-05-18 21:00:00+02:00,0.0,0.6030666666666668,0.0,0.0,0.0,0.0,8.0163267,0.0,0.0,0.0,0.0,25.90035,0.0,0.60306667
2023-05-18 21:15:00+02:00,0.0,0.9524666666666668,0.0,0.0,0.0,0.0,7.8576249,0.0,0.0,0.0,0.0,25.90035,0.0,0.95246667
2023-05-18 21:30:00+02:00,0.0,0.7787999999999999,0.0,0.0,0.0,0.0,7.6069758,0.0,0.0,0.0,0.0,25.90035,0.0,0.7788
2023-05-18 21:45:00+02:00,0.0,0.7239333333333333,0.0,0.0,0.0,0.0,7.4020284,0.0,0.0,0.0,0.0,25.90035,0.0,0.72393333
2023-05-18 22:00:00+02:00,0.0,0.6946666666666667,0.0,0.0,0.0,0.0,7.2115197,0.0,0.0,0.0,0.0,25.90035,0.0,0.69466667
2023-05-18 22:15:00+02:00,0.0,0.7068,0.0,0.0,0.0,0.0,7.0287126,0.0,0.0,0.0,0.0,25.90035,0.0,0.7068
2023-05-18 22:30:00+02:00,0.0,0.6559333333333333,0.0,0.0,0.0,0.0,6.8427126,0.0,0.0,0.0,0.0,25.90035,0.0,0.65593333
2023-05-18 22:45:00+02:00,0.0,0.6780666666666667,0.0,0.0,0.0,0.0,6.6700986,0.0,0.0,0.0,0.0,25.90035,0.0,0.67806667
2023-05-18 23:00:00+02:00,0.0,0.6477999999999999,0.0,0.0,0.0,0.0,6.49166,0.0,0.0,0.0,0.0,25.90035,0.0,0.6478
2023-05-18 23:15:00+02:00,0.0,0.7078666666666666,0.0,0.0,0.0,0.0,6.3211863,0.0,0.0,0.0,0.0,25.90035,0.0,0.70786667
2023-05-18 23:30:00+02:00,0.0,0.6870666666666667,0.0,0.0,0.0,0.0,6.1349056,0.0,0.0,0.0,0.0,25.90035,0.0,0.68706667
2023-05-18 23:45:00+02:00,0.0,0.6297999999999999,0.0,0.0,0.0,0.0,5.9540986,0.0,0.0,0.0,0.0,25.90035,0.0,0.6298
2023-05-19 00:00:00+02:00,0.0,0.5597333333333333,0.0,0.0,0.0,0.0,5.7883618,0.0,0.0,0.0,0.0,25.90035,0.0,0.55973333
2023-05-19 00:15:00+02:00,0.0,0.4978,0.0,0.0,0.0,0.0,5.6410635,0.0,0.0,0.0,0.0,25.90035,0.0,0.4978
2023-05-19 00:30:00+02:00,0.0,0.4652666666666666,0.0,0.0,0.0,0.0,5.5100635,0.0,0.0,0.0,0.0,25.90035,0.0,0.46526667
2023-05-19 00:45:00+02:00,0.0,0.5652666666666667,0.0,0.0,0.0,0.0,5.3876249,0.0,0.0,0.0,0.0,25.90035,0.0,0.56526667
2023-05-19 01:00:00+02:00,0.0,0.5204,0.0,0.0,0.0,0.0,5.2388705,0.0,0.0,0.0,0.0,25.90035,0.0,0.5204
2023-05-19 01:15:00+02:00,0.0,0.2896666666666667,0.0,0.0,0.0,0.0,5.1019232,0.0,0.0,0.0,0.0,25.90035,0.0,0.28966667
2023-05-19 01:30:00+02:00,0.0,0.4570666666666667,0.0,0.0,0.0,0.0,5.0256951,0.0,0.0,0.0,0.0,25.90035,0.0,0.45706667
2023-05-19 01:45:00+02:00,0.0,0.3212,0.0,0.0,0.0,0.0,4.9054144,0.0,0.0,0.0,0.0,25.90035,0.0,0.3212
2023-05-19 02:00:00+02:00,0.0,0.2886666666666667,0.0,0.0,0.0,0.0,4.8208881,0.0,0.0,0.0,0.0,25.90035,0.0,0.28866667
2023-05-19 02:15:00+02:00,0.0,0.2781333333333333,0.0,0.0,0.0,0.0,4.7449232,0.0,0.0,0.0,0.0,25.90035,0.0,0.27813333
2023-05-19 02:30:00+02:00,0.0,0.3318666666666667,0.0,0.0,0.0,0.0,4.6717302,0.0,0.0,0.0,0.0,25.90035,0.0,0.33186667
2023-05-19 02:45:00+02:00,0.0,0.2982666666666666,0.0,0.0,0.0,0.0,4.5843968,0.0,0.0,0.0,0.0,25.90035,0.0,0.29826667
2023-05-19 03:00:00+02:00,0.0,0.3038666666666667,0.0,0.0,0.0,0.0,4.5059056,0.0,0.0,0.0,0.0,25.90035,0.0,0.30386667
2023-05-19 03:15:00+02:00,0.0,0.2495333333333333,0.0,0.0,0.0,0.0,4.4259407,0.0,0.0,0.0,0.0,25.90035,0.0,0.24953333
2023-05-19 03:30:00+02:00,0.0,0.3741333333333333,0.0,0.0,0.0,0.0,4.360274,0.0,0.0,0.0,0.0,25.90035,0.0,0.37413333
2023-05-19 03:45:00+02:00,0.0,0.3798,0.0,0.0,0.0,0.0,4.2618179,0.0,0.0,0.0,0.0,25.90035,0.0,0.3798
2023-05-19 04:00:00+02:00,0.0,0.2835333333333333,0.0,0.0,0.0,0.0,4.1618705,0.0,0.0,0.0,0.0,25.90035,0.0,0.28353333
2023-05-19 04:15:00+02:00,0.0,0.3012666666666666,0.0,0.0,0.0,0.0,4.0872565,0.0,0.0,0.0,0.0,25.90035,0.0,0.30126667
2023-05-19 04:30:00+02:00,0.0,0.2418,0.0,0.0,0.0,0.0,4.0079758,0.0,0.0,0.0,0.0,25.90035,0.0,0.2418
2023-05-19 04:45:00+02:00,0.0,0.3024666666666666,0.0,0.0,0.0,0.0,3.9443442,0.0,0.0,0.0,0.0,25.90035,0.0,0.30246667
2023-05-19 05:00:00+02:00,0.0,0.3376666666666666,0.0,0.0,0.0,0.0,3.8647477,0.0,0.0,0.0,0.0,25.90035,0.0,0.33766667
2023-05-19 05:15:00+02:00,0.0,0.6826666666666666,0.0,0.0,0.0,0.0,3.7758881,0.0,0.0,0.0,0.0,25.90035,0.0,0.68266667
2023-05-19 05:30:00+02:00,0.0,0.4815333333333333,0.0,0.0,0.0,0.0,3.596239,0.0,0.0,0.0,0.0,25.90035,0.0,0.48153333
2023-05-19 05:45:00+02:00,0.0,0.2734,0.0093797980695546,0.0,0.0093797981,0.0,3.4695197,0.0093797981,0.0,0.0093797981,0.0,25.90035,0.0,0.2734
2023-05-19 06:00:00+02:00,0.0,0.2492666666666667,0.0011157726994337,0.0,0.0011157727,0.0,3.3975723,0.0011157727,0.0,0.0011157727,0.0,40.424299999999995,0.0,0.24926667
2023-05-19 06:15:00+02:00,0.0,0.5127999999999999,0.0050993565736727,0.0,0.0050993566,0.0,3.3319758,0.0050993566,0.0,0.0050993566,0.0,40.424299999999995,0.0,0.5128
2023-05-19 06:30:00+02:00,0.0,0.9106,0.0607246780185413,0.0,0.060724678,0.0,3.1970284,0.060724678,0.0,0.060724678,0.0,40.424299999999995,0.0,0.9106
2023-05-19 06:45:00+02:00,0.0,0.4758,0.0442327010453567,0.0,0.044232701,0.0,2.9573968,0.044232701,0.0,0.044232701,0.0,40.424299999999995,0.0,0.4758
2023-05-19 07:00:00+02:00,0.0,0.3338,0.0411624196311962,0.0,0.04116242,0.0,2.8321863,0.04116242,0.0,0.04116242,0.0,40.424299999999995,0.0,0.3338
2023-05-19 07:15:00+02:00,0.0,0.2888666666666666,0.2660309624753155,0.0,0.26603096,0.0,2.7443442,0.26603096,0.0,0.26603096,0.0,40.424299999999995,0.0,0.28886667
2023-05-19 07:30:00+02:00,0.0,0.2938666666666666,0.6790454399883369,0.0,0.67904544,0.0,2.6683267,0.67904544,0.0,0.67904544,0.0,40.424299999999995,0.0,0.29386667
2023-05-19 07:45:00+02:00,0.0,0.2618,0.9523521697994406,0.0,0.95235217,0.0,2.5909933,0.95235217,0.0,0.95235217,0.0,40.424299999999995,0.0,0.2618
2023-05-19 08:00:00+02:00,0.0,0.2862666666666666,0.8349991121587977,0.0,0.83499911,0.0,2.5220986,0.83499911,0.0,0.83499911,0.0,40.424299999999995,0.0,0.28626667
2023-05-19 08:15:00+02:00,0.0,0.243,0.994250337454208,0.0,0.99425034,0.243,2.4467653,0.0,0.0,0.0,0.75125034,40.424299999999995,0.75125034,0.0
2023-05-19 08:30:00+02:00,0.0,0.2978,1.2134597160439695,0.0,1.2134597,0.2978,2.6251872,0.0,0.0,0.0,0.91565972,40.424299999999995,0.91565972,0.0
2023-05-19 08:45:00+02:00,0.0,0.2400666666666666,1.0262278981984674,0.0,1.0262279,0.24006667,2.8426564,0.0,0.0,0.0,0.78616123,40.424299999999995,0.78616123,0.0
2023-05-19 09:00:00+02:00,0.0,0.32,0.5766831771338728,0.0,0.57668318,0.32,3.0293697,0.0,0.0,0.0,0.25668318,40.424299999999995,0.25668318,0.0
2023-05-19 09:15:00+02:00,0.0,0.3568,0.5817822634984713,0.0,0.58178226,0.3568,3.090332,0.0,0.0,0.0,0.22498226,40.424299999999995,0.22498226,0.0
2023-05-19 09:30:00+02:00,0.0,0.32,0.5701778683292533,0.0,0.57017787,0.32,3.1437652,0.0,0.0,0.0,0.25017787,40.424299999999995,0.25017787,0.0
2023-05-19 09:45:00+02:00,0.0,0.2562,0.3622293051087159,0.0,0.36222931,0.2562,3.2031825,0.0,0.0,0.0,0.10602931,40.424299999999995,0.10602931,0.0
2023-05-19 10:00:00+02:00,0.0,0.2689333333333333,0.3738177856462439,0.0,0.37381779,0.26893333,3.2283644,0.0,0.0,0.0,0.10488445,40.424299999999995,0.10488445,0.0
2023-05-19 10:15:00+02:00,0.0,0.2628666666666667,0.2995898507454332,0.0,0.29958985,0.26286667,3.2532745,0.0,0.0,0.0,0.036723184,40.424299999999995,0.036723184,0.0
2023-05-19 10:30:00+02:00,0.0,0.2486,1.057693851113673,0.0,1.0576939,0.2486,3.2619963,0.0,0.0,0.0,0.80909385,40.424299999999995,0.80909385,0.0
2023-05-19 10:45:00+02:00,0.0,0.2508666666666667,1.618178712346359,0.0,1.6181787,0.25086667,3.454156,0.0,0.0,0.0,1.367312,40.424299999999995,1.367312,0.0
2023-05-19 11:00:00+02:00,0.0,0.3093999999999999,0.9838881201314162,0.0,0.98388812,0.3094,3.7788927,0.0,0.0,0.0,0.67448812,40.424299999999995,0.67448812,0.0
2023-05-19 11:15:00+02:00,0.0,0.3087333333333333,1.4791284752248957,0.0,1.4791285,0.30873333,3.9390836,0.0,0.0,0.0,1.1703951,40.424299999999995,1.1703951,0.0
2023-05-19 11:30:00+02:00,0.0,0.2899333333333333,1.4990073214759243,0.0,1.4990073,0.28993333,4.2170524,0.0,0.0,0.0,1.209074,40.424299999999995,1.209074,0.0
2023-05-19 11:45:00+02:00,0.0,0.2532,1.0177402598790144,0.0,1.0177403,0.2532,4.5042075,0.0,0.0,0.0,0.76454026,40.424299999999995,0.76454026,0.0
2023-05-19 12:00:00+02:00,0.0,0.4727333333333333,1.3991963541085557,0.0,1.3991964,0.47273333,4.6857858,0.0,0.0,0.0,0.92646302,40.424299999999995,0.92646302,0.0
2023-05-19 12:15:00+02:00,0.0,2.670533333333333,1.1255906412688887,0.0,1.1255906,1.1255906,4.9058208,0.0,0.0,0.0,0.0,40.424299999999995,0.0,1.5449427
2023-05-19 12:30:00+02:00,0.0,1.4708666666666663,1.8573293186446136,0.0,1.8573293,1.4708667,4.4992569,0.0,0.0,0.0,0.38646265,40.424299999999995,0.38646265,0.0
2023-05-19 12:45:00+02:00,0.0,2.3123333333333336,0.832806880792019,0.0,0.83280688,0.83280688,4.5910418,0.0,0.0,0.0,0.0,40.424299999999995,0.0,1.4795265
2023-05-19 13:00:00+02:00,0.0,1.0068666666666666,1.1988616895638902,0.0,1.1988617,1.0068667,4.2016927,0.0,0.0,0.0,0.19199502,40.424299999999995,0.19199502,0.0
2023-05-19 13:15:00+02:00,0.0,0.7087333333333333,1.3179598772182082,0.0,1.3179599,0.70873333,4.2472915,0.0,0.0,0.0,0.60922654,40.424299999999995,0.60922654,0.0
2023-05-19 13:30:00+02:00,0.0,0.5488,0.5765870751755487,0.0,0.57658708,0.5488,4.3919829,0.0,0.0,0.0,0.027787075,40.424299999999995,0.027787075,0.0
2023-05-19 13:45:00+02:00,0.0,0.5274666666666668,0.8203155550086827,0.0,0.82031556,0.52746667,4.3985823,0.0,0.0,0.0,0.29284889,40.424299999999995,0.29284889,0.0
2023-05-19 14:00:00+02:00,0.0,1.7896666666666667,0.8511228269363345,0.0,0.85112283,0.85112283,4.4681339,0.0,0.0,0.0,0.0,40.424299999999995,0.0,0.93854384
2023-05-19 14:15:00+02:00,0.0,2.9804,1.0234538176470822,0.0,1.0234538,1.0234538,4.2211487,0.0,0.0,0.0,0.0,40.424299999999995,0.0,1.9569462
2023-05-19 14:30:00+02:00,0.0,0.9522666666666668,0.9062001499762604,0.0,0.90620015,0.90620015,3.7061628,0.0,0.0,0.0,0.0,40.424299999999995,0.0,0.046066517
2023-05-19 14:45:00+02:00,0.0,0.6972,1.7606118927831091,0.0,1.7606119,0.6972,3.6940401,0.0,0.0,0.0,1.0634119,40.424299999999995,1.0634119,0.0
2023-05-19 15:00:00+02:00,0.0,0.8369333333333333,1.4478473517756143,0.0,1.4478474,0.83693333,3.9466004,0.0,0.0,0.0,0.61091402,40.424299999999995,0.61091402,0.0
2023-05-19 15:15:00+02:00,0.0,0.6935333333333333,1.278025813017055,0.0,1.2780258,0.69353333,4.0916925,0.0,0.0,0.0,0.58449248,40.424299999999995,0.58449248,0.0
2023-05-19 15:30:00+02:00,0.0,0.7116,1.6212474378357309,0.0,1.6212474,0.7116,4.2305094,0.0,0.0,0.0,0.90964744,40.424299999999995,0.90964744,0.0
2023-05-19 15:45:00+02:00,0.0,0.452,2.862553771900972,0.0,2.8625538,0.452,4.4465507,0.0,0.0,0.0,2.4105538,40.424299999999995,2.4105538,0.0
2023-05-19 16:00:00+02:00,0.0,0.3226,2.7427319712617817,0.0,2.742732,0.3226,5.0190572,0.0,0.0,0.0,2.420132,40.424299999999995,2.420132,0.0
2023-05-19 16:15:00+02:00,0.0,0.3002666666666666,1.9000435526328752,0.0,1.9000436,0.30026667,5.5938386,0.0,0.0,0.0,1.5997769,40.424299999999995,1.5997769,0.0
2023-05-19 16:30:00+02:00,0.0,0.2666,1.7564273397556929,0.0,1.7564273,0.2666,5.9737856,0.0,0.0,0.0,1.4898273,40.424299999999995,1.4898273,0.0
2023-05-19 16:45:00+02:00,0.0,0.3064666666666666,1.7238421299598727,0.0,1.7238421,0.13891539,6.3276196,1.5849267,0.0,1.5849267,0.0,40.424299999999995,0.0,0.16755128
2023-05-19 17:00:00+02:00,0.0,0.3878,1.4906927088125017,0.0,1.4906927,0.3878,6.2835271,1.1028927,0.0,1.1028927,0.0,40.424299999999995,0.0,0.0
2023-05-19 17:15:00+02:00,0.0,0.5288666666666667,1.3880906403148103,0.0,1.3880906,0.52886667,6.2835271,0.85922397,0.0,0.85922397,0.0,40.424299999999995,0.0,0.0
2023-05-19 17:30:00+02:00,0.0,0.5024666666666666,0.9887422192368056,0.0,0.98874222,0.50246667,6.2835271,0.48627555,0.0,0.48627555,0.0,40.424299999999995,0.0,0.0
2023-05-19 17:45:00+02:00,0.0,0.4756,0.8531127789512903,0.0,0.85311278,0.4756,6.2835271,0.37751278,0.0,0.37751278,0.0,40.424299999999995,0.0,0.0
2023-05-19 18:00:00+02:00,0.0,0.6228666666666667,0.6218846484926769,0.0,0.62188465,0.62188465,6.2835271,0.0,0.0,0.0,0.0,40.424299999999995,0.0,0.00098201817
2023-05-19 18:15:00+02:00,0.0,0.7241333333333333,0.3749746485081359,0.0,0.37497465,0.37497465,6.2832687,0.0,0.0,0.0,0.0,40.424299999999995,0.0,0.34915868
2023-05-19 18:30:00+02:00,0.0,0.8874,0.3198731710183812,0.0,0.31987317,0.31987317,6.1913848,0.0,0.0,0.0,0.0,40.424299999999995,0.0,0.56752683
2023-05-19 18:45:00+02:00,0.0,0.7024666666666667,0.1774230356062303,0.0,0.17742304,0.17742304,6.0420357,0.0,0.0,0.0,0.0,40.424299999999995,0.0,0.52504363
2023-05-19 19:00:00+02:00,0.0,0.9872,0.0,0.0,0.0,0.0,5.9038663,0.0,0.0,0.0,0.0,40.424299999999995,0.0,0.9872
2023-05-19 19:15:00+02:00,0.0,0.7213999999999999,0.0,0.0,0.0,0.0,5.6440768,0.0,0.0,0.0,0.0,40.424299999999995,0.0,0.7214
2023-05-19 19:30:00+02:00,0.0,0.5331333333333333,0.0,0.0,0.0,0.0,5.4542347,0.0,0.0,0.0,0.0,40.424299999999995,0.0,0.53313333
2023-05-19 19:45:00+02:00,0.0,0.5259333333333333,0.0,0.0,0.0,0.0,5.3139365,0.0,0.0,0.0,0.0,40.424299999999995,0.0,0.52593333
2023-05-19 20:00:00+02:00,0.0,1.0340666666666667,0.0,0.0,0.0,0.0,5.175533,0.0,0.0,0.0,0.0,40.424299999999995,0.0,1.0340667
2023-05-19 20:15:00+02:00,0.0,0.8619333333333333,0.0,0.0,0.0,0.0,4.9034102,0.0,0.0,0.0,0.0,40.424299999999995,0.0,0.86193333
2023-05-19 20:30:00+02:00,0.0,0.8746,0.0,0.0,0.0,0.0,4.6765856,0.0,0.0,0.0,0.0,40.424299999999995,0.0,0.8746
2023-05-19 20:45:00+02:00,0.0,0.7954,0.0,0.0,0.0,0.0,4.4464277,0.0,0.0,0.0,0.0,40.424299999999995,0.0,0.7954
2023-05-19 21:00:00+02:00,0.0,1.056533333333333,0.0,0.0,0.0,0.0,4.2371119,0.0,0.0,0.0,0.0,22.89322,0.0,1.0565333
2023-05-19 21:15:00+02:00,0.0,0.9321333333333334,0.0,0.0,0.0,0.0,3.9590768,0.0,0.0,0.0,0.0,22.89322,0.0,0.93213333
2023-05-19 21:30:00+02:00,0.0,0.9136666666666666,0.0,0.0,0.0,0.0,3.7137786,0.0,0.0,0.0,0.0,22.89322,0.0,0.91366667
2023-05-19 21:45:00+02:00,0.0,0.9450666666666668,0.0,0.0,0.0,0.0,3.47334,0.0,0.0,0.0,0.0,22.89322,0.0,0.94506667
2023-05-19 22:00:00+02:00,0.0,0.774,0.0,0.0,0.0,0.0,3.2246382,0.0,0.0,0.0,0.0,22.89322,0.0,0.774
2023-05-19 22:15:00+02:00,0.0,0.7228666666666667,0.0,0.0,0.0,0.0,3.020954,0.0,0.0,0.0,0.0,22.89322,0.0,0.72286667
2023-05-19 22:30:00+02:00,0.0,0.7542666666666666,0.0,0.0,0.0,0.0,2.8307259,0.0,0.0,0.0,0.0,22.89322,0.0,0.75426667
2023-05-19 22:45:00+02:00,0.0,0.6414666666666667,0.0,0.0,0.0,0.0,2.6322347,0.0,0.0,0.0,0.0,22.89322,0.0,0.64146667
2023-05-19 23:00:00+02:00,0.0,0.6526666666666666,0.0,0.0,0.0,0.0,2.4634277,0.0,0.0,0.0,0.0,22.89322,0.0,0.65266667
2023-05-19 23:15:00+02:00,0.0,0.5754,0.0,0.0,0.0,0.0,2.2916733,0.0,0.0,0.0,0.0,22.89322,0.0,0.5754
2023-05-19 23:30:00+02:00,0.0,0.4940666666666666,0.0,0.0,0.0,0.0,2.1402523,0.0,0.0,0.0,0.0,22.89322,0.0,0.49406667
2023-05-19 23:45:00+02:00,0.0,0.3244666666666666,0.0,0.0,0.0,0.0,2.0102347,0.0,0.0,0.0,0.0,22.89322,0.0,0.32446667
2023-05-20 00:00:00+02:00,0.0,0.3581333333333333,0.0,0.0,0.0,0.0,1.9248488,0.0,0.0,0.0,0.0,22.89322,0.0,0.35813333
2023-05-20 00:15:00+02:00,0.0,0.2980666666666666,0.0,0.0,0.0,0.0,1.8306031,0.0,0.0,0.0,0.0,22.89322,0.0,0.29806667
2023-05-20 00:30:00+02:00,0.0,0.3566,0.0,0.0,0.0,0.0,1.7521645,0.0,0.0,0.0,0.0,22.89322,0.0,0.3566
2023-05-20 00:45:00+02:00,0.0,0.2990666666666666,0.0,0.0,0.0,0.0,1.6583224,0.0,0.0,0.0,0.0,22.89322,0.0,0.29906667
2023-05-20 01:00:00+02:00,0.0,0.3386,0.0,0.0,0.0,0.0,1.5796207,0.0,0.0,0.0,0.0,22.89322,0.0,0.3386
2023-05-20 01:15:00+02:00,0.0,0.4390666666666666,0.0,0.0,0.0,0.0,1.4905154,0.0,0.0,0.0,0.0,22.89322,0.0,0.43906667
2023-05-20 01:30:00+02:00,0.0,0.3876666666666666,0.0,0.0,0.0,0.0,1.3749716,0.0,0.0,0.0,0.0,22.89322,0.0,0.38766667
2023-05-20 01:45:00+02:00,0.0,0.4089333333333333,0.0,0.0,0.0,0.0,1.272954,0.0,0.0,0.0,0.0,22.89322,0.0,0.40893333
2023-05-20 02:00:00+02:00,0.0,0.3330666666666667,0.0,0.0,0.0,0.0,1.16534,0.0,0.0,0.0,0.0,22.89322,0.0,0.33306667
2023-05-20 02:15:00+02:00,0.0,0.3049333333333333,0.0,0.0,0.0,0.0,1.0776909,0.0,0.0,0.0,0.0,22.89322,0.0,0.30493333
2023-05-20 02:30:00+02:00,0.0,0.3633333333333333,0.0,0.0,0.0,0.0,0.99744524,0.0,0.0,0.0,0.0,22.89322,0.0,0.36333333
2023-05-20 02:45:00+02:00,0.0,0.3672666666666666,0.0,0.0,0.0,0.0,0.90183121,0.0,0.0,0.0,0.0,22.89322,0.0,0.36726667
2023-05-20 03:00:00+02:00,0.0,0.4178,0.0,0.0,0.0,0.0,0.80518208,0.0,0.0,0.0,0.0,22.89322,0.0,0.4178
2023-05-20 03:15:00+02:00,0.0,0.3448,0.0,0.0,0.0,0.0,0.69523472,0.0,0.0,0.0,0.0,22.89322,0.0,0.3448
2023-05-20 03:30:00+02:00,0.0,0.3342666666666666,0.0,0.0,0.0,0.0,0.60449787,0.0,0.0,0.0,0.0,22.89322,0.0,0.33426667
2023-05-20 03:45:00+02:00,0.0,0.3512,0.0,0.0,0.0,0.0,0.51653296,0.0,0.0,0.0,0.0,22.89322,0.0,0.3512
2023-05-20 04:00:00+02:00,0.0,0.3889333333333333,0.0,0.0,0.0,0.0,0.42411191,0.0,0.0,0.0,0.0,22.89322,0.0,0.38893333
2023-05-20 04:15:00+02:00,0.0,0.4294666666666666,0.0,0.0,0.0,0.0,0.32176103,0.0,0.0,0.0,0.0,22.89322,0.0,0.42946667
2023-05-20 04:30:00+02:00,0.0,0.4756,0.0,0.0,0.0,0.0,0.20874349,0.0,0.0,0.0,0.0,22.89322,0.0,0.4756
2023-05-20 04:45:00+02:00,0.0,0.2673999999999999,0.0,0.0,0.0,0.0,0.083585594,0.0,0.0,0.0,0.0,22.89322,0.0,0.2674
2023-05-20 05:00:00+02:00,0.17437474,0.2246,0.0,0.0,0.0,0.0,0.013217172,0.0,0.0,0.0,0.0,22.89322,0.0,0.050225255
2023-05-20 05:15:00+02:00,0.12075165,0.1829333333333333,0.0621816862723851,0.0,0.062181686,0.062181686,0.0,0.0,0.0,0.0,0.0,22.89322,0.0,0.0
2023-05-20 05:30:00+02:00,0.0,0.1937333333333333,0.2166383689903264,0.0,0.21663837,0.19373333,0.0,0.022905036,0.0,0.022905036,0.0,22.89322,0.0,0.0
2023-05-20 05:45:00+02:00,0.0,0.2270666666666666,0.4374533736338905,0.0,0.43745337,0.22706667,0.0,0.21038671,0.0,0.21038671,0.0,22.89322,0.0,0.0
2023-05-20 06:00:00+02:00,0.0,0.2468666666666666,0.7083287628189853,0.0,0.70832876,0.24686667,0.0,0.4614621,0.0,0.4614621,0.0,33.329519999999995,0.0,0.0
2023-05-20 06:15:00+02:00,0.0,0.3185333333333333,1.058854973912012,0.0,1.058855,0.31853333,0.0,0.74032164,0.0,0.74032164,0.0,33.329519999999995,0.0,0.0
2023-05-20 06:30:00+02:00,0.0,0.3496,1.4511300574531552,0.0,1.4511301,0.3496,0.0,1.1015301,0.0,1.1015301,0.0,33.329519999999995,0.0,0.0
2023-05-20 06:45:00+02:00,0.0,0.8653333333333334,1.8709315063904013,0.0,1.8709315,0.86533333,0.0,1.0055982,0.0,1.0055982,0.0,33.329519999999995,0.0,0.0
2023-05-20 07:00:00+02:00,0.0,0.7385333333333333,2.3018015598125494,0.0,2.3018016,0.73853333,0.0,1.5632682,0.0,1.5632682,0.0,33.329519999999995,0.0,0.0
2023-05-20 07:15:00+02:00,0.0,0.4793333333333333,2.7671130835442725,0.0,2.7671131,0.47933333,0.0,2.2877798,0.0,2.2877798,0.0,33.329519999999995,0.0,0.0
2023-05-20 07:30:00+02:00,0.0,0.3461333333333333,3.226813995751169,0.0,3.226814,0.34613333,0.0,2.8806807,0.0,2.8806807,0.0,33.329519999999995,0.0,0.0
2023-05-20 07:45:00+02:00,0.0,0.3054,3.681020519538391,0.0,3.6810205,0.3054,0.0,3.3756205,0.0,3.3756205,0.0,33.329519999999995,0.0,0.0
2023-05-20 08:00:00+02:00,0.0,0.2808666666666666,4.125999754962123,0.0,4.1259998,0.28086667,0.0,3.8451331,0.0,3.8451331,0.0,33.329519999999995,0.0,0.0
2023-05-20 08:15:00+02:00,0.0,0.2937333333333333,4.575339562972538,4.2816062,0.29373333,0.29373333,0.0,0.0,0.0,0.0,0.0,33.329519999999995,0.0,0.0
2023-05-20 08:30:00+02:00,0.0,0.3062666666666666,5.028443648397436,4.722177,0.30626667,0.30626667,0.0,0.0,0.0,0.0,0.0,33.329519999999995,0.0,0.0
2023-05-20 08:45:00+02:00,0.0,0.3414,5.424388424635658,5.0829884,0.3414,0.3414,0.0,0.0,0.0,0.0,0.0,33.329519999999995,0.0,0.0
2023-05-20 09:00:00+02:00,0.0,0.3853999999999999,5.7929387294397205,5.4075387,0.3854,0.3854,0.0,0.0,0.0,0.0,0.0,33.329519999999995,0.0,0.0
2023-05-20 09:15:00+02:00,0.0,0.3243999999999999,6.164055719308601,5.8396557,0.3244,0.3244,0.0,0.0,0.0,0.0,0.0,33.329519999999995,0.0,0.0
2023-05-20 09:30:00+02:00,0.0,0.2944666666666666,6.522156988512855,6.2276903,0.29446667,0.29446667,0.0,0.0,0.0,0.0,0.0,33.329519999999995,0.0,0.0
2023-05-20 09:45:00+02:00,0.0,0.8583999999999999,6.6480169307984935,5.7896169,0.8584,0.8584,0.0,0.0,0.0,0.0,0.0,33.329519999999995,0.0,0.0
2023-05-20 10:00:00+02:00,0.0,0.454,7.136976924958399,6.6829769,0.454,0.454,0.0,0.0,0.0,0.0,0.0,33.329519999999995,0.0,0.0
2023-05-20 10:15:00+02:00,0.0,0.4936666666666667,7.347034214090313,6.8533675,0.49366667,0.49366667,0.0,0.0,0.0,0.0,0.0,33.329519999999995,0.0,0.0
2023-05-20 10:30:00+02:00,0.0,0.6597333333333334,7.66963066050333,7.0098973,0.65973333,0.65973333,0.0,0.0,0.0,0.0,0.0,33.329519999999995,0.0,0.0
2023-05-20 10:45:00+02:00,0.0,0.4802666666666667,7.816752151196301,7.3364855,0.48026667,0.48026667,0.0,0.0,0.0,0.0,0.0,33.329519999999995,0.0,0.0
2023-05-20 11:00:00+02:00,0.0,0.4127333333333333,8.036066299438138,7.623333,0.41273333,0.41273333,0.0,0.0,0.0,0.0,0.0,33.329519999999995,0.0,0.0
2023-05-20 11:15:00+02:00,0.0,0.4326666666666667,8.193863991324113,7.7611973,0.43266667,0.43266667,0.0,0.0,0.0,0.0,0.0,33.329519999999995,0.0,0.0
2023-05-20 11:30:00+02:00,0.0,0.5078,8.314720969518726,7.806921,0.5078,0.5078,0.0,0.0,0.0,0.0,0.0,33.329519999999995,0.0,0.0
2023-05-20 11:45:00+02:00,0.0,0.5197999999999999,8.462740238375828,7.9429402,0.5198,0.5198,0.0,0.0,0.0,0.0,0.0,33.329519999999995,0.0,0.0
2023-05-20 12:00:00+02:00,0.0,0.5942666666666666,8.562533885179677,7.9682672,0.59426667,0.59426667,0.0,0.0,0.0,0.0,0.0,33.329519999999995,0.0,0.0
2023-05-20 12:15:00+02:00,0.0,0.5094,8.637690698896963,8.1282907,0.5094,0.5094,0.0,0.0,0.0,0.0,0.0,33.329519999999995,0.0,0.0
2023-05-20 12:30:00+02:00,0.0,0.6032666666666666,6.793904911114368,6.1906382,0.60326667,0.60326667,0.0,0.0,0.0,0.0,0.0,33.329519999999995,0.0,0.0
2023-05-20 12:45:00+02:00,0.0,0.5214,8.893947217973947,8.3725472,0.5214,0.5214,0.0,0.0,0.0,0.0,0.0,33.329519999999995,0.0,0.0
2023-05-20 13:00:00+02:00,0.0,1.0190666666666668,6.477667282350858,5.4586006,1.0190667,1.0190667,0.0,0.0,0.0,0.0,0.0,33.329519999999995,0.0,0.0
2023-05-20 13:15:00+02:00,0.0,0.4402,7.842055443514988,7.4018554,0.4402,0.4402,0.0,0.0,0.0,0.0,0.0,33.329519999999995,0.0,0.0
2023-05-20 13:30:00+02:00,0.0,0.2607333333333334,4.888645824405563,2.0838802,2.8047656,0.26073333,0.0,0.0,0.0,0.0,2.5440323,33.329519999999995,2.5440323,0.0
2023-05-20 13:45:00+02:00,0.0,0.3097333333333333,4.870964185483851,0.0,4.8709642,0.30973333,0.60420767,0.0,0.0,0.0,4.5612309,33.329519999999995,4.5612309,0.0
2023-05-20 14:00:00+02:00,0.0,0.3253333333333333,7.50114182958786,2.1758085,5.3253333,0.32533333,1.6875,0.0,0.0,0.0,5.0,33.329519999999995,5.0,0.0
2023-05-20 14:15:00+02:00,0.0,0.3522666666666667,6.996740918887934,1.6444743,5.3522667,0.35226667,2.875,0.0,0.0,0.0,5.0,33.329519999999995,5.0,0.0
2023-05-20 14:30:00+02:00,0.0,0.5514666666666667,7.538586142192591,1.9871195,5.5514667,0.55146667,4.0625,0.0,0.0,0.0,5.0,33.329519999999995,5.0,0.0
2023-05-20 14:45:00+02:00,0.0,0.3968666666666667,7.708007498904359,2.3111408,5.3968667,0.39686667,5.25,0.0,0.0,0.0,5.0,33.329519999999995,5.0,0.0
2023-05-20 15:00:00+02:00,0.0,0.4802,7.281652100901895,1.8014521,5.4802,0.4802,6.4375,0.0,0.0,0.0,5.0,33.329519999999995,5.0,0.0
2023-05-20 15:15:00+02:00,0.0,0.5654,6.663521516776452,1.0981215,5.5654,0.5654,7.625,0.0,0.0,0.0,5.0,33.329519999999995,5.0,0.0
2023-05-20 15:30:00+02:00,0.0,0.5036666666666667,6.163423675454034,0.65975701,5.5036667,0.50366667,8.8125,0.0,0.0,0.0,5.0,33.329519999999995,5.0,0.0
2023-05-20 15:45:00+02:00,0.0,0.5188666666666667,4.23574658793171,0.0,4.2357466,0.0,10.0,4.2357466,0.0,4.2357466,0.0,33.329519999999995,0.0,0.51886667
2023-05-20 16:00:00+02:00,0.0,1.0131333333333332,3.800406723798736,0.0,3.8004067,0.0,9.8634561,3.8004067,0.0,3.8004067,0.0,33.329519999999995,0.0,1.0131333
2023-05-20 16:15:00+02:00,0.0,0.7188,4.286394873613346,0.0,4.2863949,0.0,9.5968421,4.2863949,0.0,4.2863949,0.0,33.329519999999995,0.0,0.7188
2023-05-20 16:30:00+02:00,0.0,0.5127333333333334,2.6882767203467828,0.0,2.6882767,0.0,9.4076842,2.6882767,0.0,2.6882767,0.0,33.329519999999995,0.0,0.51273333
2023-05-20 16:45:00+02:00,0.0,0.7992,1.0714592672851404,0.0,1.0714593,0.0,9.2727544,1.0714593,0.0,1.0714593,0.0,33.329519999999995,0.0,0.7992
2023-05-20 17:00:00+02:00,0.0,0.7741333333333333,1.534028220304435,0.0,1.5340282,0.0,9.0624386,1.5340282,0.0,1.5340282,0.0,33.329519999999995,0.0,0.77413333
2023-05-20 17:15:00+02:00,0.0,0.6074666666666667,1.2597986620771573,0.0,1.2597987,0.0,8.8587193,1.2597987,0.0,1.2597987,0.0,33.329519999999995,0.0,0.60746667
2023-05-20 17:30:00+02:00,0.0,0.5376000000000001,0.8183086682867985,0.0,0.81830867,0.0,8.6988596,0.81830867,0.0,0.81830867,0.0,33.329519999999995,0.0,0.5376
2023-05-20 17:45:00+02:00,0.0,0.5913333333333334,0.8930054107053038,0.0,0.89300541,0.0,8.557386,0.89300541,0.0,0.89300541,0.0,33.329519999999995,0.0,0.59133333
2023-05-20 18:00:00+02:00,0.0,0.5853333333333334,0.5670793793159734,0.0,0.56707938,0.0,8.4017719,0.56707938,0.0,0.56707938,0.0,33.329519999999995,0.0,0.58533333
2023-05-20 18:15:00+02:00,0.0,0.5733333333333334,0.4840339628125097,0.0,0.48403396,0.0,8.2477368,0.48403396,0.0,0.48403396,0.0,33.329519999999995,0.0,0.57333333
2023-05-20 18:30:00+02:00,0.0,0.5526,0.3714103520194997,0.0,0.37141035,0.0,8.0968596,0.37141035,0.0,0.37141035,0.0,33.329519999999995,0.0,0.5526
2023-05-20 18:45:00+02:00,0.0,0.6507999999999999,0.19426335451086,0.0,0.19426335,0.0,7.9514386,0.19426335,0.0,0.19426335,0.0,33.329519999999995,0.0,0.6508
2023-05-20 19:00:00+02:00,0.0,1.1100666666666663,0.0,0.0,0.0,0.0,7.7801754,0.0,0.0,0.0,0.0,33.329519999999995,0.0,1.1100667
2023-05-20 19:15:00+02:00,0.0,0.6070666666666668,0.0,0.0,0.0,0.0,7.4880526,0.0,0.0,0.0,0.0,33.329519999999995,0.0,0.60706667
2023-05-20 19:30:00+02:00,0.0,0.6712,0.0,0.0,0.0,0.0,7.3282982,0.0,0.0,0.0,0.0,33.329519999999995,0.0,0.6712
2023-05-20 19:45:00+02:00,0.0,0.5912000000000001,0.0,0.0,0.0,0.0,7.1516667,0.0,0.0,0.0,0.0,33.329519999999995,0.0,0.5912
2023-05-20 20:00:00+02:00,0.0,0.5590666666666667,0.0,0.0,0.0,0.0,6.9960877,0.0,0.0,0.0,0.0,33.329519999999995,0.0,0.55906667
2023-05-20 20:15:00+02:00,0.0,0.6273333333333334,0.0,0.0,0.0,0.0,6.8489649,0.0,0.0,0.0,0.0,33.329519999999995,0.0,0.62733333
2023-05-20 20:30:00+02:00,0.0,0.6493333333333333,0.0,0.0,0.0,0.0,6.6838772,0.0,0.0,0.0,0.0,33.329519999999995,0.0,0.64933333
2023-05-20 20:45:00+02:00,0.0,0.6134666666666667,0.0,0.0,0.0,0.0,6.513,0.0,0.0,0.0,0.0,33.329519999999995,0.0,0.61346667
2023-05-20 21:00:00+02:00,0.0,0.4694666666666666,0.0,0.0,0.0,0.0,6.3515614,0.0,0.0,0.0,0.0,24.05585,0.0,0.46946667
2023-05-20 21:15:00+02:00,0.0,0.5189333333333332,0.0,0.0,0.0,0.0,6.2280175,0.0,0.0,0.0,0.0,24.05585,0.0,0.51893333
2023-05-20 21:30:00+02:00,0.0,0.6247999999999999,0.0,0.0,0.0,0.0,6.0914561,0.0,0.0,0.0,0.0,24.05585,0.0,0.6248
2023-05-20 21:45:00+02:00,0.0,0.5266666666666666,0.0,0.0,0.0,0.0,5.9270351,0.0,0.0,0.0,0.0,24.05585,0.0,0.52666667
2023-05-20 22:00:00+02:00,0.0,0.6367999999999999,0.0,0.0,0.0,0.0,5.7884386,0.0,0.0,0.0,0.0,24.05585,0.0,0.6368
2023-05-20 22:15:00+02:00,0.0,0.5782666666666667,0.0,0.0,0.0,0.0,5.6208596,0.0,0.0,0.0,0.0,24.05585,0.0,0.57826667
2023-05-20 22:30:00+02:00,0.0,0.5456,0.0,0.0,0.0,0.0,5.4686842,0.0,0.0,0.0,0.0,24.05585,0.0,0.5456
2023-05-20 22:45:00+02:00,0.0,0.5982000000000001,0.0,0.0,0.0,0.0,5.3251053,0.0,0.0,0.0,0.0,24.05585,0.0,0.5982
2023-05-20 23:00:00+02:00,0.0,0.5129333333333332,0.0,0.0,0.0,0.0,5.1676842,0.0,0.0,0.0,0.0,24.05585,0.0,0.51293333
2023-05-20 23:15:00+02:00,0.0,0.6943333333333334,0.0,0.0,0.0,0.0,5.0327018,0.0,0.0,0.0,0.0,24.05585,0.0,0.69433333
2023-05-20 23:30:00+02:00,0.0,0.8760666666666668,0.0,0.0,0.0,0.0,4.8499825,0.0,0.0,0.0,0.0,24.05585,0.0,0.87606667
2023-05-20 23:45:00+02:00,0.0,0.5400666666666667,0.0,0.0,0.0,0.0,4.6194386,0.0,0.0,0.0,0.0,24.05585,0.0,0.54006667
2023-05-21 00:00:00+02:00,0.0,0.5751333333333333,0.0,0.0,0.0,0.0,4.4773158,0.0,0.0,0.0,0.0,24.05585,0.0,0.57513333
2023-05-21 00:15:00+02:00,0.0,0.4343333333333333,0.0,0.0,0.0,0.0,4.3259649,0.0,0.0,0.0,0.0,24.05585,0.0,0.43433333
2023-05-21 00:30:00+02:00,0.0,0.4324666666666666,0.0,0.0,0.0,0.0,4.2116667,0.0,0.0,0.0,0.0,24.05585,0.0,0.43246667
2023-05-21 00:45:00+02:00,0.0,0.3699333333333333,0.0,0.0,0.0,0.0,4.0978596,0.0,0.0,0.0,0.0,24.05585,0.0,0.36993333
2023-05-21 01:00:00+02:00,0.0,0.3315333333333333,0.0,0.0,0.0,0.0,4.0005088,0.0,0.0,0.0,0.0,24.05585,0.0,0.33153333
2023-05-21 01:15:00+02:00,0.0,0.4022666666666666,0.0,0.0,0.0,0.0,3.9132632,0.0,0.0,0.0,0.0,24.05585,0.0,0.40226667
2023-05-21 01:30:00+02:00,0.0,0.3372666666666666,0.0,0.0,0.0,0.0,3.8074035,0.0,0.0,0.0,0.0,24.05585,0.0,0.33726667
2023-05-21 01:45:00+02:00,0.0,0.3966,0.0,0.0,0.0,0.0,3.7186491,0.0,0.0,0.0,0.0,24.05585,0.0,0.3966
2023-05-21 02:00:00+02:00,0.0,0.3288,0.0,0.0,0.0,0.0,3.6142807,0.0,0.0,0.0,0.0,24.05585,0.0,0.3288
2023-05-21 02:15:00+02:00,0.0,0.3150666666666666,0.0,0.0,0.0,0.0,3.5277544,0.0,0.0,0.0,0.0,24.05585,0.0,0.31506667
2023-05-21 02:30:00+02:00,0.0,1.199466666666667,0.0,0.0,0.0,0.0,3.4448421,0.0,0.0,0.0,0.0,24.05585,0.0,1.1994667
2023-05-21 02:45:00+02:00,0.0,1.2884,0.0,0.0,0.0,0.0,3.129193,0.0,0.0,0.0,0.0,24.05585,0.0,1.2884
2023-05-21 03:00:00+02:00,0.0,0.2455999999999999,0.0,0.0,0.0,0.0,2.7901404,0.0,0.0,0.0,0.0,24.05585,0.0,0.2456
2023-05-21 03:15:00+02:00,0.0,0.2355333333333333,0.0,0.0,0.0,0.0,2.7255088,0.0,0.0,0.0,0.0,24.05585,0.0,0.23553333
2023-05-21 03:30:00+02:00,0.0,0.172,0.0,0.0,0.0,0.0,2.6635263,0.0,0.0,0.0,0.0,24.05585,0.0,0.172
2023-05-21 03:45:00+02:00,0.0,0.2040666666666666,0.0,0.0,0.0,0.0,2.6182632,0.0,0.0,0.0,0.0,24.05585,0.0,0.20406667
2023-05-21 04:00:00+02:00,0.0,0.1443333333333333,0.0,0.0,0.0,0.0,2.5645614,0.0,0.0,0.0,0.0,24.05585,0.0,0.14433333
2023-05-21 04:15:00+02:00,0.0,0.1176,0.0,0.0,0.0,0.0,2.5265789,0.0,0.0,0.0,0.0,24.05585,0.0,0.1176
2023-05-21 04:30:00+02:00,0.0,0.1871999999999999,0.0,0.0,0.0,0.0,2.4956316,0.0,0.0,0.0,0.0,24.05585,0.0,0.1872
2023-05-21 04:45:00+02:00,0.0,0.1931999999999999,0.0,0.0,0.0,0.0,2.4463684,0.0,0.0,0.0,0.0,24.05585,0.0,0.1932
2023-05-21 05:00:00+02:00,0.0,0.2402,0.0,0.0,0.0,0.0,2.3955263,0.0,0.0,0.0,0.0,24.05585,0.0,0.2402
2023-05-21 05:15:00+02:00,0.0,0.1707333333333333,0.0712562311803103,0.0,0.071256231,0.0,2.3323158,0.071256231,0.0,0.071256231,0.0,24.05585,0.0,0.17073333
2023-05-21 05:30:00+02:00,0.0,0.2053333333333333,0.2318562480927072,0.0,0.23185625,0.0,2.287386,0.23185625,0.0,0.23185625,0.0,24.05585,0.0,0.20533333
2023-05-21 05:45:00+02:00,0.0,0.1675333333333333,0.2679746496689932,0.0,0.26797465,0.0,2.2333509,0.26797465,0.0,0.26797465,0.0,24.05585,0.0,0.16753333
2023-05-21 06:00:00+02:00,0.0,0.1957333333333333,0.2589145422210608,0.0,0.25891454,0.0,2.1892632,0.25891454,0.0,0.25891454,0.0,31.770619999999997,0.0,0.19573333
2023-05-21 06:15:00+02:00,0.0,0.8336666666666667,0.1745084860873007,0.0,0.17450849,0.0,2.1377544,0.17450849,0.0,0.17450849,0.0,31.770619999999997,0.0,0.83366667
2023-05-21 06:30:00+02:00,0.0,1.0328,0.1619238225373502,0.0,0.16192382,0.0,1.9183684,0.16192382,0.0,0.16192382,0.0,31.770619999999997,0.0,1.0328
2023-05-21 06:45:00+02:00,0.0,0.4278,0.1021675992321258,0.0,0.1021676,0.0,1.6465789,0.1021676,0.0,0.1021676,0.0,31.770619999999997,0.0,0.4278
2023-05-21 07:00:00+02:00,0.0,0.4573333333333333,0.2711956162586216,0.0,0.27119562,0.0,1.534,0.27119562,0.0,0.27119562,0.0,31.770619999999997,0.0,0.45733333
2023-05-21 07:15:00+02:00,0.0,0.4034,0.4893421563088247,0.0,0.48934216,0.0,1.4136491,0.48934216,0.0,0.48934216,0.0,31.770619999999997,0.0,0.4034
2023-05-21 07:30:00+02:00,0.0,0.388,0.7738927339882147,0.0,0.77389273,0.0,1.3074912,0.77389273,0.0,0.77389273,0.0,31.770619999999997,0.0,0.388
2023-05-21 07:45:00+02:00,0.0,0.4863333333333333,1.897348515994488,0.0,1.8973485,0.0,1.205386,1.8973485,0.0,1.8973485,0.0,31.770619999999997,0.0,0.48633333
2023-05-21 08:00:00+02:00,0.0,0.2296,4.258279502753164,0.0,4.2582795,0.0,1.0774035,4.2582795,0.0,4.2582795,0.0,31.770619999999997,0.0,0.2296
2023-05-21 08:15:00+02:00,0.0,0.3974666666666666,4.76221691633596,0.0,4.7622169,0.0,1.0169825,8.2292836,0.0,4.7622169,0.0,31.770619999999997,0.0,3.8645333
2023-05-21 08:30:00+02:00,0.0,0.3054666666666666,4.985539241662161,0.0,4.9855392,0.30546667,0.0,4.6800726,0.0,4.6800726,0.0,31.770619999999997,0.0,0.0
2023-05-21 08:45:00+02:00,0.0,0.3427333333333333,5.607770980886156,5.2650376,0.34273333,0.34273333,0.0,0.0,0.0,0.0,0.0,31.770619999999997,0.0,0.0
2023-05-21 09:00:00+02:00,0.0,0.2780666666666667,5.981351509022896,5.7032848,0.27806667,0.27806667,0.0,0.0,0.0,0.0,0.0,31.770619999999997,0.0,0.0
2023-05-21 09:15:00+02:00,0.0,0.2745333333333333,6.479292709259592,6.2047594,0.27453333,0.27453333,0.0,0.0,0.0,0.0,0.0,31.770619999999997,0.0,0.0
2023-05-21 09:30:00+02:00,0.0,0.3256,6.595017485975523,6.2694175,0.3256,0.3256,0.0,0.0,0.0,0.0,0.0,31.770619999999997,0.0,0.0
2023-05-21 09:45:00+02:00,0.0,0.3223999999999999,6.896993036036962,6.574593,0.3224,0.3224,0.0,0.0,0.0,0.0,0.0,31.770619999999997,0.0,0.0
2023-05-21 10:00:00+02:00,0.0,0.1674,7.436173669463279,7.2687737,0.1674,0.1674,0.0,0.0,0.0,0.0,0.0,31.770619999999997,0.0,0.0
2023-05-21 10:15:00+02:00,0.0,0.1678666666666666,7.710116394776378,7.5422497,0.16786667,0.16786667,0.0,0.0,0.0,0.0,0.0,31.770619999999997,0.0,0.0
2023-05-21 10:30:00+02:00,0.0,0.2458666666666666,7.935494939149856,7.6896283,0.24586667,0.24586667,0.0,0.0,0.0,0.0,0.0,31.770619999999997,0.0,0.0
2023-05-21 10:45:00+02:00,0.0,0.3966,8.28440896264564,7.887809,0.3966,0.3966,0.0,0.0,0.0,0.0,0.0,31.770619999999997,0.0,0.0
2023-05-21 11:00:00+02:00,0.0,0.4433333333333333,8.546490894457417,8.1031576,0.44333333,0.44333333,0.0,0.0,0.0,0.0,0.0,31.770619999999997,0.0,0.0
2023-05-21 11:15:00+02:00,0.0,0.8900666666666667,8.711326062571336,7.8212594,0.89006667,0.89006667,0.0,0.0,0.0,0.0,0.0,31.770619999999997,0.0,0.0
2023-05-21 11:30:00+02:00,0.0,0.3735333333333334,8.700287524374785,8.3267542,0.37353333,0.37353333,0.0,0.0,0.0,0.0,0.0,31.770619999999997,0.0,0.0
2023-05-21 11:45:00+02:00,0.0,0.4068666666666666,8.891287523625346,8.4844209,0.40686667,0.40686667,0.0,0.0,0.0,0.0,0.0,31.770619999999997,0.0,0.0
2023-05-21 12:00:00+02:00,0.0,0.3061333333333333,9.072196239056929,8.7660629,0.30613333,0.30613333,0.0,0.0,0.0,0.0,0.0,31.770619999999997,0.0,0.0
2023-05-21 12:15:00+02:00,0.0,0.491,9.114849675806251,8.6238497,0.491,0.491,0.0,0.0,0.0,0.0,0.0,31.770619999999997,0.0,0.0
2023-05-21 12:30:00+02:00,0.0,1.4473333333333334,9.072036216097052,7.6247029,1.4473333,1.4473333,0.0,0.0,0.0,0.0,0.0,31.770619999999997,0.0,0.0
2023-05-21 12:45:00+02:00,0.0,0.4672,9.06697987853704,8.5997799,0.4672,0.4672,0.0,0.0,0.0,0.0,0.0,31.770619999999997,0.0,0.0
2023-05-21 13:00:00+02:00,0.0,0.4306,8.9897883326363,8.5591883,0.4306,0.4306,0.0,0.0,0.0,0.0,0.0,31.770619999999997,0.0,0.0
2023-05-21 13:15:00+02:00,0.0,1.2409333333333334,9.013361134090731,7.7724278,1.2409333,1.2409333,0.0,0.0,0.0,0.0,0.0,31.770619999999997,0.0,0.0
2023-05-21 13:30:00+02:00,0.0,2.805,8.844428682321928,6.0394287,2.805,2.805,0.0,0.0,0.0,0.0,0.0,31.770619999999997,0.0,0.0
2023-05-21 13:45:00+02:00,0.0,3.449266666666667,8.660245278017173,4.3098522,4.3503931,3.4492667,0.0,0.0,0.0,0.0,0.90112644,31.770619999999997,0.90112644,0.0
2023-05-21 14:00:00+02:00,0.0,5.284666666666667,8.32676486123858,0.0,8.3267649,5.2846667,0.21401753,0.0,0.0,0.0,3.0420982,31.770619999999997,3.0420982,0.0
2023-05-21 14:15:00+02:00,0.0,0.5434666666666667,8.012350356551137,2.4688837,5.5434667,0.54346667,0.93651585,0.0,0.0,0.0,5.0,31.770619999999997,5.0,0.0
2023-05-21 14:30:00+02:00,0.0,0.6407333333333334,7.769339038561998,2.1286057,5.6407333,0.64073333,2.1240159,0.0,0.0,0.0,5.0,31.770619999999997,5.0,0.0
2023-05-21 14:45:00+02:00,0.0,0.6056666666666666,5.55042958533572,0.0,5.5504296,0.60566667,3.3115159,0.0,0.0,0.0,4.9447629,31.770619999999997,4.9447629,0.0
2023-05-21 15:00:00+02:00,0.0,0.8588666666666667,2.994535389735713,0.0,2.9945354,0.85886667,4.485897,0.0,0.0,0.0,2.1356687,31.770619999999997,2.1356687,0.0
2023-05-21 15:15:00+02:00,0.0,0.8466,3.633169163090721,0.0,3.6331692,0.8466,4.9931184,0.0,0.0,0.0,2.7865692,31.770619999999997,2.7865692,0.0
2023-05-21 15:30:00+02:00,0.0,0.3958,3.246789308983006,0.0,3.2467893,0.3958,5.6549285,0.0,0.0,0.0,2.8509893,31.770619999999997,2.8509893,0.0
2023-05-21 15:45:00+02:00,0.0,0.3653333333333333,3.97288897071854,0.0,3.972889,0.36533333,6.3320385,0.0,0.0,0.0,3.6075556,31.770619999999997,3.6075556,0.0
2023-05-21 16:00:00+02:00,0.0,0.3736,5.293715664140749,0.0,5.2937157,0.3736,7.188833,0.0,0.0,0.0,4.9201157,31.770619999999997,4.9201157,0.0
2023-05-21 16:15:00+02:00,0.0,0.3138,4.19199749009749,0.0,4.1919975,0.3138,8.3573604,0.0,0.0,0.0,3.8781975,31.770619999999997,3.8781975,0.0
2023-05-21 16:30:00+02:00,0.0,0.3464666666666666,3.3846462831311337,0.0,3.3846463,0.34646667,9.2784323,0.0,0.0,0.0,3.0381796,31.770619999999997,3.0381796,0.0
2023-05-21 16:45:00+02:00,0.0,0.4836666666666667,2.636483144949902,0.0,2.6364831,0.0,10.0,2.6364831,0.0,2.6364831,0.0,31.770619999999997,0.0,0.48366667
2023-05-21 17:00:00+02:00,0.0,0.4751333333333333,1.9996461145206903,0.0,1.9996461,0.0,9.8727193,1.9996461,0.0,1.9996461,0.0,31.770619999999997,0.0,0.47513333
2023-05-21 17:15:00+02:00,0.0,0.3723999999999999,1.387155484513626,0.0,1.3871555,0.0,9.7476842,1.3871555,0.0,1.3871555,0.0,31.770619999999997,0.0,0.3724
2023-05-21 17:30:00+02:00,0.0,0.3608,0.9709198517553234,0.0,0.97091985,0.0,9.6496842,0.97091985,0.0,0.97091985,0.0,31.770619999999997,0.0,0.3608
2023-05-21 17:45:00+02:00,0.0,0.3778666666666667,0.9268152658928251,0.0,0.92681527,0.0,9.5547368,0.92681527,0.0,0.92681527,0.0,31.770619999999997,0.0,0.37786667
2023-05-21 18:00:00+02:00,0.0,0.403,0.920810756178784,0.0,0.92081076,0.0,9.4552982,0.92081076,0.0,0.92081076,0.0,31.770619999999997,0.0,0.403
2023-05-21 18:15:00+02:00,0.0,0.6883333333333334,0.8135824586026384,0.0,0.81358246,0.0,9.3492456,0.81358246,0.0,0.81358246,0.0,31.770619999999997,0.0,0.68833333
2023-05-21 18:30:00+02:00,0.0,0.7522000000000001,0.5028244900204817,0.0,0.50282449,0.0,9.1681053,0.50282449,0.0,0.50282449,0.0,31.770619999999997,0.0,0.7522
2023-05-21 18:45:00+02:00,0.0,2.879,0.1193309150745899,0.0,0.11933092,0.0,8.9701579,0.11933092,0.0,0.11933092,0.0,31.770619999999997,0.0,2.879
2023-05-21 19:00:00+02:00,0.0,0.2366666666666666,0.0,0.0,0.0,0.0,8.2125263,0.0,0.0,0.0,0.0,31.770619999999997,0.0,0.23666667
2023-05-21 19:15:00+02:00,0.0,0.5858,0.0,0.0,0.0,0.0,8.1502456,0.0,0.0,0.0,0.0,31.770619999999997,0.0,0.5858
2023-05-21 19:30:00+02:00,0.0,0.3699333333333333,0.0,0.0,0.0,0.0,7.9960877,0.0,0.0,0.0,0.0,31.770619999999997,0.0,0.36993333
2023-05-21 19:45:00+02:00,0.0,0.1167333333333333,0.0,0.0,0.0,0.0,7.8987368,0.0,0.0,0.0,0.0,31.770619999999997,0.0,0.11673333
2023-05-21 20:00:00+02:00,0.0,0.1604,0.0,0.0,0.0,0.0,7.8680175,0.0,0.0,0.0,0.0,31.770619999999997,0.0,0.1604
2023-05-21 20:15:00+02:00,0.0,0.1512666666666667,0.0,0.0,0.0,0.0,7.825807,0.0,0.0,0.0,0.0,31.770619999999997,0.0,0.15126667
2023-05-21 20:30:00+02:00,0.0,0.4695333333333333,0.0,0.0,0.0,0.0,7.786,0.0,0.0,0.0,0.0,31.770619999999997,0.0,0.46953333
2023-05-21 20:45:00+02:00,0.0,0.3202666666666666,0.0,0.0,0.0,0.0,7.6624386,0.0,0.0,0.0,0.0,31.770619999999997,0.0,0.32026667
2023-05-21 21:00:00+02:00,0.0,0.2622,0.0,0.0,0.0,0.0,7.5781579,0.0,0.0,0.0,0.0,21.94955,0.0,0.2622
2023-05-21 21:15:00+02:00,0.0,0.6780666666666667,0.0,0.0,0.0,0.0,7.5091579,0.0,0.0,0.0,0.0,21.94955,0.0,0.67806667
2023-05-21 21:30:00+02:00,0.0,0.6442,0.0,0.0,0.0,0.0,7.3307193,0.0,0.0,0.0,0.0,21.94955,0.0,0.6442
2023-05-21 21:45:00+02:00,0.0,0.6746666666666666,0.0,0.0,0.0,0.0,7.161193,0.0,0.0,0.0,0.0,21.94955,0.0,0.67466667
2023-05-21 22:00:00+02:00,0.0,0.442,0.0,0.0,0.0,0.0,6.9836491,0.0,0.0,0.0,0.0,21.94955,0.0,0.442
2023-05-21 22:15:00+02:00,0.0,0.4255333333333334,0.0,0.0,0.0,0.0,6.8673333,0.0,0.0,0.0,0.0,21.94955,0.0,0.42553333
2023-05-21 22:30:00+02:00,0.0,0.3478666666666666,0.0,0.0,0.0,0.0,6.7553509,0.0,0.0,0.0,0.0,21.94955,0.0,0.34786667
2023-05-21 22:45:00+02:00,0.0,0.3456,0.0,0.0,0.0,0.0,6.663807,0.0,0.0,0.0,0.0,21.94955,0.0,0.3456
2023-05-21 23:00:00+02:00,0.0,0.3364666666666666,0.0,0.0,0.0,0.0,6.5728596,0.0,0.0,0.0,0.0,21.94955,0.0,0.33646667
2023-05-21 23:15:00+02:00,0.0,0.3394,0.0,0.0,0.0,0.0,6.4843158,0.0,0.0,0.0,0.0,21.94955,0.0,0.3394
2023-05-21 23:30:00+02:00,0.0,0.3686,0.0,0.0,0.0,0.0,6.395,0.0,0.0,0.0,0.0,21.94955,0.0,0.3686
2023-05-21 23:45:00+02:00,0.0,0.4096,0.0,0.0,0.0,0.0,6.298,0.0,0.0,0.0,0.0,21.94955,0.0,0.4096
2023-05-22 00:00:00+02:00,0.0,0.4994666666666666,0.0,0.0,0.0,0.0,6.1902105,0.0,0.0,0.0,0.0,21.94955,0.0,0.49946667
2023-05-22 00:15:00+02:00,0.0,0.3885333333333333,0.0,0.0,0.0,0.0,6.0587719,0.0,0.0,0.0,0.0,21.94955,0.0,0.38853333
2023-05-22 00:30:00+02:00,0.0,0.5414666666666667,0.0,0.0,0.0,0.0,5.9565263,0.0,0.0,0.0,0.0,21.94955,0.0,0.54146667
2023-05-22 00:45:00+02:00,0.0,0.4783333333333333,0.0,0.0,0.0,0.0,5.8140351,0.0,0.0,0.0,0.0,21.94955,0.0,0.47833333
2023-05-22 01:00:00+02:00,0.0,0.4535333333333333,0.0,0.0,0.0,0.0,5.6881579,0.0,0.0,0.0,0.0,21.94955,0.0,0.45353333
2023-05-22 01:15:00+02:00,0.0,0.5044,0.0,0.0,0.0,0.0,5.568807,0.0,0.0,0.0,0.0,21.94955,0.0,0.5044
2023-05-22 01:30:00+02:00,0.0,0.4023333333333333,0.0,0.0,0.0,0.0,5.4360702,0.0,0.0,0.0,0.0,21.94955,0.0,0.40233333
2023-05-22 01:45:00+02:00,0.0,0.3666,0.0,0.0,0.0,0.0,5.330193,0.0,0.0,0.0,0.0,21.94955,0.0,0.3666
2023-05-22 02:00:00+02:00,0.0,0.3452666666666666,0.0,0.0,0.0,0.0,5.2337193,0.0,0.0,0.0,0.0,21.94955,0.0,0.34526667
2023-05-22 02:15:00+02:00,0.0,0.3475333333333333,0.0,0.0,0.0,0.0,5.1428596,0.0,0.0,0.0,0.0,21.94955,0.0,0.34753333
2023-05-22 02:30:00+02:00,0.0,0.4152,0.0,0.0,0.0,0.0,5.0514035,0.0,0.0,0.0,0.0,21.94955,0.0,0.4152
2023-05-22 02:45:00+02:00,0.0,0.3028,0.0,0.0,0.0,0.0,4.9421404,0.0,0.0,0.0,0.0,21.94955,0.0,0.3028
2023-05-22 03:00:00+02:00,0.0,0.3636666666666667,0.0,0.0,0.0,0.0,4.8624561,0.0,0.0,0.0,0.0,21.94955,0.0,0.36366667
2023-05-22 03:15:00+02:00,0.0,0.2952666666666667,0.0,0.0,0.0,0.0,4.7667544,0.0,0.0,0.0,0.0,21.94955,0.0,0.29526667
2023-05-22 03:30:00+02:00,0.0,0.3745333333333334,0.0,0.0,0.0,0.0,4.6890526,0.0,0.0,0.0,0.0,21.94955,0.0,0.37453333
2023-05-22 03:45:00+02:00,0.0,0.3007333333333333,0.0,0.0,0.0,0.0,4.5904912,0.0,0.0,0.0,0.0,21.94955,0.0,0.30073333
2023-05-22 04:00:00+02:00,0.0,0.3186666666666667,0.0,0.0,0.0,0.0,4.5113509,0.0,0.0,0.0,0.0,21.94955,0.0,0.31866667
2023-05-22 04:15:00+02:00,0.0,0.3246,0.0,0.0,0.0,0.0,4.4274912,0.0,0.0,0.0,0.0,21.94955,0.0,0.3246
2023-05-22 04:30:00+02:00,0.0,0.2424666666666666,0.0,0.0,0.0,0.0,4.3420702,0.0,0.0,0.0,0.0,21.94955,0.0,0.24246667
2023-05-22 04:45:00+02:00,0.0,0.4241999999999999,0.0,0.0,0.0,0.0,4.2782632,0.0,0.0,0.0,0.0,21.94955,0.0,0.4242
2023-05-22 05:00:00+02:00,0.0,0.3748,0.0,0.0,0.0,0.0,4.1666316,0.0,0.0,0.0,0.0,21.94955,0.0,0.3748
2023-05-22 05:15:00+02:00,0.0,0.2507333333333333,0.0,0.0,0.0,0.0,4.068,0.0,0.0,0.0,0.0,21.94955,0.0,0.25073333
2023-05-22 05:30:00+02:00,0.0,0.1947333333333333,0.0524896605920767,0.0,0.052489661,0.0,4.0020175,0.052489661,0.0,0.052489661,0.0,21.94955,0.0,0.19473333
2023-05-22 05:45:00+02:00,0.0,0.2062666666666666,0.1371073186240365,0.0,0.13710732,0.0,3.9507719,0.13710732,0.0,0.13710732,0.0,21.94955,0.0,0.20626667
2023-05-22 06:00:00+02:00,0.0,0.1995333333333333,0.3016135899154107,0.0,0.30161359,0.0,3.8964912,0.30161359,0.0,0.30161359,0.0,34.62424,0.0,0.19953333
2023-05-22 06:15:00+02:00,0.0,0.1283333333333333,0.504043146330239,0.0,0.50404315,0.0,3.8439825,0.50404315,0.0,0.50404315,0.0,34.62424,0.0,0.12833333
2023-05-22 06:30:00+02:00,0.0,0.162,0.7692675566501634,0.0,0.76926756,0.0,3.8102105,0.76926756,0.0,0.76926756,0.0,34.62424,0.0,0.162
2023-05-22 06:45:00+02:00,0.0,0.1677333333333333,0.9215364418069576,0.0,0.92153644,0.0,3.7675789,0.92153644,0.0,0.92153644,0.0,34.62424,0.0,0.16773333
2023-05-22 07:00:00+02:00,0.0,0.1878,1.0168098701743056,0.0,1.0168099,0.0,3.7234386,1.0168099,0.0,1.0168099,0.0,34.62424,0.0,0.1878
2023-05-22 07:15:00+02:00,0.0,0.2368666666666666,1.021944010246257,0.0,1.021944,0.0,3.6740175,1.021944,0.0,1.021944,0.0,34.62424,0.0,0.23686667
2023-05-22 07:30:00+02:00,0.0,0.1602666666666666,1.228068239023157,0.0,1.2280682,0.0,3.6116842,1.2280682,0.0,1.2280682,0.0,34.62424,0.0,0.16026667
2023-05-22 07:45:00+02:00,0.0,0.2390666666666666,1.332871150995068,0.0,1.3328712,0.0,3.5695088,2.1428122,0.0,1.3328712,0.0,34.62424,0.0,1.0490077
2023-05-22 08:00:00+02:00,0.0,0.2113333333333333,1.4337552613079232,0.0,1.4337553,0.0,3.2934541,6.2224219,0.0,1.4337553,0.0,34.62424,0.0,5.0
2023-05-22 08:15:00+02:00,0.0,0.1200666666666666,1.81236558018749,0.0,1.8123656,0.0,1.9776646,6.6922989,0.0,1.8123656,0.0,34.62424,0.0,5.0
2023-05-22 08:30:00+02:00,0.0,0.1688666666666666,2.517010099009773,0.0,2.5170101,0.0,0.66187516,4.863269,0.0,2.5170101,0.0,34.62424,0.0,2.5151256
2023-05-22 08:45:00+02:00,0.0,0.1735333333333333,3.8806495069700406,3.7071162,0.17353333,0.17353333,0.0,0.0,0.0,0.0,0.0,34.62424,0.0,0.0
2023-05-22 09:00:00+02:00,0.0,0.1762666666666666,4.256947008274884,4.0806803,0.17626667,0.17626667,0.0,0.0,0.0,0.0,0.0,34.62424,0.0,0.0
2023-05-22 09:15:00+02:00,0.0,0.1338666666666666,3.249513785171477,3.1156471,0.13386667,0.13386667,0.0,0.0,0.0,0.0,0.0,34.62424,0.0,0.0
2023-05-22 09:30:00+02:00,0.0,0.2136666666666666,3.921644221944326,3.7079776,0.21366667,0.21366667,0.0,0.0,0.0,0.0,0.0,34.62424,0.0,0.0
2023-05-22 09:45:00+02:00,0.0,0.2336,4.842988512732085,4.6093885,0.2336,0.2336,0.0,0.0,0.0,0.0,0.0,34.62424,0.0,0.0
2023-05-22 10:00:00+02:00,0.0,0.2046,6.474157237673851,6.2695572,0.2046,0.2046,0.0,0.0,0.0,0.0,0.0,34.62424,0.0,0.0
2023-05-22 10:15:00+02:00,0.0,0.2032,8.195901858121376,7.9927019,0.2032,0.2032,0.0,0.0,0.0,0.0,0.0,34.62424,0.0,0.0
2023-05-22 10:30:00+02:00,0.0,0.2168666666666666,5.394244374073846,5.1773777,0.21686667,0.21686667,0.0,0.0,0.0,0.0,0.0,34.62424,0.0,0.0
2023-05-22 10:45:00+02:00,0.0,0.6574,7.189484009602232,6.532084,0.6574,0.6574,0.0,0.0,0.0,0.0,0.0,34.62424,0.0,0.0
2023-05-22 11:00:00+02:00,0.0,0.4024666666666666,6.014801480090506,5.6123348,0.40246667,0.40246667,0.0,0.0,0.0,0.0,0.0,34.62424,0.0,0.0
2023-05-22 11:15:00+02:00,0.0,0.202,4.325944410594349,4.1239444,0.202,0.202,0.0,0.0,0.0,0.0,0.0,34.62424,0.0,0.0
2023-05-22 11:30:00+02:00,0.0,0.2394,5.569582571644269,5.3301826,0.2394,0.2394,0.0,0.0,0.0,0.0,0.0,34.62424,0.0,0.0
2023-05-22 11:45:00+02:00,0.0,0.4527333333333333,4.226813439171375,3.7740801,0.45273333,0.45273333,0.0,0.0,0.0,0.0,0.0,34.62424,0.0,0.0
2023-05-22 12:00:00+02:00,0.0,0.6413333333333334,4.02451354269884,3.3831802,0.64133333,0.64133333,0.0,0.0,0.0,0.0,0.0,34.62424,0.0,0.0
2023-05-22 12:15:00+02:00,0.0,0.5404666666666667,4.592907633655161,4.052441,0.54046667,0.54046667,0.0,0.0,0.0,0.0,0.0,34.62424,0.0,0.0
2023-05-22 12:30:00+02:00,0.0,0.5414666666666667,4.980032718191124,4.4385661,0.54146667,0.54146667,0.0,0.0,0.0,0.0,0.0,34.62424,0.0,0.0
2023-05-22 12:45:00+02:00,0.0,0.6341333333333333,5.022376086088872,4.3882428,0.63413333,0.63413333,0.0,0.0,0.0,0.0,0.0,34.62424,0.0,0.0
2023-05-22 13:00:00+02:00,0.0,0.8073333333333333,5.567177827632586,4.7598445,0.80733333,0.80733333,0.0,0.0,0.0,0.0,0.0,34.62424,0.0,0.0
2023-05-22 13:15:00+02:00,0.0,0.8332666666666666,7.829371190849502,6.9961045,0.83326667,0.83326667,0.0,0.0,0.0,0.0,0.0,34.62424,0.0,0.0
2023-05-22 13:30:00+02:00,0.0,0.7310666666666668,7.816208580145168,7.0851419,0.73106667,0.73106667,0.0,0.0,0.0,0.0,0.0,34.62424,0.0,0.0
2023-05-22 13:45:00+02:00,0.0,2.3330666666666664,5.74501443919718,3.4119478,2.3330667,2.3330667,0.0,0.0,0.0,0.0,0.0,34.62424,0.0,0.0
2023-05-22 14:00:00+02:00,0.0,0.7484666666666667,4.81984013161088,4.0713735,0.74846667,0.74846667,0.0,0.0,0.0,0.0,0.0,34.62424,0.0,0.0
2023-05-22 14:15:00+02:00,0.0,0.9807333333333332,7.229087115956497,5.3592043,1.8698829,0.98073333,0.0,0.0,0.0,0.0,0.88914952,34.62424,0.88914952,0.0
2023-05-22 14:30:00+02:00,0.0,1.4134,8.520823583874652,2.1074236,6.4134,1.4134,0.21117301,0.0,0.0,0.0,5.0,34.62424,5.0,0.0
2023-05-22 14:45:00+02:00,0.0,0.8468,7.03908503715842,1.192285,5.8468,0.8468,1.398673,0.0,0.0,0.0,5.0,34.62424,5.0,0.0
2023-05-22 15:00:00+02:00,0.0,0.4390666666666666,5.472547168235208,0.033480502,5.4390667,0.43906667,2.586173,0.0,0.0,0.0,5.0,34.62424,5.0,0.0
2023-05-22 15:15:00+02:00,0.0,0.9447333333333332,6.053307770600152,0.10857444,5.9447333,0.94473333,3.773673,0.0,0.0,0.0,5.0,34.62424,5.0,0.0
2023-05-22 15:30:00+02:00,0.0,0.6472666666666667,3.866460488266861,0.0,3.8664605,0.64726667,4.961173,0.0,0.0,0.0,3.2191938,34.62424,3.2191938,0.0
2023-05-22 15:45:00+02:00,0.0,0.4656,5.4238457528148025,0.0,5.4238458,0.4656,5.7257315,0.0,0.0,0.0,4.9582458,34.62424,4.9582458,0.0
2023-05-22 16:00:00+02:00,0.0,0.5413333333333333,3.3198021729895646,0.0,3.3198022,0.54133333,6.9033149,0.0,0.0,0.0,2.7784688,34.62424,2.7784688,0.0
2023-05-22 16:15:00+02:00,0.0,0.4970666666666666,2.566561956550392,0.0,2.566562,0.49706667,7.5632013,0.0,0.0,0.0,2.0694953,34.62424,2.0694953,0.0
2023-05-22 16:30:00+02:00,0.0,0.6264666666666667,3.6524385424355312,0.0,3.6524385,0.62646667,8.0547064,0.0,0.0,0.0,3.0259719,34.62424,3.0259719,0.0
2023-05-22 16:45:00+02:00,0.0,0.6337333333333334,2.483911463421585,0.0,2.4839115,0.63373333,8.7733747,0.0,0.0,0.0,1.8501781,34.62424,1.8501781,0.0
2023-05-22 17:00:00+02:00,0.0,0.5424,1.7006082377390488,0.0,1.7006082,0.5424,9.212792,0.0,0.0,0.0,1.1582082,34.62424,1.1582082,0.0
2023-05-22 17:15:00+02:00,0.0,0.5952666666666666,1.7019502855519868,0.0,1.7019503,0.59526667,9.4878665,0.0,0.0,0.0,1.1066836,34.62424,1.1066836,0.0
2023-05-22 17:30:00+02:00,0.0,0.4563333333333333,1.4339967282348227,0.0,1.4339967,0.45633333,9.7507038,0.0,0.0,0.0,0.97766339,34.62424,0.97766339,0.0
2023-05-22 17:45:00+02:00,0.0,0.8375333333333334,0.9095380120996128,0.0,0.90953801,0.83753333,9.9828989,0.0,0.0,0.0,0.072004679,34.62424,0.072004679,0.0
2023-05-22 18:00:00+02:00,0.0,0.8266,0.7553024420090053,0.0,0.75530244,0.75530244,10.0,0.0,0.0,0.0,0.0,34.62424,0.0,0.071297558
2023-05-22 18:15:00+02:00,0.0,0.7027333333333333,0.7652657282901278,0.0,0.76526573,0.0,9.9812375,0.76526573,0.0,0.76526573,0.0,34.62424,0.0,0.70273333
2023-05-22 18:30:00+02:00,0.0,1.1732,0.4180639885248637,0.0,0.41806399,0.0,9.7963077,0.41806399,0.0,0.41806399,0.0,34.62424,0.0,1.1732
2023-05-22 18:45:00+02:00,0.0,1.9964666666666664,0.2427042791993021,0.0,0.24270428,0.0,9.4875708,0.24270428,0.0,0.24270428,0.0,34.62424,0.0,1.9964667
2023-05-22 19:00:00+02:00,0.0,4.2684,0.0,0.0,0.0,0.0,8.9621849,0.0,0.0,0.0,0.0,34.62424,0.0,4.2684
2023-05-22 19:15:00+02:00,0.0,1.7748,0.0,0.0,0.0,0.0,7.8389217,0.0,0.0,0.0,0.0,34.62424,0.0,1.7748
2023-05-22 19:30:00+02:00,0.0,0.6922,0.0,0.0,0.0,0.0,7.3718691,0.0,0.0,0.0,0.0,34.62424,0.0,0.6922
2023-05-22 19:45:00+02:00,0.0,0.5538666666666667,0.0,0.0,0.0,0.0,7.1897112,0.0,0.0,0.0,0.0,34.62424,0.0,0.55386667
2023-05-22 20:00:00+02:00,0.0,0.4583333333333333,0.0,0.0,0.0,0.0,7.0439568,0.0,0.0,0.0,0.0,34.62424,0.0,0.45833333
2023-05-22 20:15:00+02:00,0.0,1.598,0.0,0.0,0.0,0.0,6.9233427,0.0,0.0,0.0,0.0,34.62424,0.0,1.598
2023-05-22 20:30:00+02:00,0.0,0.5439333333333333,0.0,0.0,0.0,0.0,6.5028164,0.0,0.0,0.0,0.0,34.62424,0.0,0.54393333
2023-05-22 20:45:00+02:00,0.0,0.3902,0.0,0.0,0.0,0.0,6.3596761,0.0,0.0,0.0,0.0,34.62424,0.0,0.3902
2023-05-22 21:00:00+02:00,0.0,0.322,0.0,0.0,0.0,0.0,6.2569919,0.0,0.0,0.0,0.0,20.651259999999997,0.0,0.322
2023-05-22 21:15:00+02:00,0.0,0.3648,0.0,0.0,0.0,0.0,6.172255,0.0,0.0,0.0,0.0,20.651259999999997,0.0,0.3648
2023-05-22 21:30:00+02:00,0.0,0.3611333333333333,0.0,0.0,0.0,0.0,6.076255,0.0,0.0,0.0,0.0,20.651259999999997,0.0,0.36113333
2023-05-22 21:45:00+02:00,0.0,0.3482,0.0,0.0,0.0,0.0,5.9812199,0.0,0.0,0.0,0.0,20.651259999999997,0.0,0.3482
2023-05-22 22:00:00+02:00,0.0,0.3684666666666666,0.0,0.0,0.0,0.0,5.8895884,0.0,0.0,0.0,0.0,20.651259999999997,0.0,0.36846667
2023-05-22 22:15:00+02:00,0.0,0.4019333333333333,0.0,0.0,0.0,0.0,5.7926234,0.0,0.0,0.0,0.0,20.651259999999997,0.0,0.40193333
2023-05-22 22:30:00+02:00,0.0,0.3534,0.0,0.0,0.0,0.0,5.6868515,0.0,0.0,0.0,0.0,20.651259999999997,0.0,0.3534
2023-05-22 22:45:00+02:00,0.0,0.3286666666666666,0.0,0.0,0.0,0.0,5.5938515,0.0,0.0,0.0,0.0,20.651259999999997,0.0,0.32866667
2023-05-22 23:00:00+02:00,0.0,0.3019333333333333,0.0,0.0,0.0,0.0,5.5073603,0.0,0.0,0.0,0.0,20.651259999999997,0.0,0.30193333
2023-05-22 23:15:00+02:00,0.0,0.3501333333333333,0.0,0.0,0.0,0.0,5.4279042,0.0,0.0,0.0,0.0,20.651259999999997,0.0,0.35013333
2023-05-22 23:30:00+02:00,0.0,0.5012666666666666,0.0,0.0,0.0,0.0,5.3357638,0.0,0.0,0.0,0.0,20.651259999999997,0.0,0.50126667
2023-05-22 23:45:00+02:00,0.0,0.3448,0.0,0.0,0.0,0.0,5.2038515,0.0,0.0,0.0,0.0,20.651259999999997,0.0,0.3448
2023-05-23 00:00:00+02:00,0.12762798,0.3781333333333333,0.0,0.0,0.0,0.0,5.1131147,0.0,0.0,0.0,0.0,20.651259999999997,0.0,0.25050535
2023-05-23 00:15:00+02:00,0.34313333,0.3431333333333333,0.0,0.0,0.0,0.0,5.0471922,0.0,0.0,0.0,0.0,20.651259999999997,0.0,0.0
2023-05-23 00:30:00+02:00,0.3428,0.3428,0.0,0.0,0.0,0.0,5.0471922,0.0,0.0,0.0,0.0,20.651259999999997,0.0,0.0
2023-05-23 00:45:00+02:00,0.32513333,0.3251333333333333,0.0,0.0,0.0,0.0,5.0471922,0.0,0.0,0.0,0.0,20.651259999999997,0.0,0.0
2023-05-23 01:00:00+02:00,0.34986667,0.3498666666666666,0.0,0.0,0.0,0.0,5.0471922,0.0,0.0,0.0,0.0,20.651259999999997,0.0,0.0
2023-05-23 01:15:00+02:00,0.3286,0.3286,0.0,0.0,0.0,0.0,5.0471922,0.0,0.0,0.0,0.0,20.651259999999997,0.0,0.0
2023-05-23 01:30:00+02:00,0.31553333,0.3155333333333333,0.0,0.0,0.0,0.0,5.0471922,0.0,0.0,0.0,0.0,20.651259999999997,0.0,0.0
2023-05-23 01:45:00+02:00,0.44606667,0.4460666666666666,0.0,0.0,0.0,0.0,5.0471922,0.0,0.0,0.0,0.0,20.651259999999997,0.0,0.0
2023-05-23 02:00:00+02:00,0.4268,0.4268,0.0,0.0,0.0,0.0,5.0471922,0.0,0.0,0.0,0.0,20.651259999999997,0.0,0.0
2023-05-23 02:15:00+02:00,0.63073333,0.6307333333333334,0.0,0.0,0.0,0.0,5.0471922,0.0,0.0,0.0,0.0,20.651259999999997,0.0,0.0
2023-05-23 02:30:00+02:00,0.53826667,0.5382666666666667,0.0,0.0,0.0,0.0,5.0471922,0.0,0.0,0.0,0.0,20.651259999999997,0.0,0.0
2023-05-23 02:45:00+02:00,0.507,0.507,0.0,0.0,0.0,0.0,5.0471922,0.0,0.0,0.0,0.0,20.651259999999997,0.0,0.0
2023-05-23 03:00:00+02:00,0.471,0.471,0.0,0.0,0.0,0.0,5.0471922,0.0,0.0,0.0,0.0,20.651259999999997,0.0,0.0
2023-05-23 03:15:00+02:00,0.97053333,0.9705333333333332,0.0,0.0,0.0,0.0,5.0471922,0.0,0.0,0.0,0.0,20.651259999999997,0.0,0.0
2023-05-23 03:30:00+02:00,1.2352667,1.2352666666666667,0.0,0.0,0.0,0.0,5.0471922,0.0,0.0,0.0,0.0,20.651259999999997,0.0,0.0
2023-05-23 03:45:00+02:00,0.38733333,0.3873333333333333,0.0,0.0,0.0,0.0,5.0471922,0.0,0.0,0.0,0.0,20.651259999999997,0.0,0.0
2023-05-23 04:00:00+02:00,0.40646667,0.4064666666666666,0.0,0.0,0.0,0.0,5.0471922,0.0,0.0,0.0,0.0,20.651259999999997,0.0,0.0
2023-05-23 04:15:00+02:00,0.4586,0.4586,0.0,0.0,0.0,0.0,5.0471922,0.0,0.0,0.0,0.0,20.651259999999997,0.0,0.0
2023-05-23 04:30:00+02:00,0.48433333,0.4843333333333333,0.0,0.0,0.0,0.0,5.0471922,0.0,0.0,0.0,0.0,20.651259999999997,0.0,0.0
2023-05-23 04:45:00+02:00,0.66926667,0.6692666666666667,0.0,0.0,0.0,0.0,5.0471922,0.0,0.0,0.0,0.0,20.651259999999997,0.0,0.0
2023-05-23 05:00:00+02:00,1.9494,1.9494,0.0,0.0,0.0,0.0,5.0471922,0.0,0.0,0.0,0.0,20.651259999999997,0.0,0.0
2023-05-23 05:15:00+02:00,0.77826667,0.7782666666666667,0.0955174886669918,0.0,0.095517489,0.0,5.0471922,0.095517489,0.0,0.095517489,0.0,20.651259999999997,0.0,0.0
2023-05-23 05:30:00+02:00,1.0723333,1.0723333333333334,0.2068009246524826,0.0,0.20680092,0.0,5.0471922,0.20680092,0.0,0.20680092,0.0,20.651259999999997,0.0,0.0
2023-05-23 05:45:00+02:00,2.0448,2.0448,0.4385509375738629,0.0,0.43855094,0.0,5.0471922,0.43855094,0.0,0.43855094,0.0,20.651259999999997,0.0,0.0
2023-05-23 06:00:00+02:00,0.0,3.308866666666667,0.7993412904065017,0.0,0.79934129,0.0,5.0471922,0.79934129,0.0,0.79934129,0.0,42.04150999999999,0.0,3.3088667
2023-05-23 06:15:00+02:00,0.0,2.684,1.1682073837621625,0.0,1.1682074,0.0,4.1764378,1.1682074,0.0,1.1682074,0.0,42.04150999999999,0.0,2.684
2023-05-23 06:30:00+02:00,0.0,3.4590666666666667,1.591585400453684,0.0,1.5915854,0.0,3.470122,1.5915854,0.0,1.5915854,0.0,42.04150999999999,0.0,3.4590667
2023-05-23 06:45:00+02:00,0.0,1.1228,2.0237085447026364,0.0,2.0237085,0.0,2.5598413,2.0237085,0.0,2.0237085,0.0,42.04150999999999,0.0,1.1228
2023-05-23 07:00:00+02:00,0.0,1.1334000000000002,2.466691892615455,0.0,2.4666919,0.0,2.2643677,2.4666919,0.0,2.4666919,0.0,42.04150999999999,0.0,1.1334
2023-05-23 07:15:00+02:00,0.0,1.2841333333333331,2.9585929491759044,0.0,2.9585929,0.0,1.9661045,2.9585929,0.0,2.9585929,0.0,42.04150999999999,0.0,1.2841333
2023-05-23 07:30:00+02:00,0.0,1.1624666666666668,3.461718717515419,0.0,3.4617187,0.0,1.6281747,3.4617187,0.0,3.4617187,0.0,42.04150999999999,0.0,1.1624667
2023-05-23 07:45:00+02:00,0.0,0.9299333333333332,3.958331176440945,0.0,3.9583312,0.0,1.3222624,3.9583312,0.0,3.9583312,0.0,42.04150999999999,0.0,0.92993333
2023-05-23 08:00:00+02:00,0.0,0.9130666666666668,4.4489209481644,0.0,4.4489209,0.0,1.0775431,4.4489209,0.0,4.4489209,0.0,42.04150999999999,0.0,0.91306667
2023-05-23 08:15:00+02:00,0.0,1.034,4.9586120249395975,0.0,4.958612,0.0,0.83726239,7.1062091,0.0,4.958612,0.0,42.04150999999999,0.0,3.1815971
2023-05-23 08:30:00+02:00,0.0,0.9281333333333334,5.39902086716868,4.4708875,0.92813333,0.92813333,0.0,0.0,0.0,0.0,0.0,42.04150999999999,0.0,0.0
2023-05-23 08:45:00+02:00,0.0,1.0085333333333333,5.6356278792447085,4.6270945,1.0085333,1.0085333,0.0,0.0,0.0,0.0,0.0,42.04150999999999,0.0,0.0
2023-05-23 09:00:00+02:00,0.0,1.7836,5.5261828823884205,3.7425829,1.7836,1.7836,0.0,0.0,0.0,0.0,0.0,42.04150999999999,0.0,0.0
2023-05-23 09:15:00+02:00,0.0,1.0598666666666663,4.084729933418218,3.0248633,1.0598667,1.0598667,0.0,0.0,0.0,0.0,0.0,42.04150999999999,0.0,0.0
2023-05-23 09:30:00+02:00,0.0,0.5158666666666667,4.125585122610191,3.6097185,0.51586667,0.51586667,0.0,0.0,0.0,0.0,0.0,42.04150999999999,0.0,0.0
2023-05-23 09:45:00+02:00,0.0,2.025733333333333,2.6322667413665166,0.60653341,2.0257333,2.0257333,0.0,0.0,0.0,0.0,0.0,42.04150999999999,0.0,0.0
2023-05-23 10:00:00+02:00,0.0,2.8428,4.309970689607106,1.4671707,2.8428,2.8428,0.0,0.0,0.0,0.0,0.0,42.04150999999999,0.0,0.0
2023-05-23 10:15:00+02:00,0.0,0.9566,1.8739031529243813,0.91730315,0.9566,0.9566,0.0,0.0,0.0,0.0,0.0,42.04150999999999,0.0,0.0
2023-05-23 10:30:00+02:00,0.0,0.6502666666666667,2.1876917170938026,1.5374251,0.65026667,0.65026667,0.0,0.0,0.0,0.0,0.0,42.04150999999999,0.0,0.0
2023-05-23 10:45:00+02:00,0.0,0.6455333333333333,1.1160656328049836,0.4705323,0.64553333,0.64553333,0.0,0.0,0.0,0.0,0.0,42.04150999999999,0.0,0.0
2023-05-23 11:00:00+02:00,0.0,0.4561333333333333,1.9549372607221536,1.4988039,0.45613333,0.45613333,0.0,0.0,0.0,0.0,0.0,42.04150999999999,0.0,0.0
2023-05-23 11:15:00+02:00,0.0,1.1521333333333337,4.951624183617248,3.7994909,1.1521333,1.1521333,0.0,0.0,0.0,0.0,0.0,42.04150999999999,0.0,0.0
2023-05-23 11:30:00+02:00,0.0,1.3825333333333334,2.962034425162005,1.5795011,1.3825333,1.3825333,0.0,0.0,0.0,0.0,0.0,42.04150999999999,0.0,0.0
2023-05-23 11:45:00+02:00,0.0,0.8504666666666667,9.1255901332781,8.2751235,0.85046667,0.85046667,0.0,0.0,0.0,0.0,0.0,42.04150999999999,0.0,0.0
2023-05-23 12:00:00+02:00,0.0,0.6924666666666667,7.371806160164146,6.6793395,0.69246667,0.69246667,0.0,0.0,0.0,0.0,0.0,42.04150999999999,0.0,0.0
2023-05-23 12:15:00+02:00,0.0,0.6304,1.449204443974028,0.24113505,1.2080694,0.6304,0.0,0.0,0.0,0.0,0.57766939,42.04150999999999,0.57766939,0.0
2023-05-23 12:30:00+02:00,0.0,1.1939333333333333,0.6725867092931452,0.0,0.67258671,0.67258671,0.13719648,0.0,0.0,0.0,0.0,42.04150999999999,0.0,0.52134662
2023-05-23 12:45:00+02:00,0.0,1.3459333333333334,2.138102098572494,0.79216877,1.3459333,1.3459333,0.0,0.0,0.0,0.0,0.0,42.04150999999999,0.0,0.0
2023-05-23 13:00:00+02:00,0.0,0.7650666666666667,5.211289405927595,4.4462227,0.76506667,0.76506667,0.0,0.0,0.0,0.0,0.0,42.04150999999999,0.0,0.0
2023-05-23 13:15:00+02:00,0.0,0.5833333333333334,6.882739439828531,6.2994061,0.58333333,0.58333333,0.0,0.0,0.0,0.0,0.0,42.04150999999999,0.0,0.0
2023-05-23 13:30:00+02:00,0.0,0.4166,4.689895740935918,4.2732957,0.4166,0.4166,0.0,0.0,0.0,0.0,0.0,42.04150999999999,0.0,0.0
2023-05-23 13:45:00+02:00,0.0,0.6531333333333333,6.189514101175954,5.5363808,0.65313333,0.65313333,0.0,0.0,0.0,0.0,0.0,42.04150999999999,0.0,0.0
2023-05-23 14:00:00+02:00,0.0,1.5897333333333334,2.398183293544834,0.80844996,1.5897333,1.5897333,0.0,0.0,0.0,0.0,0.0,42.04150999999999,0.0,0.0
2023-05-23 14:15:00+02:00,0.0,0.5823333333333334,0.7418715615325737,0.15953823,0.58233333,0.58233333,0.0,0.0,0.0,0.0,0.0,42.04150999999999,0.0,0.0
2023-05-23 14:30:00+02:00,0.0,0.5404666666666667,0.9700496174207848,0.42958295,0.54046667,0.54046667,0.0,0.0,0.0,0.0,0.0,42.04150999999999,0.0,0.0
2023-05-23 14:45:00+02:00,0.0,0.4662,8.098237531958523,7.5394639,0.55877368,0.4662,0.0,0.0,0.0,0.0,0.092573676,42.04150999999999,0.092573676,0.0
2023-05-23 15:00:00+02:00,0.0,0.4757333333333333,7.215693823768701,1.7399605,5.4757333,0.47573333,0.021986248,0.0,0.0,0.0,5.0,42.04150999999999,5.0,0.0
2023-05-23 15:15:00+02:00,0.0,0.4311333333333333,6.958121935757366,1.5269886,5.4311333,0.43113333,1.2094862,0.0,0.0,0.0,5.0,42.04150999999999,5.0,0.0
2023-05-23 15:30:00+02:00,0.0,0.4678,3.572263694795313,0.0,3.5722637,0.4678,2.3969862,0.0,0.0,0.0,3.1044637,42.04150999999999,3.1044637,0.0
2023-05-23 15:45:00+02:00,0.0,0.6914666666666667,2.814599925333073,0.0,2.8145999,0.69146667,3.1342964,0.0,0.0,0.0,2.1231333,42.04150999999999,2.1231333,0.0
2023-05-23 16:00:00+02:00,0.0,0.6297999999999999,1.5943234386447729,0.0,1.5943234,0.6298,3.6385405,0.0,0.0,0.0,0.96452344,42.04150999999999,0.96452344,0.0
2023-05-23 16:15:00+02:00,0.0,0.4841999999999999,2.5047786783642545,0.0,2.5047787,0.4842,3.8676148,0.0,0.0,0.0,2.0205787,42.04150999999999,2.0205787,0.0
2023-05-23 16:30:00+02:00,0.0,0.3551333333333333,2.7209298420522794,0.0,2.7209298,0.35513333,4.3475023,0.0,0.0,0.0,2.3657965,42.04150999999999,2.3657965,0.0
2023-05-23 16:45:00+02:00,0.0,0.3576,2.2056913173656203,0.0,2.2056913,0.3576,4.9093789,0.0,0.0,0.0,1.8480913,42.04150999999999,1.8480913,0.0
2023-05-23 17:00:00+02:00,0.0,0.3639333333333333,0.7957693126885317,0.0,0.79576931,0.36393333,5.3483006,0.0,0.0,0.0,0.43183598,42.04150999999999,0.43183598,0.0
2023-05-23 17:15:00+02:00,0.0,0.3492666666666666,0.5719993694357162,0.0,0.57199937,0.34926667,5.4508617,0.0,0.0,0.0,0.2227327,42.04150999999999,0.2227327,0.0
2023-05-23 17:30:00+02:00,0.0,0.4717333333333333,0.6256133321588523,0.0,0.62561333,0.47173333,5.5037607,0.0,0.0,0.0,0.15388,42.04150999999999,0.15388,0.0
2023-05-23 17:45:00+02:00,0.0,0.4761333333333333,0.7105226072875394,0.0,0.71052261,0.47613333,5.5403072,0.0,0.0,0.0,0.23438927,42.04150999999999,0.23438927,0.0
2023-05-23 18:00:00+02:00,0.0,0.4754666666666666,0.6362791640448727,0.0,0.63627916,0.47546667,5.5959747,0.0,0.0,0.0,0.1608125,42.04150999999999,0.1608125,0.0
2023-05-23 18:15:00+02:00,0.0,0.3414666666666666,0.5826029941438197,0.0,0.58260299,0.34146667,5.6341676,0.0,0.0,0.0,0.24113633,42.04150999999999,0.24113633,0.0
2023-05-23 18:30:00+02:00,0.0,0.3681333333333333,0.7321584026435571,0.0,0.7321584,0.36813333,5.6914375,0.0,0.0,0.0,0.36402507,42.04150999999999,0.36402507,0.0
2023-05-23 18:45:00+02:00,0.0,0.396,0.220246235936063,0.0,0.22024624,0.22024624,5.7778935,0.0,0.0,0.0,0.0,42.04150999999999,0.0,0.17575376
2023-05-23 19:00:00+02:00,0.0,0.3476666666666667,0.1307922103722762,0.0,0.13079221,0.13079221,5.7316425,0.0,0.0,0.0,0.0,42.04150999999999,0.0,0.21687446
2023-05-23 19:15:00+02:00,0.0,0.4704,0.0,0.0,0.0,0.0,5.6745702,0.0,0.0,0.0,0.0,42.04150999999999,0.0,0.4704
2023-05-23 19:30:00+02:00,0.0,0.4368666666666667,0.0,0.0,0.0,0.0,5.5507808,0.0,0.0,0.0,0.0,42.04150999999999,0.0,0.43686667
2023-05-23 19:45:00+02:00,0.0,0.314,0.0,0.0,0.0,0.0,5.4358158,0.0,0.0,0.0,0.0,42.04150999999999,0.0,0.314
2023-05-23 20:00:00+02:00,0.0,0.4159333333333333,0.0,0.0,0.0,0.0,5.3531843,0.0,0.0,0.0,0.0,42.04150999999999,0.0,0.41593333
2023-05-23 20:15:00+02:00,0.0,1.8941333333333328,0.0,0.0,0.0,0.0,5.2437281,0.0,0.0,0.0,0.0,42.04150999999999,0.0,1.8941333
2023-05-23 20:30:00+02:00,0.0,1.2534,0.0,0.0,0.0,0.0,4.745272,0.0,0.0,0.0,0.0,42.04150999999999,0.0,1.2534
2023-05-23 20:45:00+02:00,0.0,1.2164,0.0,0.0,0.0,0.0,4.4154299,0.0,0.0,0.0,0.0,42.04150999999999,0.0,1.2164
2023-05-23 21:00:00+02:00,0.0,1.2514,0.0,0.0,0.0,0.0,4.0953246,0.0,0.0,0.0,0.0,26.600070000000002,0.0,1.2514
2023-05-23 21:15:00+02:00,0.0,0.6643333333333333,0.0,0.0,0.0,0.0,3.7660088,0.0,0.0,0.0,0.0,26.600070000000002,0.0,0.66433333
2023-05-23 21:30:00+02:00,0.0,0.6269333333333332,0.0,0.0,0.0,0.0,3.5911843,0.0,0.0,0.0,0.0,26.600070000000002,0.0,0.62693333
2023-05-23 21:45:00+02:00,0.0,0.8137333333333333,0.0,0.0,0.0,0.0,3.4262018,0.0,0.0,0.0,0.0,26.600070000000002,0.0,0.81373333
2023-05-23 22:00:00+02:00,0.0,0.6474,0.0,0.0,0.0,0.0,3.2120615,0.0,0.0,0.0,0.0,26.600070000000002,0.0,0.6474
2023-05-23 22:15:00+02:00,0.0,0.6132000000000001,0.0,0.0,0.0,0.0,3.041693,0.0,0.0,0.0,0.0,26.600070000000002,0.0,0.6132
2023-05-23 22:30:00+02:00,0.0,0.6156,0.0,0.0,0.0,0.0,2.8803246,0.0,0.0,0.0,0.0,26.600070000000002,0.0,0.6156
2023-05-23 22:45:00+02:00,0.0,0.5859333333333333,0.0,0.0,0.0,0.0,2.7183246,0.0,0.0,0.0,0.0,26.600070000000002,0.0,0.58593333
2023-05-23 23:00:00+02:00,0.0,0.5472,0.0,0.0,0.0,0.0,2.5641316,0.0,0.0,0.0,0.0,26.600070000000002,0.0,0.5472
2023-05-23 23:15:00+02:00,0.0,0.4671333333333333,0.0,0.0,0.0,0.0,2.4201316,0.0,0.0,0.0,0.0,26.600070000000002,0.0,0.46713333
2023-05-23 23:30:00+02:00,0.0,0.5074666666666666,0.0,0.0,0.0,0.0,2.2972018,0.0,0.0,0.0,0.0,26.600070000000002,0.0,0.50746667
2023-05-23 23:45:00+02:00,0.0,0.5206000000000001,0.0,0.0,0.0,0.0,2.163658,0.0,0.0,0.0,0.0,26.600070000000002,0.0,0.5206
2023-05-24 00:00:00+02:00,0.0,0.7044666666666667,0.0,0.0,0.0,0.0,2.026658,0.0,0.0,0.0,0.0,26.600070000000002,0.0,0.70446667
2023-05-24 00:15:00+02:00,0.0,0.5648666666666666,0.0,0.0,0.0,0.0,1.841272,0.0,0.0,0.0,0.0,26.600070000000002,0.0,0.56486667
2023-05-24 00:30:00+02:00,0.0,0.3608666666666666,0.0,0.0,0.0,0.0,1.6926229,0.0,0.0,0.0,0.0,26.600070000000002,0.0,0.36086667
2023-05-24 00:45:00+02:00,0.0,0.3108,0.0,0.0,0.0,0.0,1.597658,0.0,0.0,0.0,0.0,26.600070000000002,0.0,0.3108
2023-05-24 01:00:00+02:00,0.0,0.285,0.0,0.0,0.0,0.0,1.5158685,0.0,0.0,0.0,0.0,26.600070000000002,0.0,0.285
2023-05-24 01:15:00+02:00,0.0,0.3086,0.0,0.0,0.0,0.0,1.4408685,0.0,0.0,0.0,0.0,26.600070000000002,0.0,0.3086
2023-05-24 01:30:00+02:00,0.0,0.425,0.0,0.0,0.0,0.0,1.359658,0.0,0.0,0.0,0.0,26.600070000000002,0.0,0.425
2023-05-24 01:45:00+02:00,0.0,0.2941999999999999,0.0,0.0,0.0,0.0,1.2478158,0.0,0.0,0.0,0.0,26.600070000000002,0.0,0.2942
2023-05-24 02:00:00+02:00,0.0,0.3723333333333333,0.0,0.0,0.0,0.0,1.1703948,0.0,0.0,0.0,0.0,26.600070000000002,0.0,0.37233333
2023-05-24 02:15:00+02:00,0.0,0.4068666666666666,0.0,0.0,0.0,0.0,1.0724123,0.0,0.0,0.0,0.0,26.600070000000002,0.0,0.40686667
2023-05-24 02:30:00+02:00,0.0,0.2649333333333333,0.0,0.0,0.0,0.0,0.96534216,0.0,0.0,0.0,0.0,26.600070000000002,0.0,0.26493333
2023-05-24 02:45:00+02:00,0.0,0.2786666666666667,0.0,0.0,0.0,0.0,0.89562287,0.0,0.0,0.0,0.0,26.600070000000002,0.0,0.27866667
2023-05-24 03:00:00+02:00,0.0,0.3118666666666667,0.0,0.0,0.0,0.0,0.82228953,0.0,0.0,0.0,0.0,26.600070000000002,0.0,0.31186667
2023-05-24 03:15:00+02:00,0.0,0.2882,0.0,0.0,0.0,0.0,0.74021936,0.0,0.0,0.0,0.0,26.600070000000002,0.0,0.2882
2023-05-24 03:30:00+02:00,0.0,0.3359333333333333,0.0,0.0,0.0,0.0,0.66437725,0.0,0.0,0.0,0.0,26.600070000000002,0.0,0.33593333
2023-05-24 03:45:00+02:00,0.0,0.3534,0.0,0.0,0.0,0.0,0.57597374,0.0,0.0,0.0,0.0,26.600070000000002,0.0,0.3534
2023-05-24 04:00:00+02:00,0.0,0.3757333333333333,0.0,0.0,0.0,0.0,0.48297374,0.0,0.0,0.0,0.0,26.600070000000002,0.0,0.37573333
2023-05-24 04:15:00+02:00,0.0,0.2866666666666667,0.0,0.0,0.0,0.0,0.38409655,0.0,0.0,0.0,0.0,26.600070000000002,0.0,0.28666667
2023-05-24 04:30:00+02:00,0.0,0.3945333333333333,0.0,0.0,0.0,0.0,0.30865795,0.0,0.0,0.0,0.0,26.600070000000002,0.0,0.39453333
2023-05-24 04:45:00+02:00,0.0,0.2748666666666666,0.0,0.0,0.0,0.0,0.20483339,0.0,0.0,0.0,0.0,26.600070000000002,0.0,0.27486667
2023-05-24 05:00:00+02:00,0.0,0.2696,0.0,0.0,0.0,0.0,0.13250006,0.0,0.0,0.0,0.0,26.600070000000002,0.0,0.2696
2023-05-24 05:15:00+02:00,0.0,0.2944,0.0604997768064135,0.0,0.060499777,0.060499777,0.06155269,0.0,0.0,0.0,0.0,26.600070000000002,0.0,0.23390022
2023-05-24 05:30:00+02:00,0.0,0.252,0.2782157208856431,0.026215721,0.252,0.252,0.0,0.0,0.0,0.0,0.0,26.600070000000002,0.0,0.0
2023-05-24 05:45:00+02:00,0.0,0.4109333333333333,0.575169003086399,0.16423567,0.41093333,0.41093333,0.0,0.0,0.0,0.0,0.0,26.600070000000002,0.0,0.0
2023-05-24 06:00:00+02:00,0.0,0.4547333333333333,0.6745572106083343,0.0,0.67455721,0.45473333,0.0,0.21982388,0.0,0.21982388,0.0,40.10894999999999,0.0,0.0
2023-05-24 06:15:00+02:00,0.0,0.3823999999999999,0.6323562486595791,0.24995625,0.3824,0.3824,0.0,0.0,0.0,0.0,0.0,40.10894999999999,0.0,0.0
2023-05-24 06:30:00+02:00,0.0,0.2427333333333333,1.3844480230632852,0.0,1.384448,0.24273333,0.0,1.1417147,0.0,1.1417147,0.0,40.10894999999999,0.0,0.0
2023-05-24 06:45:00+02:00,0.0,0.2850666666666667,1.3380710852229036,1.0530044,0.28506667,0.28506667,0.0,0.0,0.0,0.0,0.0,40.10894999999999,0.0,0.0
2023-05-24 07:00:00+02:00,0.0,0.2522666666666667,2.070193259801317,1.8179266,0.25226667,0.25226667,0.0,0.0,0.0,0.0,0.0,40.10894999999999,0.0,0.0
2023-05-24 07:15:00+02:00,0.0,0.2231333333333333,2.924622778446582,2.7014894,0.22313333,0.22313333,0.0,0.0,0.0,0.0,0.0,40.10894999999999,0.0,0.0
2023-05-24 07:30:00+02:00,0.0,2.437,3.54230082357168,1.1053008,2.437,2.437,0.0,0.0,0.0,0.0,0.0,40.10894999999999,0.0,0.0
2023-05-24 07:45:00+02:00,0.0,1.9718,3.9608822499982055,0.0,3.9608822,1.9718,0.0,1.9890822,0.0,1.9890822,0.0,40.10894999999999,0.0,0.0
2023-05-24 08:00:00+02:00,0.0,1.0848666666666666,4.150980102524393,0.0,4.1509801,1.0848667,0.0,3.0661134,0.0,3.0661134,0.0,40.10894999999999,0.0,0.0
2023-05-24 08:15:00+02:00,0.0,0.4564666666666666,4.872049358291342,0.0,4.8720494,0.45646667,0.0,4.4155827,0.0,4.4155827,0.0,40.10894999999999,0.0,0.0
2023-05-24 08:30:00+02:00,0.0,0.4436,4.985557307752648,0.0,4.9855573,0.4436,0.0,4.5419573,0.0,4.5419573,0.0,40.10894999999999,0.0,0.0
2023-05-24 08:45:00+02:00,0.0,0.5101333333333333,5.389751827149956,0.0,5.3897518,0.51013333,0.0,4.8796185,0.0,4.8796185,0.0,40.10894999999999,0.0,0.0
2023-05-24 09:00:00+02:00,0.0,0.4784,4.164435387436307,3.6860354,0.4784,0.4784,0.0,0.0,0.0,0.0,0.0,40.10894999999999,0.0,0.0
2023-05-24 09:15:00+02:00,0.0,0.3148,4.429145009736219,4.114345,0.3148,0.3148,0.0,0.0,0.0,0.0,0.0,40.10894999999999,0.0,0.0
2023-05-24 09:30:00+02:00,0.0,0.2464,4.689517150181065,4.4431172,0.2464,0.2464,0.0,0.0,0.0,0.0,0.0,40.10894999999999,0.0,0.0
2023-05-24 09:45:00+02:00,0.0,0.3091333333333333,4.513253417311858,0.0,4.5132534,0.30913333,0.0,4.2041201,0.0,4.2041201,0.0,40.10894999999999,0.0,0.0
2023-05-24 10:00:00+02:00,0.0,0.6464,4.698391593596274,4.0519916,0.6464,0.6464,0.0,0.0,0.0,0.0,0.0,40.10894999999999,0.0,0.0
2023-05-24 10:15:00+02:00,0.0,0.8453333333333334,3.703333767930432,0.0,3.7033338,0.84533333,0.0,2.8580004,0.0,2.8580004,0.0,40.10894999999999,0.0,0.0
2023-05-24 10:30:00+02:00,0.0,0.5616,6.314419881090934,5.7528199,0.5616,0.5616,0.0,0.0,0.0,0.0,0.0,40.10894999999999,0.0,0.0
2023-05-24 10:45:00+02:00,0.0,0.2026666666666666,3.235880229058192,3.0332136,0.20266667,0.20266667,0.0,0.0,0.0,0.0,0.0,40.10894999999999,0.0,0.0
2023-05-24 11:00:00+02:00,0.0,0.2002,5.127014292839993,0.0,5.1270143,0.2002,0.0,4.9268143,0.0,4.9268143,0.0,40.10894999999999,0.0,0.0
2023-05-24 11:15:00+02:00,0.0,0.6511333333333333,5.633180033588375,0.0,5.63318,0.65113333,0.0,4.9820467,0.0,4.9820467,0.0,40.10894999999999,0.0,0.0
2023-05-24 11:30:00+02:00,0.0,2.6694,2.9985253505450293,0.0,2.9985254,2.6694,0.0,0.32912535,0.0,0.32912535,0.0,40.10894999999999,0.0,0.0
2023-05-24 11:45:00+02:00,0.0,4.486666666666667,4.900849255002373,0.41418259,4.4866667,4.4866667,0.0,0.0,0.0,0.0,0.0,40.10894999999999,0.0,0.0
2023-05-24 12:00:00+02:00,0.0,3.0170666666666666,7.109290707301699,0.0,7.1092907,3.0170667,0.0,4.092224,0.0,4.092224,0.0,40.10894999999999,0.0,0.0
2023-05-24 12:15:00+02:00,0.0,3.414333333333333,5.310655804057254,0.0,5.3106558,3.4143333,0.0,1.8963225,0.0,1.8963225,0.0,40.10894999999999,0.0,0.0
2023-05-24 12:30:00+02:00,0.0,1.3636666666666668,5.791315000873042,4.4276483,1.3636667,1.3636667,0.0,0.0,0.0,0.0,0.0,40.10894999999999,0.0,0.0
2023-05-24 12:45:00+02:00,0.0,1.3412666666666666,6.460605687989991,5.119339,1.3412667,1.3412667,0.0,0.0,0.0,0.0,0.0,40.10894999999999,0.0,0.0
2023-05-24 13:00:00+02:00,0.0,2.877133333333333,7.948483410060209,5.0713501,2.8771333,2.8771333,0.0,0.0,0.0,0.0,0.0,40.10894999999999,0.0,0.0
2023-05-24 13:15:00+02:00,0.0,2.1662,5.8668961785612055,0.0,5.8668962,2.1662,0.0,3.7006962,0.0,3.7006962,0.0,40.10894999999999,0.0,0.0
2023-05-24 13:30:00+02:00,0.0,0.6784,7.722131438333069,0.0,7.7221314,0.6784,0.0,7.0437314,0.0,7.0437314,0.0,40.10894999999999,0.0,0.0
2023-05-24 13:45:00+02:00,0.0,0.8867999999999999,7.551546136437667,6.6647461,0.8868,0.8868,0.0,0.0,0.0,0.0,0.0,40.10894999999999,0.0,0.0
2023-05-24 14:00:00+02:00,0.0,0.6146,6.245726336377119,3.0092427,3.2364836,0.6146,0.0,2.6218836,0.0,2.6218836,0.0,40.10894999999999,0.0,0.0
2023-05-24 14:15:00+02:00,0.0,0.3692,6.381539532488121,6.0123395,0.3692,0.3692,0.0,0.0,0.0,0.0,0.0,40.10894999999999,0.0,0.0
2023-05-24 14:30:00+02:00,0.0,1.219,7.576748695644838,6.3577487,1.219,1.219,0.0,0.0,0.0,0.0,0.0,40.10894999999999,0.0,0.0
2023-05-24 14:45:00+02:00,0.0,1.1554,7.3009305083175455,6.1455305,1.1554,1.1554,0.0,0.0,0.0,0.0,0.0,40.10894999999999,0.0,0.0
2023-05-24 15:00:00+02:00,0.0,0.9845333333333331,7.051558310315951,4.8016583,2.2499,0.98453333,0.0,0.0,0.0,0.0,1.2653666,40.10894999999999,1.2653666,0.0
2023-05-24 15:15:00+02:00,0.0,0.8408,6.466392354739244,0.0,6.4663924,0.8408,0.30052458,0.62559235,0.0,0.62559235,5.0,40.10894999999999,5.0,0.0
2023-05-24 15:30:00+02:00,0.0,0.2571333333333333,4.819139650928762,0.0,4.8191397,0.25713333,1.4880246,0.0,0.0,0.0,4.5620063,40.10894999999999,4.5620063,0.0
2023-05-24 15:45:00+02:00,0.0,0.3182666666666666,3.5448228686265897,0.0,3.5448229,0.31826667,2.5715011,0.0,0.0,0.0,3.2265562,40.10894999999999,3.2265562,0.0
2023-05-24 16:00:00+02:00,0.0,0.9726666666666668,3.7273291339115135,0.0,3.7273291,0.97266667,3.3378082,0.0,0.0,0.0,2.7546625,40.10894999999999,2.7546625,0.0
2023-05-24 16:15:00+02:00,0.0,1.7230666666666663,3.787205273647216,0.0,3.7872053,1.7230667,3.9920405,0.0,0.0,0.0,2.0641386,40.10894999999999,2.0641386,0.0
2023-05-24 16:30:00+02:00,0.0,0.7118,2.6045089550162888,0.0,2.604509,0.7118,4.4822734,0.0,0.0,0.0,1.892709,40.10894999999999,1.892709,0.0
2023-05-24 16:45:00+02:00,0.0,0.3286,2.4674891638810044,0.0,2.4674892,0.3286,4.9317918,0.0,0.0,0.0,2.1388892,40.10894999999999,2.1388892,0.0
2023-05-24 17:00:00+02:00,0.0,0.5099333333333333,2.168665861522193,0.0,2.1686659,0.50993333,5.439778,0.0,0.0,0.0,1.6587325,40.10894999999999,1.6587325,0.0
2023-05-24 17:15:00+02:00,0.0,0.6644666666666666,1.2208606715264576,0.0,1.2208607,0.66446667,5.833727,0.0,0.0,0.0,0.556394,40.10894999999999,0.556394,0.0
2023-05-24 17:30:00+02:00,0.0,0.2836666666666667,1.4334689909862357,0.0,1.433469,0.28366667,5.9658705,0.0,0.0,0.0,1.1498023,40.10894999999999,1.1498023,0.0
2023-05-24 17:45:00+02:00,0.0,0.4543333333333333,1.1623686873861545,0.0,1.1623687,0.45433333,6.2389486,0.0,0.0,0.0,0.70803535,40.10894999999999,0.70803535,0.0
2023-05-24 18:00:00+02:00,0.0,0.554,0.9749456657733456,0.0,0.97494567,0.554,6.407107,0.0,0.0,0.0,0.42094567,40.10894999999999,0.42094567,0.0
2023-05-24 18:15:00+02:00,0.0,0.4403999999999999,0.7438477312369247,0.0,0.74384773,0.4404,6.5070816,0.0,0.0,0.0,0.30344773,40.10894999999999,0.30344773,0.0
2023-05-24 18:30:00+02:00,0.0,0.4357333333333333,0.92993857746005,0.0,0.92993858,0.43573333,6.5791504,0.0,0.0,0.0,0.49420524,40.10894999999999,0.49420524,0.0
2023-05-24 18:45:00+02:00,0.0,0.3327333333333333,0.0,0.0,0.0,0.0,6.6965242,0.0,0.0,0.0,0.0,40.10894999999999,0.0,0.33273333
2023-05-24 19:00:00+02:00,0.0,0.4156666666666667,0.0091582348696984,0.0,0.0091582349,0.0091582349,6.6089628,0.0,0.0,0.0,0.0,40.10894999999999,0.0,0.40650843
2023-05-24 19:15:00+02:00,0.0,0.3911333333333333,0.0,0.0,0.0,0.0,6.5019869,0.0,0.0,0.0,0.0,40.10894999999999,0.0,0.39113333
2023-05-24 19:30:00+02:00,0.0,0.4236,0.0,0.0,0.0,0.0,6.399057,0.0,0.0,0.0,0.0,40.10894999999999,0.0,0.4236
2023-05-24 19:45:00+02:00,0.0,0.3599333333333333,0.0,0.0,0.0,0.0,6.2875833,0.0,0.0,0.0,0.0,40.10894999999999,0.0,0.35993333
2023-05-24 20:00:00+02:00,0.0,0.8990666666666667,0.0,0.0,0.0,0.0,6.192864,0.0,0.0,0.0,0.0,40.10894999999999,0.0,0.89906667
2023-05-24 20:15:00+02:00,0.0,0.5964666666666667,0.0,0.0,0.0,0.0,5.9562676,0.0,0.0,0.0,0.0,40.10894999999999,0.0,0.59646667
2023-05-24 20:30:00+02:00,0.0,0.4891333333333333,0.0,0.0,0.0,0.0,5.7993026,0.0,0.0,0.0,0.0,40.10894999999999,0.0,0.48913333
2023-05-24 20:45:00+02:00,0.0,0.6117333333333334,0.0,0.0,0.0,0.0,5.6705833,0.0,0.0,0.0,0.0,40.10894999999999,0.0,0.61173333
2023-05-24 21:00:00+02:00,0.0,0.6995333333333333,0.0,0.0,0.0,0.0,5.5096009,0.0,0.0,0.0,0.0,14.383529999999999,0.0,0.69953333
2023-05-24 21:15:00+02:00,0.0,1.1698666666666666,0.0,0.0,0.0,0.0,5.3255132,0.0,0.0,0.0,0.0,14.383529999999999,0.0,1.1698667
2023-05-24 21:30:00+02:00,0.0,1.159,0.0,0.0,0.0,0.0,5.0176535,0.0,0.0,0.0,0.0,14.383529999999999,0.0,1.159
2023-05-24 21:45:00+02:00,0.0,0.6517333333333334,0.0,0.0,0.0,0.0,4.7126535,0.0,0.0,0.0,0.0,14.383529999999999,0.0,0.65173333
2023-05-24 22:00:00+02:00,0.0,0.7060666666666667,0.0,0.0,0.0,0.0,4.5411447,0.0,0.0,0.0,0.0,14.383529999999999,0.0,0.70606667
2023-05-24 22:15:00+02:00,0.0,0.7123333333333334,0.0,0.0,0.0,0.0,4.3553377,0.0,0.0,0.0,0.0,14.383529999999999,0.0,0.71233333
2023-05-24 22:30:00+02:00,0.0,0.7497999999999999,0.0,0.0,0.0,0.0,4.1678816,0.0,0.0,0.0,0.0,14.383529999999999,0.0,0.7498
2023-05-24 22:45:00+02:00,0.0,0.8172,0.0,0.0,0.0,0.0,3.9705658,0.0,0.0,0.0,0.0,14.383529999999999,0.0,0.8172
2023-05-24 23:00:00+02:00,0.0,0.6393333333333334,0.0,0.0,0.0,0.0,3.7555132,0.0,0.0,0.0,0.0,14.383529999999999,0.0,0.63933333
2023-05-24 23:15:00+02:00,0.0,0.6174666666666667,0.0,0.0,0.0,0.0,3.5872676,0.0,0.0,0.0,0.0,14.383529999999999,0.0,0.61746667
2023-05-24 23:30:00+02:00,0.0,0.6994666666666667,0.0,0.0,0.0,0.0,3.4247763,0.0,0.0,0.0,0.0,14.383529999999999,0.0,0.69946667
2023-05-24 23:45:00+02:00,0.0,0.8241333333333333,0.0,0.0,0.0,0.0,3.2407062,0.0,0.0,0.0,0.0,14.383529999999999,0.0,0.82413333
2023-05-25 00:00:00+02:00,0.0,0.7462000000000001,0.0,0.0,0.0,0.0,3.023829,0.0,0.0,0.0,0.0,14.383529999999999,0.0,0.7462
2023-05-25 00:15:00+02:00,0.0,0.7215333333333332,0.0,0.0,0.0,0.0,2.8274605,0.0,0.0,0.0,0.0,14.383529999999999,0.0,0.72153333
2023-05-25 00:30:00+02:00,0.0,0.5467333333333333,0.0,0.0,0.0,0.0,2.6375833,0.0,0.0,0.0,0.0,14.383529999999999,0.0,0.54673333
2023-05-25 00:45:00+02:00,0.0,0.5581333333333334,0.0,0.0,0.0,0.0,2.4937062,0.0,0.0,0.0,0.0,14.383529999999999,0.0,0.55813333
2023-05-25 01:00:00+02:00,0.0,0.6983333333333334,0.0,0.0,0.0,0.0,2.346829,0.0,0.0,0.0,0.0,14.383529999999999,0.0,0.69833333
2023-05-25 01:15:00+02:00,0.0,0.3506,0.0,0.0,0.0,0.0,2.163057,0.0,0.0,0.0,0.0,14.383529999999999,0.0,0.3506
2023-05-25 01:30:00+02:00,0.0,0.6668666666666667,0.0,0.0,0.0,0.0,2.0707939,0.0,0.0,0.0,0.0,14.383529999999999,0.0,0.66686667
2023-05-25 01:45:00+02:00,0.0,0.6151333333333333,0.0,0.0,0.0,0.0,1.8953026,0.0,0.0,0.0,0.0,14.383529999999999,0.0,0.61513333
2023-05-25 02:00:00+02:00,0.0,0.5555333333333333,0.0,0.0,0.0,0.0,1.7334255,0.0,0.0,0.0,0.0,14.383529999999999,0.0,0.55553333
2023-05-25 02:15:00+02:00,0.0,0.5164,0.0,0.0,0.0,0.0,1.5872325,0.0,0.0,0.0,0.0,14.383529999999999,0.0,0.5164
2023-05-25 02:30:00+02:00,0.0,0.4504666666666666,0.0,0.0,0.0,0.0,1.4513377,0.0,0.0,0.0,0.0,14.383529999999999,0.0,0.45046667
2023-05-25 02:45:00+02:00,0.0,0.3374,0.0,0.0,0.0,0.0,1.3327939,0.0,0.0,0.0,0.0,14.383529999999999,0.0,0.3374
2023-05-25 03:00:00+02:00,0.0,0.3758,0.0,0.0,0.0,0.0,1.2440044,0.0,0.0,0.0,0.0,14.383529999999999,0.0,0.3758
2023-05-25 03:15:00+02:00,0.0,0.3686666666666667,0.0,0.0,0.0,0.0,1.1451097,0.0,0.0,0.0,0.0,14.383529999999999,0.0,0.36866667
2023-05-25 03:30:00+02:00,0.0,0.4403999999999999,0.0,0.0,0.0,0.0,1.0480921,0.0,0.0,0.0,0.0,14.383529999999999,0.0,0.4404
2023-05-25 03:45:00+02:00,0.0,0.4503333333333333,0.0,0.0,0.0,0.0,0.93219738,0.0,0.0,0.0,0.0,14.383529999999999,0.0,0.45033333
2023-05-25 04:00:00+02:00,0.0,0.2834666666666666,0.0,0.0,0.0,0.0,0.81368861,0.0,0.0,0.0,0.0,14.383529999999999,0.0,0.28346667
2023-05-25 04:15:00+02:00,0.0,0.3778666666666667,0.0,0.0,0.0,0.0,0.73909212,0.0,0.0,0.0,0.0,14.383529999999999,0.0,0.37786667
2023-05-25 04:30:00+02:00,0.0,0.3095333333333334,0.0,0.0,0.0,0.0,0.63965352,0.0,0.0,0.0,0.0,14.383529999999999,0.0,0.30953333
2023-05-25 04:45:00+02:00,0.0,0.4078666666666666,0.0,0.0,0.0,0.0,0.55819738,0.0,0.0,0.0,0.0,14.383529999999999,0.0,0.40786667
2023-05-25 05:00:00+02:00,0.0,0.4864666666666666,0.0,0.0,0.0,0.0,0.45086405,0.0,0.0,0.0,0.0,14.383529999999999,0.0,0.48646667
2023-05-25 05:15:00+02:00,0.0,0.3888666666666667,0.0600829882081341,0.0,0.060082988,0.060082988,0.3228465,0.0,0.0,0.0,0.0,14.383529999999999,0.0,0.32878368
2023-05-25 05:30:00+02:00,0.0,0.2926666666666667,0.1367142821087838,0.0,0.13671428,0.13671428,0.23632448,0.0,0.0,0.0,0.0,14.383529999999999,0.0,0.15595238
2023-05-25 05:45:00+02:00,0.0,0.2251999999999999,0.097698524435462,0.0,0.097698524,0.097698524,0.19528438,0.0,0.0,0.0,0.0,14.383529999999999,0.0,0.12750148
2023-05-25 06:00:00+02:00,0.0,0.1411333333333333,0.1024499206507193,0.0,0.10244992,0.10244992,0.16173136,0.0,0.0,0.0,0.0,43.157729999999994,0.0,0.038683413
2023-05-25 06:15:00+02:00,0.0,0.1426666666666666,0.2332913780579776,0.0,0.23329138,0.14266667,0.15155152,0.0,0.0,0.0,0.090624711,43.157729999999994,0.090624711,0.0
2023-05-25 06:30:00+02:00,0.0,1.061,0.4497632599597133,0.0,0.44976326,0.44976326,0.17307489,0.0,0.0,0.0,0.0,43.157729999999994,0.0,0.61123674
2023-05-25 06:45:00+02:00,0.0,0.7432000000000001,0.6967521737474978,0.0,0.69675217,0.69675217,0.012223112,0.0,0.0,0.0,0.0,43.157729999999994,0.0,0.046447826
2023-05-25 07:00:00+02:00,0.0,0.3372666666666666,0.9263001186592428,0.0,0.92630012,0.33726667,0.0,0.58903345,0.0,0.58903345,0.0,43.157729999999994,0.0,0.0
2023-05-25 07:15:00+02:00,0.0,0.429,1.3659616459984394,0.93696165,0.429,0.429,0.0,0.0,0.0,0.0,0.0,43.157729999999994,0.0,0.0
2023-05-25 07:30:00+02:00,0.0,0.3526,1.2710344350394605,0.0,1.2710344,0.3526,0.0,0.91843444,0.0,0.91843444,0.0,43.157729999999994,0.0,0.0
2023-05-25 07:45:00+02:00,0.0,0.3173333333333333,1.1840334826249057,0.86670015,0.31733333,0.31733333,0.0,0.0,0.0,0.0,0.0,43.157729999999994,0.0,0.0
2023-05-25 08:00:00+02:00,0.0,0.2176666666666666,1.6254332893125154,0.0,1.6254333,0.21766667,0.0,1.4077666,0.0,1.4077666,0.0,43.157729999999994,0.0,0.0
2023-05-25 08:15:00+02:00,0.0,0.3054,1.622204142011415,1.3168041,0.3054,0.3054,0.0,0.0,0.0,0.0,0.0,43.157729999999994,0.0,0.0
2023-05-25 08:30:00+02:00,0.0,0.2627333333333334,1.8558878804766767,1.5931545,0.26273333,0.26273333,0.0,0.0,0.0,0.0,0.0,43.157729999999994,0.0,0.0
2023-05-25 08:45:00+02:00,0.0,0.1948,1.9089181734998777,1.7141182,0.1948,0.1948,0.0,0.0,0.0,0.0,0.0,43.157729999999994,0.0,0.0
2023-05-25 09:00:00+02:00,0.0,0.4383333333333333,3.6933855954271615,1.2560606,2.437325,0.43833333,0.0,0.0,0.0,0.0,1.9989916,43.157729999999994,1.9989916,0.0
2023-05-25 09:15:00+02:00,0.0,0.4399333333333333,1.9857219800165071,0.0,1.985722,0.43993333,0.47476051,0.0,0.0,0.0,1.5457886,43.157729999999994,1.5457886,0.0
2023-05-25 09:30:00+02:00,0.0,0.1970666666666666,2.579438632742828,0.0,2.5794386,0.19706667,0.84188532,0.0,0.0,0.0,2.382372,43.157729999999994,2.382372,0.0
2023-05-25 09:45:00+02:00,0.0,0.2377333333333333,3.0098715674053844,0.0,3.0098716,0.23773333,1.4076987,0.0,0.0,0.0,2.7721382,43.157729999999994,2.7721382,0.0
2023-05-25 10:00:00+02:00,0.0,0.2480666666666666,2.887411545053346,0.0,2.8874115,0.24806667,2.0660815,0.0,0.0,0.0,2.6393449,43.157729999999994,2.6393449,0.0
2023-05-25 10:15:00+02:00,0.0,0.4363999999999999,1.5314880932399846,0.0,1.5314881,0.4364,2.6929259,0.0,0.0,0.0,1.0950881,43.157729999999994,1.0950881,0.0
2023-05-25 10:30:00+02:00,0.0,0.2754666666666666,2.507160459749818,0.0,2.5071605,0.27546667,2.9530093,0.0,0.0,0.0,2.2316938,43.157729999999994,2.2316938,0.0
2023-05-25 10:45:00+02:00,0.0,0.2756666666666666,3.35002692906597,0.0,3.3500269,0.27566667,3.4830366,0.0,0.0,0.0,3.0743603,43.157729999999994,3.0743603,0.0
2023-05-25 11:00:00+02:00,0.0,0.3414,2.3992154041320664,0.0,2.3992154,0.3414,4.2131972,0.0,0.0,0.0,2.0578154,43.157729999999994,2.0578154,0.0
2023-05-25 11:15:00+02:00,0.0,0.4175333333333333,1.5307281123589518,0.0,1.5307281,0.41753333,4.7019283,0.0,0.0,0.0,1.1131948,43.157729999999994,1.1131948,0.0
2023-05-25 11:30:00+02:00,0.0,1.2638666666666665,1.8949355009406663,0.0,1.8949355,1.2638667,4.9663121,0.0,0.0,0.0,0.63106883,43.157729999999994,0.63106883,0.0
2023-05-25 11:45:00+02:00,0.0,1.6209333333333331,1.563975441829226,0.0,1.5639754,1.5639754,5.1161909,0.0,0.0,0.0,0.0,43.157729999999994,0.0,0.056957892
2023-05-25 12:00:00+02:00,0.0,1.0933333333333333,1.8580989676531303,0.0,1.858099,1.0933333,5.101202,0.0,0.0,0.0,0.76476563,43.157729999999994,0.76476563,0.0
2023-05-25 12:15:00+02:00,0.0,0.5392,1.31033220061689,0.0,1.3103322,0.5392,5.2828338,0.0,0.0,0.0,0.7711322,43.157729999999994,0.7711322,0.0
2023-05-25 12:30:00+02:00,0.0,0.5682,0.7700180426936702,0.0,0.77001804,0.5682,5.4659777,0.0,0.0,0.0,0.20181804,43.157729999999994,0.20181804,0.0
2023-05-25 12:45:00+02:00,0.0,0.6291333333333333,0.4925320831861215,0.0,0.49253208,0.49253208,5.5139095,0.0,0.0,0.0,0.0,43.157729999999994,0.0,0.13660125
2023-05-25 13:00:00+02:00,0.0,0.4346,0.728418421223936,0.0,0.72841842,0.4346,5.4779618,0.0,0.0,0.0,0.29381842,43.157729999999994,0.29381842,0.0
2023-05-25 13:15:00+02:00,0.0,0.4451333333333333,1.495991771391286,0.0,1.4959918,0.44513333,5.5477437,0.0,0.0,0.0,1.0508584,43.157729999999994,1.0508584,0.0
2023-05-25 13:30:00+02:00,0.0,0.4281333333333333,0.9659661721201912,0.0,0.96596617,0.42813333,5.7973226,0.0,0.0,0.0,0.53783284,43.157729999999994,0.53783284,0.0
2023-05-25 13:45:00+02:00,0.0,1.7454,0.7922944657243426,0.0,0.79229447,0.79229447,5.9250579,0.0,0.0,0.0,0.0,43.157729999999994,0.0,0.95310553
2023-05-25 14:00:00+02:00,0.0,1.422,0.9150131605776296,0.0,0.91501316,0.91501316,5.6742406,0.0,0.0,0.0,0.0,43.157729999999994,0.0,0.50698684
2023-05-25 14:15:00+02:00,0.0,0.3848,1.2635228569723127,0.0,1.2635229,0.3848,5.540823,0.0,0.0,0.0,0.87872286,43.157729999999994,0.87872286,0.0
2023-05-25 14:30:00+02:00,0.0,0.2675333333333333,2.2384775864737483,0.0,2.2384776,0.26753333,5.7495197,0.0,0.0,0.0,1.9709443,43.157729999999994,1.9709443,0.0
2023-05-25 14:45:00+02:00,0.0,0.2475333333333333,1.8249810926754984,0.0,1.8249811,0.24753333,6.217619,0.0,0.0,0.0,1.5774478,43.157729999999994,1.5774478,0.0
2023-05-25 15:00:00+02:00,0.0,0.2328666666666666,1.953444745388316,0.0,1.9534447,0.23286667,6.5922628,0.0,0.0,0.0,1.7205781,43.157729999999994,1.7205781,0.0
2023-05-25 15:15:00+02:00,0.0,0.1662,1.9374186191270384,0.0,1.9374186,0.1662,7.0009001,0.0,0.0,0.0,1.7712186,43.157729999999994,1.7712186,0.0
2023-05-25 15:30:00+02:00,0.0,0.3265333333333333,0.962979340511866,0.0,0.96297934,0.32653333,7.4215645,0.0,0.0,0.0,0.63644601,43.157729999999994,0.63644601,0.0
2023-05-25 15:45:00+02:00,0.0,0.5016,1.2927974596997758,0.0,1.2927975,0.5016,7.5727205,0.0,0.0,0.0,0.79119746,43.157729999999994,0.79119746,0.0
2023-05-25 16:00:00+02:00,0.0,1.8548,2.089311764493095,0.0,2.0893118,1.8548,7.7606299,0.0,0.0,0.0,0.23451176,43.157729999999994,0.23451176,0.0
2023-05-25 16:15:00+02:00,0.0,1.836666666666667,1.3702376014102238,0.0,1.3702376,1.3702376,7.8163264,0.0,0.0,0.0,0.0,43.157729999999994,0.0,0.46642907
2023-05-25 16:30:00+02:00,0.0,1.0166666666666666,1.2401144862867888,0.0,1.2401145,1.0166667,7.6935819,0.0,0.0,0.0,0.22344782,43.157729999999994,0.22344782,0.0
2023-05-25 16:45:00+02:00,0.0,0.3781333333333333,1.430196894165117,0.0,1.4301969,0.37813333,7.7466508,0.0,0.0,0.0,1.0520636,43.157729999999994,1.0520636,0.0
2023-05-25 17:00:00+02:00,0.0,0.818,1.2422788723860645,0.0,1.2422789,0.818,7.9965159,0.0,0.0,0.0,0.42427887,43.157729999999994,0.42427887,0.0
2023-05-25 17:15:00+02:00,0.0,1.9100666666666664,1.1186170902496837,0.0,1.1186171,1.1186171,8.0972821,0.0,0.0,0.0,0.0,43.157729999999994,0.0,0.79144958
2023-05-25 17:30:00+02:00,0.0,0.3915333333333333,0.6693923698453833,0.0,0.66939237,0.39153333,7.8890059,0.0,0.0,0.0,0.27785904,43.157729999999994,0.27785904,0.0
2023-05-25 17:45:00+02:00,0.0,0.4610666666666667,0.9538231459784584,0.0,0.95382315,0.0,7.9549974,0.95382315,0.0,0.95382315,0.0,43.157729999999994,0.0,0.46106667
2023-05-25 18:00:00+02:00,0.0,0.4931999999999999,0.627331391799375,0.0,0.62733139,0.0,7.8336641,0.62733139,0.0,0.62733139,0.0,43.157729999999994,0.0,0.4932
2023-05-25 18:15:00+02:00,0.0,0.57,0.3979537182130412,0.0,0.39795372,0.0,7.7038746,0.39795372,0.0,0.39795372,0.0,43.157729999999994,0.0,0.57
2023-05-25 18:30:00+02:00,0.0,1.592933333333333,0.2934430060746876,0.0,0.29344301,0.0,7.5538746,0.29344301,0.0,0.29344301,0.0,43.157729999999994,0.0,1.5929333
2023-05-25 18:45:00+02:00,0.0,0.6719333333333333,0.2159543125507995,0.0,0.21595431,0.0,7.1346816,0.21595431,0.0,0.21595431,0.0,43.157729999999994,0.0,0.67193333
2023-05-25 19:00:00+02:00,0.0,0.4134666666666666,0.0,0.0,0.0,0.0,6.9578571,0.0,0.0,0.0,0.0,43.157729999999994,0.0,0.41346667
2023-05-25 19:15:00+02:00,0.0,0.4998666666666667,0.0,0.0,0.0,0.0,6.8490501,0.0,0.0,0.0,0.0,43.157729999999994,0.0,0.49986667
2023-05-25 19:30:00+02:00,0.0,0.5012666666666666,0.0,0.0,0.0,0.0,6.7175062,0.0,0.0,0.0,0.0,43.157729999999994,0.0,0.50126667
2023-05-25 19:45:00+02:00,0.0,0.4748,0.0,0.0,0.0,0.0,6.5855939,0.0,0.0,0.0,0.0,43.157729999999994,0.0,0.4748
2023-05-25 20:00:00+02:00,0.0,0.3661999999999999,0.0,0.0,0.0,0.0,6.4606465,0.0,0.0,0.0,0.0,43.157729999999994,0.0,0.3662
2023-05-25 20:15:00+02:00,0.0,0.4079333333333333,0.0,0.0,0.0,0.0,6.3642781,0.0,0.0,0.0,0.0,43.157729999999994,0.0,0.40793333
2023-05-25 20:30:00+02:00,0.0,0.7605333333333333,0.0,0.0,0.0,0.0,6.2569272,0.0,0.0,0.0,0.0,43.157729999999994,0.0,0.76053333
2023-05-25 20:45:00+02:00,0.0,0.6800666666666667,0.0,0.0,0.0,0.0,6.0567869,0.0,0.0,0.0,0.0,43.157729999999994,0.0,0.68006667
2023-05-25 21:00:00+02:00,0.0,0.7022,0.0,0.0,0.0,0.0,5.877822,0.0,0.0,0.0,0.0,22.84086,0.0,0.7022
2023-05-25 21:15:00+02:00,0.0,0.5859333333333333,0.0,0.0,0.0,0.0,5.6930325,0.0,0.0,0.0,0.0,22.84086,0.0,0.58593333
2023-05-25 21:30:00+02:00,0.0,0.6166,0.0,0.0,0.0,0.0,5.5388395,0.0,0.0,0.0,0.0,22.84086,0.0,0.6166
2023-05-25 21:45:00+02:00,0.0,0.6922,0.0,0.0,0.0,0.0,5.3765764,0.0,0.0,0.0,0.0,22.84086,0.0,0.6922
2023-05-25 22:00:00+02:00,0.0,0.6147333333333334,0.0,0.0,0.0,0.0,5.1944185,0.0,0.0,0.0,0.0,22.84086,0.0,0.61473333
2023-05-25 22:15:00+02:00,0.0,0.5747333333333333,0.0,0.0,0.0,0.0,5.0326465,0.0,0.0,0.0,0.0,22.84086,0.0,0.57473333
2023-05-25 22:30:00+02:00,0.0,0.6861333333333334,0.0,0.0,0.0,0.0,4.8814009,0.0,0.0,0.0,0.0,22.84086,0.0,0.68613333
2023-05-25 22:45:00+02:00,0.0,0.6150666666666668,0.0,0.0,0.0,0.0,4.7008395,0.0,0.0,0.0,0.0,22.84086,0.0,0.61506667
2023-05-25 23:00:00+02:00,0.0,0.4072,0.0,0.0,0.0,0.0,4.5389799,0.0,0.0,0.0,0.0,22.84086,0.0,0.4072
2023-05-25 23:15:00+02:00,0.0,1.3464,0.0,0.0,0.0,0.0,4.431822,0.0,0.0,0.0,0.0,22.84086,0.0,1.3464
2023-05-25 23:30:00+02:00,0.0,2.0011333333333337,0.0,0.0,0.0,0.0,4.0775062,0.0,0.0,0.0,0.0,22.84086,0.0,2.0011333
2023-05-25 23:45:00+02:00,0.0,0.9687333333333332,0.0,0.0,0.0,0.0,3.5508922,0.0,0.0,0.0,0.0,22.84086,0.0,0.96873333
2023-05-26 00:00:00+02:00,0.0,1.2736666666666667,0.0,0.0,0.0,0.0,3.2959623,0.0,0.0,0.0,0.0,22.84086,0.0,1.2736667
2023-05-26 00:15:00+02:00,0.0,0.3268666666666667,0.0,0.0,0.0,0.0,2.9607869,0.0,0.0,0.0,0.0,22.84086,0.0,0.32686667
2023-05-26 00:30:00+02:00,0.0,0.2700666666666667,0.0,0.0,0.0,0.0,2.8747694,0.0,0.0,0.0,0.0,22.84086,0.0,0.27006667
2023-05-26 00:45:00+02:00,0.0,0.3186666666666667,0.0,0.0,0.0,0.0,2.8036992,0.0,0.0,0.0,0.0,22.84086,0.0,0.31866667
2023-05-26 01:00:00+02:00,0.0,0.2696,0.0,0.0,0.0,0.0,2.7198395,0.0,0.0,0.0,0.0,22.84086,0.0,0.2696
2023-05-26 01:15:00+02:00,0.0,0.288,0.0,0.0,0.0,0.0,2.6488922,0.0,0.0,0.0,0.0,22.84086,0.0,0.288
2023-05-26 01:30:00+02:00,0.0,0.3015333333333334,0.0,0.0,0.0,0.0,2.5731027,0.0,0.0,0.0,0.0,22.84086,0.0,0.30153333
2023-05-26 01:45:00+02:00,0.0,0.1822666666666667,0.0,0.0,0.0,0.0,2.4937518,0.0,0.0,0.0,0.0,22.84086,0.0,0.18226667
2023-05-26 02:00:00+02:00,0.0,0.2080666666666666,0.0,0.0,0.0,0.0,2.4457869,0.0,0.0,0.0,0.0,22.84086,0.0,0.20806667
2023-05-26 02:15:00+02:00,0.0,0.2351333333333333,0.0,0.0,0.0,0.0,2.3910325,0.0,0.0,0.0,0.0,22.84086,0.0,0.23513333
2023-05-26 02:30:00+02:00,0.0,0.1850666666666666,0.0,0.0,0.0,0.0,2.3291553,0.0,0.0,0.0,0.0,22.84086,0.0,0.18506667
2023-05-26 02:45:00+02:00,0.0,0.2321333333333333,0.0,0.0,0.0,0.0,2.2804536,0.0,0.0,0.0,0.0,22.84086,0.0,0.23213333
2023-05-26 03:00:00+02:00,0.0,0.2158666666666666,0.0,0.0,0.0,0.0,2.2193658,0.0,0.0,0.0,0.0,22.84086,0.0,0.21586667
2023-05-26 03:15:00+02:00,0.0,0.2853333333333333,0.0,0.0,0.0,0.0,2.1625588,0.0,0.0,0.0,0.0,22.84086,0.0,0.28533333
2023-05-26 03:30:00+02:00,0.0,0.3032666666666666,0.0,0.0,0.0,0.0,2.0874711,0.0,0.0,0.0,0.0,22.84086,0.0,0.30326667
2023-05-26 03:45:00+02:00,0.0,0.2354666666666666,0.0,0.0,0.0,0.0,2.0076641,0.0,0.0,0.0,0.0,22.84086,0.0,0.23546667
2023-05-26 04:00:00+02:00,0.0,0.3452666666666666,0.0,0.0,0.0,0.0,1.9456992,0.0,0.0,0.0,0.0,22.84086,0.0,0.34526667
2023-05-26 04:15:00+02:00,0.0,0.2045333333333333,0.0,0.0,0.0,0.0,1.8548395,0.0,0.0,0.0,0.0,22.84086,0.0,0.20453333
2023-05-26 04:30:00+02:00,0.0,0.2227333333333333,0.0,0.0,0.0,0.0,1.801015,0.0,0.0,0.0,0.0,22.84086,0.0,0.22273333
2023-05-26 04:45:00+02:00,0.0,0.219,0.0,0.0,0.0,0.0,1.7424009,0.0,0.0,0.0,0.0,22.84086,0.0,0.219
2023-05-26 05:00:00+02:00,0.0,0.1946,0.0,0.0,0.0,0.0,1.6847694,0.0,0.0,0.0,0.0,22.84086,0.0,0.1946
2023-05-26 05:15:00+02:00,0.0,0.231,0.0152780178548449,0.0,0.015278018,0.0,1.6335588,0.015278018,0.0,0.015278018,0.0,22.84086,0.0,0.231
2023-05-26 05:30:00+02:00,0.0,0.1913333333333333,0.1151516991456528,0.0,0.1151517,0.0,1.5727694,0.1151517,0.0,0.1151517,0.0,22.84086,0.0,0.19133333
2023-05-26 05:45:00+02:00,0.0,0.2764666666666666,0.288407226814992,0.0,0.28840723,0.0,1.5224185,0.28840723,0.0,0.28840723,0.0,22.84086,0.0,0.27646667
2023-05-26 06:00:00+02:00,0.0,0.3593333333333333,0.4891784975369976,0.0,0.4891785,0.0,1.4496641,0.4891785,0.0,0.4891785,0.0,29.55246,0.0,0.35933333
2023-05-26 06:15:00+02:00,0.0,0.3077333333333333,0.5264481086226389,0.0,0.52644811,0.0,1.3551027,0.52644811,0.0,0.52644811,0.0,29.55246,0.0,0.30773333
2023-05-26 06:30:00+02:00,0.0,0.411,0.3709587313565565,0.0,0.37095873,0.0,1.2741202,0.37095873,0.0,0.37095873,0.0,29.55246,0.0,0.411
2023-05-26 06:45:00+02:00,0.0,1.5856,0.4113126140363493,0.0,0.41131261,0.0,1.1659623,0.41131261,0.0,0.41131261,0.0,29.55246,0.0,1.5856
2023-05-26 07:00:00+02:00,0.0,1.8226666666666669,0.6814113482986593,0.0,0.68141135,0.089616463,0.74869918,0.59179489,0.0,0.59179489,0.0,29.55246,0.0,1.7330502
2023-05-26 07:15:00+02:00,0.0,1.1557333333333333,0.394766517649734,0.0,0.39476652,0.39476652,0.29263334,0.0,0.0,0.0,0.0,29.55246,0.0,0.76096682
2023-05-26 07:30:00+02:00,0.0,0.6654,0.3143601411405019,0.0,0.31436014,0.31436014,0.09237891,0.0,0.0,0.0,0.0,29.55246,0.0,0.35103986
2023-05-26 07:45:00+02:00,0.0,0.368,1.1490577987293138,0.0,1.1490578,0.368,0.0,0.7810578,0.0,0.7810578,0.0,29.55246,0.0,0.0
2023-05-26 08:00:00+02:00,0.0,0.2481999999999999,1.9014202055819729,0.0,1.9014202,0.2482,0.0,1.6532202,0.0,1.6532202,0.0,29.55246,0.0,0.0
2023-05-26 08:15:00+02:00,0.0,0.3030666666666666,1.54019072885763,0.0,1.5401907,0.30306667,0.0,1.2371241,0.0,1.2371241,0.0,29.55246,0.0,0.0
2023-05-26 08:30:00+02:00,0.0,0.3776,2.2910521774311525,1.9134522,0.3776,0.3776,0.0,0.0,0.0,0.0,0.0,29.55246,0.0,0.0
2023-05-26 08:45:00+02:00,0.0,0.3738666666666667,1.2821888838262725,0.90832222,0.37386667,0.37386667,0.0,0.0,0.0,0.0,0.0,29.55246,0.0,0.0
2023-05-26 09:00:00+02:00,0.0,0.3698,1.3304726802867402,0.96067268,0.3698,0.3698,0.0,0.0,0.0,0.0,0.0,29.55246,0.0,0.0
2023-05-26 09:15:00+02:00,0.0,0.7653333333333334,6.22631126904158,5.4609779,0.76533333,0.76533333,0.0,0.0,0.0,0.0,0.0,29.55246,0.0,0.0
2023-05-26 09:30:00+02:00,0.0,0.6526000000000001,7.015592009431694,6.362992,0.6526,0.6526,0.0,0.0,0.0,0.0,0.0,29.55246,0.0,0.0
2023-05-26 09:45:00+02:00,0.0,0.4012,5.251420657587951,4.8502207,0.4012,0.4012,0.0,0.0,0.0,0.0,0.0,29.55246,0.0,0.0
2023-05-26 10:00:00+02:00,0.0,0.5803333333333334,5.506672768245146,4.9263394,0.58033333,0.58033333,0.0,0.0,0.0,0.0,0.0,29.55246,0.0,0.0
2023-05-26 10:15:00+02:00,0.0,0.6291333333333333,5.061064570692324,4.4319312,0.62913333,0.62913333,0.0,0.0,0.0,0.0,0.0,29.55246,0.0,0.0
2023-05-26 10:30:00+02:00,0.0,0.4398,7.42548605442067,6.9856861,0.4398,0.4398,0.0,0.0,0.0,0.0,0.0,29.55246,0.0,0.0
2023-05-26 10:45:00+02:00,0.0,0.5524,4.457034043127799,3.904634,0.5524,0.5524,0.0,0.0,0.0,0.0,0.0,29.55246,0.0,0.0
2023-05-26 11:00:00+02:00,0.0,0.5138666666666667,6.392330938473977,5.8784643,0.51386667,0.51386667,0.0,0.0,0.0,0.0,0.0,29.55246,0.0,0.0
2023-05-26 11:15:00+02:00,0.0,0.4548,6.169962870818526,5.7151629,0.4548,0.4548,0.0,0.0,0.0,0.0,0.0,29.55246,0.0,0.0
2023-05-26 11:30:00+02:00,0.0,0.8835333333333333,3.814504977116659,2.9309716,0.88353333,0.88353333,0.0,0.0,0.0,0.0,0.0,29.55246,0.0,0.0
2023-05-26 11:45:00+02:00,0.0,3.1456,5.883123947966671,2.7375239,3.1456,3.1456,0.0,0.0,0.0,0.0,0.0,29.55246,0.0,0.0
2023-05-26 12:00:00+02:00,0.0,1.836,8.523911423475207,6.6879114,1.836,1.836,0.0,0.0,0.0,0.0,0.0,29.55246,0.0,0.0
2023-05-26 12:15:00+02:00,0.0,0.5528666666666667,7.586808548545594,7.0339419,0.55286667,0.55286667,0.0,0.0,0.0,0.0,0.0,29.55246,0.0,0.0
2023-05-26 12:30:00+02:00,0.0,0.3535333333333333,9.470824393080818,9.1172911,0.35353333,0.35353333,0.0,0.0,0.0,0.0,0.0,29.55246,0.0,0.0
2023-05-26 12:45:00+02:00,0.0,0.2687333333333333,6.68526660723856,6.4165333,0.26873333,0.26873333,0.0,0.0,0.0,0.0,0.0,29.55246,0.0,0.0
2023-05-26 13:00:00+02:00,0.0,0.3634,3.911405233657531,3.5480052,0.3634,0.3634,0.0,0.0,0.0,0.0,0.0,29.55246,0.0,0.0
2023-05-26 13:15:00+02:00,0.0,0.3056666666666667,7.1161108902172,5.708387,1.4077239,0.30566667,0.0,0.0,0.0,0.0,1.1020573,29.55246,1.1020573,0.0
2023-05-26 13:30:00+02:00,0.0,0.3537333333333333,9.005230491969911,8.6514972,0.35373333,0.35373333,0.2617386,0.0,0.0,0.0,0.0,29.55246,0.0,0.0
2023-05-26 13:45:00+02:00,0.0,1.0104666666666666,8.606022695022068,2.595556,6.0104667,1.0104667,0.2617386,0.0,0.0,0.0,5.0,29.55246,5.0,0.0
2023-05-26 14:00:00+02:00,0.0,0.9418666666666666,7.827088469141898,1.8852218,5.9418667,0.94186667,1.4492386,0.0,0.0,0.0,5.0,29.55246,5.0,0.0
2023-05-26 14:15:00+02:00,0.0,0.5782,8.26189677019757,2.6836968,5.5782,0.5782,2.6367386,0.0,0.0,0.0,5.0,29.55246,5.0,0.0
2023-05-26 14:30:00+02:00,0.0,0.5562666666666667,4.852230697194472,0.0,4.8522307,0.55626667,3.8242386,0.0,0.0,0.0,4.295964,29.55246,4.295964,0.0
2023-05-26 14:45:00+02:00,0.0,0.903,6.041599851952882,0.13859985,5.903,0.903,4.8445301,0.0,0.0,0.0,5.0,29.55246,5.0,0.0
2023-05-26 15:00:00+02:00,0.0,0.4358,4.01854493095887,0.0,4.0185449,0.4358,6.0320301,0.0,0.0,0.0,3.5827449,29.55246,3.5827449,0.0
2023-05-26 15:15:00+02:00,0.0,0.3917333333333333,4.922155426499074,0.0,4.9221554,0.39173333,6.882932,0.0,0.0,0.0,4.5304221,29.55246,4.5304221,0.0
2023-05-26 15:30:00+02:00,0.0,0.4133333333333333,3.4390126970896686,0.0,3.4390127,0.41333333,7.9589072,0.0,0.0,0.0,3.0256794,29.55246,3.0256794,0.0
2023-05-26 15:45:00+02:00,0.0,0.4168,4.369904625936577,0.0,4.3699046,0.4168,8.6775061,0.0,0.0,0.0,3.9531046,29.55246,3.9531046,0.0
2023-05-26 16:00:00+02:00,0.0,0.6284,4.02328053181047,0.0,4.0232805,0.0,9.6163684,4.0232805,0.0,4.0232805,0.0,29.55246,0.0,0.6284
2023-05-26 16:15:00+02:00,0.0,1.5391333333333337,3.5204761622653904,0.0,3.5204762,0.0,9.451,3.5204762,0.0,3.5204762,0.0,29.55246,0.0,1.5391333
2023-05-26 16:30:00+02:00,0.0,2.1304000000000003,3.6405220526388407,0.0,3.6405221,0.0,9.0459649,3.6405221,0.0,3.6405221,0.0,29.55246,0.0,2.1304
2023-05-26 16:45:00+02:00,0.0,0.7074666666666667,2.718679862841227,0.0,2.7186799,0.0,8.4853333,2.7186799,0.0,2.7186799,0.0,29.55246,0.0,0.70746667
2023-05-26 17:00:00+02:00,0.0,0.5729333333333333,2.170784947006856,0.0,2.1707849,0.0,8.2991579,2.1707849,0.0,2.1707849,0.0,29.55246,0.0,0.57293333
2023-05-26 17:15:00+02:00,0.0,0.4782,1.442511891425828,0.0,1.4425119,0.0,8.148386,1.4425119,0.0,1.4425119,0.0,29.55246,0.0,0.4782
2023-05-26 17:30:00+02:00,0.0,0.4871333333333333,1.2124025134684675,0.0,1.2124025,0.0,8.0225439,1.2124025,0.0,1.2124025,0.0,29.55246,0.0,0.48713333
2023-05-26 17:45:00+02:00,0.0,0.405,0.8873387890367739,0.0,0.88733879,0.0,7.8943509,0.88733879,0.0,0.88733879,0.0,29.55246,0.0,0.405
2023-05-26 18:00:00+02:00,0.0,0.4756666666666667,0.5313798674165948,0.0,0.53137987,0.0,7.7877719,0.53137987,0.0,0.53137987,0.0,29.55246,0.0,0.47566667
2023-05-26 18:15:00+02:00,0.0,1.227933333333333,0.3971914107038091,0.0,0.39719141,0.0,7.6625965,0.39719141,0.0,0.39719141,0.0,29.55246,0.0,1.2279333
2023-05-26 18:30:00+02:00,0.0,3.062933333333333,0.3708473994326857,0.0,0.3708474,0.0,7.3394561,0.3708474,0.0,0.3708474,0.0,29.55246,0.0,3.0629333
2023-05-26 18:45:00+02:00,0.0,0.61,0.2029417564614168,0.0,0.20294176,0.0,6.5334211,0.20294176,0.0,0.20294176,0.0,29.55246,0.0,0.61
2023-05-26 19:00:00+02:00,0.0,0.9764666666666668,0.1397589746386937,0.0,0.13975897,0.0,6.3728947,0.13975897,0.0,0.13975897,0.0,29.55246,0.0,0.97646667
2023-05-26 19:15:00+02:00,0.0,0.8728666666666667,0.0,0.0,0.0,0.0,6.1159298,0.0,0.0,0.0,0.0,29.55246,0.0,0.87286667
2023-05-26 19:30:00+02:00,0.0,0.4318666666666667,0.0,0.0,0.0,0.0,5.8862281,0.0,0.0,0.0,0.0,29.55246,0.0,0.43186667
2023-05-26 19:45:00+02:00,0.0,0.2729333333333333,0.0,0.0,0.0,0.0,5.7725789,0.0,0.0,0.0,0.0,29.55246,0.0,0.27293333
2023-05-26 20:00:00+02:00,0.0,0.3172,0.0,0.0,0.0,0.0,5.7007544,0.0,0.0,0.0,0.0,29.55246,0.0,0.3172
2023-05-26 20:15:00+02:00,0.0,0.2986,0.0,0.0,0.0,0.0,5.6172807,0.0,0.0,0.0,0.0,29.55246,0.0,0.2986
2023-05-26 20:30:00+02:00,0.0,0.3773333333333333,0.0,0.0,0.0,0.0,5.5387018,0.0,0.0,0.0,0.0,29.55246,0.0,0.37733333
2023-05-26 20:45:00+02:00,0.0,0.9606,0.0,0.0,0.0,0.0,5.4394035,0.0,0.0,0.0,0.0,29.55246,0.0,0.9606
2023-05-26 21:00:00+02:00,0.0,0.4218666666666666,0.0,0.0,0.0,0.0,5.186614,0.0,0.0,0.0,0.0,20.24666,0.0,0.42186667
2023-05-26 21:15:00+02:00,0.0,0.4805333333333333,0.0,0.0,0.0,0.0,5.0755965,0.0,0.0,0.0,0.0,20.24666,0.0,0.48053333
2023-05-26 21:30:00+02:00,0.0,0.4274,0.0,0.0,0.0,0.0,4.9491404,0.0,0.0,0.0,0.0,20.24666,0.0,0.4274
2023-05-26 21:45:00+02:00,0.0,0.4673333333333333,0.0,0.0,0.0,0.0,4.8366667,0.0,0.0,0.0,0.0,20.24666,0.0,0.46733333
2023-05-26 22:00:00+02:00,0.0,0.5185333333333333,0.0,0.0,0.0,0.0,4.7136842,0.0,0.0,0.0,0.0,20.24666,0.0,0.51853333
2023-05-26 22:15:00+02:00,0.0,0.3374,0.0,0.0,0.0,0.0,4.5772281,0.0,0.0,0.0,0.0,20.24666,0.0,0.3374
2023-05-26 22:30:00+02:00,0.0,0.3410666666666667,0.0,0.0,0.0,0.0,4.4884386,0.0,0.0,0.0,0.0,20.24666,0.0,0.34106667
2023-05-26 22:45:00+02:00,0.0,0.5126000000000001,0.0,0.0,0.0,0.0,4.3986842,0.0,0.0,0.0,0.0,20.24666,0.0,0.5126
2023-05-26 23:00:00+02:00,0.0,0.6266666666666666,0.0,0.0,0.0,0.0,4.2637895,0.0,0.0,0.0,0.0,20.24666,0.0,0.62666667
2023-05-26 23:15:00+02:00,0.0,0.7432000000000001,0.0,0.0,0.0,0.0,4.0988772,0.0,0.0,0.0,0.0,20.24666,0.0,0.7432
2023-05-26 23:30:00+02:00,0.0,0.6197999999999999,0.0,0.0,0.0,0.0,3.9032982,0.0,0.0,0.0,0.0,20.24666,0.0,0.6198
2023-05-26 23:45:00+02:00,0.0,0.7274666666666667,0.0,0.0,0.0,0.0,3.740193,0.0,0.0,0.0,0.0,20.24666,0.0,0.72746667
2023-05-27 00:00:00+02:00,0.0,0.6013999999999999,0.0,0.0,0.0,0.0,3.5487544,0.0,0.0,0.0,0.0,20.24666,0.0,0.6014
2023-05-27 00:15:00+02:00,0.0,0.4739333333333333,0.0,0.0,0.0,0.0,3.3904912,0.0,0.0,0.0,0.0,20.24666,0.0,0.47393333
2023-05-27 00:30:00+02:00,0.0,0.4224,0.0,0.0,0.0,0.0,3.2657719,0.0,0.0,0.0,0.0,20.24666,0.0,0.4224
2023-05-27 00:45:00+02:00,0.0,0.3454666666666666,0.0,0.0,0.0,0.0,3.154614,0.0,0.0,0.0,0.0,20.24666,0.0,0.34546667
2023-05-27 01:00:00+02:00,0.0,0.3254666666666666,0.0,0.0,0.0,0.0,3.0637018,0.0,0.0,0.0,0.0,20.24666,0.0,0.32546667
2023-05-27 01:15:00+02:00,0.0,0.3893999999999999,0.0,0.0,0.0,0.0,2.9780526,0.0,0.0,0.0,0.0,20.24666,0.0,0.3894
2023-05-27 01:30:00+02:00,0.0,0.3145333333333334,0.0,0.0,0.0,0.0,2.8755789,0.0,0.0,0.0,0.0,20.24666,0.0,0.31453333
2023-05-27 01:45:00+02:00,0.0,0.434,0.0,0.0,0.0,0.0,2.792807,0.0,0.0,0.0,0.0,20.24666,0.0,0.434
2023-05-27 02:00:00+02:00,0.0,0.2733333333333333,0.0,0.0,0.0,0.0,2.6785965,0.0,0.0,0.0,0.0,20.24666,0.0,0.27333333
2023-05-27 02:15:00+02:00,0.0,0.6964666666666667,0.0,0.0,0.0,0.0,2.6066667,0.0,0.0,0.0,0.0,20.24666,0.0,0.69646667
2023-05-27 02:30:00+02:00,0.0,0.6232000000000001,0.0,0.0,0.0,0.0,2.423386,0.0,0.0,0.0,0.0,20.24666,0.0,0.6232
2023-05-27 02:45:00+02:00,0.0,0.4159333333333333,0.0,0.0,0.0,0.0,2.259386,0.0,0.0,0.0,0.0,20.24666,0.0,0.41593333
2023-05-27 03:00:00+02:00,0.0,0.3102,0.0,0.0,0.0,0.0,2.1499298,0.0,0.0,0.0,0.0,20.24666,0.0,0.3102
2023-05-27 03:15:00+02:00,0.0,0.1805999999999999,0.0,0.0,0.0,0.0,2.0682982,0.0,0.0,0.0,0.0,20.24666,0.0,0.1806
2023-05-27 03:30:00+02:00,0.0,0.2156666666666666,0.0,0.0,0.0,0.0,2.0207719,0.0,0.0,0.0,0.0,20.24666,0.0,0.21566667
2023-05-27 03:45:00+02:00,0.0,0.2010666666666666,0.0,0.0,0.0,0.0,1.9640175,0.0,0.0,0.0,0.0,20.24666,0.0,0.20106667
2023-05-27 04:00:00+02:00,0.0,0.2453333333333333,0.0,0.0,0.0,0.0,1.9111053,0.0,0.0,0.0,0.0,20.24666,0.0,0.24533333
2023-05-27 04:15:00+02:00,0.0,0.3232,0.0,0.0,0.0,0.0,1.8465439,0.0,0.0,0.0,0.0,20.24666,0.0,0.3232
2023-05-27 04:30:00+02:00,0.0,0.264,0.0,0.0,0.0,0.0,1.7614912,0.0,0.0,0.0,0.0,20.24666,0.0,0.264
2023-05-27 04:45:00+02:00,0.0,0.2617333333333334,0.0,0.0,0.0,0.0,1.6920175,0.0,0.0,0.0,0.0,20.24666,0.0,0.26173333
2023-05-27 05:00:00+02:00,0.0,0.2483333333333333,0.0047813573540553,0.0,0.0047813574,0.0,1.6231404,0.0047813574,0.0,0.0047813574,0.0,20.24666,0.0,0.24833333
2023-05-27 05:15:00+02:00,0.0,0.2741333333333333,0.1041376093569809,0.0,0.10413761,0.0,1.5577895,0.10413761,0.0,0.10413761,0.0,20.24666,0.0,0.27413333
2023-05-27 05:30:00+02:00,0.0,0.2976,0.261748542402587,0.0,0.26174854,0.0,1.4856491,0.26174854,0.0,0.26174854,0.0,20.24666,0.0,0.2976
2023-05-27 05:45:00+02:00,0.0,0.1801333333333333,0.4696736614440835,0.0,0.46967366,0.0,1.4073333,0.46967366,0.0,0.46967366,0.0,20.24666,0.0,0.18013333
2023-05-27 06:00:00+02:00,0.0,0.2689333333333333,0.8549547449077677,0.0,0.85495474,0.0,1.3599298,0.85495474,0.0,0.85495474,0.0,39.007009999999994,0.0,0.26893333
2023-05-27 06:15:00+02:00,0.0,0.2185333333333333,1.328763867755209,0.0,1.3287639,0.0,1.2891579,1.3287639,0.0,1.3287639,0.0,39.007009999999994,0.0,0.21853333
2023-05-27 06:30:00+02:00,0.0,0.8644666666666667,0.8993930802140447,0.0,0.89939308,0.0,1.2316491,0.89939308,0.0,0.89939308,0.0,39.007009999999994,0.0,0.86446667
2023-05-27 06:45:00+02:00,0.0,0.8844666666666667,0.4735396501852242,0.0,0.47353965,0.0,1.0041579,0.47353965,0.0,0.47353965,0.0,39.007009999999994,0.0,0.88446667
2023-05-27 07:00:00+02:00,0.0,0.8709333333333332,0.7102972968653432,0.0,0.7102973,0.0,0.77140351,0.7102973,0.0,0.7102973,0.0,39.007009999999994,0.0,0.87093333
2023-05-27 07:15:00+02:00,0.0,0.4879333333333333,0.9649977329054918,0.0,0.96499773,0.0,0.54221053,0.96499773,0.0,0.96499773,0.0,39.007009999999994,0.0,0.48793333
2023-05-27 07:30:00+02:00,0.0,0.2457333333333333,1.532239348862828,0.0,1.5322393,0.0,0.41380702,1.5322393,0.0,1.5322393,0.0,39.007009999999994,0.0,0.24573333
2023-05-27 07:45:00+02:00,0.0,0.2226,1.5610919453226162,0.0,1.5610919,0.0,0.34914035,1.5610919,0.0,1.5610919,0.0,39.007009999999994,0.0,0.2226
2023-05-27 08:00:00+02:00,0.0,0.1804666666666666,4.303200510714339,0.0,4.3032005,0.0,0.2905614,4.3032005,0.0,4.3032005,0.0,39.007009999999994,0.0,0.18046667
2023-05-27 08:15:00+02:00,0.0,0.1387333333333333,4.485076969410002,0.0,4.485077,0.0,0.24307018,4.485077,0.0,4.485077,0.0,39.007009999999994,0.0,0.13873333
2023-05-27 08:30:00+02:00,0.0,0.1714,5.282301818195496,0.0,5.2823018,0.0,0.2065614,5.2823018,0.0,5.2823018,0.0,39.007009999999994,0.0,0.1714
2023-05-27 08:45:00+02:00,0.0,0.6135333333333333,5.554660853320399,0.0,5.5546609,0.0,0.16145614,5.5546609,0.0,5.5546609,0.0,39.007009999999994,0.0,0.61353333
2023-05-27 09:00:00+02:00,0.0,0.4675333333333333,4.298056645252704,3.8305233,0.46753333,0.46753333,0.0,0.0,0.0,0.0,0.0,39.007009999999994,0.0,0.0
2023-05-27 09:15:00+02:00,0.0,0.4743333333333333,3.1140478163621146,2.6397145,0.47433333,0.47433333,0.0,0.0,0.0,0.0,0.0,39.007009999999994,0.0,0.0
2023-05-27 09:30:00+02:00,0.0,0.3898666666666667,2.7155371444764804,2.3256705,0.38986667,0.38986667,0.0,0.0,0.0,0.0,0.0,39.007009999999994,0.0,0.0
2023-05-27 09:45:00+02:00,0.0,0.3302666666666666,2.551169603295272,2.2209029,0.33026667,0.33026667,0.0,0.0,0.0,0.0,0.0,39.007009999999994,0.0,0.0
2023-05-27 10:00:00+02:00,0.0,0.2726,2.3453300749312165,2.0727301,0.2726,0.2726,0.0,0.0,0.0,0.0,0.0,39.007009999999994,0.0,0.0
2023-05-27 10:15:00+02:00,0.0,0.3624666666666666,2.3991579140026085,2.0366912,0.36246667,0.36246667,0.0,0.0,0.0,0.0,0.0,39.007009999999994,0.0,0.0
2023-05-27 10:30:00+02:00,0.0,0.2692666666666666,4.279893031169798,4.0106264,0.26926667,0.26926667,0.0,0.0,0.0,0.0,0.0,39.007009999999994,0.0,0.0
2023-05-27 10:45:00+02:00,0.0,0.2442666666666667,4.874723517981544,4.6304569,0.24426667,0.24426667,0.0,0.0,0.0,0.0,0.0,39.007009999999994,0.0,0.0
2023-05-27 11:00:00+02:00,0.0,1.9130666666666667,6.801267048375687,4.8882004,1.9130667,1.9130667,0.0,0.0,0.0,0.0,0.0,39.007009999999994,0.0,0.0
2023-05-27 11:15:00+02:00,0.0,0.7311333333333333,7.664008274515048,6.9328749,0.73113333,0.73113333,0.0,0.0,0.0,0.0,0.0,39.007009999999994,0.0,0.0
2023-05-27 11:30:00+02:00,0.0,0.5415333333333333,6.019789729401635,5.4782564,0.54153333,0.54153333,0.0,0.0,0.0,0.0,0.0,39.007009999999994,0.0,0.0
2023-05-27 11:45:00+02:00,0.0,0.4501333333333333,6.255409215223288,5.8052759,0.45013333,0.45013333,0.0,0.0,0.0,0.0,0.0,39.007009999999994,0.0,0.0
2023-05-27 12:00:00+02:00,0.0,0.5360666666666667,6.805348210402264,6.2692815,0.53606667,0.53606667,0.0,0.0,0.0,0.0,0.0,39.007009999999994,0.0,0.0
2023-05-27 12:15:00+02:00,0.0,0.4758,7.740502255004975,7.2647023,0.4758,0.4758,0.0,0.0,0.0,0.0,0.0,39.007009999999994,0.0,0.0
2023-05-27 12:30:00+02:00,0.0,0.5419333333333333,5.875940109375895,5.3340068,0.54193333,0.54193333,0.0,0.0,0.0,0.0,0.0,39.007009999999994,0.0,0.0
2023-05-27 12:45:00+02:00,0.0,0.7177333333333333,5.910607815688894,5.1928745,0.71773333,0.71773333,0.0,0.0,0.0,0.0,0.0,39.007009999999994,0.0,0.0
2023-05-27 13:00:00+02:00,0.0,0.5516666666666666,2.747472427911469,2.1958058,0.55166667,0.55166667,0.0,0.0,0.0,0.0,0.0,39.007009999999994,0.0,0.0
2023-05-27 13:15:00+02:00,0.0,0.4878666666666666,3.3019131004822966,2.8140464,0.48786667,0.48786667,0.0,0.0,0.0,0.0,0.0,39.007009999999994,0.0,0.0
2023-05-27 13:30:00+02:00,0.0,0.4268666666666666,6.250725881079293,2.9730521,3.2776737,0.42686667,0.0,0.0,0.0,0.0,2.8508071,39.007009999999994,2.8508071,0.0
2023-05-27 13:45:00+02:00,0.0,0.4782666666666667,6.869254346454589,1.3909877,5.4782667,0.47826667,0.67706668,0.0,0.0,0.0,5.0,39.007009999999994,5.0,0.0
2023-05-27 14:00:00+02:00,0.0,1.7438,4.92821324296149,0.0,4.9282132,1.7438,1.8645667,0.0,0.0,0.0,3.1844132,39.007009999999994,3.1844132,0.0
2023-05-27 14:15:00+02:00,0.0,2.093733333333333,6.079423013508186,0.0,6.079423,2.0937333,2.6208648,0.0,0.0,0.0,3.9856897,39.007009999999994,3.9856897,0.0
2023-05-27 14:30:00+02:00,0.0,2.7526666666666664,3.62337186145452,0.0,3.6233719,2.7526667,3.5674661,0.0,0.0,0.0,0.87070519,39.007009999999994,0.87070519,0.0
2023-05-27 14:45:00+02:00,0.0,1.0255999999999998,2.5359435560258667,0.0,2.5359436,1.0256,3.7742586,0.0,0.0,0.0,1.5103436,39.007009999999994,1.5103436,0.0
2023-05-27 15:00:00+02:00,0.0,0.6909333333333333,2.5399510989957537,0.0,2.5399511,0.69093333,4.1329652,0.0,0.0,0.0,1.8490178,39.007009999999994,1.8490178,0.0
2023-05-27 15:15:00+02:00,0.0,0.6080666666666668,4.09732962751077,0.0,4.0973296,0.60806667,4.5721069,0.0,0.0,0.0,3.489263,39.007009999999994,3.489263,0.0
2023-05-27 15:30:00+02:00,0.0,0.3968,1.8024657731153264,0.0,1.8024658,0.3968,5.4008069,0.0,0.0,0.0,1.4056658,39.007009999999994,1.4056658,0.0
2023-05-27 15:45:00+02:00,0.0,0.4432666666666666,1.240791989346262,0.0,1.240792,0.44326667,5.7346525,0.0,0.0,0.0,0.79752532,39.007009999999994,0.79752532,0.0
2023-05-27 16:00:00+02:00,0.0,0.4178666666666666,1.9837150853629528,0.0,1.9837151,0.41786667,5.9240648,0.0,0.0,0.0,1.5658484,39.007009999999994,1.5658484,0.0
2023-05-27 16:15:00+02:00,0.0,0.4112666666666666,1.366546527657544,0.0,1.3665465,0.41126667,6.2959538,0.0,0.0,0.0,0.95527986,39.007009999999994,0.95527986,0.0
2023-05-27 16:30:00+02:00,0.0,0.5411333333333334,0.9253544385698818,0.0,0.92535444,0.54113333,6.5228327,0.0,0.0,0.0,0.38422111,39.007009999999994,0.38422111,0.0
2023-05-27 16:45:00+02:00,0.0,0.5018666666666667,2.165797838875783,0.0,2.1657978,0.50186667,6.6140852,0.0,0.0,0.0,1.6639312,39.007009999999994,1.6639312,0.0
2023-05-27 17:00:00+02:00,0.0,0.5078666666666667,2.2913529628106826,0.0,2.291353,0.50786667,7.0092689,0.0,0.0,0.0,1.7834863,39.007009999999994,1.7834863,0.0
2023-05-27 17:15:00+02:00,0.0,0.4591333333333333,2.144639037829521,0.0,2.144639,0.45913333,7.4328469,0.0,0.0,0.0,1.6855057,39.007009999999994,1.6855057,0.0
2023-05-27 17:30:00+02:00,0.0,0.4190666666666666,1.1742223512020031,0.0,1.1742224,0.41906667,7.8331545,0.0,0.0,0.0,0.75515568,39.007009999999994,0.75515568,0.0
2023-05-27 17:45:00+02:00,0.0,0.3978666666666667,0.6717095720165939,0.0,0.67170957,0.39786667,8.012504,0.0,0.0,0.0,0.27384291,39.007009999999994,0.27384291,0.0
2023-05-27 18:00:00+02:00,0.0,0.4166666666666667,0.4719676968045885,0.0,0.4719677,0.41666667,8.0775417,0.0,0.0,0.0,0.05530103,39.007009999999994,0.05530103,0.0
2023-05-27 18:15:00+02:00,0.0,0.4054666666666666,0.5622184130593916,0.0,0.56221841,0.40546667,8.0906757,0.0,0.0,0.0,0.15675175,39.007009999999994,0.15675175,0.0
2023-05-27 18:30:00+02:00,0.0,0.4260666666666666,0.3547351114689744,0.0,0.35473511,0.35473511,8.1279042,0.0,0.0,0.0,0.0,39.007009999999994,0.0,0.071331555
2023-05-27 18:45:00+02:00,0.0,0.7480666666666668,0.5043622939144695,0.0,0.50436229,0.50436229,8.1091327,0.0,0.0,0.0,0.0,39.007009999999994,0.0,0.24370437
2023-05-27 19:00:00+02:00,0.0,0.5030666666666667,0.0,0.0,0.0,0.0,8.045,0.0,0.0,0.0,0.0,39.007009999999994,0.0,0.50306667
2023-05-27 19:15:00+02:00,0.0,0.334,0.0,0.0,0.0,0.0,7.912614,0.0,0.0,0.0,0.0,39.007009999999994,0.0,0.334
2023-05-27 19:30:00+02:00,0.0,0.3916,0.0,0.0,0.0,0.0,7.8247193,0.0,0.0,0.0,0.0,39.007009999999994,0.0,0.3916
2023-05-27 19:45:00+02:00,0.0,1.0956666666666668,0.0,0.0,0.0,0.0,7.7216667,0.0,0.0,0.0,0.0,39.007009999999994,0.0,1.0956667
2023-05-27 20:00:00+02:00,3.4003333,8.400333333333334,0.0,0.0,0.0,0.0,7.4333333,0.0,0.0,0.0,0.0,39.007009999999994,0.0,5.0
2023-05-27 20:15:00+02:00,0.0,1.949466666666667,0.0,0.0,0.0,0.0,6.1175439,0.0,0.0,0.0,0.0,39.007009999999994,0.0,1.9494667
2023-05-27 20:30:00+02:00,0.0,1.7185333333333332,0.0,0.0,0.0,0.0,5.6045263,0.0,0.0,0.0,0.0,39.007009999999994,0.0,1.7185333
2023-05-27 20:45:00+02:00,0.0,1.3242,0.0,0.0,0.0,0.0,5.1522807,0.0,0.0,0.0,0.0,39.007009999999994,0.0,1.3242
2023-05-27 21:00:00+02:00,0.0,0.8323333333333334,0.0,0.0,0.0,0.0,4.803807,0.0,0.0,0.0,0.0,24.528280000000002,0.0,0.83233333
2023-05-27 21:15:00+02:00,0.0,0.8997999999999999,0.0,0.0,0.0,0.0,4.5847719,0.0,0.0,0.0,0.0,24.528280000000002,0.0,0.8998
2023-05-27 21:30:00+02:00,0.0,0.2943333333333333,0.0,0.0,0.0,0.0,4.3479825,0.0,0.0,0.0,0.0,24.528280000000002,0.0,0.29433333
2023-05-27 21:45:00+02:00,0.0,0.6526000000000001,0.0,0.0,0.0,0.0,4.2705263,0.0,0.0,0.0,0.0,24.528280000000002,0.0,0.6526
2023-05-27 22:00:00+02:00,0.0,1.5864666666666667,0.0,0.0,0.0,0.0,4.0987895,0.0,0.0,0.0,0.0,24.528280000000002,0.0,1.5864667
2023-05-27 22:15:00+02:00,0.0,1.1214000000000002,0.0,0.0,0.0,0.0,3.6812982,0.0,0.0,0.0,0.0,24.528280000000002,0.0,1.1214
2023-05-27 22:30:00+02:00,0.0,0.427,0.0,0.0,0.0,0.0,3.386193,0.0,0.0,0.0,0.0,24.528280000000002,0.0,0.427
2023-05-27 22:45:00+02:00,0.0,0.3420666666666667,0.0,0.0,0.0,0.0,3.2738246,0.0,0.0,0.0,0.0,24.528280000000002,0.0,0.34206667
2023-05-27 23:00:00+02:00,0.0,0.2944666666666666,0.0,0.0,0.0,0.0,3.183807,0.0,0.0,0.0,0.0,24.528280000000002,0.0,0.29446667
2023-05-27 23:15:00+02:00,0.0,0.2894666666666666,0.0,0.0,0.0,0.0,3.1063158,0.0,0.0,0.0,0.0,24.528280000000002,0.0,0.28946667
2023-05-27 23:30:00+02:00,0.0,0.2502,0.0,0.0,0.0,0.0,3.0301404,0.0,0.0,0.0,0.0,24.528280000000002,0.0,0.2502
2023-05-27 23:45:00+02:00,0.0,0.2302,0.0,0.0,0.0,0.0,2.9642982,0.0,0.0,0.0,0.0,24.528280000000002,0.0,0.2302
2023-05-28 00:00:00+02:00,0.0,0.3233999999999999,0.0,0.0,0.0,0.0,2.9037193,0.0,0.0,0.0,0.0,24.528280000000002,0.0,0.3234
2023-05-28 00:15:00+02:00,0.0,0.329,0.0,0.0,0.0,0.0,2.818614,0.0,0.0,0.0,0.0,24.528280000000002,0.0,0.329
2023-05-28 00:30:00+02:00,0.0,0.2885333333333333,0.0,0.0,0.0,0.0,2.7320351,0.0,0.0,0.0,0.0,24.528280000000002,0.0,0.28853333
2023-05-28 00:45:00+02:00,0.0,0.2019333333333333,0.0,0.0,0.0,0.0,2.6561053,0.0,0.0,0.0,0.0,24.528280000000002,0.0,0.20193333
2023-05-28 01:00:00+02:00,0.0,0.238,0.0,0.0,0.0,0.0,2.6029649,0.0,0.0,0.0,0.0,24.528280000000002,0.0,0.238
2023-05-28 01:15:00+02:00,0.0,0.5167333333333334,0.0,0.0,0.0,0.0,2.5403333,0.0,0.0,0.0,0.0,24.528280000000002,0.0,0.51673333
2023-05-28 01:30:00+02:00,0.0,0.3672666666666666,0.0,0.0,0.0,0.0,2.4043509,0.0,0.0,0.0,0.0,24.528280000000002,0.0,0.36726667
2023-05-28 01:45:00+02:00,0.0,0.3080666666666666,0.0,0.0,0.0,0.0,2.3077018,0.0,0.0,0.0,0.0,24.528280000000002,0.0,0.30806667
2023-05-28 02:00:00+02:00,0.0,0.2115999999999999,0.0,0.0,0.0,0.0,2.2266316,0.0,0.0,0.0,0.0,24.528280000000002,0.0,0.2116
2023-05-28 02:15:00+02:00,0.0,0.2709333333333333,0.0,0.0,0.0,0.0,2.1709474,0.0,0.0,0.0,0.0,24.528280000000002,0.0,0.27093333
2023-05-28 02:30:00+02:00,0.0,0.313,0.0,0.0,0.0,0.0,2.0996491,0.0,0.0,0.0,0.0,24.528280000000002,0.0,0.313
2023-05-28 02:45:00+02:00,0.0,0.2473333333333333,0.0,0.0,0.0,0.0,2.0172807,0.0,0.0,0.0,0.0,24.528280000000002,0.0,0.24733333
2023-05-28 03:00:00+02:00,0.0,0.2580666666666666,0.0,0.0,0.0,0.0,1.952193,0.0,0.0,0.0,0.0,24.528280000000002,0.0,0.25806667
2023-05-28 03:15:00+02:00,0.0,0.2451333333333333,0.0,0.0,0.0,0.0,1.8842807,0.0,0.0,0.0,0.0,24.528280000000002,0.0,0.24513333
2023-05-28 03:30:00+02:00,0.0,0.2036666666666666,0.0,0.0,0.0,0.0,1.8197719,0.0,0.0,0.0,0.0,24.528280000000002,0.0,0.20366667
2023-05-28 03:45:00+02:00,0.0,0.1641999999999999,0.0,0.0,0.0,0.0,1.7661754,0.0,0.0,0.0,0.0,24.528280000000002,0.0,0.1642
2023-05-28 04:00:00+02:00,0.0,0.2158666666666666,0.0,0.0,0.0,0.0,1.7229649,0.0,0.0,0.0,0.0,24.528280000000002,0.0,0.21586667
2023-05-28 04:15:00+02:00,0.0,0.2545333333333333,0.0,0.0,0.0,0.0,1.6661579,0.0,0.0,0.0,0.0,24.528280000000002,0.0,0.25453333
2023-05-28 04:30:00+02:00,0.0,0.2201333333333333,0.0,0.0,0.0,0.0,1.5991754,0.0,0.0,0.0,0.0,24.528280000000002,0.0,0.22013333
2023-05-28 04:45:00+02:00,0.0,0.2282666666666666,0.0,0.0,0.0,0.0,1.5412456,0.0,0.0,0.0,0.0,24.528280000000002,0.0,0.22826667
2023-05-28 05:00:00+02:00,0.0,0.2316666666666666,0.0,0.0,0.0,0.0,1.4811754,0.0,0.0,0.0,0.0,24.528280000000002,0.0,0.23166667
2023-05-28 05:15:00+02:00,0.0,0.2425333333333333,0.0,0.0,0.0,0.0,1.4202105,0.0,0.0,0.0,0.0,24.528280000000002,0.0,0.24253333
2023-05-28 05:30:00+02:00,0.0,0.2479333333333333,0.0118914709609693,0.0,0.011891471,0.0,1.356386,0.011891471,0.0,0.011891471,0.0,24.528280000000002,0.0,0.24793333
2023-05-28 05:45:00+02:00,0.0,0.2413333333333333,0.1243474563856218,0.0,0.12434746,0.0,1.2911404,0.12434746,0.0,0.12434746,0.0,24.528280000000002,0.0,0.24133333
2023-05-28 06:00:00+02:00,0.0,0.2888,0.3088751218312811,0.0,0.30887512,0.0,1.2276316,0.30887512,0.0,0.30887512,0.0,37.32078,0.0,0.2888
2023-05-28 06:15:00+02:00,0.0,0.2398666666666666,0.1005353845154418,0.0,0.10053538,0.0,1.1516316,0.10053538,0.0,0.10053538,0.0,37.32078,0.0,0.23986667
2023-05-28 06:30:00+02:00,0.0,0.3367333333333333,0.1338257600735122,0.0,0.13382576,0.0,1.0885088,0.13382576,0.0,0.13382576,0.0,37.32078,0.0,0.33673333
2023-05-28 06:45:00+02:00,0.0,0.3026666666666667,0.5167138852157556,0.0,0.51671389,0.0,0.99989474,0.51671389,0.0,0.51671389,0.0,37.32078,0.0,0.30266667
2023-05-28 07:00:00+02:00,0.0,0.51,0.2856755396671985,0.0,0.28567554,0.0,0.92024561,0.28567554,0.0,0.28567554,0.0,37.32078,0.0,0.51
2023-05-28 07:15:00+02:00,0.0,0.7771333333333333,0.4792605112595158,0.0,0.47926051,0.0,0.78603509,0.47926051,0.0,0.47926051,0.0,37.32078,0.0,0.77713333
2023-05-28 07:30:00+02:00,0.0,1.1264,1.2001195794120378,0.0,1.2001196,0.0,0.58152632,1.2001196,0.0,1.2001196,0.0,37.32078,0.0,1.1264
2023-05-28 07:45:00+02:00,0.0,0.6894666666666667,1.0009162134938736,0.0,1.0009162,0.0,0.28510526,1.0009162,0.0,1.0009162,0.0,37.32078,0.0,0.68946667
2023-05-28 08:00:00+02:00,0.0,0.3939333333333333,1.5715445754382995,0.0,1.5715446,0.0,0.10366667,1.5715446,0.0,1.5715446,0.0,37.32078,0.0,0.39393333
2023-05-28 08:15:00+02:00,0.0,0.4753333333333333,1.6208751013698,1.1455418,0.47533333,0.47533333,0.0,0.0,0.0,0.0,0.0,37.32078,0.0,0.0
2023-05-28 08:30:00+02:00,0.0,0.5326000000000001,1.328427095191415,0.7958271,0.5326,0.5326,0.0,0.0,0.0,0.0,0.0,37.32078,0.0,0.0
2023-05-28 08:45:00+02:00,0.0,0.2503333333333333,0.7723725407802285,0.52203921,0.25033333,0.25033333,0.0,0.0,0.0,0.0,0.0,37.32078,0.0,0.0
2023-05-28 09:00:00+02:00,0.0,0.2022,0.4624316363514684,0.26023164,0.2022,0.2022,0.0,0.0,0.0,0.0,0.0,37.32078,0.0,0.0
2023-05-28 09:15:00+02:00,0.0,0.1700666666666666,0.3043694738232573,0.13430281,0.17006667,0.17006667,0.0,0.0,0.0,0.0,0.0,37.32078,0.0,0.0
2023-05-28 09:30:00+02:00,0.0,0.3118,0.410523692850951,0.098723693,0.3118,0.3118,0.0,0.0,0.0,0.0,0.0,37.32078,0.0,0.0
2023-05-28 09:45:00+02:00,0.0,0.2422,0.6396631109039043,0.39746311,0.2422,0.2422,0.0,0.0,0.0,0.0,0.0,37.32078,0.0,0.0
2023-05-28 10:00:00+02:00,0.0,0.2201999999999999,0.8795692722180773,0.65936927,0.2202,0.2202,0.0,0.0,0.0,0.0,0.0,37.32078,0.0,0.0
2023-05-28 10:15:00+02:00,0.0,0.2891333333333333,0.7111452814703852,0.42201195,0.28913333,0.28913333,0.0,0.0,0.0,0.0,0.0,37.32078,0.0,0.0
2023-05-28 10:30:00+02:00,0.0,0.1547333333333333,0.9035176111576882,0.74878428,0.15473333,0.15473333,0.0,0.0,0.0,0.0,0.0,37.32078,0.0,0.0
2023-05-28 10:45:00+02:00,0.0,0.2054666666666666,1.788601042932933,1.5831344,0.20546667,0.20546667,0.0,0.0,0.0,0.0,0.0,37.32078,0.0,0.0
2023-05-28 11:00:00+02:00,0.0,0.1851333333333333,2.066340337843652,1.881207,0.18513333,0.18513333,0.0,0.0,0.0,0.0,0.0,37.32078,0.0,0.0
2023-05-28 11:15:00+02:00,0.0,0.1883333333333333,2.0394694329958867,1.8511361,0.18833333,0.18833333,0.0,0.0,0.0,0.0,0.0,37.32078,0.0,0.0
2023-05-28 11:30:00+02:00,0.0,0.2417333333333333,2.479616530797124,1.6258916,0.85372492,0.24173333,0.0,0.0,0.0,0.0,0.61199159,37.32078,0.61199159,0.0
2023-05-28 11:45:00+02:00,0.0,0.2774,5.428175357473921,0.15077536,5.2774,0.2774,0.145348,0.0,0.0,0.0,5.0,37.32078,5.0,0.0
2023-05-28 12:00:00+02:00,0.0,0.3237333333333334,2.461510685311397,0.0,2.4615107,0.32373333,1.332848,0.0,0.0,0.0,2.1377774,37.32078,2.1377774,0.0
2023-05-28 12:15:00+02:00,0.0,0.3438666666666666,3.5793709400884484,0.0,3.5793709,0.34386667,1.8405701,0.0,0.0,0.0,3.2355043,37.32078,3.2355043,0.0
2023-05-28 12:30:00+02:00,0.0,0.2866,3.2662361621188745,0.0,3.2662362,0.2866,2.6090024,0.0,0.0,0.0,2.9796362,37.32078,2.9796362,0.0
2023-05-28 12:45:00+02:00,0.0,0.9532666666666668,2.423006993131253,0.0,2.423007,0.95326667,3.316666,0.0,0.0,0.0,1.4697403,37.32078,1.4697403,0.0
2023-05-28 13:00:00+02:00,0.0,0.6168666666666667,3.598427079245612,0.0,3.5984271,0.61686667,3.6657293,0.0,0.0,0.0,2.9815604,37.32078,2.9815604,0.0
2023-05-28 13:15:00+02:00,0.0,0.408,7.156838302111853,1.7488383,5.408,0.408,4.3738499,0.0,0.0,0.0,5.0,37.32078,5.0,0.0
2023-05-28 13:30:00+02:00,0.0,1.9604,7.562056009449956,0.60165601,6.9604,1.9604,5.5613499,0.0,0.0,0.0,5.0,37.32078,5.0,0.0
2023-05-28 13:45:00+02:00,0.0,1.0118666666666667,2.288462466511719,0.0,2.2884625,1.0118667,6.7488499,0.0,0.0,0.0,1.2765958,37.32078,1.2765958,0.0
2023-05-28 14:00:00+02:00,0.0,0.4618,1.7429633515569716,0.0,1.7429634,0.4618,7.0520414,0.0,0.0,0.0,1.2811634,37.32078,1.2811634,0.0
2023-05-28 14:15:00+02:00,0.0,0.5062666666666666,0.3048480767855788,0.0,0.30484808,0.30484808,7.3563177,0.0,0.0,0.0,0.0,37.32078,0.0,0.20141859
2023-05-28 14:30:00+02:00,0.0,0.5047333333333334,0.1732113268773174,0.0,0.17321133,0.17321133,7.3033128,0.0,0.0,0.0,0.0,37.32078,0.0,0.33152201
2023-05-28 14:45:00+02:00,0.0,0.4291999999999999,0.2400279543484665,0.0,0.24002795,0.0,7.2160702,0.24002795,0.0,0.24002795,0.0,37.32078,0.0,0.4292
2023-05-28 15:00:00+02:00,0.0,0.4472,0.9865160290543682,0.0,0.98651603,0.0,7.1031228,0.98651603,0.0,0.98651603,0.0,37.32078,0.0,0.4472
2023-05-28 15:15:00+02:00,0.0,0.48,1.7168828058650916,0.0,1.7168828,0.0,6.9854386,1.7168828,0.0,1.7168828,0.0,37.32078,0.0,0.48
2023-05-28 15:30:00+02:00,0.0,0.4962,0.3842592686655252,0.0,0.38425927,0.0,6.8591228,0.38425927,0.0,0.38425927,0.0,37.32078,0.0,0.4962
2023-05-28 15:45:00+02:00,0.0,0.4131333333333333,3.0584305761892194,0.0,3.0584306,0.0,6.7285439,3.0584306,0.0,3.0584306,0.0,37.32078,0.0,0.41313333
2023-05-28 16:00:00+02:00,0.0,0.5316666666666666,4.101721107642982,0.0,4.1017211,0.0,6.6198246,4.1017211,0.0,4.1017211,0.0,37.32078,0.0,0.53166667
2023-05-28 16:15:00+02:00,0.0,0.6067333333333333,2.8995093639341043,0.0,2.8995094,0.0,6.4799123,2.8995094,0.0,2.8995094,0.0,37.32078,0.0,0.60673333
2023-05-28 16:30:00+02:00,0.0,0.5519333333333333,2.381133558874833,0.0,2.3811336,0.0,6.3202456,2.3811336,0.0,2.3811336,0.0,37.32078,0.0,0.55193333
2023-05-28 16:45:00+02:00,0.0,0.4378,2.747028917488055,0.0,2.7470289,0.0,6.175,2.7470289,0.0,2.7470289,0.0,37.32078,0.0,0.4378
2023-05-28 17:00:00+02:00,0.0,0.4168666666666666,2.308164558768272,0.0,2.3081646,0.0,6.0597895,2.3081646,0.0,2.3081646,0.0,37.32078,0.0,0.41686667
2023-05-28 17:15:00+02:00,0.0,0.5076666666666667,1.5625670523874151,0.0,1.5625671,0.0,5.9500877,1.5625671,0.0,1.5625671,0.0,37.32078,0.0,0.50766667
2023-05-28 17:30:00+02:00,0.0,0.4432666666666666,1.2893650565100578,0.0,1.2893651,0.0,5.8164912,1.2893651,0.0,1.2893651,0.0,37.32078,0.0,0.44326667
2023-05-28 17:45:00+02:00,0.0,0.339,1.0861829530671951,0.0,1.086183,0.0,5.6998421,1.086183,0.0,1.086183,0.0,37.32078,0.0,0.339
2023-05-28 18:00:00+02:00,0.0,0.3101333333333333,0.7744523474124041,0.0,0.77445235,0.0,5.6106316,0.77445235,0.0,0.77445235,0.0,37.32078,0.0,0.31013333
2023-05-28 18:15:00+02:00,0.0,1.0273333333333332,0.4964494928771925,0.0,0.49644949,0.0,5.5290175,0.49644949,0.0,0.49644949,0.0,37.32078,0.0,1.0273333
2023-05-28 18:30:00+02:00,0.0,0.2178,0.435049256075874,0.0,0.43504926,0.0,5.2586667,0.43504926,0.0,0.43504926,0.0,37.32078,0.0,0.2178
2023-05-28 18:45:00+02:00,0.0,0.2,0.5344586098674348,0.0,0.53445861,0.0,5.2013509,0.53445861,0.0,0.53445861,0.0,37.32078,0.0,0.2
2023-05-28 19:00:00+02:00,0.0,0.2132666666666667,0.0,0.0,0.0,0.0,5.1487193,0.0,0.0,0.0,0.0,37.32078,0.0,0.21326667
2023-05-28 19:15:00+02:00,0.0,0.2083333333333333,0.0,0.0,0.0,0.0,5.0925965,0.0,0.0,0.0,0.0,37.32078,0.0,0.20833333
2023-05-28 19:30:00+02:00,0.0,0.2278,0.0,0.0,0.0,0.0,5.0377719,0.0,0.0,0.0,0.0,37.32078,0.0,0.2278
2023-05-28 19:45:00+02:00,0.0,0.2887333333333333,0.0,0.0,0.0,0.0,4.9778246,0.0,0.0,0.0,0.0,37.32078,0.0,0.28873333
2023-05-28 20:00:00+02:00,0.0,0.3099333333333333,0.0,0.0,0.0,0.0,4.9018421,0.0,0.0,0.0,0.0,37.32078,0.0,0.30993333
2023-05-28 20:15:00+02:00,0.0,0.426,0.0,0.0,0.0,0.0,4.8202807,0.0,0.0,0.0,0.0,37.32078,0.0,0.426
2023-05-28 20:30:00+02:00,0.0,0.3244666666666666,0.0,0.0,0.0,0.0,4.7081754,0.0,0.0,0.0,0.0,37.32078,0.0,0.32446667
2023-05-28 20:45:00+02:00,0.0,0.2662,0.0,0.0,0.0,0.0,4.6227895,0.0,0.0,0.0,0.0,37.32078,0.0,0.2662
2023-05-28 21:00:00+02:00,0.0,0.4339333333333333,0.0,0.0,0.0,0.0,4.5527368,0.0,0.0,0.0,0.0,20.836899999999996,0.0,0.43393333
2023-05-28 21:15:00+02:00,0.0,0.4998,0.0,0.0,0.0,0.0,4.4385439,0.0,0.0,0.0,0.0,20.836899999999996,0.0,0.4998
2023-05-28 21:30:00+02:00,0.0,0.4068666666666666,0.0,0.0,0.0,0.0,4.3070175,0.0,0.0,0.0,0.0,20.836899999999996,0.0,0.40686667
2023-05-28 21:45:00+02:00,0.0,0.42,0.0,0.0,0.0,0.0,4.1999474,0.0,0.0,0.0,0.0,20.836899999999996,0.0,0.42
2023-05-28 22:00:00+02:00,0.0,0.4388666666666667,0.0,0.0,0.0,0.0,4.0894211,0.0,0.0,0.0,0.0,20.836899999999996,0.0,0.43886667
2023-05-28 22:15:00+02:00,0.0,0.5038666666666667,0.0,0.0,0.0,0.0,3.9739298,0.0,0.0,0.0,0.0,20.836899999999996,0.0,0.50386667
2023-05-28 22:30:00+02:00,0.0,0.9876666666666666,0.0,0.0,0.0,0.0,3.8413333,0.0,0.0,0.0,0.0,20.836899999999996,0.0,0.98766667
2023-05-28 22:45:00+02:00,0.0,0.6732666666666667,0.0,0.0,0.0,0.0,3.5814211,0.0,0.0,0.0,0.0,20.836899999999996,0.0,0.67326667
2023-05-28 23:00:00+02:00,0.0,0.7360666666666668,0.0,0.0,0.0,0.0,3.4042456,0.0,0.0,0.0,0.0,20.836899999999996,0.0,0.73606667
2023-05-28 23:15:00+02:00,0.0,0.5153333333333334,0.0,0.0,0.0,0.0,3.2105439,0.0,0.0,0.0,0.0,20.836899999999996,0.0,0.51533333
2023-05-28 23:30:00+02:00,0.0,0.4359333333333333,0.0,0.0,0.0,0.0,3.0749298,0.0,0.0,0.0,0.0,20.836899999999996,0.0,0.43593333
2023-05-28 23:45:00+02:00,0.0,0.3901333333333333,0.0,0.0,0.0,0.0,2.9602105,0.0,0.0,0.0,0.0,20.836899999999996,0.0,0.39013333
2023-05-29 00:00:00+02:00,0.0,0.4658,0.0,0.0,0.0,0.0,2.8575439,0.0,0.0,0.0,0.0,20.836899999999996,0.0,0.4658
2023-05-29 00:15:00+02:00,0.0,0.5130666666666667,0.0,0.0,0.0,0.0,2.7349649,0.0,0.0,0.0,0.0,20.836899999999996,0.0,0.51306667
2023-05-29 00:30:00+02:00,0.0,0.5354,0.0,0.0,0.0,0.0,2.5999474,0.0,0.0,0.0,0.0,20.836899999999996,0.0,0.5354
2023-05-29 00:45:00+02:00,0.0,0.5043333333333333,0.0,0.0,0.0,0.0,2.4590526,0.0,0.0,0.0,0.0,20.836899999999996,0.0,0.50433333
2023-05-29 01:00:00+02:00,0.0,0.3697333333333333,0.0,0.0,0.0,0.0,2.3263333,0.0,0.0,0.0,0.0,20.836899999999996,0.0,0.36973333
2023-05-29 01:15:00+02:00,0.0,0.6241333333333333,0.0,0.0,0.0,0.0,2.2290351,0.0,0.0,0.0,0.0,20.836899999999996,0.0,0.62413333
2023-05-29 01:30:00+02:00,0.0,0.5092666666666666,0.0,0.0,0.0,0.0,2.0647895,0.0,0.0,0.0,0.0,20.836899999999996,0.0,0.50926667
2023-05-29 01:45:00+02:00,0.0,0.4068666666666666,0.0,0.0,0.0,0.0,1.9307719,0.0,0.0,0.0,0.0,20.836899999999996,0.0,0.40686667
2023-05-29 02:00:00+02:00,0.0,0.2926666666666667,0.0,0.0,0.0,0.0,1.8237018,0.0,0.0,0.0,0.0,20.836899999999996,0.0,0.29266667
2023-05-29 02:15:00+02:00,0.0,0.2460666666666666,0.0,0.0,0.0,0.0,1.7466842,0.0,0.0,0.0,0.0,20.836899999999996,0.0,0.24606667
2023-05-29 02:30:00+02:00,0.0,0.2915333333333333,0.0,0.0,0.0,0.0,1.6819298,0.0,0.0,0.0,0.0,20.836899999999996,0.0,0.29153333
2023-05-29 02:45:00+02:00,0.0,0.2551333333333333,0.0,0.0,0.0,0.0,1.6052105,0.0,0.0,0.0,0.0,20.836899999999996,0.0,0.25513333
2023-05-29 03:00:00+02:00,0.0,0.3782666666666666,0.0,0.0,0.0,0.0,1.5380702,0.0,0.0,0.0,0.0,20.836899999999996,0.0,0.37826667
2023-05-29 03:15:00+02:00,0.0,0.3188,0.0,0.0,0.0,0.0,1.4385263,0.0,0.0,0.0,0.0,20.836899999999996,0.0,0.3188
2023-05-29 03:30:00+02:00,0.0,0.2758666666666666,0.0,0.0,0.0,0.0,1.3546316,0.0,0.0,0.0,0.0,20.836899999999996,0.0,0.27586667
2023-05-29 03:45:00+02:00,0.0,0.3539333333333333,0.0,0.0,0.0,0.0,1.2820351,0.0,0.0,0.0,0.0,20.836899999999996,0.0,0.35393333
2023-05-29 04:00:00+02:00,0.0,0.2842666666666666,0.0,0.0,0.0,0.0,1.1888947,0.0,0.0,0.0,0.0,20.836899999999996,0.0,0.28426667
2023-05-29 04:15:00+02:00,0.0,0.3143999999999999,0.0,0.0,0.0,0.0,1.1140877,0.0,0.0,0.0,0.0,20.836899999999996,0.0,0.3144
2023-05-29 04:30:00+02:00,0.0,0.2561333333333333,0.0,0.0,0.0,0.0,1.0313509,0.0,0.0,0.0,0.0,20.836899999999996,0.0,0.25613333
2023-05-29 04:45:00+02:00,0.0,0.2976,0.0,0.0,0.0,0.0,0.96394737,0.0,0.0,0.0,0.0,20.836899999999996,0.0,0.2976
2023-05-29 05:00:00+02:00,0.0,0.3068666666666667,0.0,0.0,0.0,0.0,0.88563158,0.0,0.0,0.0,0.0,20.836899999999996,0.0,0.30686667
2023-05-29 05:15:00+02:00,0.0,0.2345333333333333,0.0591058449263491,0.0,0.059105845,0.0,0.80487719,0.059105845,0.0,0.059105845,0.0,20.836899999999996,0.0,0.23453333
2023-05-29 05:30:00+02:00,0.0,0.2910666666666666,0.1413983768950271,0.0,0.14139838,0.0,0.74315789,0.14139838,0.0,0.14139838,0.0,20.836899999999996,0.0,0.29106667
2023-05-29 05:45:00+02:00,0.0,0.2782666666666666,0.1810455126068064,0.0,0.18104551,0.0,0.6665614,0.18104551,0.0,0.18104551,0.0,20.836899999999996,0.0,0.27826667
2023-05-29 06:00:00+02:00,0.0,0.2713333333333333,0.2006637739923144,0.0,0.20066377,0.0,0.59333333,0.20066377,0.0,0.20066377,0.0,32.44654,0.0,0.27133333
2023-05-29 06:15:00+02:00,0.0,0.1822666666666667,0.354469901464724,0.0,0.3544699,0.0,0.52192982,0.3544699,0.0,0.3544699,0.0,32.44654,0.0,0.18226667
2023-05-29 06:30:00+02:00,0.0,0.293,0.314595739640396,0.0,0.31459574,0.0,0.47396491,0.31459574,0.0,0.31459574,0.0,32.44654,0.0,0.293
2023-05-29 06:45:00+02:00,0.0,0.2201999999999999,0.3577031253777999,0.0,0.35770313,0.0,0.39685965,0.35770313,0.0,0.35770313,0.0,32.44654,0.0,0.2202
2023-05-29 07:00:00+02:00,0.0,0.1944,0.3909004190035177,0.0,0.39090042,0.0,0.33891228,0.39090042,0.0,0.39090042,0.0,32.44654,0.0,0.1944
2023-05-29 07:15:00+02:00,0.0,0.2150666666666666,0.6962838439519333,0.0,0.69628384,0.0,0.28775439,0.69628384,0.0,0.69628384,0.0,32.44654,0.0,0.21506667
2023-05-29 07:30:00+02:00,0.0,0.1832,1.168517218060632,0.0,1.1685172,0.0,0.23115789,1.1685172,0.0,1.1685172,0.0,32.44654,0.0,0.1832
2023-05-29 07:45:00+02:00,0.0,0.2360666666666666,2.296504807245382,0.0,2.2965048,0.0,0.18294737,2.2965048,0.0,2.2965048,0.0,32.44654,0.0,0.23606667
2023-05-29 08:00:00+02:00,0.0,0.1817333333333333,2.856343023612591,0.0,2.856343,0.0,0.12082456,2.856343,0.0,2.856343,0.0,32.44654,0.0,0.18173333
2023-05-29 08:15:00+02:00,0.0,0.2774,3.279319510270948,0.0,3.2793195,0.0,0.073,3.2793195,0.0,3.2793195,0.0,32.44654,0.0,0.2774
2023-05-29 08:30:00+02:00,0.0,0.3014,3.3965822158770984,3.0951822,0.3014,0.3014,0.0,0.0,0.0,0.0,0.0,32.44654,0.0,0.0
2023-05-29 08:45:00+02:00,0.0,0.2051333333333333,5.129205049038813,4.9240717,0.20513333,0.20513333,0.0,0.0,0.0,0.0,0.0,32.44654,0.0,0.0
2023-05-29 09:00:00+02:00,0.0,0.4624666666666666,5.212313328405745,4.7498467,0.46246667,0.46246667,0.0,0.0,0.0,0.0,0.0,32.44654,0.0,0.0
2023-05-29 09:15:00+02:00,0.0,0.2583999999999999,6.304225260382712,6.0458253,0.2584,0.2584,0.0,0.0,0.0,0.0,0.0,32.44654,0.0,0.0
2023-05-29 09:30:00+02:00,0.0,0.2584666666666666,5.85446512605733,5.5959985,0.25846667,0.25846667,0.0,0.0,0.0,0.0,0.0,32.44654,0.0,0.0
2023-05-29 09:45:00+02:00,0.0,0.2261333333333333,5.848704758066784,5.6225714,0.22613333,0.22613333,0.0,0.0,0.0,0.0,0.0,32.44654,0.0,0.0
2023-05-29 10:00:00+02:00,0.0,0.2311333333333333,7.027220444634348,6.7960871,0.23113333,0.23113333,0.0,0.0,0.0,0.0,0.0,32.44654,0.0,0.0
2023-05-29 10:15:00+02:00,0.0,0.24,6.637720847796331,6.3977208,0.24,0.24,0.0,0.0,0.0,0.0,0.0,32.44654,0.0,0.0
2023-05-29 10:30:00+02:00,0.0,0.2630666666666666,5.13660351581994,4.8735368,0.26306667,0.26306667,0.0,0.0,0.0,0.0,0.0,32.44654,0.0,0.0
2023-05-29 10:45:00+02:00,0.0,2.065,5.7947969381034925,3.7297969,2.065,2.065,0.0,0.0,0.0,0.0,0.0,32.44654,0.0,0.0
2023-05-29 11:00:00+02:00,0.0,0.9218,4.873757845868791,3.9519578,0.9218,0.9218,0.0,0.0,0.0,0.0,0.0,32.44654,0.0,0.0
2023-05-29 11:15:00+02:00,0.0,0.4398666666666667,9.290366783948883,8.8505001,0.43986667,0.43986667,0.0,0.0,0.0,0.0,0.0,32.44654,0.0,0.0
2023-05-29 11:30:00+02:00,0.0,0.3480666666666666,9.38604245223696,9.0379758,0.34806667,0.34806667,0.0,0.0,0.0,0.0,0.0,32.44654,0.0,0.0
2023-05-29 11:45:00+02:00,0.0,0.9266,6.813468680397941,5.8868687,0.9266,0.9266,0.0,0.0,0.0,0.0,0.0,32.44654,0.0,0.0
2023-05-29 12:00:00+02:00,0.0,0.9054666666666666,6.813183162974709,5.9077165,0.90546667,0.90546667,0.0,0.0,0.0,0.0,0.0,32.44654,0.0,0.0
2023-05-29 12:15:00+02:00,0.0,2.160333333333333,5.64609491659238,3.4857616,2.1603333,2.1603333,0.0,0.0,0.0,0.0,0.0,32.44654,0.0,0.0
2023-05-29 12:30:00+02:00,0.0,1.0644,6.660090691789248,5.5956907,1.0644,1.0644,0.0,0.0,0.0,0.0,0.0,32.44654,0.0,0.0
2023-05-29 12:45:00+02:00,0.0,0.6542,7.083936284501803,6.4297363,0.6542,0.6542,0.0,0.0,0.0,0.0,0.0,32.44654,0.0,0.0
2023-05-29 13:00:00+02:00,0.0,0.6755333333333333,6.688877145429145,6.0133438,0.67553333,0.67553333,0.0,0.0,0.0,0.0,0.0,32.44654,0.0,0.0
2023-05-29 13:15:00+02:00,0.0,0.7667999999999999,2.141321340105016,1.3745213,0.7668,0.7668,0.0,0.0,0.0,0.0,0.0,32.44654,0.0,0.0
2023-05-29 13:30:00+02:00,0.0,0.4934666666666666,4.043072165364931,3.5496055,0.49346667,0.49346667,0.0,0.0,0.0,0.0,0.0,32.44654,0.0,0.0
2023-05-29 13:45:00+02:00,0.0,0.5970666666666667,3.377151391445195,2.7800847,0.59706667,0.59706667,0.0,0.0,0.0,0.0,0.0,32.44654,0.0,0.0
2023-05-29 14:00:00+02:00,0.0,0.5612666666666667,3.101404134798598,2.5401375,0.56126667,0.56126667,0.0,0.0,0.0,0.0,0.0,32.44654,0.0,0.0
2023-05-29 14:15:00+02:00,0.0,0.5838666666666666,4.213761293939326,3.6298946,0.58386667,0.58386667,0.0,0.0,0.0,0.0,0.0,32.44654,0.0,0.0
2023-05-29 14:30:00+02:00,0.0,0.5394666666666666,8.090949745454731,7.5514831,0.53946667,0.53946667,0.0,0.0,0.0,0.0,0.0,32.44654,0.0,0.0
2023-05-29 14:45:00+02:00,0.0,0.5814,3.419072106319814,0.53022009,2.888852,0.5814,0.0,0.0,0.0,0.0,2.307452,32.44654,2.307452,0.0
2023-05-29 15:00:00+02:00,0.0,0.5372666666666667,6.076365825897974,0.53909916,5.5372667,0.53726667,0.54801985,0.0,0.0,0.0,5.0,32.44654,5.0,0.0
2023-05-29 15:15:00+02:00,0.0,0.8428666666666667,5.116371363601073,0.0,5.1163714,0.84286667,1.7355199,0.0,0.0,0.0,4.2735047,32.44654,4.2735047,0.0
2023-05-29 15:30:00+02:00,0.0,0.313,3.082512248700769,0.0,3.0825122,0.313,2.7504772,0.0,0.0,0.0,2.7695122,32.44654,2.7695122,0.0
2023-05-29 15:45:00+02:00,0.0,0.2440666666666666,4.491499391468973,0.0,4.4914994,0.24406667,3.4082364,0.0,0.0,0.0,4.2474327,32.44654,4.2474327,0.0
2023-05-29 16:00:00+02:00,0.0,0.1525999999999999,2.6835907424215155,0.0,2.6835907,0.1526,4.4170017,0.0,0.0,0.0,2.5309907,32.44654,2.5309907,0.0
2023-05-29 16:15:00+02:00,0.0,0.1761333333333333,2.6575348110012387,0.0,2.6575348,0.17613333,5.018112,0.0,0.0,0.0,2.4814015,32.44654,2.4814015,0.0
2023-05-29 16:30:00+02:00,0.0,0.2075333333333333,2.470849763711329,0.0,2.4708498,0.20753333,5.6074448,0.0,0.0,0.0,2.2633164,32.44654,2.2633164,0.0
2023-05-29 16:45:00+02:00,0.0,0.2028,2.856604784800332,0.0,2.8566048,0.0,6.1449825,2.8566048,0.0,2.8566048,0.0,32.44654,0.0,0.2028
2023-05-29 17:00:00+02:00,0.0,0.144,2.6675061989373616,0.0,2.6675062,0.0,6.091614,2.6675062,0.0,2.6675062,0.0,32.44654,0.0,0.144
2023-05-29 17:15:00+02:00,0.0,0.1408,1.8234144876881573,0.0,1.8234145,0.0,6.0537193,1.8234145,0.0,1.8234145,0.0,32.44654,0.0,0.1408
2023-05-29 17:30:00+02:00,0.0,0.1754666666666666,1.1653515041783136,0.0,1.1653515,0.0,6.0166667,1.1653515,0.0,1.1653515,0.0,32.44654,0.0,0.17546667
2023-05-29 17:45:00+02:00,0.0,0.1268666666666666,0.9321791538810472,0.0,0.93217915,0.0,5.9704912,0.93217915,0.0,0.93217915,0.0,32.44654,0.0,0.12686667
2023-05-29 18:00:00+02:00,0.0,0.215,0.7980580202857478,0.0,0.79805802,0.0,5.9371053,0.79805802,0.0,0.79805802,0.0,32.44654,0.0,0.215
2023-05-29 18:15:00+02:00,0.0,0.3155333333333333,1.246334070622472,0.0,1.2463341,0.0,5.8805263,1.2463341,0.0,1.2463341,0.0,32.44654,0.0,0.31553333
2023-05-29 18:30:00+02:00,0.0,0.2970666666666666,0.4609905485409375,0.0,0.46099055,0.0,5.7974912,0.46099055,0.0,0.46099055,0.0,32.44654,0.0,0.29706667
2023-05-29 18:45:00+02:00,0.0,0.3538,0.054512116841171,0.0,0.054512117,0.0,5.7193158,0.054512117,0.0,0.054512117,0.0,32.44654,0.0,0.3538
2023-05-29 19:00:00+02:00,0.0,0.2368,0.0073433577439116,0.0,0.0073433577,0.0,5.6262105,0.0073433577,0.0,0.0073433577,0.0,32.44654,0.0,0.2368
2023-05-29 19:15:00+02:00,0.0,0.2336,0.0,0.0,0.0,0.0,5.5638947,0.0,0.0,0.0,0.0,32.44654,0.0,0.2336
2023-05-29 19:30:00+02:00,0.0,0.3744666666666666,0.0,0.0,0.0,0.0,5.5024211,0.0,0.0,0.0,0.0,32.44654,0.0,0.37446667
2023-05-29 19:45:00+02:00,0.0,0.2122,0.0,0.0,0.0,0.0,5.4038772,0.0,0.0,0.0,0.0,32.44654,0.0,0.2122
2023-05-29 20:00:00+02:00,0.0,0.3258666666666667,0.0,0.0,0.0,0.0,5.3480351,0.0,0.0,0.0,0.0,32.44654,0.0,0.32586667
2023-05-29 20:15:00+02:00,0.0,0.5172,0.0,0.0,0.0,0.0,5.2622807,0.0,0.0,0.0,0.0,32.44654,0.0,0.5172
2023-05-29 20:30:00+02:00,0.0,0.391,0.0,0.0,0.0,0.0,5.1261754,0.0,0.0,0.0,0.0,32.44654,0.0,0.391
2023-05-29 20:45:00+02:00,0.0,0.3282,0.0,0.0,0.0,0.0,5.0232807,0.0,0.0,0.0,0.0,32.44654,0.0,0.3282
2023-05-29 21:00:00+02:00,0.0,0.3650666666666666,0.0,0.0,0.0,0.0,4.9369123,0.0,0.0,0.0,0.0,23.303769999999997,0.0,0.36506667
2023-05-29 21:15:00+02:00,0.0,0.4261333333333333,0.0,0.0,0.0,0.0,4.8408421,0.0,0.0,0.0,0.0,23.303769999999997,0.0,0.42613333
2023-05-29 21:30:00+02:00,0.0,0.3350666666666667,0.0,0.0,0.0,0.0,4.7287018,0.0,0.0,0.0,0.0,23.303769999999997,0.0,0.33506667
2023-05-29 21:45:00+02:00,0.0,0.3633333333333333,0.0,0.0,0.0,0.0,4.6405263,0.0,0.0,0.0,0.0,23.303769999999997,0.0,0.36333333
2023-05-29 22:00:00+02:00,0.0,0.4204666666666666,0.0,0.0,0.0,0.0,4.5449123,0.0,0.0,0.0,0.0,23.303769999999997,0.0,0.42046667
2023-05-29 22:15:00+02:00,0.0,0.6976,0.0,0.0,0.0,0.0,4.4342632,0.0,0.0,0.0,0.0,23.303769999999997,0.0,0.6976
2023-05-29 22:30:00+02:00,0.0,0.5222666666666667,0.0,0.0,0.0,0.0,4.2506842,0.0,0.0,0.0,0.0,23.303769999999997,0.0,0.52226667
2023-05-29 22:45:00+02:00,0.0,0.4243333333333333,0.0,0.0,0.0,0.0,4.1132456,0.0,0.0,0.0,0.0,23.303769999999997,0.0,0.42433333
2023-05-29 23:00:00+02:00,0.0,0.4712,0.0,0.0,0.0,0.0,4.0015789,0.0,0.0,0.0,0.0,23.303769999999997,0.0,0.4712
2023-05-29 23:15:00+02:00,0.0,0.5144,0.0,0.0,0.0,0.0,3.8775789,0.0,0.0,0.0,0.0,23.303769999999997,0.0,0.5144
2023-05-29 23:30:00+02:00,0.0,0.4152,0.0,0.0,0.0,0.0,3.7422105,0.0,0.0,0.0,0.0,23.303769999999997,0.0,0.4152
2023-05-29 23:45:00+02:00,0.0,0.4278666666666667,0.0,0.0,0.0,0.0,3.6329474,0.0,0.0,0.0,0.0,23.303769999999997,0.0,0.42786667
2023-05-30 00:00:00+02:00,0.0,0.4386666666666667,0.0,0.0,0.0,0.0,3.5203509,0.0,0.0,0.0,0.0,23.303769999999997,0.0,0.43866667
2023-05-30 00:15:00+02:00,0.0,0.4190666666666666,0.0,0.0,0.0,0.0,3.4049123,0.0,0.0,0.0,0.0,23.303769999999997,0.0,0.41906667
2023-05-30 00:30:00+02:00,0.0,0.4980666666666666,0.0,0.0,0.0,0.0,3.2946316,0.0,0.0,0.0,0.0,23.303769999999997,0.0,0.49806667
2023-05-30 00:45:00+02:00,0.0,0.4992666666666666,0.0,0.0,0.0,0.0,3.1635614,0.0,0.0,0.0,0.0,23.303769999999997,0.0,0.49926667
2023-05-30 01:00:00+02:00,0.0,0.5173333333333334,0.0,0.0,0.0,0.0,3.0321754,0.0,0.0,0.0,0.0,23.303769999999997,0.0,0.51733333
2023-05-30 01:15:00+02:00,0.0,0.5319333333333333,0.0,0.0,0.0,0.0,2.8960351,0.0,0.0,0.0,0.0,23.303769999999997,0.0,0.53193333
2023-05-30 01:30:00+02:00,0.0,0.6312666666666666,0.0,0.0,0.0,0.0,2.7560526,0.0,0.0,0.0,0.0,23.303769999999997,0.0,0.63126667
2023-05-30 01:45:00+02:00,0.0,0.5445333333333333,0.0,0.0,0.0,0.0,2.5899298,0.0,0.0,0.0,0.0,23.303769999999997,0.0,0.54453333
2023-05-30 02:00:00+02:00,0.0,0.6612666666666667,0.0,0.0,0.0,0.0,2.4466316,0.0,0.0,0.0,0.0,23.303769999999997,0.0,0.66126667
2023-05-30 02:15:00+02:00,0.0,0.7041333333333333,0.0,0.0,0.0,0.0,2.272614,0.0,0.0,0.0,0.0,23.303769999999997,0.0,0.70413333
2023-05-30 02:30:00+02:00,0.0,0.5288666666666667,0.0,0.0,0.0,0.0,2.0873158,0.0,0.0,0.0,0.0,23.303769999999997,0.0,0.52886667
2023-05-30 02:45:00+02:00,0.0,0.6928,0.0,0.0,0.0,0.0,1.9481404,0.0,0.0,0.0,0.0,23.303769999999997,0.0,0.6928
2023-05-30 03:00:00+02:00,0.0,0.735,0.0,0.0,0.0,0.0,1.7658246,0.0,0.0,0.0,0.0,23.303769999999997,0.0,0.735
2023-05-30 03:15:00+02:00,0.0,0.5833333333333334,0.0,0.0,0.0,0.0,1.5724035,0.0,0.0,0.0,0.0,23.303769999999997,0.0,0.58333333
2023-05-30 03:30:00+02:00,0.0,0.3578,0.0,0.0,0.0,0.0,1.4188947,0.0,0.0,0.0,0.0,23.303769999999997,0.0,0.3578
2023-05-30 03:45:00+02:00,0.0,0.2523333333333333,0.0,0.0,0.0,0.0,1.3247368,0.0,0.0,0.0,0.0,23.303769999999997,0.0,0.25233333
2023-05-30 04:00:00+02:00,0.0,0.2371333333333333,0.0,0.0,0.0,0.0,1.2583333,0.0,0.0,0.0,0.0,23.303769999999997,0.0,0.23713333
2023-05-30 04:15:00+02:00,0.0,0.2228666666666666,0.0,0.0,0.0,0.0,1.1959298,0.0,0.0,0.0,0.0,23.303769999999997,0.0,0.22286667
2023-05-30 04:30:00+02:00,0.0,0.1992,0.0,0.0,0.0,0.0,1.1372807,0.0,0.0,0.0,0.0,23.303769999999997,0.0,0.1992
2023-05-30 04:45:00+02:00,0.0,0.2076,0.0,0.0,0.0,0.0,1.0848596,0.0,0.0,0.0,0.0,23.303769999999997,0.0,0.2076
2023-05-30 05:00:00+02:00,0.0,0.1877333333333333,0.0,0.0,0.0,0.0,1.0302281,0.0,0.0,0.0,0.0,23.303769999999997,0.0,0.18773333
2023-05-30 05:15:00+02:00,0.0,0.2583999999999999,0.0,0.0,0.0,0.0,0.98082456,0.0,0.0,0.0,0.0,23.303769999999997,0.0,0.2584
2023-05-30 05:30:00+02:00,0.0,0.2596,0.0116135512797489,0.0,0.011613551,0.0,0.91282456,0.011613551,0.0,0.011613551,0.0,23.303769999999997,0.0,0.2596
2023-05-30 05:45:00+02:00,0.0,0.2024,0.0296823764320103,0.0,0.029682376,0.0,0.84450877,0.029682376,0.0,0.029682376,0.0,23.303769999999997,0.0,0.2024
2023-05-30 06:00:00+02:00,0.0,0.2086666666666666,0.1011733907022154,0.0,0.10117339,0.0,0.79124561,0.10117339,0.0,0.10117339,0.0,31.689700000000002,0.0,0.20866667
2023-05-30 06:15:00+02:00,0.0,0.2404666666666666,0.2395443348261972,0.0,0.23954433,0.0,0.73633333,0.23954433,0.0,0.23954433,0.0,31.689700000000002,0.0,0.24046667
2023-05-30 06:30:00+02:00,0.0,0.3599333333333333,0.4134512831557325,0.0,0.41345128,0.0,0.67305263,0.41345128,0.0,0.41345128,0.0,31.689700000000002,0.0,0.35993333
2023-05-30 06:45:00+02:00,0.0,0.2667333333333333,0.5978875977480798,0.0,0.5978876,0.0,0.57833333,0.5978876,0.0,0.5978876,0.0,31.689700000000002,0.0,0.26673333
2023-05-30 07:00:00+02:00,0.0,0.2734,0.4847006125736233,0.0,0.48470061,0.0,0.50814035,0.48470061,0.0,0.48470061,0.0,31.689700000000002,0.0,0.2734
2023-05-30 07:15:00+02:00,0.0,0.2805333333333333,0.491665267033211,0.0,0.49166527,0.0,0.43619298,0.49166527,0.0,0.49166527,0.0,31.689700000000002,0.0,0.28053333
2023-05-30 07:30:00+02:00,0.0,0.2911333333333333,0.906299980245237,0.0,0.90629998,0.0,0.36236842,0.90629998,0.0,0.90629998,0.0,31.689700000000002,0.0,0.29113333
2023-05-30 07:45:00+02:00,0.0,0.3124666666666666,1.7814125168004713,0.0,1.7814125,0.0,0.28575439,1.7814125,0.0,1.7814125,0.0,31.689700000000002,0.0,0.31246667
2023-05-30 08:00:00+02:00,0.0,0.2592,1.027008709845451,0.0,1.0270087,0.0,0.20352632,1.0270087,0.0,1.0270087,0.0,31.689700000000002,0.0,0.2592
2023-05-30 08:15:00+02:00,0.0,0.2640666666666666,1.0154470747829585,0.0,1.0154471,0.0,0.13531579,1.0154471,0.0,1.0154471,0.0,31.689700000000002,0.0,0.26406667
2023-05-30 08:30:00+02:00,0.0,0.2501333333333333,1.0715164596390856,0.0,1.0715165,0.0,0.065824561,1.0715165,0.0,1.0715165,0.0,31.689700000000002,0.0,0.25013333
2023-05-30 08:45:00+02:00,0.0,0.2394666666666666,1.20685726323671,0.9673906,0.23946667,0.23946667,0.0,0.0,0.0,0.0,0.0,31.689700000000002,0.0,0.0
2023-05-30 09:00:00+02:00,0.0,0.2786666666666667,1.2134544213739138,0.93478775,0.27866667,0.27866667,0.0,0.0,0.0,0.0,0.0,31.689700000000002,0.0,0.0
2023-05-30 09:15:00+02:00,0.0,0.3387333333333333,1.1317571974264986,0.79302386,0.33873333,0.33873333,0.0,0.0,0.0,0.0,0.0,31.689700000000002,0.0,0.0
2023-05-30 09:30:00+02:00,0.0,0.3210666666666666,1.213597634404898,0.89253097,0.32106667,0.32106667,0.0,0.0,0.0,0.0,0.0,31.689700000000002,0.0,0.0
2023-05-30 09:45:00+02:00,0.0,0.3054666666666666,1.6069639491024024,1.3014973,0.30546667,0.30546667,0.0,0.0,0.0,0.0,0.0,31.689700000000002,0.0,0.0
2023-05-30 10:00:00+02:00,0.0,0.3194666666666666,1.7008296604587978,1.381363,0.31946667,0.31946667,0.0,0.0,0.0,0.0,0.0,31.689700000000002,0.0,0.0
2023-05-30 10:15:00+02:00,0.0,0.3041333333333333,1.5332738877108256,1.2291406,0.30413333,0.30413333,0.0,0.0,0.0,0.0,0.0,31.689700000000002,0.0,0.0
2023-05-30 10:30:00+02:00,0.0,0.2415999999999999,2.019772769742922,1.7781728,0.2416,0.2416,0.0,0.0,0.0,0.0,0.0,31.689700000000002,0.0,0.0
2023-05-30 10:45:00+02:00,0.0,0.2579333333333333,2.2947648141817574,2.0368315,0.25793333,0.25793333,0.0,0.0,0.0,0.0,0.0,31.689700000000002,0.0,0.0
2023-05-30 11:00:00+02:00,0.0,0.2534666666666667,3.3125720435139128,3.0591054,0.25346667,0.25346667,0.0,0.0,0.0,0.0,0.0,31.689700000000002,0.0,0.0
2023-05-30 11:15:00+02:00,0.0,0.3154666666666666,4.6125729682708645,4.2971063,0.31546667,0.31546667,0.0,0.0,0.0,0.0,0.0,31.689700000000002,0.0,0.0
2023-05-30 11:30:00+02:00,0.0,0.322,6.384439899253684,6.0624399,0.322,0.322,0.0,0.0,0.0,0.0,0.0,31.689700000000002,0.0,0.0
2023-05-30 11:45:00+02:00,0.0,0.2906666666666667,5.572634792233219,5.2819681,0.29066667,0.29066667,0.0,0.0,0.0,0.0,0.0,31.689700000000002,0.0,0.0
2023-05-30 12:00:00+02:00,0.0,0.3803999999999999,4.108985734060392,3.7285857,0.3804,0.3804,0.0,0.0,0.0,0.0,0.0,31.689700000000002,0.0,0.0
2023-05-30 12:15:00+02:00,0.0,0.4709333333333333,1.623560644883236,1.1526273,0.47093333,0.47093333,0.0,0.0,0.0,0.0,0.0,31.689700000000002,0.0,0.0
2023-05-30 12:30:00+02:00,0.0,0.3057333333333333,4.097958141484266,3.7922248,0.30573333,0.30573333,0.0,0.0,0.0,0.0,0.0,31.689700000000002,0.0,0.0
2023-05-30 12:45:00+02:00,0.0,0.3535333333333333,6.531624961267241,6.1780916,0.35353333,0.35353333,0.0,0.0,0.0,0.0,0.0,31.689700000000002,0.0,0.0
2023-05-30 13:00:00+02:00,0.0,0.2791333333333333,4.584359478858028,4.2954058,0.28895367,0.27913333,0.0,0.0,0.0,0.0,0.0098203341,31.689700000000002,0.0098203341,0.0
2023-05-30 13:15:00+02:00,0.0,1.6518,1.642937148516529,0.0,1.6429371,1.6429371,0.0023323293,0.0,0.0,0.0,0.0,31.689700000000002,0.0,0.0088628515
2023-05-30 13:30:00+02:00,0.0,0.6186,2.477170174923084,1.8585702,0.6186,0.6186,0.0,0.0,0.0,0.0,0.0,31.689700000000002,0.0,0.0
2023-05-30 13:45:00+02:00,0.0,0.9221333333333334,3.3693134160140854,2.4471801,0.92213333,0.92213333,0.0,0.0,0.0,0.0,0.0,31.689700000000002,0.0,0.0
2023-05-30 14:00:00+02:00,0.0,0.4838,2.43615153285703,1.9523515,0.4838,0.4838,0.0,0.0,0.0,0.0,0.0,31.689700000000002,0.0,0.0
2023-05-30 14:15:00+02:00,0.0,0.4105333333333333,5.971135608794879,5.5606023,0.41053333,0.41053333,0.0,0.0,0.0,0.0,0.0,31.689700000000002,0.0,0.0
2023-05-30 14:30:00+02:00,0.0,2.9576,6.902477752744442,3.9448778,2.9576,2.9576,0.0,0.0,0.0,0.0,0.0,31.689700000000002,0.0,0.0
2023-05-30 14:45:00+02:00,0.0,2.3434,7.484651301811957,5.1412513,2.3434,2.3434,0.0,0.0,0.0,0.0,0.0,31.689700000000002,0.0,0.0
2023-05-30 15:00:00+02:00,0.0,2.1516666666666664,3.063481648058884,0.91181498,2.1516667,2.1516667,0.0,0.0,0.0,0.0,0.0,31.689700000000002,0.0,0.0
2023-05-30 15:15:00+02:00,0.0,1.9751333333333327,6.267025569065834,4.2918922,1.9751333,1.9751333,0.0,0.0,0.0,0.0,0.0,31.689700000000002,0.0,0.0
2023-05-30 15:30:00+02:00,0.0,1.1135333333333333,5.980614490530106,1.7904083,4.1902062,1.1135333,0.0,0.0,0.0,0.0,3.0766729,31.689700000000002,3.0766729,0.0
2023-05-30 15:45:00+02:00,0.0,0.5594,4.800915284573686,0.0,4.8009153,0.5594,0.73070981,0.0,0.0,0.0,4.2415153,31.689700000000002,4.2415153,0.0
2023-05-30 16:00:00+02:00,0.0,0.5716,4.460159136078755,0.0,4.4601591,0.5716,1.7380697,0.0,0.0,0.0,3.8885591,31.689700000000002,3.8885591,0.0
2023-05-30 16:15:00+02:00,0.0,0.5269333333333333,2.775879654009498,0.0,2.7758797,0.52693333,2.6616025,0.0,0.0,0.0,2.2489463,31.689700000000002,2.2489463,0.0
2023-05-30 16:30:00+02:00,0.0,0.449,2.730158628053379,0.0,2.7301586,0.449,3.1957272,0.0,0.0,0.0,2.2811586,31.689700000000002,2.2811586,0.0
2023-05-30 16:45:00+02:00,0.0,0.4070666666666667,2.771484648933964,0.0,2.7714846,0.40706667,3.7375024,0.0,0.0,0.0,2.364418,31.689700000000002,2.364418,0.0
2023-05-30 17:00:00+02:00,0.0,0.9070666666666668,2.00989717246664,0.0,2.0098972,0.90706667,4.2990517,0.0,0.0,0.0,1.1028305,31.689700000000002,1.1028305,0.0
2023-05-30 17:15:00+02:00,0.0,1.026,1.6237082931295144,0.0,1.6237083,1.026,4.5609739,0.0,0.0,0.0,0.59770829,31.689700000000002,0.59770829,0.0
2023-05-30 17:30:00+02:00,0.0,0.4473333333333333,1.4506086159162837,0.0,1.4506086,0.44733333,4.7029296,0.0,0.0,0.0,1.0032753,31.689700000000002,1.0032753,0.0
2023-05-30 17:45:00+02:00,0.0,0.7969333333333333,1.2770648930328004,0.0,1.2770649,0.79693333,4.9412075,0.0,0.0,0.0,0.48013156,31.689700000000002,0.48013156,0.0
2023-05-30 18:00:00+02:00,0.0,1.0264666666666666,1.2894419716740158,0.0,1.289442,1.0264667,5.0552388,0.0,0.0,0.0,0.26297531,31.689700000000002,0.26297531,0.0
2023-05-30 18:15:00+02:00,0.0,0.7154666666666667,1.1233140682135534,0.0,1.1233141,0.71546667,5.1176954,0.0,0.0,0.0,0.4078474,31.689700000000002,0.4078474,0.0
2023-05-30 18:30:00+02:00,0.0,0.4529333333333333,0.7426123164316687,0.0,0.74261232,0.45293333,5.2145592,0.0,0.0,0.0,0.28967898,31.689700000000002,0.28967898,0.0
2023-05-30 18:45:00+02:00,0.0,0.4096666666666667,0.5041234344827167,0.0,0.50412343,0.40966667,5.2833579,0.0,0.0,0.0,0.094456768,31.689700000000002,0.094456768,0.0
2023-05-30 19:00:00+02:00,0.0,0.3591333333333333,0.0,0.0,0.0,0.0,5.3057914,0.0,0.0,0.0,0.0,31.689700000000002,0.0,0.35913333
2023-05-30 19:15:00+02:00,0.0,0.3842666666666666,0.0,0.0,0.0,0.0,5.2112826,0.0,0.0,0.0,0.0,31.689700000000002,0.0,0.38426667
2023-05-30 19:30:00+02:00,0.0,0.3768,0.0,0.0,0.0,0.0,5.1101598,0.0,0.0,0.0,0.0,31.689700000000002,0.0,0.3768
2023-05-30 19:45:00+02:00,0.0,0.5804666666666667,0.0,0.0,0.0,0.0,5.0110019,0.0,0.0,0.0,0.0,31.689700000000002,0.0,0.58046667
2023-05-30 20:00:00+02:00,0.0,1.0514666666666668,0.0,0.0,0.0,0.0,4.8582475,0.0,0.0,0.0,0.0,31.689700000000002,0.0,1.0514667
2023-05-30 20:15:00+02:00,0.0,0.9287333333333332,0.0,0.0,0.0,0.0,4.5815458,0.0,0.0,0.0,0.0,31.689700000000002,0.0,0.92873333
2023-05-30 20:30:00+02:00,0.0,0.5667333333333333,0.0,0.0,0.0,0.0,4.3371423,0.0,0.0,0.0,0.0,31.689700000000002,0.0,0.56673333
2023-05-30 20:45:00+02:00,0.0,0.2128666666666666,0.0,0.0,0.0,0.0,4.1880019,0.0,0.0,0.0,0.0,31.689700000000002,0.0,0.21286667
2023-05-30 21:00:00+02:00,0.0,0.9352666666666668,0.0,0.0,0.0,0.0,4.1319844,0.0,0.0,0.0,0.0,17.12767,0.0,0.93526667
2023-05-30 21:15:00+02:00,0.0,0.4784666666666666,0.0,0.0,0.0,0.0,3.8858616,0.0,0.0,0.0,0.0,17.12767,0.0,0.47846667
2023-05-30 21:30:00+02:00,0.0,0.5569333333333333,0.0,0.0,0.0,0.0,3.7599493,0.0,0.0,0.0,0.0,17.12767,0.0,0.55693333
2023-05-30 21:45:00+02:00,0.0,0.5275333333333333,0.0,0.0,0.0,0.0,3.6133879,0.0,0.0,0.0,0.0,17.12767,0.0,0.52753333
2023-05-30 22:00:00+02:00,0.0,0.5406666666666666,0.0,0.0,0.0,0.0,3.4745633,0.0,0.0,0.0,0.0,17.12767,0.0,0.54066667
2023-05-30 22:15:00+02:00,0.0,0.4642,0.0,0.0,0.0,0.0,3.3322826,0.0,0.0,0.0,0.0,17.12767,0.0,0.4642
2023-05-30 22:30:00+02:00,0.0,0.4826,0.0,0.0,0.0,0.0,3.2101247,0.0,0.0,0.0,0.0,17.12767,0.0,0.4826
2023-05-30 22:45:00+02:00,0.0,0.5187333333333334,0.0,0.0,0.0,0.0,3.0831247,0.0,0.0,0.0,0.0,17.12767,0.0,0.51873333
2023-05-30 23:00:00+02:00,0.0,0.4281333333333333,0.0,0.0,0.0,0.0,2.946616,0.0,0.0,0.0,0.0,17.12767,0.0,0.42813333
2023-05-30 23:15:00+02:00,0.0,0.6237999999999999,0.0,0.0,0.0,0.0,2.8339493,0.0,0.0,0.0,0.0,17.12767,0.0,0.6238
2023-05-30 23:30:00+02:00,0.0,0.5698666666666666,0.0,0.0,0.0,0.0,2.6697914,0.0,0.0,0.0,0.0,17.12767,0.0,0.56986667
2023-05-30 23:45:00+02:00,0.0,0.5517333333333333,0.0,0.0,0.0,0.0,2.5198265,0.0,0.0,0.0,0.0,17.12767,0.0,0.55173333
2023-05-31 00:00:00+02:00,0.0,0.6514,0.0,0.0,0.0,0.0,2.3746335,0.0,0.0,0.0,0.0,17.12767,0.0,0.6514
2023-05-31 00:15:00+02:00,0.0,0.6414666666666667,0.0,0.0,0.0,0.0,2.2032125,0.0,0.0,0.0,0.0,17.12767,0.0,0.64146667
2023-05-31 00:30:00+02:00,0.0,0.7677999999999999,0.0,0.0,0.0,0.0,2.0344054,0.0,0.0,0.0,0.0,17.12767,0.0,0.7678
2023-05-31 00:45:00+02:00,0.0,0.8102666666666667,0.0,0.0,0.0,0.0,1.8323528,0.0,0.0,0.0,0.0,17.12767,0.0,0.81026667
2023-05-31 01:00:00+02:00,0.0,0.7028666666666666,0.0,0.0,0.0,0.0,1.6191247,0.0,0.0,0.0,0.0,17.12767,0.0,0.70286667
2023-05-31 01:15:00+02:00,0.0,0.5806,0.0,0.0,0.0,0.0,1.4341598,0.0,0.0,0.0,0.0,17.12767,0.0,0.5806
2023-05-31 01:30:00+02:00,0.0,0.6127333333333334,0.0,0.0,0.0,0.0,1.2813703,0.0,0.0,0.0,0.0,17.12767,0.0,0.61273333
2023-05-31 01:45:00+02:00,0.0,0.4756666666666667,0.0,0.0,0.0,0.0,1.1201247,0.0,0.0,0.0,0.0,17.12767,0.0,0.47566667
2023-05-31 02:00:00+02:00,0.0,0.3263333333333333,0.0,0.0,0.0,0.0,0.9949493,0.0,0.0,0.0,0.0,17.12767,0.0,0.32633333
2023-05-31 02:15:00+02:00,0.0,0.2500666666666666,0.0,0.0,0.0,0.0,0.9090721,0.0,0.0,0.0,0.0,17.12767,0.0,0.25006667
2023-05-31 02:30:00+02:00,0.0,0.2465333333333333,0.0,0.0,0.0,0.0,0.84326509,0.0,0.0,0.0,0.0,17.12767,0.0,0.24653333
2023-05-31 02:45:00+02:00,0.0,0.2471999999999999,0.0,0.0,0.0,0.0,0.77838789,0.0,0.0,0.0,0.0,17.12767,0.0,0.2472
2023-05-31 03:00:00+02:00,0.0,0.2466666666666666,0.0,0.0,0.0,0.0,0.71333526,0.0,0.0,0.0,0.0,17.12767,0.0,0.24666667
2023-05-31 03:15:00+02:00,0.0,0.3166,0.0,0.0,0.0,0.0,0.64842298,0.0,0.0,0.0,0.0,17.12767,0.0,0.3166
2023-05-31 03:30:00+02:00,0.0,0.3024,0.0,0.0,0.0,0.0,0.56510719,0.0,0.0,0.0,0.0,17.12767,0.0,0.3024
2023-05-31 03:45:00+02:00,0.0,0.2554,0.0,0.0,0.0,0.0,0.48552824,0.0,0.0,0.0,0.0,17.12767,0.0,0.2554
2023-05-31 04:00:00+02:00,0.0,0.2498,0.0,0.0,0.0,0.0,0.41831772,0.0,0.0,0.0,0.0,17.12767,0.0,0.2498
2023-05-31 04:15:00+02:00,0.0,0.2698666666666667,0.0,0.0,0.0,0.0,0.35258088,0.0,0.0,0.0,0.0,17.12767,0.0,0.26986667
2023-05-31 04:30:00+02:00,0.0,0.2727333333333333,0.0,0.0,0.0,0.0,0.28156333,0.0,0.0,0.0,0.0,17.12767,0.0,0.27273333
2023-05-31 04:45:00+02:00,0.0,0.3382666666666666,0.0,0.0,0.0,0.0,0.2097914,0.0,0.0,0.0,0.0,17.12767,0.0,0.33826667
2023-05-31 05:00:00+02:00,0.0,0.2774666666666666,0.0,0.0,0.0,0.0,0.12077386,0.0,0.0,0.0,0.0,17.12767,0.0,0.27746667
2023-05-31 05:15:00+02:00,0.0,0.2715333333333333,0.0900593378728923,0.0,0.090059338,0.090059338,0.047756315,0.0,0.0,0.0,0.0,17.12767,0.0,0.181474
2023-05-31 05:30:00+02:00,0.0,0.2158,0.2900631255069738,0.026149158,0.26391397,0.2158,0.0,0.0,0.0,0.0,0.048113968,17.12767,0.048113968,0.0
2023-05-31 05:45:00+02:00,0.0,0.3469333333333333,0.3035104772588638,0.0,0.30351048,0.30351048,0.011427067,0.0,0.0,0.0,0.0,17.12767,0.0,0.043422856
2023-05-31 06:00:00+02:00,0.0,0.2708666666666667,0.7016216123908021,0.43075495,0.27086667,0.27086667,0.0,0.0,0.0,0.0,0.0,28.524299999999997,0.0,0.0
2023-05-31 06:15:00+02:00,0.0,0.2458666666666666,0.8978786506016037,0.64737503,0.25050362,0.24586667,0.0,0.0,0.0,0.0,0.0046369527,28.524299999999997,0.0046369527,0.0
2023-05-31 06:30:00+02:00,0.0,1.126,1.1218151501815825,0.0,1.1218152,1.1218152,0.0011012763,0.0,0.0,0.0,0.0,28.524299999999997,0.0,0.0041848498
2023-05-31 06:45:00+02:00,0.0,0.7626000000000001,1.6034816775501726,0.84088168,0.7626,0.7626,0.0,0.0,0.0,0.0,0.0,28.524299999999997,0.0,0.0
2023-05-31 07:00:00+02:00,0.0,0.6184,2.0626797565492923,1.4442798,0.6184,0.6184,0.0,0.0,0.0,0.0,0.0,28.524299999999997,0.0,0.0
2023-05-31 07:15:00+02:00,0.0,0.4221333333333333,2.2706117579060527,1.8484784,0.42213333,0.42213333,0.0,0.0,0.0,0.0,0.0,28.524299999999997,0.0,0.0
2023-05-31 07:30:00+02:00,0.0,0.3228,1.08136717818734,0.75856718,0.3228,0.3228,0.0,0.0,0.0,0.0,0.0,28.524299999999997,0.0,0.0
2023-05-31 07:45:00+02:00,0.0,0.2818,1.2012182193064014,0.91941822,0.2818,0.2818,0.0,0.0,0.0,0.0,0.0,28.524299999999997,0.0,0.0
2023-05-31 08:00:00+02:00,0.0,0.3101333333333333,1.7762997316559814,1.4661664,0.31013333,0.31013333,0.0,0.0,0.0,0.0,0.0,28.524299999999997,0.0,0.0
2023-05-31 08:15:00+02:00,0.0,0.2341333333333333,2.167134317708755,1.933001,0.23413333,0.23413333,0.0,0.0,0.0,0.0,0.0,28.524299999999997,0.0,0.0
2023-05-31 08:30:00+02:00,0.0,0.2488666666666666,2.5197384915057954,2.2708718,0.24886667,0.24886667,0.0,0.0,0.0,0.0,0.0,28.524299999999997,0.0,0.0
2023-05-31 08:45:00+02:00,0.0,0.3223999999999999,4.003716772852266,3.6813168,0.3224,0.3224,0.0,0.0,0.0,0.0,0.0,28.524299999999997,0.0,0.0
2023-05-31 09:00:00+02:00,0.0,0.2455333333333333,3.702297693552547,3.4567644,0.24553333,0.24553333,0.0,0.0,0.0,0.0,0.0,28.524299999999997,0.0,0.0
2023-05-31 09:15:00+02:00,0.0,0.215,5.044907614540725,4.8299076,0.215,0.215,0.0,0.0,0.0,0.0,0.0,28.524299999999997,0.0,0.0
2023-05-31 09:30:00+02:00,0.0,0.2209333333333333,4.677381563951203,4.4564482,0.22093333,0.22093333,0.0,0.0,0.0,0.0,0.0,28.524299999999997,0.0,0.0
2023-05-31 09:45:00+02:00,0.0,1.1738,4.140782401108697,2.9669824,1.1738,1.1738,0.0,0.0,0.0,0.0,0.0,28.524299999999997,0.0,0.0
2023-05-31 10:00:00+02:00,0.0,2.0860666666666665,3.579935648207251,1.493869,2.0860667,2.0860667,0.0,0.0,0.0,0.0,0.0,28.524299999999997,0.0,0.0
2023-05-31 10:15:00+02:00,0.0,1.2564000000000002,3.559341106279353,2.3029411,1.2564,1.2564,0.0,0.0,0.0,0.0,0.0,28.524299999999997,0.0,0.0
2023-05-31 10:30:00+02:00,0.0,0.5343333333333333,6.378269079870101,5.8439357,0.53433333,0.53433333,0.0,0.0,0.0,0.0,0.0,28.524299999999997,0.0,0.0
2023-05-31 10:45:00+02:00,0.0,0.3657333333333333,3.486222858823881,3.1204895,0.36573333,0.36573333,0.0,0.0,0.0,0.0,0.0,28.524299999999997,0.0,0.0
2023-05-31 11:00:00+02:00,0.0,0.8865333333333333,4.431932752782057,3.5453994,0.88653333,0.88653333,0.0,0.0,0.0,0.0,0.0,28.524299999999997,0.0,0.0
2023-05-31 11:15:00+02:00,0.0,0.7726000000000001,5.499250882963456,4.7266509,0.7726,0.7726,0.0,0.0,0.0,0.0,0.0,28.524299999999997,0.0,0.0
2023-05-31 11:30:00+02:00,0.0,0.3936666666666666,8.036509583093101,7.6428429,0.39366667,0.39366667,0.0,0.0,0.0,0.0,0.0,28.524299999999997,0.0,0.0
2023-05-31 11:45:00+02:00,0.0,0.3300666666666667,8.14187695553904,7.8118103,0.33006667,0.33006667,0.0,0.0,0.0,0.0,0.0,28.524299999999997,0.0,0.0
2023-05-31 12:00:00+02:00,0.0,0.3280666666666667,8.495092007488184,8.1670253,0.32806667,0.32806667,0.0,0.0,0.0,0.0,0.0,28.524299999999997,0.0,0.0
2023-05-31 12:15:00+02:00,0.0,0.3395333333333333,6.105536787190699,5.7660035,0.33953333,0.33953333,0.0,0.0,0.0,0.0,0.0,28.524299999999997,0.0,0.0
2023-05-31 12:30:00+02:00,0.0,0.456,2.5721432339612544,2.1161432,0.456,0.456,0.0,0.0,0.0,0.0,0.0,28.524299999999997,0.0,0.0
2023-05-31 12:45:00+02:00,0.0,0.4261999999999999,6.007670599228976,5.5814706,0.4262,0.4262,0.0,0.0,0.0,0.0,0.0,28.524299999999997,0.0,0.0
2023-05-31 13:00:00+02:00,0.0,0.3045333333333334,6.725540738250975,6.4210074,0.30453333,0.30453333,0.0,0.0,0.0,0.0,0.0,28.524299999999997,0.0,0.0
2023-05-31 13:15:00+02:00,0.0,0.3628666666666666,5.54340991499372,5.1805432,0.36286667,0.36286667,0.0,0.0,0.0,0.0,0.0,28.524299999999997,0.0,0.0
2023-05-31 13:30:00+02:00,0.0,0.3348666666666667,5.904343484144938,5.5694768,0.33486667,0.33486667,0.0,0.0,0.0,0.0,0.0,28.524299999999997,0.0,0.0
2023-05-31 13:45:00+02:00,0.0,0.3148666666666667,5.860205090906145,5.5453384,0.31486667,0.31486667,0.0,0.0,0.0,0.0,0.0,28.524299999999997,0.0,0.0
2023-05-31 14:00:00+02:00,0.0,0.3218666666666667,6.262088121660439,5.9402215,0.32186667,0.32186667,0.0,0.0,0.0,0.0,0.0,28.524299999999997,0.0,0.0
2023-05-31 14:15:00+02:00,0.0,0.379,6.414695371004285,6.0356954,0.379,0.379,0.0,0.0,0.0,0.0,0.0,28.524299999999997,0.0,0.0
2023-05-31 14:30:00+02:00,0.0,0.6366666666666666,7.493457108282041,6.8567904,0.63666667,0.63666667,0.0,0.0,0.0,0.0,0.0,28.524299999999997,0.0,0.0
2023-05-31 14:45:00+02:00,0.0,0.4148,4.10354872404484,0.91080298,3.1927457,0.4148,0.0,0.0,0.0,0.0,2.7779457,28.524299999999997,2.7779457,0.0
2023-05-31 15:00:00+02:00,0.0,0.3298,2.2800755935000443,1.9502756,0.3298,0.3298,0.65976211,0.0,0.0,0.0,0.0,28.524299999999997,0.0,0.0
2023-05-31 15:15:00+02:00,0.0,0.4654666666666666,3.900194151773561,0.0,3.9001942,0.46546667,0.65976211,0.0,0.0,0.0,3.4347275,28.524299999999997,3.4347275,0.0
2023-05-31 15:30:00+02:00,0.0,0.4221999999999999,3.023388843646069,0.0,3.0233888,0.4222,1.4755099,0.0,0.0,0.0,2.6011888,28.524299999999997,2.6011888,0.0
2023-05-31 15:45:00+02:00,0.0,0.4767333333333333,4.456852235536819,0.0,4.4568522,0.47673333,2.0932922,0.0,0.0,0.0,3.9801189,28.524299999999997,3.9801189,0.0
2023-05-31 16:00:00+02:00,0.0,0.5869333333333333,4.15672480288415,0.0,4.1567248,0.58693333,3.0385705,0.0,0.0,0.0,3.5697915,28.524299999999997,3.5697915,0.0
2023-05-31 16:15:00+02:00,0.0,0.5305333333333333,3.509325209472422,0.0,3.5093252,0.53053333,3.886396,0.0,0.0,0.0,2.9787919,28.524299999999997,2.9787919,0.0
2023-05-31 16:30:00+02:00,0.0,0.4458666666666667,3.039380637873341,0.0,3.0393806,0.44586667,4.593859,0.0,0.0,0.0,2.593514,28.524299999999997,2.593514,0.0
2023-05-31 16:45:00+02:00,0.0,0.5703333333333334,2.4846101603784883,0.0,2.4846102,0.57033333,5.2098186,0.0,0.0,0.0,1.9142768,28.524299999999997,1.9142768,0.0
2023-05-31 17:00:00+02:00,0.0,0.2727333333333333,1.6934561026828858,0.0,1.6934561,0.27273333,5.6644593,0.0,0.0,0.0,1.4207228,28.524299999999997,1.4207228,0.0
2023-05-31 17:15:00+02:00,0.0,0.3681333333333333,1.4335993438593877,0.0,1.4335993,0.36813333,6.001881,0.0,0.0,0.0,1.065466,28.524299999999997,1.065466,0.0
2023-05-31 17:30:00+02:00,0.0,2.1294,1.10983023300296,0.0,1.1098302,1.1098302,6.2549292,0.0,0.0,0.0,0.0,28.524299999999997,0.0,1.0195698
2023-05-31 17:45:00+02:00,0.0,2.185666666666666,0.8714560734195106,0.0,0.87145607,0.87145607,5.9866213,0.0,0.0,0.0,0.0,28.524299999999997,0.0,1.3142106
2023-05-31 18:00:00+02:00,0.0,2.393733333333333,0.8284482679736197,0.0,0.82844827,0.82844827,5.6407764,0.0,0.0,0.0,0.0,28.524299999999997,0.0,1.5652851
2023-05-31 18:15:00+02:00,0.0,3.4264,0.6563104167877614,0.0,0.65631042,0.65631042,5.2288593,0.0,0.0,0.0,0.0,28.524299999999997,0.0,2.7700896
2023-05-31 18:30:00+02:00,0.0,2.865133333333333,0.4643569867182005,0.0,0.46435699,0.46435699,4.4998884,0.0,0.0,0.0,0.0,28.524299999999997,0.0,2.4007763
2023-05-31 18:45:00+02:00,0.0,1.4581333333333335,0.0798004870423717,0.0,0.079800487,0.079800487,3.8681051,0.0,0.0,0.0,0.0,28.524299999999997,0.0,1.3783328
2023-05-31 19:00:00+02:00,0.0,0.72,0.0,0.0,0.0,0.0,3.505386,0.0,0.0,0.0,0.0,28.524299999999997,0.0,0.72
2023-05-31 19:15:00+02:00,0.0,0.6113999999999999,0.0,0.0,0.0,0.0,3.3159123,0.0,0.0,0.0,0.0,28.524299999999997,0.0,0.6114
2023-05-31 19:30:00+02:00,0.0,0.533,0.0,0.0,0.0,0.0,3.1550175,0.0,0.0,0.0,0.0,28.524299999999997,0.0,0.533
2023-05-31 19:45:00+02:00,0.0,1.9776,0.0,0.0,0.0,0.0,3.0147544,0.0,0.0,0.0,0.0,28.524299999999997,0.0,1.9776
2023-05-31 20:00:00+02:00,0.0,0.9644,0.0,0.0,0.0,0.0,2.4943333,0.0,0.0,0.0,0.0,28.524299999999997,0.0,0.9644
2023-05-31 20:15:00+02:00,0.0,0.4448,0.0,0.0,0.0,0.0,2.2405439,0.0,0.0,0.0,0.0,28.524299999999997,0.0,0.4448
2023-05-31 20:30:00+02:00,0.0,0.4189333333333333,0.0,0.0,0.0,0.0,2.1234912,0.0,0.0,0.0,0.0,28.524299999999997,0.0,0.41893333
2023-05-31 20:45:00+02:00,0.0,0.4219333333333333,0.0,0.0,0.0,0.0,2.0132456,0.0,0.0,0.0,0.0,28.524299999999997,0.0,0.42193333
2023-05-31 21:00:00+02:00,0.0,0.496,0.0,0.0,0.0,0.0,1.9022105,0.0,0.0,0.0,0.0,19.834919999999997,0.0,0.496
2023-05-31 21:15:00+02:00,0.0,0.548,0.0,0.0,0.0,0.0,1.7716842,0.0,0.0,0.0,0.0,19.834919999999997,0.0,0.548
2023-05-31 21:30:00+02:00,0.0,0.6272666666666666,0.0,0.0,0.0,0.0,1.6274737,0.0,0.0,0.0,0.0,19.834919999999997,0.0,0.62726667
2023-05-31 21:45:00+02:00,0.0,0.634,0.0,0.0,0.0,0.0,1.4624035,0.0,0.0,0.0,0.0,19.834919999999997,0.0,0.634
2023-05-31 22:00:00+02:00,0.0,0.4856666666666667,0.0,0.0,0.0,0.0,1.2955614,0.0,0.0,0.0,0.0,19.834919999999997,0.0,0.48566667
2023-05-31 22:15:00+02:00,0.0,0.9602,0.0,0.0,0.0,0.0,1.1677544,0.0,0.0,0.0,0.0,19.834919999999997,0.0,0.9602
2023-05-31 22:30:00+02:00,0.0,0.5763333333333334,0.0,0.0,0.0,0.0,0.91507018,0.0,0.0,0.0,0.0,19.834919999999997,0.0,0.57633333
2023-05-31 22:45:00+02:00,0.0,0.5166000000000001,0.0,0.0,0.0,0.0,0.76340351,0.0,0.0,0.0,0.0,19.834919999999997,0.0,0.5166
2023-05-31 23:00:00+02:00,0.0,0.5596,0.0,0.0,0.0,0.0,0.62745614,0.0,0.0,0.0,0.0,19.834919999999997,0.0,0.5596
2023-05-31 23:15:00+02:00,0.0,0.4707333333333333,0.0,0.0,0.0,0.0,0.48019298,0.0,0.0,0.0,0.0,19.834919999999997,0.0,0.47073333
2023-05-31 23:30:00+02:00,0.0,0.5613333333333334,0.0,0.0,0.0,0.0,0.35631579,0.0,0.0,0.0,0.0,19.834919999999997,0.0,0.56133333
2023-05-31 23:45:00+02:00,0.0,0.7926666666666666,0.0,0.0,0.0,0.0,0.20859649,0.0,0.0,0.0,0.0,19.834919999999997,0.0,0.79266667
