,charge_kW,discharge_kW,net_kW,soc_kWh,soc_end,consumption_kWh
2023-04-01 00:00:00+02:00,0.0,0.0,0.0,40.0,0.8,0.0
2023-04-01 00:15:00+02:00,0.0,0.0,0.0,40.0,0.8,0.0
2023-04-01 00:30:00+02:00,0.0,0.0,0.0,40.0,0.8,0.0
2023-04-01 00:45:00+02:00,0.0,0.0,0.0,40.0,0.8,0.0
2023-04-01 01:00:00+02:00,0.0,0.0,0.0,40.0,0.8,0.0
2023-04-01 01:15:00+02:00,0.0,0.0,0.0,40.0,0.8,0.0
2023-04-01 01:30:00+02:00,0.0,0.0,0.0,40.0,0.8,0.0
2023-04-01 01:45:00+02:00,0.0,0.0,0.0,40.0,0.8,0.0
2023-04-01 02:00:00+02:00,0.0,0.0,0.0,40.0,0.8,0.0
2023-04-01 02:15:00+02:00,0.0,0.0,0.0,40.0,0.8,0.0
2023-04-01 02:30:00+02:00,0.0,0.0,0.0,40.0,0.8,0.0
2023-04-01 02:45:00+02:00,0.0,0.0,0.0,40.0,0.8,0.0
2023-04-01 03:00:00+02:00,0.0,0.0,0.0,40.0,0.8,0.0
2023-04-01 03:15:00+02:00,0.0,0.0,0.0,40.0,0.8,0.0
2023-04-01 03:30:00+02:00,0.0,0.0,0.0,40.0,0.8,0.0
2023-04-01 03:45:00+02:00,0.0,0.0,0.0,40.0,0.8,0.0
2023-04-01 04:00:00+02:00,0.0,0.0,0.0,40.0,0.8,0.0
2023-04-01 04:15:00+02:00,0.0,0.0,0.0,40.0,0.8,0.0
2023-04-01 04:30:00+02:00,0.0,0.0,0.0,40.0,0.8,0.0
2023-04-01 04:45:00+02:00,0.0,0.0,0.0,40.0,0.8,0.0
2023-04-01 05:00:00+02:00,0.0,0.0,0.0,40.0,0.8,0.0
2023-04-01 05:15:00+02:00,0.0,0.0,0.0,40.0,0.8,0.0
2023-04-01 05:30:00+02:00,0.0,0.0,0.0,40.0,0.8,0.0
2023-04-01 05:45:00+02:00,0.0,0.0,0.0,40.0,0.8,0.0
2023-04-01 06:00:00+02:00,0.0,0.0,0.0,40.0,0.8,0.0
2023-04-01 06:15:00+02:00,0.0,0.0,0.0,40.0,0.8,0.0
2023-04-01 06:30:00+02:00,0.0,0.0,0.0,40.0,0.8,0.0
2023-04-01 06:45:00+02:00,0.0,0.0,0.0,40.0,0.8,0.0
2023-04-01 07:00:00+02:00,0.10585852,0.0,0.10585852,40.0,0.80050282,0.0
2023-04-01 07:15:00+02:00,0.63031586,0.0,0.63031586,40.025141,0.80349682,0.0
2023-04-01 07:30:00+02:00,1.1945854,0.0,1.1945854,40.174841,0.8091710999999999,0.0
2023-04-01 07:45:00+02:00,1.7890733,0.0,1.7890733,40.458555,0.8176692,0.0
2023-04-01 08:00:00+02:00,2.2028559,0.0,2.2028559,40.88346,0.82813278,0.0
2023-04-01 08:15:00+02:00,2.7808703,0.0,2.7808703,41.406639,0.8413419000000001,0.0
2023-04-01 08:30:00+02:00,3.2968534,0.0,3.2968534,42.067095,0.8570019600000001,0.0
2023-04-01 08:45:00+02:00,3.8277919,0.0,3.8277919,42.850098,0.8751839800000001,0.0
2023-04-01 09:00:00+02:00,0.0,0.0,0.0,43.759199,0.8751839800000001,0.0
2023-04-01 09:15:00+02:00,0.0,0.0,0.0,43.759199,0.8751839800000001,0.0
2023-04-01 09:30:00+02:00,0.0,0.0,0.0,43.759199,0.8751839800000001,0.0
2023-04-01 09:45:00+02:00,0.0,0.0,0.0,43.759199,0.8751839800000001,0.0
2023-04-01 10:00:00+02:00,0.0,0.0,0.0,43.759199,0.8751839800000001,0.0
2023-04-01 10:15:00+02:00,0.0,0.0,0.0,43.759199,0.8751839800000001,0.0
2023-04-01 10:30:00+02:00,0.0,0.0,0.0,43.759199,0.8751839800000001,0.0
2023-04-01 10:45:00+02:00,0.0,0.0,0.0,43.759199,0.8751839800000001,0.0
2023-04-01 11:00:00+02:00,0.0,0.0,0.0,43.759199,0.8751839800000001,0.0
2023-04-01 11:15:00+02:00,0.0,0.0,0.0,43.759199,0.8751839800000001,0.0
2023-04-01 11:30:00+02:00,0.0,0.0,0.0,43.759199,0.8751839800000001,0.0
2023-04-01 11:45:00+02:00,0.0,0.0,0.0,43.759199,0.8751839800000001,0.0
2023-04-01 12:00:00+02:00,0.0,0.0,0.0,43.759199,0.8751839800000001,0.0
2023-04-01 12:15:00+02:00,0.0,0.0,0.0,43.759199,0.8751839800000001,0.0
2023-04-01 12:30:00+02:00,0.0,0.0,0.0,43.759199,0.8751839800000001,0.0
2023-04-01 12:45:00+02:00,0.0,0.0,0.0,43.759199,0.8751839800000001,0.0
2023-04-01 13:00:00+02:00,0.0,0.0,0.0,43.759199,0.8751839800000001,0.0
2023-04-01 13:15:00+02:00,0.0,0.0,0.0,43.759199,0.8751839800000001,0.0
2023-04-01 13:30:00+02:00,0.0,0.0,0.0,43.759199,0.8751839800000001,0.0
2023-04-01 13:45:00+02:00,0.0,0.0,0.0,43.759199,0.8751839800000001,0.0
2023-04-01 14:00:00+02:00,0.0,0.0,0.0,43.759199,0.8751839800000001,0.0
2023-04-01 14:15:00+02:00,0.0,0.0,0.0,43.759199,0.8751839800000001,0.0
2023-04-01 14:30:00+02:00,0.0,0.0,0.0,43.759199,0.8751839800000001,0.0
2023-04-01 14:45:00+02:00,0.0,0.0,0.0,43.759199,0.8751839800000001,0.0
2023-04-01 15:00:00+02:00,0.0,0.0,0.0,43.759199,0.8751839800000001,0.0
2023-04-01 15:15:00+02:00,0.0,0.0,0.0,43.759199,0.8751839800000001,0.0
2023-04-01 15:30:00+02:00,0.0,0.0,0.0,43.759199,0.8751839800000001,0.0
2023-04-01 15:45:00+02:00,0.0,0.0,0.0,43.759199,0.8751839800000001,0.0
2023-04-01 16:00:00+02:00,0.0,0.0,0.0,43.759199,0.8751839800000001,0.0
2023-04-01 16:15:00+02:00,0.0,0.0,0.0,43.759199,0.8751839800000001,0.0
2023-04-01 16:30:00+02:00,0.0,0.0,0.0,43.759199,0.8751839800000001,0.0
2023-04-01 16:45:00+02:00,0.0,0.0,0.0,43.759199,0.8751839800000001,0.0
2023-04-01 17:00:00+02:00,0.0,0.0,0.0,43.759199,0.8751839800000001,0.0
2023-04-01 17:15:00+02:00,0.0,0.0,0.0,43.759199,0.8751839800000001,0.0
2023-04-01 17:30:00+02:00,0.0,0.0,0.0,43.759199,0.8751839800000001,0.0
2023-04-01 17:45:00+02:00,0.0,0.0,0.0,43.759199,0.8751839800000001,0.0
2023-04-01 18:00:00+02:00,0.0,0.0,0.0,43.759199,0.8751839800000001,0.0
2023-04-01 18:15:00+02:00,0.0,0.0,0.0,43.759199,0.8751839800000001,0.0
2023-04-01 18:30:00+02:00,0.0,0.0,0.0,43.759199,0.8751839800000001,0.0
2023-04-01 18:45:00+02:00,0.0,0.0,0.0,43.759199,0.8751839800000001,0.0
2023-04-01 19:00:00+02:00,0.0,0.0,0.0,43.759199,0.72014584,7.751907078365125
2023-04-01 19:15:00+02:00,0.0,0.0,0.0,36.007292,0.72014584,0.0
2023-04-01 19:30:00+02:00,0.0,0.0,0.0,36.007292,0.72014584,0.0
2023-04-01 19:45:00+02:00,0.0,0.0,0.0,36.007292,0.72014584,0.0
2023-04-01 20:00:00+02:00,0.0,0.0,0.0,36.007292,0.72014584,0.0
2023-04-01 20:15:00+02:00,0.0,0.0,0.0,36.007292,0.72014584,0.0
2023-04-01 20:30:00+02:00,0.0,0.0,0.0,36.007292,0.72014584,0.0
2023-04-01 20:45:00+02:00,0.0,0.0,0.0,36.007292,0.72014584,0.0
2023-04-01 21:00:00+02:00,0.0,0.0,0.0,36.007292,0.72014584,0.0
2023-04-01 21:15:00+02:00,0.0,0.0,0.0,36.007292,0.72014584,0.0
2023-04-01 21:30:00+02:00,0.0,0.0,0.0,36.007292,0.72014584,0.0
2023-04-01 21:45:00+02:00,0.0,0.0,0.0,36.007292,0.72014584,0.0
2023-04-01 22:00:00+02:00,0.0,0.0,0.0,36.007292,0.72014584,0.0
2023-04-01 22:15:00+02:00,0.0,0.0,0.0,36.007292,0.72014584,0.0
2023-04-01 22:30:00+02:00,0.0,0.0,0.0,36.007292,0.72014584,0.0
2023-04-01 22:45:00+02:00,0.0,0.0,0.0,36.007292,0.72014584,0.0
2023-04-01 23:00:00+02:00,0.0,0.0,0.0,36.007292,0.72014584,0.0
2023-04-01 23:15:00+02:00,0.0,0.0,0.0,36.007292,0.72014584,0.0
2023-04-01 23:30:00+02:00,0.0,0.0,0.0,36.007292,0.72014584,0.0
2023-04-01 23:45:00+02:00,0.0,0.0,0.0,36.007292,0.72014584,0.0
2023-04-02 00:00:00+02:00,0.0,0.0,0.0,36.007292,0.72014584,0.0
2023-04-02 00:15:00+02:00,0.0,0.0,0.0,36.007292,0.72014584,0.0
2023-04-02 00:30:00+02:00,0.0,0.0,0.0,36.007292,0.72014584,0.0
2023-04-02 00:45:00+02:00,0.0,0.0,0.0,36.007292,0.72014584,0.0
2023-04-02 01:00:00+02:00,0.0,0.0,0.0,36.007292,0.72014584,0.0
2023-04-02 01:15:00+02:00,0.0,0.0,0.0,36.007292,0.72014584,0.0
2023-04-02 01:30:00+02:00,0.0,0.0,0.0,36.007292,0.72014584,0.0
2023-04-02 01:45:00+02:00,0.0,0.0,0.0,36.007292,0.72014584,0.0
2023-04-02 02:00:00+02:00,0.0,0.0,0.0,36.007292,0.72014584,0.0
2023-04-02 02:15:00+02:00,0.0,0.0,0.0,36.007292,0.72014584,0.0
2023-04-02 02:30:00+02:00,0.0,0.0,0.0,36.007292,0.72014584,0.0
2023-04-02 02:45:00+02:00,0.0,0.0,0.0,36.007292,0.72014584,0.0
2023-04-02 03:00:00+02:00,0.0,0.0,0.0,36.007292,0.72014584,0.0
2023-04-02 03:15:00+02:00,0.0,0.0,0.0,36.007292,0.72014584,0.0
2023-04-02 03:30:00+02:00,0.0,0.0,0.0,36.007292,0.72014584,0.0
2023-04-02 03:45:00+02:00,0.0,0.0,0.0,36.007292,0.72014584,0.0
2023-04-02 04:00:00+02:00,0.0,0.0,0.0,36.007292,0.72014584,0.0
2023-04-02 04:15:00+02:00,0.0,0.0,0.0,36.007292,0.72014584,0.0
2023-04-02 04:30:00+02:00,0.0,0.0,0.0,36.007292,0.72014584,0.0
2023-04-02 04:45:00+02:00,0.0,0.0,0.0,36.007292,0.72014584,0.0
2023-04-02 05:00:00+02:00,0.0,0.0,0.0,36.007292,0.72014584,0.0
2023-04-02 05:15:00+02:00,0.0,0.0,0.0,36.007292,0.72014584,0.0
2023-04-02 05:30:00+02:00,0.0,0.0,0.0,36.007292,0.72014584,0.0
2023-04-02 05:45:00+02:00,0.0,0.0,0.0,36.007292,0.72014584,0.0
2023-04-02 06:00:00+02:00,0.0,0.0,0.0,36.007292,0.72014584,0.0
2023-04-02 06:15:00+02:00,0.0,0.0,0.0,36.007292,0.72014584,0.0
2023-04-02 06:30:00+02:00,0.0,0.0,0.0,36.007292,0.72014584,0.0
2023-04-02 06:45:00+02:00,2.1887369,0.0,2.1887369,36.007292,0.73054234,0.0
2023-04-02 07:00:00+02:00,4.7468612,0.0,4.7468612,36.527117,0.7530899200000001,0.0
2023-04-02 07:15:00+02:00,4.8447231,0.0,4.8447231,37.654496,0.77610236,0.0
2023-04-02 07:30:00+02:00,5.0310828,0.0,5.0310828,38.805118,0.8,0.0
2023-04-02 07:45:00+02:00,0.38532916,0.0,0.38532916,40.0,0.80183032,0.0
2023-04-02 08:00:00+02:00,0.0,0.0,0.0,40.091516,0.80183032,0.0
2023-04-02 08:15:00+02:00,0.0,0.0,0.0,40.091516,0.80183032,0.0
2023-04-02 08:30:00+02:00,0.0,0.0,0.0,40.091516,0.80183032,0.0
2023-04-02 08:45:00+02:00,0.0,0.0,0.0,40.091516,0.80183032,0.0
2023-04-02 09:00:00+02:00,0.0,0.0,0.0,40.091516,0.80183032,0.0
2023-04-02 09:15:00+02:00,0.0,0.0,0.0,40.091516,0.80183032,0.0
2023-04-02 09:30:00+02:00,0.0,0.0,0.0,40.091516,0.80183032,0.0
2023-04-02 09:45:00+02:00,0.0,0.0,0.0,40.091516,0.80183032,0.0
2023-04-02 10:00:00+02:00,0.0,0.0,0.0,40.091516,0.80183032,0.0
2023-04-02 10:15:00+02:00,0.0,0.0,0.0,40.091516,0.80183032,0.0
2023-04-02 10:30:00+02:00,0.0,0.0,0.0,40.091516,0.80183032,0.0
2023-04-02 10:45:00+02:00,0.0,0.0,0.0,40.091516,0.80183032,0.0
2023-04-02 11:00:00+02:00,0.0,0.0,0.0,40.091516,0.80183032,0.0
2023-04-02 11:15:00+02:00,0.0,0.0,0.0,40.091516,0.80183032,0.0
2023-04-02 11:30:00+02:00,0.0,0.0,0.0,40.091516,0.80183032,0.0
2023-04-02 11:45:00+02:00,0.0,0.0,0.0,40.091516,0.80183032,0.0
2023-04-02 12:00:00+02:00,0.0,0.0,0.0,40.091516,0.80183032,0.0
2023-04-02 12:15:00+02:00,0.0,0.0,0.0,40.091516,0.80183032,0.0
2023-04-02 12:30:00+02:00,0.0,0.0,0.0,40.091516,0.80183032,0.0
2023-04-02 12:45:00+02:00,0.0,0.0,0.0,40.091516,0.80183032,0.0
2023-04-02 13:00:00+02:00,0.0,0.0,0.0,40.091516,0.80183032,0.0
2023-04-02 13:15:00+02:00,0.0,0.0,0.0,40.091516,0.80183032,0.0
2023-04-02 13:30:00+02:00,0.0,0.0,0.0,40.091516,0.80183032,0.0
2023-04-02 13:45:00+02:00,0.0,0.0,0.0,40.091516,0.80183032,0.0
2023-04-02 14:00:00+02:00,0.0,0.0,0.0,40.091516,0.80183032,0.0
2023-04-02 14:15:00+02:00,0.0,0.0,0.0,40.091516,0.80183032,0.0
2023-04-02 14:30:00+02:00,0.0,0.0,0.0,40.091516,0.80183032,0.0
2023-04-02 14:45:00+02:00,0.0,0.0,0.0,40.091516,0.6490199400000001,7.640518966365256
2023-04-02 15:00:00+02:00,6.390379,0.0,6.390379,32.450997,0.6793742399999999,0.0
2023-04-02 15:15:00+02:00,5.8260658,0.0,5.8260658,33.968712,0.70704804,0.0
2023-04-02 15:30:00+02:00,5.3818537,0.0,5.3818537,35.352402,0.73261186,0.0
2023-04-02 15:45:00+02:00,4.83798,0.0,4.83798,36.630593,0.7555922599999999,0.0
2023-04-02 16:00:00+02:00,4.2004482,0.0,4.2004482,37.779613,0.77554438,0.0
2023-04-02 16:15:00+02:00,2.9974084,0.0,2.9974084,38.777219,0.7897820799999999,0.0
2023-04-02 16:30:00+02:00,0.0,0.0,0.0,39.489104,0.7897820799999999,0.0
2023-04-02 16:45:00+02:00,0.0,0.0,0.0,39.489104,0.7897820799999999,0.0
2023-04-02 17:00:00+02:00,0.0,0.0,0.0,39.489104,0.7897820799999999,0.0
2023-04-02 17:15:00+02:00,0.0,0.0,0.0,39.489104,0.7897820799999999,0.0
2023-04-02 17:30:00+02:00,0.0,0.0,0.0,39.489104,0.7897820799999999,0.0
2023-04-02 17:45:00+02:00,0.0,0.0,0.0,39.489104,0.7897820799999999,0.0
2023-04-02 18:00:00+02:00,0.0,0.0,0.0,39.489104,0.7897820799999999,0.0
2023-04-02 18:15:00+02:00,0.0,0.0,0.0,39.489104,0.7897820799999999,0.0
2023-04-02 18:30:00+02:00,0.0,0.0,0.0,39.489104,0.7897820799999999,0.0
2023-04-02 18:45:00+02:00,0.0,0.0,0.0,39.489104,0.7897820799999999,0.0
2023-04-02 19:00:00+02:00,0.0,0.0,0.0,39.489104,0.7897820799999999,0.0
2023-04-02 19:15:00+02:00,0.0,0.0,0.0,39.489104,0.7897820799999999,0.0
2023-04-02 19:30:00+02:00,0.0,0.0,0.0,39.489104,0.7897820799999999,0.0
2023-04-02 19:45:00+02:00,0.0,0.0,0.0,39.489104,0.7897820799999999,0.0
2023-04-02 20:00:00+02:00,0.0,0.0,0.0,39.489104,0.7897820799999999,0.0
2023-04-02 20:15:00+02:00,0.0,0.0,0.0,39.489104,0.7897820799999999,0.0
2023-04-02 20:30:00+02:00,0.0,0.0,0.0,39.489104,0.7897820799999999,0.0
2023-04-02 20:45:00+02:00,0.0,0.0,0.0,39.489104,0.7897820799999999,0.0
2023-04-02 21:00:00+02:00,0.0,0.0,0.0,39.489104,0.7897820799999999,0.0
2023-04-02 21:15:00+02:00,0.0,0.0,0.0,39.489104,0.7897820799999999,0.0
2023-04-02 21:30:00+02:00,0.0,0.0,0.0,39.489104,0.7897820799999999,0.0
2023-04-02 21:45:00+02:00,0.0,0.0,0.0,39.489104,0.7897820799999999,0.0
2023-04-02 22:00:00+02:00,0.0,0.0,0.0,39.489104,0.7897820799999999,0.0
2023-04-02 22:15:00+02:00,0.0,0.0,0.0,39.489104,0.7897820799999999,0.0
2023-04-02 22:30:00+02:00,0.0,0.0,0.0,39.489104,0.7897820799999999,0.0
2023-04-02 22:45:00+02:00,0.0,0.0,0.0,39.489104,0.7897820799999999,0.0
2023-04-02 23:00:00+02:00,0.0,0.0,0.0,39.489104,0.7897820799999999,0.0
2023-04-02 23:15:00+02:00,0.0,0.0,0.0,39.489104,0.7897820799999999,0.0
2023-04-02 23:30:00+02:00,0.0,0.0,0.0,39.489104,0.7897820799999999,0.0
2023-04-02 23:45:00+02:00,0.0,0.0,0.0,39.489104,0.7897820799999999,0.0
2023-04-03 00:00:00+02:00,0.0,0.0,0.0,39.489104,0.7897820799999999,0.0
2023-04-03 00:15:00+02:00,0.0,0.0,0.0,39.489104,0.7897820799999999,0.0
2023-04-03 00:30:00+02:00,0.0,0.0,0.0,39.489104,0.7897820799999999,0.0
2023-04-03 00:45:00+02:00,0.0,0.0,0.0,39.489104,0.7897820799999999,0.0
2023-04-03 01:00:00+02:00,0.0,0.0,0.0,39.489104,0.7897820799999999,0.0
2023-04-03 01:15:00+02:00,0.0,0.0,0.0,39.489104,0.7897820799999999,0.0
2023-04-03 01:30:00+02:00,0.0,0.0,0.0,39.489104,0.7897820799999999,0.0
2023-04-03 01:45:00+02:00,0.0,0.0,0.0,39.489104,0.7897820799999999,0.0
2023-04-03 02:00:00+02:00,0.0,0.0,0.0,39.489104,0.7897820799999999,0.0
2023-04-03 02:15:00+02:00,0.0,0.0,0.0,39.489104,0.7897820799999999,0.0
2023-04-03 02:30:00+02:00,0.0,0.0,0.0,39.489104,0.7897820799999999,0.0
2023-04-03 02:45:00+02:00,0.0,0.0,0.0,39.489104,0.7897820799999999,0.0
2023-04-03 03:00:00+02:00,0.0,0.0,0.0,39.489104,0.7897820799999999,0.0
2023-04-03 03:15:00+02:00,0.0,0.0,0.0,39.489104,0.7897820799999999,0.0
2023-04-03 03:30:00+02:00,0.0,0.0,0.0,39.489104,0.7897820799999999,0.0
2023-04-03 03:45:00+02:00,0.0,0.0,0.0,39.489104,0.7897820799999999,0.0
2023-04-03 04:00:00+02:00,0.0,0.0,0.0,39.489104,0.7897820799999999,0.0
2023-04-03 04:15:00+02:00,0.0,0.0,0.0,39.489104,0.7897820799999999,0.0
2023-04-03 04:30:00+02:00,0.0,0.0,0.0,39.489104,0.7897820799999999,0.0
2023-04-03 04:45:00+02:00,0.0,0.0,0.0,39.489104,0.7897820799999999,0.0
2023-04-03 05:00:00+02:00,0.0,0.0,0.0,39.489104,0.7897820799999999,0.0
2023-04-03 05:15:00+02:00,0.0,0.0,0.0,39.489104,0.7897820799999999,0.0
2023-04-03 05:30:00+02:00,0.0,0.0,0.0,39.489104,0.7897820799999999,0.0
2023-04-03 05:45:00+02:00,0.0,0.0,0.0,39.489104,0.7897820799999999,0.0
2023-04-03 06:00:00+02:00,0.0,0.0,0.0,39.489104,0.7897820799999999,0.0
2023-04-03 06:15:00+02:00,0.0,0.0,0.0,39.489104,0.7897820799999999,0.0
2023-04-03 06:30:00+02:00,0.0,0.0,0.0,39.489104,0.7897820799999999,0.0
2023-04-03 06:45:00+02:00,0.0,0.0,0.0,39.489104,0.7897820799999999,0.0
2023-04-03 07:00:00+02:00,0.22734235,0.0,0.22734235,39.489104,0.79086196,0.0
2023-04-03 07:15:00+02:00,0.72060762,0.0,0.72060762,39.543098,0.79428484,0.0
2023-04-03 07:30:00+02:00,1.2031919,0.0,1.2031919,39.714242,0.8,0.0
2023-04-03 07:45:00+02:00,1.8516933,0.0,1.8516933,40.0,0.80879554,0.0
2023-04-03 08:00:00+02:00,0.0,0.0,0.0,40.439777,0.80879554,0.0
2023-04-03 08:15:00+02:00,0.0,0.0,0.0,40.439777,0.80879554,0.0
2023-04-03 08:30:00+02:00,0.0,0.0,0.0,40.439777,0.80879554,0.0
2023-04-03 08:45:00+02:00,0.0,0.0,0.0,40.439777,0.80879554,0.0
2023-04-03 09:00:00+02:00,0.0,0.0,0.0,40.439777,0.80879554,0.0
2023-04-03 09:15:00+02:00,0.0,0.0,0.0,40.439777,0.80879554,0.0
2023-04-03 09:30:00+02:00,0.0,0.0,0.0,40.439777,0.80879554,0.0
2023-04-03 09:45:00+02:00,0.0,0.0,0.0,40.439777,0.80879554,0.0
2023-04-03 10:00:00+02:00,0.0,0.0,0.0,40.439777,0.80879554,0.0
2023-04-03 10:15:00+02:00,0.0,0.0,0.0,40.439777,0.80879554,0.0
2023-04-03 10:30:00+02:00,0.0,0.0,0.0,40.439777,0.80879554,0.0
2023-04-03 10:45:00+02:00,0.0,0.0,0.0,40.439777,0.80879554,0.0
2023-04-03 11:00:00+02:00,0.0,0.0,0.0,40.439777,0.80879554,0.0
2023-04-03 11:15:00+02:00,0.0,0.0,0.0,40.439777,0.80879554,0.0
2023-04-03 11:30:00+02:00,0.0,0.0,0.0,40.439777,0.80879554,0.0
2023-04-03 11:45:00+02:00,0.0,0.0,0.0,40.439777,0.80879554,0.0
2023-04-03 12:00:00+02:00,0.0,0.0,0.0,40.439777,0.80879554,0.0
2023-04-03 12:15:00+02:00,0.0,0.0,0.0,40.439777,0.80879554,0.0
2023-04-03 12:30:00+02:00,0.0,0.0,0.0,40.439777,0.80879554,0.0
2023-04-03 12:45:00+02:00,0.0,0.0,0.0,40.439777,0.80879554,0.0
2023-04-03 13:00:00+02:00,0.0,0.0,0.0,40.439777,0.80879554,0.0
2023-04-03 13:15:00+02:00,0.0,0.0,0.0,40.439777,0.80879554,0.0
2023-04-03 13:30:00+02:00,0.0,0.0,0.0,40.439777,0.80879554,0.0
2023-04-03 13:45:00+02:00,0.0,0.0,0.0,40.439777,0.80879554,0.0
2023-04-03 14:00:00+02:00,0.0,0.0,0.0,40.439777,0.6452937400000001,8.175090433961898
2023-04-03 14:15:00+02:00,6.9787302,0.0,6.9787302,32.264687,0.6784427,0.0
2023-04-03 14:30:00+02:00,6.7194445,0.0,6.7194445,33.922135,0.71036006,0.0
2023-04-03 14:45:00+02:00,6.3659693,0.0,6.3659693,35.518003,0.74059842,0.0
2023-04-03 15:00:00+02:00,5.6438661,0.0,5.6438661,37.029921,0.7674067800000001,0.0
2023-04-03 15:15:00+02:00,0.63640241,0.0,0.63640241,38.370339,0.7704297,0.0
2023-04-03 15:30:00+02:00,0.0,0.0,0.0,38.521485,0.7704297,0.0
2023-04-03 15:45:00+02:00,0.0,0.0,0.0,38.521485,0.7704297,0.0
2023-04-03 16:00:00+02:00,0.0,0.0,0.0,38.521485,0.7704297,0.0
2023-04-03 16:15:00+02:00,0.0,0.0,0.0,38.521485,0.7704297,0.0
2023-04-03 16:30:00+02:00,0.0,0.0,0.0,38.521485,0.7704297,0.0
2023-04-03 16:45:00+02:00,0.0,0.0,0.0,38.521485,0.7704297,0.0
2023-04-03 17:00:00+02:00,0.0,0.0,0.0,38.521485,0.7704297,0.0
2023-04-03 17:15:00+02:00,0.0,0.0,0.0,38.521485,0.7704297,0.0
2023-04-03 17:30:00+02:00,0.0,0.0,0.0,38.521485,0.7704297,0.0
2023-04-03 17:45:00+02:00,0.0,0.0,0.0,38.521485,0.7704297,0.0
2023-04-03 18:00:00+02:00,0.0,0.0,0.0,38.521485,0.7704297,0.0
2023-04-03 18:15:00+02:00,0.0,0.0,0.0,38.521485,0.7704297,0.0
2023-04-03 18:30:00+02:00,0.0,0.0,0.0,38.521485,0.7704297,0.0
2023-04-03 18:45:00+02:00,0.0,0.0,0.0,38.521485,0.7704297,0.0
2023-04-03 19:00:00+02:00,0.0,0.0,0.0,38.521485,0.7704297,0.0
2023-04-03 19:15:00+02:00,0.0,0.0,0.0,38.521485,0.7704297,0.0
2023-04-03 19:30:00+02:00,0.0,0.0,0.0,38.521485,0.7704297,0.0
2023-04-03 19:45:00+02:00,0.0,0.0,0.0,38.521485,0.7704297,0.0
2023-04-03 20:00:00+02:00,0.0,0.0,0.0,38.521485,0.7704297,0.0
2023-04-03 20:15:00+02:00,0.0,0.0,0.0,38.521485,0.7704297,0.0
2023-04-03 20:30:00+02:00,0.0,0.0,0.0,38.521485,0.7704297,0.0
2023-04-03 20:45:00+02:00,0.0,0.0,0.0,38.521485,0.7704297,0.0
2023-04-03 21:00:00+02:00,0.0,0.0,0.0,38.521485,0.7704297,0.0
2023-04-03 21:15:00+02:00,0.0,0.0,0.0,38.521485,0.7704297,0.0
2023-04-03 21:30:00+02:00,0.0,0.0,0.0,38.521485,0.7704297,0.0
2023-04-03 21:45:00+02:00,0.0,0.0,0.0,38.521485,0.7704297,0.0
2023-04-03 22:00:00+02:00,0.0,0.0,0.0,38.521485,0.7704297,0.0
2023-04-03 22:15:00+02:00,0.0,0.0,0.0,38.521485,0.7704297,0.0
2023-04-03 22:30:00+02:00,0.0,0.0,0.0,38.521485,0.7704297,0.0
2023-04-03 22:45:00+02:00,0.0,0.0,0.0,38.521485,0.7704297,0.0
2023-04-03 23:00:00+02:00,0.0,0.0,0.0,38.521485,0.7704297,0.0
2023-04-03 23:15:00+02:00,0.0,0.0,0.0,38.521485,0.7704297,0.0
2023-04-03 23:30:00+02:00,0.0,0.0,0.0,38.521485,0.7704297,0.0
2023-04-03 23:45:00+02:00,0.0,0.0,0.0,38.521485,0.7704297,0.0
2023-04-04 00:00:00+02:00,0.0,0.0,0.0,38.521485,0.7704297,0.0
2023-04-04 00:15:00+02:00,0.0,0.0,0.0,38.521485,0.7704297,0.0
2023-04-04 00:30:00+02:00,0.0,0.0,0.0,38.521485,0.7704297,0.0
2023-04-04 00:45:00+02:00,0.0,0.0,0.0,38.521485,0.7704297,0.0
2023-04-04 01:00:00+02:00,0.0,0.0,0.0,38.521485,0.7704297,0.0
2023-04-04 01:15:00+02:00,0.0,0.0,0.0,38.521485,0.7704297,0.0
2023-04-04 01:30:00+02:00,0.0,0.0,0.0,38.521485,0.7704297,0.0
2023-04-04 01:45:00+02:00,0.0,0.0,0.0,38.521485,0.7704297,0.0
2023-04-04 02:00:00+02:00,0.0,0.0,0.0,38.521485,0.7704297,0.0
2023-04-04 02:15:00+02:00,0.0,0.0,0.0,38.521485,0.7704297,0.0
2023-04-04 02:30:00+02:00,0.0,0.0,0.0,38.521485,0.7704297,0.0
2023-04-04 02:45:00+02:00,0.0,0.0,0.0,38.521485,0.7704297,0.0
2023-04-04 03:00:00+02:00,0.0,0.0,0.0,38.521485,0.7704297,0.0
2023-04-04 03:15:00+02:00,0.0,0.0,0.0,38.521485,0.7704297,0.0
2023-04-04 03:30:00+02:00,0.0,0.0,0.0,38.521485,0.7704297,0.0
2023-04-04 03:45:00+02:00,0.0,0.0,0.0,38.521485,0.7704297,0.0
2023-04-04 04:00:00+02:00,0.0,0.0,0.0,38.521485,0.7704297,0.0
2023-04-04 04:15:00+02:00,0.0,0.0,0.0,38.521485,0.7704297,0.0
2023-04-04 04:30:00+02:00,0.0,0.0,0.0,38.521485,0.7704297,0.0
2023-04-04 04:45:00+02:00,0.0,0.0,0.0,38.521485,0.7704297,0.0
2023-04-04 05:00:00+02:00,0.0,0.0,0.0,38.521485,0.7704297,0.0
2023-04-04 05:15:00+02:00,0.0,0.0,0.0,38.521485,0.7704297,0.0
2023-04-04 05:30:00+02:00,0.0,0.0,0.0,38.521485,0.7704297,0.0
2023-04-04 05:45:00+02:00,0.0,0.0,0.0,38.521485,0.7704297,0.0
2023-04-04 06:00:00+02:00,0.0,0.0,0.0,38.521485,0.7704297,0.0
2023-04-04 06:15:00+02:00,0.0,0.0,0.0,38.521485,0.7704297,0.0
2023-04-04 06:30:00+02:00,0.0,0.0,0.0,38.521485,0.7704297,0.0
2023-04-04 06:45:00+02:00,0.0,0.0,0.0,38.521485,0.7704297,0.0
2023-04-04 07:00:00+02:00,0.30950122,0.0,0.30950122,38.521485,0.77189982,0.0
2023-04-04 07:15:00+02:00,0.6925038,0.0,0.6925038,38.594991,0.77518922,0.0
2023-04-04 07:30:00+02:00,1.1847059,0.0,1.1847059,38.759461,0.7808165800000001,0.0
2023-04-04 07:45:00+02:00,1.7592916,0.0,1.7592916,39.040829,0.7891732,0.0
2023-04-04 08:00:00+02:00,2.2793251,0.0,2.2793251,39.45866,0.8,0.0
2023-04-04 08:15:00+02:00,0.0,0.0,0.0,40.0,0.8,0.0
2023-04-04 08:30:00+02:00,0.0,0.0,0.0,40.0,0.8,0.0
2023-04-04 08:45:00+02:00,0.0,0.0,0.0,40.0,0.8,0.0
2023-04-04 09:00:00+02:00,0.0,0.0,0.0,40.0,0.8,0.0
2023-04-04 09:15:00+02:00,0.0,0.0,0.0,40.0,0.8,0.0
2023-04-04 09:30:00+02:00,0.0,0.0,0.0,40.0,0.8,0.0
2023-04-04 09:45:00+02:00,0.0,0.0,0.0,40.0,0.8,0.0
2023-04-04 10:00:00+02:00,0.0,0.0,0.0,40.0,0.8,0.0
2023-04-04 10:15:00+02:00,0.0,0.0,0.0,40.0,0.8,0.0
2023-04-04 10:30:00+02:00,0.0,0.0,0.0,40.0,0.8,0.0
2023-04-04 10:45:00+02:00,0.0,0.0,0.0,40.0,0.8,0.0
2023-04-04 11:00:00+02:00,0.0,0.0,0.0,40.0,0.8,0.0
2023-04-04 11:15:00+02:00,0.0,0.0,0.0,40.0,0.8,0.0
2023-04-04 11:30:00+02:00,0.0,0.0,0.0,40.0,0.8,0.0
2023-04-04 11:45:00+02:00,0.0,0.0,0.0,40.0,0.8,0.0
2023-04-04 12:00:00+02:00,0.0,0.0,0.0,40.0,0.8,0.0
2023-04-04 12:15:00+02:00,0.0,0.0,0.0,40.0,0.8,0.0
2023-04-04 12:30:00+02:00,0.0,0.0,0.0,40.0,0.8,0.0
2023-04-04 12:45:00+02:00,0.0,0.0,0.0,40.0,0.8,0.0
2023-04-04 13:00:00+02:00,0.0,0.0,0.0,40.0,0.8,0.0
2023-04-04 13:15:00+02:00,0.0,0.0,0.0,40.0,0.8,0.0
2023-04-04 13:30:00+02:00,0.0,0.0,0.0,40.0,0.8,0.0
2023-04-04 13:45:00+02:00,0.0,0.0,0.0,40.0,0.8,0.0
2023-04-04 14:00:00+02:00,0.0,0.0,0.0,40.0,0.8,0.0
2023-04-04 14:15:00+02:00,0.0,0.0,0.0,40.0,0.8,0.0
2023-04-04 14:30:00+02:00,0.0,0.0,0.0,40.0,0.8,0.0
2023-04-04 14:45:00+02:00,0.0,0.0,0.0,40.0,0.8,0.0
2023-04-04 15:00:00+02:00,0.0,0.0,0.0,40.0,0.8,0.0
2023-04-04 15:15:00+02:00,0.0,0.0,0.0,40.0,0.8,0.0
2023-04-04 15:30:00+02:00,0.0,0.0,0.0,40.0,0.8,0.0
2023-04-04 15:45:00+02:00,0.0,0.0,0.0,40.0,0.8,0.0
2023-04-04 16:00:00+02:00,0.0,0.0,0.0,40.0,0.8,0.0
2023-04-04 16:15:00+02:00,0.0,0.0,0.0,40.0,0.8,0.0
2023-04-04 16:30:00+02:00,0.0,0.0,0.0,40.0,0.8,0.0
2023-04-04 16:45:00+02:00,0.0,0.0,0.0,40.0,0.8,0.0
2023-04-04 17:00:00+02:00,0.0,0.0,0.0,40.0,0.8,0.0
2023-04-04 17:15:00+02:00,0.0,0.0,0.0,40.0,0.70735642,4.632178868656742
2023-04-04 17:30:00+02:00,0.0,0.0,0.0,35.367821,0.70735642,0.0
2023-04-04 17:45:00+02:00,0.0,0.0,0.0,35.367821,0.70735642,0.0
2023-04-04 18:00:00+02:00,0.0,0.0,0.0,35.367821,0.70735642,0.0
2023-04-04 18:15:00+02:00,0.0,0.0,0.0,35.367821,0.70735642,0.0
2023-04-04 18:30:00+02:00,0.0,0.0,0.0,35.367821,0.70735642,0.0
2023-04-04 18:45:00+02:00,0.0,0.0,0.0,35.367821,0.70735642,0.0
2023-04-04 19:00:00+02:00,0.0,0.0,0.0,35.367821,0.70735642,0.0
2023-04-04 19:15:00+02:00,0.0,0.0,0.0,35.367821,0.70735642,0.0
2023-04-04 19:30:00+02:00,0.0,0.0,0.0,35.367821,0.70735642,0.0
2023-04-04 19:45:00+02:00,0.0,0.0,0.0,35.367821,0.70735642,0.0
2023-04-04 20:00:00+02:00,0.0,0.0,0.0,35.367821,0.70735642,0.0
2023-04-04 20:15:00+02:00,0.0,0.0,0.0,35.367821,0.70735642,0.0
2023-04-04 20:30:00+02:00,0.0,0.0,0.0,35.367821,0.70735642,0.0
2023-04-04 20:45:00+02:00,0.0,0.0,0.0,35.367821,0.70735642,0.0
2023-04-04 21:00:00+02:00,0.0,0.0,0.0,35.367821,0.70735642,0.0
2023-04-04 21:15:00+02:00,0.0,0.0,0.0,35.367821,0.70735642,0.0
2023-04-04 21:30:00+02:00,0.0,0.0,0.0,35.367821,0.70735642,0.0
2023-04-04 21:45:00+02:00,0.0,0.0,0.0,35.367821,0.70735642,0.0
2023-04-04 22:00:00+02:00,0.0,0.0,0.0,35.367821,0.70735642,0.0
2023-04-04 22:15:00+02:00,0.0,0.0,0.0,35.367821,0.70735642,0.0
2023-04-04 22:30:00+02:00,0.0,0.0,0.0,35.367821,0.70735642,0.0
2023-04-04 22:45:00+02:00,0.0,0.0,0.0,35.367821,0.70735642,0.0
2023-04-04 23:00:00+02:00,0.0,0.0,0.0,35.367821,0.70735642,0.0
2023-04-04 23:15:00+02:00,0.0,0.0,0.0,35.367821,0.70735642,0.0
2023-04-04 23:30:00+02:00,0.0,0.0,0.0,35.367821,0.70735642,0.0
2023-04-04 23:45:00+02:00,0.0,0.0,0.0,35.367821,0.70735642,0.0
2023-04-05 00:00:00+02:00,0.0,0.0,0.0,35.367821,0.70735642,0.0
2023-04-05 00:15:00+02:00,0.0,0.0,0.0,35.367821,0.70735642,0.0
2023-04-05 00:30:00+02:00,0.0,0.0,0.0,35.367821,0.70735642,0.0
2023-04-05 00:45:00+02:00,0.0,0.0,0.0,35.367821,0.70735642,0.0
2023-04-05 01:00:00+02:00,0.0,0.0,0.0,35.367821,0.70735642,0.0
2023-04-05 01:15:00+02:00,0.0,0.0,0.0,35.367821,0.70735642,0.0
2023-04-05 01:30:00+02:00,0.0,0.0,0.0,35.367821,0.70735642,0.0
2023-04-05 01:45:00+02:00,0.0,0.0,0.0,35.367821,0.70735642,0.0
2023-04-05 02:00:00+02:00,0.0,0.0,0.0,35.367821,0.70735642,0.0
2023-04-05 02:15:00+02:00,0.0,0.0,0.0,35.367821,0.70735642,0.0
2023-04-05 02:30:00+02:00,0.0,0.0,0.0,35.367821,0.70735642,0.0
2023-04-05 02:45:00+02:00,0.0,0.0,0.0,35.367821,0.70735642,0.0
2023-04-05 03:00:00+02:00,0.0,0.0,0.0,35.367821,0.70735642,0.0
2023-04-05 03:15:00+02:00,0.0,0.0,0.0,35.367821,0.70735642,0.0
2023-04-05 03:30:00+02:00,0.0,0.0,0.0,35.367821,0.70735642,0.0
2023-04-05 03:45:00+02:00,0.0,0.0,0.0,35.367821,0.70735642,0.0
2023-04-05 04:00:00+02:00,0.0,0.0,0.0,35.367821,0.70735642,0.0
2023-04-05 04:15:00+02:00,0.0,0.0,0.0,35.367821,0.70735642,0.0
2023-04-05 04:30:00+02:00,0.0,0.0,0.0,35.367821,0.70735642,0.0
2023-04-05 04:45:00+02:00,0.0,0.0,0.0,35.367821,0.70735642,0.0
2023-04-05 05:00:00+02:00,0.0,0.0,0.0,35.367821,0.70735642,0.0
2023-04-05 05:15:00+02:00,0.0,0.0,0.0,35.367821,0.70735642,0.0
2023-04-05 05:30:00+02:00,0.0,0.0,0.0,35.367821,0.70735642,0.0
2023-04-05 05:45:00+02:00,0.0,0.0,0.0,35.367821,0.70735642,0.0
2023-04-05 06:00:00+02:00,0.0,0.0,0.0,35.367821,0.70735642,0.0
2023-04-05 06:15:00+02:00,0.0,0.0,0.0,35.367821,0.70735642,0.0
2023-04-05 06:30:00+02:00,0.0,0.0,0.0,35.367821,0.70735642,0.0
2023-04-05 06:45:00+02:00,0.0,0.0,0.0,35.367821,0.70735642,0.0
2023-04-05 07:00:00+02:00,0.0,0.0,0.0,35.367821,0.70735642,0.0
2023-04-05 07:15:00+02:00,0.0,0.0,0.0,35.367821,0.70735642,0.0
2023-04-05 07:30:00+02:00,0.46000738,0.0,0.46000738,35.367821,0.70954146,0.0
2023-04-05 07:45:00+02:00,0.76077872,0.0,0.76077872,35.477073,0.71315516,0.0
2023-04-05 08:00:00+02:00,0.0,0.0,0.0,35.657758,0.71315516,0.0
2023-04-05 08:15:00+02:00,1.615069,0.0,1.615069,35.657758,0.72082674,0.0
2023-04-05 08:30:00+02:00,0.0,0.0,0.0,36.041337,0.72082674,0.0
2023-04-05 08:45:00+02:00,1.833988,0.0,1.833988,36.041337,0.72953818,0.0
2023-04-05 09:00:00+02:00,0.71267833,0.0,0.71267833,36.476909,0.7329234,0.0
2023-04-05 09:15:00+02:00,0.0,0.0,0.0,36.64617,0.7329234,0.0
2023-04-05 09:30:00+02:00,0.0,0.0,0.0,36.64617,0.7329234,0.0
2023-04-05 09:45:00+02:00,0.56499046,0.0,0.56499046,36.64617,0.7356071,0.0
2023-04-05 10:00:00+02:00,1.1723357,0.0,1.1723357,36.780355,0.7411757,0.0
2023-04-05 10:15:00+02:00,7.6181205,0.0,7.6181205,37.058785,0.77736178,0.0
2023-04-05 10:30:00+02:00,0.0,0.0,0.0,38.868089,0.77736178,0.0
2023-04-05 10:45:00+02:00,0.0,0.0,0.0,38.868089,0.77736178,0.0
2023-04-05 11:00:00+02:00,0.2321351,0.0,0.2321351,38.868089,0.7784644199999999,0.0
2023-04-05 11:15:00+02:00,4.5670284,0.0,4.5670284,38.923221,0.8001578,0.0
2023-04-05 11:30:00+02:00,0.0,0.0,0.0,40.00789,0.8001578,0.0
2023-04-05 11:45:00+02:00,0.0,0.0,0.0,40.00789,0.8001578,0.0
2023-04-05 12:00:00+02:00,8.3703604,0.0,8.3703604,40.00789,0.8399169999999999,0.0
2023-04-05 12:15:00+02:00,6.2348867,0.0,6.2348867,41.99585,0.86953272,0.0
2023-04-05 12:30:00+02:00,8.7951207,0.0,8.7951207,43.476636,0.91130954,0.0
2023-04-05 12:45:00+02:00,0.0,0.0,0.0,45.565477,0.91130954,0.0
2023-04-05 13:00:00+02:00,3.215547,0.0,3.215547,45.565477,0.9265834,0.0
2023-04-05 13:15:00+02:00,3.8464231,0.0,3.8464231,46.32917,0.9448538999999999,0.0
2023-04-05 13:30:00+02:00,4.9550167,0.0,4.9550167,47.242695,0.96839024,0.0
2023-04-05 13:45:00+02:00,0.0,0.0,0.0,48.419512,0.96839024,0.0
2023-04-05 14:00:00+02:00,0.0,0.0,0.0,48.419512,0.96839024,0.0
2023-04-05 14:15:00+02:00,0.0,0.0,0.0,48.419512,0.96839024,0.0
2023-04-05 14:30:00+02:00,0.0,0.0,0.0,48.419512,0.96839024,0.0
2023-04-05 14:45:00+02:00,2.086406,0.0,2.086406,48.419512,0.97830066,0.0
2023-04-05 15:00:00+02:00,0.0,0.0,0.0,48.915033,0.97830066,0.0
2023-04-05 15:15:00+02:00,0.0,0.0,0.0,48.915033,0.97830066,0.0
2023-04-05 15:30:00+02:00,0.0,0.0,0.0,48.915033,0.97830066,0.0
2023-04-05 15:45:00+02:00,0.0,0.0,0.0,48.915033,0.97830066,0.0
2023-04-05 16:00:00+02:00,0.0,0.0,0.0,48.915033,0.97830066,0.0
2023-04-05 16:15:00+02:00,0.0,0.0,0.0,48.915033,0.97830066,0.0
2023-04-05 16:30:00+02:00,0.0,0.0,0.0,48.915033,0.97830066,0.0
2023-04-05 16:45:00+02:00,0.0,0.0,0.0,48.915033,0.97830066,0.0
2023-04-05 17:00:00+02:00,0.0,0.0,0.0,48.915033,0.97830066,0.0
2023-04-05 17:15:00+02:00,0.0,0.0,0.0,48.915033,0.97830066,0.0
2023-04-05 17:30:00+02:00,0.0,0.0,0.0,48.915033,0.97830066,0.0
2023-04-05 17:45:00+02:00,0.0,0.0,0.0,48.915033,0.97830066,0.0
2023-04-05 18:00:00+02:00,0.0,0.0,0.0,48.915033,0.97830066,0.0
2023-04-05 18:15:00+02:00,0.0,0.0,0.0,48.915033,0.97830066,0.0
2023-04-05 18:30:00+02:00,0.0,0.0,0.0,48.915033,0.97830066,0.0
2023-04-05 18:45:00+02:00,0.0,0.0,0.0,48.915033,0.97830066,0.0
2023-04-05 19:00:00+02:00,0.0,0.0,0.0,48.915033,0.97830066,0.0
2023-04-05 19:15:00+02:00,0.0,0.0,0.0,48.915033,0.97830066,0.0
2023-04-05 19:30:00+02:00,0.0,0.0,0.0,48.915033,0.97830066,0.0
2023-04-05 19:45:00+02:00,0.0,0.0,0.0,48.915033,0.97830066,0.0
2023-04-05 20:00:00+02:00,0.0,0.0,0.0,48.915033,0.97830066,0.0
2023-04-05 20:15:00+02:00,0.0,0.0,0.0,48.915033,0.97830066,0.0
2023-04-05 20:30:00+02:00,0.0,0.0,0.0,48.915033,0.97830066,0.0
2023-04-05 20:45:00+02:00,0.0,0.0,0.0,48.915033,0.97830066,0.0
2023-04-05 21:00:00+02:00,0.0,0.0,0.0,48.915033,0.97830066,0.0
2023-04-05 21:15:00+02:00,0.0,0.0,0.0,48.915033,0.97830066,0.0
2023-04-05 21:30:00+02:00,0.0,0.0,0.0,48.915033,0.97830066,0.0
2023-04-05 21:45:00+02:00,0.0,0.0,0.0,48.915033,0.97830066,0.0
2023-04-05 22:00:00+02:00,0.0,0.0,0.0,48.915033,0.97830066,0.0
2023-04-05 22:15:00+02:00,0.0,0.0,0.0,48.915033,0.97830066,0.0
2023-04-05 22:30:00+02:00,0.0,0.0,0.0,48.915033,0.97830066,0.0
2023-04-05 22:45:00+02:00,0.0,0.0,0.0,48.915033,0.97830066,0.0
2023-04-05 23:00:00+02:00,0.0,0.0,0.0,48.915033,0.97830066,0.0
2023-04-05 23:15:00+02:00,0.0,0.0,0.0,48.915033,0.97830066,0.0
2023-04-05 23:30:00+02:00,0.0,0.0,0.0,48.915033,0.97830066,0.0
2023-04-05 23:45:00+02:00,0.0,0.0,0.0,48.915033,0.97830066,0.0
2023-04-06 00:00:00+02:00,0.0,0.0,0.0,48.915033,0.97830066,0.0
2023-04-06 00:15:00+02:00,0.0,0.0,0.0,48.915033,0.97830066,0.0
2023-04-06 00:30:00+02:00,0.0,0.0,0.0,48.915033,0.97830066,0.0
2023-04-06 00:45:00+02:00,0.0,0.0,0.0,48.915033,0.97830066,0.0
2023-04-06 01:00:00+02:00,0.0,0.0,0.0,48.915033,0.97830066,0.0
2023-04-06 01:15:00+02:00,0.0,0.0,0.0,48.915033,0.97830066,0.0
2023-04-06 01:30:00+02:00,0.0,0.0,0.0,48.915033,0.97830066,0.0
2023-04-06 01:45:00+02:00,0.0,0.0,0.0,48.915033,0.97830066,0.0
2023-04-06 02:00:00+02:00,0.0,0.0,0.0,48.915033,0.97830066,0.0
2023-04-06 02:15:00+02:00,0.0,0.0,0.0,48.915033,0.97830066,0.0
2023-04-06 02:30:00+02:00,0.0,0.0,0.0,48.915033,0.97830066,0.0
2023-04-06 02:45:00+02:00,0.0,0.0,0.0,48.915033,0.97830066,0.0
2023-04-06 03:00:00+02:00,0.0,0.0,0.0,48.915033,0.97830066,0.0
2023-04-06 03:15:00+02:00,0.0,0.0,0.0,48.915033,0.97830066,0.0
2023-04-06 03:30:00+02:00,0.0,0.0,0.0,48.915033,0.97830066,0.0
2023-04-06 03:45:00+02:00,0.0,0.0,0.0,48.915033,0.97830066,0.0
2023-04-06 04:00:00+02:00,0.0,0.0,0.0,48.915033,0.97830066,0.0
2023-04-06 04:15:00+02:00,0.0,0.0,0.0,48.915033,0.97830066,0.0
2023-04-06 04:30:00+02:00,0.0,0.0,0.0,48.915033,0.97830066,0.0
2023-04-06 04:45:00+02:00,0.0,0.0,0.0,48.915033,0.97830066,0.0
2023-04-06 05:00:00+02:00,0.0,0.0,0.0,48.915033,0.97830066,0.0
2023-04-06 05:15:00+02:00,0.0,0.0,0.0,48.915033,0.97830066,0.0
2023-04-06 05:30:00+02:00,0.0,0.0,0.0,48.915033,0.97830066,0.0
2023-04-06 05:45:00+02:00,0.0,0.0,0.0,48.915033,0.97830066,0.0
2023-04-06 06:00:00+02:00,0.0,0.0,0.0,48.915033,0.97830066,0.0
2023-04-06 06:15:00+02:00,0.0,0.0,0.0,48.915033,0.97830066,0.0
2023-04-06 06:30:00+02:00,0.0,0.0,0.0,48.915033,0.97830066,0.0
2023-04-06 06:45:00+02:00,0.0,0.0,0.0,48.915033,0.97830066,0.0
2023-04-06 07:00:00+02:00,0.59600024,0.0,0.59600024,48.915033,0.9811316600000001,0.0
2023-04-06 07:15:00+02:00,0.72900364,0.0,0.72900364,49.056583,0.98459442,0.0
2023-04-06 07:30:00+02:00,1.4668642,0.0,1.4668642,49.229721,0.99156204,0.0
2023-04-06 07:45:00+02:00,0.0,0.0,0.0,49.578102,0.99156204,0.0
2023-04-06 08:00:00+02:00,1.776414,0.0,1.776414,49.578102,1.0,0.0
2023-04-06 08:15:00+02:00,0.0,0.0,0.0,50.0,1.0,0.0
2023-04-06 08:30:00+02:00,0.0,0.0,0.0,50.0,1.0,0.0
2023-04-06 08:45:00+02:00,0.0,0.0,0.0,50.0,1.0,0.0
2023-04-06 09:00:00+02:00,0.0,0.0,0.0,50.0,1.0,0.0
2023-04-06 09:15:00+02:00,0.0,0.0,0.0,50.0,1.0,0.0
2023-04-06 09:30:00+02:00,0.0,0.0,0.0,50.0,1.0,0.0
2023-04-06 09:45:00+02:00,0.0,0.0,0.0,50.0,1.0,0.0
2023-04-06 10:00:00+02:00,0.0,0.0,0.0,50.0,1.0,0.0
2023-04-06 10:15:00+02:00,0.0,0.0,0.0,50.0,1.0,0.0
2023-04-06 10:30:00+02:00,0.0,0.0,0.0,50.0,1.0,0.0
2023-04-06 10:45:00+02:00,0.0,0.0,0.0,50.0,1.0,0.0
2023-04-06 11:00:00+02:00,0.0,0.0,0.0,50.0,1.0,0.0
2023-04-06 11:15:00+02:00,0.0,0.0,0.0,50.0,1.0,0.0
2023-04-06 11:30:00+02:00,0.0,0.0,0.0,50.0,1.0,0.0
2023-04-06 11:45:00+02:00,0.0,0.0,0.0,50.0,1.0,0.0
2023-04-06 12:00:00+02:00,0.0,0.0,0.0,50.0,1.0,0.0
2023-04-06 12:15:00+02:00,0.0,0.0,0.0,50.0,1.0,0.0
2023-04-06 12:30:00+02:00,0.0,0.0,0.0,50.0,1.0,0.0
2023-04-06 12:45:00+02:00,0.0,0.0,0.0,50.0,1.0,0.0
2023-04-06 13:00:00+02:00,0.0,0.0,0.0,50.0,1.0,0.0
2023-04-06 13:15:00+02:00,0.0,0.0,0.0,50.0,1.0,0.0
2023-04-06 13:30:00+02:00,0.0,0.0,0.0,50.0,1.0,0.0
2023-04-06 13:45:00+02:00,0.0,0.0,0.0,50.0,1.0,0.0
2023-04-06 14:00:00+02:00,0.0,0.0,0.0,50.0,1.0,0.0
2023-04-06 14:15:00+02:00,0.0,0.0,0.0,50.0,1.0,0.0
2023-04-06 14:30:00+02:00,0.0,0.0,0.0,50.0,1.0,0.0
2023-04-06 14:45:00+02:00,0.0,0.0,0.0,50.0,1.0,0.0
2023-04-06 15:00:00+02:00,0.0,0.0,0.0,50.0,1.0,0.0
2023-04-06 15:15:00+02:00,0.0,0.0,0.0,50.0,1.0,0.0
2023-04-06 15:30:00+02:00,0.0,0.0,0.0,50.0,1.0,0.0
2023-04-06 15:45:00+02:00,0.0,0.0,0.0,50.0,1.0,0.0
2023-04-06 16:00:00+02:00,0.0,0.0,0.0,50.0,1.0,0.0
2023-04-06 16:15:00+02:00,0.0,0.0,0.0,50.0,0.912864,4.3568
2023-04-06 16:30:00+02:00,3.155762,0.0,3.155762,45.6432,0.92785386,0.0
2023-04-06 16:45:00+02:00,2.2118758,0.0,2.2118758,46.392693,0.9383602799999999,0.0
2023-04-06 17:00:00+02:00,1.2530557,0.0,1.2530557,46.918014,0.9443123,0.0
2023-04-06 17:15:00+02:00,0.46077556,0.0,0.46077556,47.215615,0.94650098,0.0
2023-04-06 17:30:00+02:00,0.29454582,0.0,0.29454582,47.325049,0.94790008,0.0
2023-04-06 17:45:00+02:00,0.11378336,0.0,0.11378336,47.395004,0.94844054,0.0
2023-04-06 18:00:00+02:00,0.0,0.0,0.0,47.422027,0.94844054,0.0
2023-04-06 18:15:00+02:00,0.0,0.0,0.0,47.422027,0.94844054,0.0
2023-04-06 18:30:00+02:00,0.0,0.0,0.0,47.422027,0.94844054,0.0
2023-04-06 18:45:00+02:00,0.0,0.0,0.0,47.422027,0.94844054,0.0
2023-04-06 19:00:00+02:00,0.0,0.0,0.0,47.422027,0.94844054,0.0
2023-04-06 19:15:00+02:00,0.0,0.0,0.0,47.422027,0.94844054,0.0
2023-04-06 19:30:00+02:00,0.0,0.0,0.0,47.422027,0.94844054,0.0
2023-04-06 19:45:00+02:00,0.0,0.0,0.0,47.422027,0.94844054,0.0
2023-04-06 20:00:00+02:00,0.0,0.0,0.0,47.422027,0.94844054,0.0
2023-04-06 20:15:00+02:00,0.0,0.0,0.0,47.422027,0.94844054,0.0
2023-04-06 20:30:00+02:00,0.0,0.0,0.0,47.422027,0.94844054,0.0
2023-04-06 20:45:00+02:00,0.0,0.0,0.0,47.422027,0.94844054,0.0
2023-04-06 21:00:00+02:00,0.0,0.0,0.0,47.422027,0.94844054,0.0
2023-04-06 21:15:00+02:00,0.0,0.0,0.0,47.422027,0.94844054,0.0
2023-04-06 21:30:00+02:00,0.0,0.0,0.0,47.422027,0.94844054,0.0
2023-04-06 21:45:00+02:00,0.0,0.0,0.0,47.422027,0.94844054,0.0
2023-04-06 22:00:00+02:00,0.0,0.0,0.0,47.422027,0.94844054,0.0
2023-04-06 22:15:00+02:00,0.0,0.0,0.0,47.422027,0.94844054,0.0
2023-04-06 22:30:00+02:00,0.0,0.0,0.0,47.422027,0.94844054,0.0
2023-04-06 22:45:00+02:00,0.0,0.0,0.0,47.422027,0.94844054,0.0
2023-04-06 23:00:00+02:00,0.0,0.0,0.0,47.422027,0.94844054,0.0
2023-04-06 23:15:00+02:00,0.0,0.0,0.0,47.422027,0.94844054,0.0
2023-04-06 23:30:00+02:00,0.0,0.0,0.0,47.422027,0.94844054,0.0
2023-04-06 23:45:00+02:00,0.0,0.0,0.0,47.422027,0.94844054,0.0
2023-04-07 00:00:00+02:00,0.0,0.0,0.0,47.422027,0.94844054,0.0
2023-04-07 00:15:00+02:00,0.0,0.0,0.0,47.422027,0.94844054,0.0
2023-04-07 00:30:00+02:00,0.0,0.0,0.0,47.422027,0.94844054,0.0
2023-04-07 00:45:00+02:00,0.0,0.0,0.0,47.422027,0.94844054,0.0
2023-04-07 01:00:00+02:00,0.0,0.0,0.0,47.422027,0.94844054,0.0
2023-04-07 01:15:00+02:00,0.0,0.0,0.0,47.422027,0.94844054,0.0
2023-04-07 01:30:00+02:00,0.0,0.0,0.0,47.422027,0.94844054,0.0
2023-04-07 01:45:00+02:00,0.0,0.0,0.0,47.422027,0.94844054,0.0
2023-04-07 02:00:00+02:00,0.0,0.0,0.0,47.422027,0.94844054,0.0
2023-04-07 02:15:00+02:00,0.0,0.0,0.0,47.422027,0.94844054,0.0
2023-04-07 02:30:00+02:00,0.0,0.0,0.0,47.422027,0.94844054,0.0
2023-04-07 02:45:00+02:00,0.0,0.0,0.0,47.422027,0.94844054,0.0
2023-04-07 03:00:00+02:00,0.0,0.0,0.0,47.422027,0.94844054,0.0
2023-04-07 03:15:00+02:00,0.0,0.0,0.0,47.422027,0.94844054,0.0
2023-04-07 03:30:00+02:00,0.0,0.0,0.0,47.422027,0.94844054,0.0
2023-04-07 03:45:00+02:00,0.0,0.0,0.0,47.422027,0.94844054,0.0
2023-04-07 04:00:00+02:00,0.0,0.0,0.0,47.422027,0.94844054,0.0
2023-04-07 04:15:00+02:00,0.0,0.0,0.0,47.422027,0.94844054,0.0
2023-04-07 04:30:00+02:00,0.0,0.0,0.0,47.422027,0.94844054,0.0
2023-04-07 04:45:00+02:00,0.0,0.0,0.0,47.422027,0.94844054,0.0
2023-04-07 05:00:00+02:00,0.0,0.0,0.0,47.422027,0.94844054,0.0
2023-04-07 05:15:00+02:00,0.0,0.0,0.0,47.422027,0.94844054,0.0
2023-04-07 05:30:00+02:00,0.0,0.0,0.0,47.422027,0.94844054,0.0
2023-04-07 05:45:00+02:00,0.0,0.0,0.0,47.422027,0.94844054,0.0
2023-04-07 06:00:00+02:00,0.0,0.0,0.0,47.422027,0.94844054,0.0
2023-04-07 06:15:00+02:00,0.0,0.0,0.0,47.422027,0.94844054,0.0
2023-04-07 06:30:00+02:00,0.0,0.0,0.0,47.422027,0.94844054,0.0
2023-04-07 06:45:00+02:00,0.019365571,0.0,0.019365571,47.422027,0.94853252,0.0
2023-04-07 07:00:00+02:00,0.099443651,0.0,0.099443651,47.426626,0.9490048799999999,0.0
2023-04-07 07:15:00+02:00,0.1872,0.0,0.1872,47.450244,0.94989408,0.0
2023-04-07 07:30:00+02:00,0.29193827,0.0,0.29193827,47.494704,0.9512807999999999,0.0
2023-04-07 07:45:00+02:00,0.38461039,0.0,0.38461039,47.56404,0.9531077,0.0
2023-04-07 08:00:00+02:00,4.5215955,0.0,4.5215955,47.655385,0.97458528,0.0
2023-04-07 08:15:00+02:00,5.3504693,0.0,5.3504693,48.729264,1.0,0.0
2023-04-07 08:30:00+02:00,0.0,0.0,0.0,50.0,1.0,0.0
2023-04-07 08:45:00+02:00,0.0,0.0,0.0,50.0,1.0,0.0
2023-04-07 09:00:00+02:00,0.0,0.0,0.0,50.0,1.0,0.0
2023-04-07 09:15:00+02:00,0.0,0.0,0.0,50.0,1.0,0.0
2023-04-07 09:30:00+02:00,0.0,0.0,0.0,50.0,1.0,0.0
2023-04-07 09:45:00+02:00,0.0,0.0,0.0,50.0,1.0,0.0
2023-04-07 10:00:00+02:00,0.0,0.0,0.0,50.0,1.0,0.0
2023-04-07 10:15:00+02:00,0.0,0.0,0.0,50.0,1.0,0.0
2023-04-07 10:30:00+02:00,0.0,0.0,0.0,50.0,1.0,0.0
2023-04-07 10:45:00+02:00,0.0,0.0,0.0,50.0,1.0,0.0
2023-04-07 11:00:00+02:00,0.0,0.0,0.0,50.0,1.0,0.0
2023-04-07 11:15:00+02:00,0.0,0.0,0.0,50.0,1.0,0.0
2023-04-07 11:30:00+02:00,0.0,0.0,0.0,50.0,1.0,0.0
2023-04-07 11:45:00+02:00,0.0,0.0,0.0,50.0,1.0,0.0
2023-04-07 12:00:00+02:00,0.0,0.0,0.0,50.0,1.0,0.0
2023-04-07 12:15:00+02:00,0.0,0.0,0.0,50.0,1.0,0.0
2023-04-07 12:30:00+02:00,0.0,0.0,0.0,50.0,1.0,0.0
2023-04-07 12:45:00+02:00,0.0,0.0,0.0,50.0,1.0,0.0
2023-04-07 13:00:00+02:00,0.0,0.0,0.0,50.0,1.0,0.0
2023-04-07 13:15:00+02:00,0.0,0.0,0.0,50.0,1.0,0.0
2023-04-07 13:30:00+02:00,0.0,0.0,0.0,50.0,1.0,0.0
2023-04-07 13:45:00+02:00,0.0,0.0,0.0,50.0,1.0,0.0
2023-04-07 14:00:00+02:00,0.0,0.0,0.0,50.0,1.0,0.0
2023-04-07 14:15:00+02:00,0.0,0.0,0.0,50.0,1.0,0.0
2023-04-07 14:30:00+02:00,0.0,0.0,0.0,50.0,1.0,0.0
2023-04-07 14:45:00+02:00,0.0,0.0,0.0,50.0,1.0,0.0
2023-04-07 15:00:00+02:00,0.0,0.0,0.0,50.0,1.0,0.0
2023-04-07 15:15:00+02:00,0.0,0.0,0.0,50.0,1.0,0.0
2023-04-07 15:30:00+02:00,0.0,0.0,0.0,50.0,1.0,0.0
2023-04-07 15:45:00+02:00,0.0,0.0,0.0,50.0,1.0,0.0
2023-04-07 16:00:00+02:00,0.0,0.0,0.0,50.0,1.0,0.0
2023-04-07 16:15:00+02:00,0.0,0.0,0.0,50.0,1.0,0.0
2023-04-07 16:30:00+02:00,0.0,0.0,0.0,50.0,1.0,0.0
2023-04-07 16:45:00+02:00,0.0,0.0,0.0,50.0,1.0,0.0
2023-04-07 17:00:00+02:00,0.0,0.0,0.0,50.0,0.785536,10.7232
2023-04-07 17:15:00+02:00,0.53898442,0.0,0.53898442,39.2768,0.78809618,0.0
2023-04-07 17:30:00+02:00,0.26070144,0.0,0.26070144,39.404809,0.7893344999999999,0.0
2023-04-07 17:45:00+02:00,0.0,0.0,0.0,39.466725,0.7893344999999999,0.0
2023-04-07 18:00:00+02:00,0.0,0.0,0.0,39.466725,0.7893344999999999,0.0
2023-04-07 18:15:00+02:00,0.0,0.0,0.0,39.466725,0.7893344999999999,0.0
2023-04-07 18:30:00+02:00,0.0,0.0,0.0,39.466725,0.7893344999999999,0.0
2023-04-07 18:45:00+02:00,0.0,0.0,0.0,39.466725,0.7893344999999999,0.0
2023-04-07 19:00:00+02:00,0.0,0.0,0.0,39.466725,0.7893344999999999,0.0
2023-04-07 19:15:00+02:00,0.0,0.0,0.0,39.466725,0.7893344999999999,0.0
2023-04-07 19:30:00+02:00,0.0,0.0,0.0,39.466725,0.7893344999999999,0.0
2023-04-07 19:45:00+02:00,0.0,0.0,0.0,39.466725,0.7893344999999999,0.0
2023-04-07 20:00:00+02:00,0.0,0.0,0.0,39.466725,0.7893344999999999,0.0
2023-04-07 20:15:00+02:00,0.0,0.0,0.0,39.466725,0.7893344999999999,0.0
2023-04-07 20:30:00+02:00,0.0,0.0,0.0,39.466725,0.7893344999999999,0.0
2023-04-07 20:45:00+02:00,0.0,0.0,0.0,39.466725,0.7893344999999999,0.0
2023-04-07 21:00:00+02:00,0.0,0.0,0.0,39.466725,0.7893344999999999,0.0
2023-04-07 21:15:00+02:00,0.0,0.0,0.0,39.466725,0.7893344999999999,0.0
2023-04-07 21:30:00+02:00,0.0,0.0,0.0,39.466725,0.7893344999999999,0.0
2023-04-07 21:45:00+02:00,0.0,0.0,0.0,39.466725,0.7893344999999999,0.0
2023-04-07 22:00:00+02:00,0.0,0.0,0.0,39.466725,0.7893344999999999,0.0
2023-04-07 22:15:00+02:00,0.0,0.0,0.0,39.466725,0.7893344999999999,0.0
2023-04-07 22:30:00+02:00,0.0,0.0,0.0,39.466725,0.7893344999999999,0.0
2023-04-07 22:45:00+02:00,0.0,0.0,0.0,39.466725,0.7893344999999999,0.0
2023-04-07 23:00:00+02:00,0.0,0.0,0.0,39.466725,0.7893344999999999,0.0
2023-04-07 23:15:00+02:00,0.0,0.0,0.0,39.466725,0.7893344999999999,0.0
2023-04-07 23:30:00+02:00,0.0,0.0,0.0,39.466725,0.7893344999999999,0.0
2023-04-07 23:45:00+02:00,0.0,0.0,0.0,39.466725,0.7893344999999999,0.0
2023-04-08 00:00:00+02:00,0.0,0.0,0.0,39.466725,0.7893344999999999,0.0
2023-04-08 00:15:00+02:00,0.0,0.0,0.0,39.466725,0.7893344999999999,0.0
2023-04-08 00:30:00+02:00,0.0,0.0,0.0,39.466725,0.7893344999999999,0.0
2023-04-08 00:45:00+02:00,0.0,0.0,0.0,39.466725,0.7893344999999999,0.0
2023-04-08 01:00:00+02:00,0.0,0.0,0.0,39.466725,0.7893344999999999,0.0
2023-04-08 01:15:00+02:00,0.0,0.0,0.0,39.466725,0.7893344999999999,0.0
2023-04-08 01:30:00+02:00,0.0,0.0,0.0,39.466725,0.7893344999999999,0.0
2023-04-08 01:45:00+02:00,0.0,0.0,0.0,39.466725,0.7893344999999999,0.0
2023-04-08 02:00:00+02:00,0.0,0.0,0.0,39.466725,0.7893344999999999,0.0
2023-04-08 02:15:00+02:00,0.0,0.0,0.0,39.466725,0.7893344999999999,0.0
2023-04-08 02:30:00+02:00,0.0,0.0,0.0,39.466725,0.7893344999999999,0.0
2023-04-08 02:45:00+02:00,0.0,0.0,0.0,39.466725,0.7893344999999999,0.0
2023-04-08 03:00:00+02:00,0.0,0.0,0.0,39.466725,0.7893344999999999,0.0
2023-04-08 03:15:00+02:00,0.0,0.0,0.0,39.466725,0.7893344999999999,0.0
2023-04-08 03:30:00+02:00,0.0,0.0,0.0,39.466725,0.7893344999999999,0.0
2023-04-08 03:45:00+02:00,0.0,0.0,0.0,39.466725,0.7893344999999999,0.0
2023-04-08 04:00:00+02:00,4.1932503,0.0,4.1932503,39.466725,0.8092524400000001,0.0
2023-04-08 04:15:00+02:00,0.0,0.0,0.0,40.462622,0.8092524400000001,0.0
2023-04-08 04:30:00+02:00,0.0,0.0,0.0,40.462622,0.8092524400000001,0.0
2023-04-08 04:45:00+02:00,0.0,0.0,0.0,40.462622,0.8092524400000001,0.0
2023-04-08 05:00:00+02:00,0.0,0.0,0.0,40.462622,0.8092524400000001,0.0
2023-04-08 05:15:00+02:00,0.0,0.0,0.0,40.462622,0.8092524400000001,0.0
2023-04-08 05:30:00+02:00,0.0,0.0,0.0,40.462622,0.8092524400000001,0.0
2023-04-08 05:45:00+02:00,0.0,0.0,0.0,40.462622,0.8092524400000001,0.0
2023-04-08 06:00:00+02:00,0.0,0.0,0.0,40.462622,0.8092524400000001,0.0
2023-04-08 06:15:00+02:00,0.0,0.0,0.0,40.462622,0.8092524400000001,0.0
2023-04-08 06:30:00+02:00,0.023479288,0.0,0.023479288,40.462622,0.80936398,0.0
2023-04-08 06:45:00+02:00,0.97822359,0.0,0.97822359,40.468199,0.8140105400000001,0.0
2023-04-08 07:00:00+02:00,4.3627455,0.0,4.3627455,40.700527,0.8347335800000001,0.0
2023-04-08 07:15:00+02:00,4.8480765,0.0,4.8480765,41.736679,0.8577619400000001,0.0
2023-04-08 07:30:00+02:00,5.1521473,0.0,5.1521473,42.888097,0.8822346400000001,0.0
2023-04-08 07:45:00+02:00,5.401583,0.0,5.401583,44.111732,0.90789216,0.0
2023-04-08 08:00:00+02:00,5.6667221,0.0,5.6667221,45.394608,0.93480908,0.0
2023-04-08 08:15:00+02:00,6.0016021,0.0,6.0016021,46.740454,0.9633167,0.0
2023-04-08 08:30:00+02:00,0.0,0.0,0.0,48.165835,0.9633167,0.0
2023-04-08 08:45:00+02:00,0.0,0.0,0.0,48.165835,0.9633167,0.0
2023-04-08 09:00:00+02:00,0.0,0.0,0.0,48.165835,0.9633167,0.0
2023-04-08 09:15:00+02:00,0.0,0.0,0.0,48.165835,0.9633167,0.0
2023-04-08 09:30:00+02:00,0.0,0.0,0.0,48.165835,0.9633167,0.0
2023-04-08 09:45:00+02:00,0.0,0.0,0.0,48.165835,0.9633167,0.0
2023-04-08 10:00:00+02:00,0.0,0.0,0.0,48.165835,0.9633167,0.0
2023-04-08 10:15:00+02:00,0.0,0.0,0.0,48.165835,0.9633167,0.0
2023-04-08 10:30:00+02:00,0.0,0.0,0.0,48.165835,0.9633167,0.0
2023-04-08 10:45:00+02:00,0.0,0.0,0.0,48.165835,0.9633167,0.0
2023-04-08 11:00:00+02:00,0.0,0.0,0.0,48.165835,0.9633167,0.0
2023-04-08 11:15:00+02:00,0.0,0.0,0.0,48.165835,0.9633167,0.0
2023-04-08 11:30:00+02:00,0.0,0.0,0.0,48.165835,0.9633167,0.0
2023-04-08 11:45:00+02:00,0.0,0.0,0.0,48.165835,0.9633167,0.0
2023-04-08 12:00:00+02:00,0.0,0.0,0.0,48.165835,0.9633167,0.0
2023-04-08 12:15:00+02:00,0.0,0.0,0.0,48.165835,0.9633167,0.0
2023-04-08 12:30:00+02:00,0.0,0.0,0.0,48.165835,0.9633167,0.0
2023-04-08 12:45:00+02:00,0.0,0.0,0.0,48.165835,0.9633167,0.0
2023-04-08 13:00:00+02:00,0.0,0.0,0.0,48.165835,0.9633167,0.0
2023-04-08 13:15:00+02:00,0.0,0.0,0.0,48.165835,0.9633167,0.0
2023-04-08 13:30:00+02:00,0.0,0.0,0.0,48.165835,0.9633167,0.0
2023-04-08 13:45:00+02:00,0.0,0.0,0.0,48.165835,0.9633167,0.0
2023-04-08 14:00:00+02:00,0.0,0.0,0.0,48.165835,0.9633167,0.0
2023-04-08 14:15:00+02:00,0.0,0.0,0.0,48.165835,0.9633167,0.0
2023-04-08 14:30:00+02:00,0.0,0.0,0.0,48.165835,0.9633167,0.0
2023-04-08 14:45:00+02:00,0.0,0.0,0.0,48.165835,0.9633167,0.0
2023-04-08 15:00:00+02:00,0.0,0.0,0.0,48.165835,0.9633167,0.0
2023-04-08 15:15:00+02:00,0.0,0.0,0.0,48.165835,0.9633167,0.0
2023-04-08 15:30:00+02:00,0.0,0.0,0.0,48.165835,0.9633167,0.0
2023-04-08 15:45:00+02:00,0.0,0.0,0.0,48.165835,0.9633167,0.0
2023-04-08 16:00:00+02:00,0.0,0.0,0.0,48.165835,0.9633167,0.0
2023-04-08 16:15:00+02:00,0.0,0.0,0.0,48.165835,0.7488527,10.7232
2023-04-08 16:30:00+02:00,3.5044008,0.0,3.5044008,37.442635,0.7654985999999999,0.0
2023-04-08 16:45:00+02:00,2.477469,0.0,2.477469,38.27493,0.77726658,0.0
2023-04-08 17:00:00+02:00,1.2739654,0.0,1.2739654,38.863329,0.7833179199999999,0.0
2023-04-08 17:15:00+02:00,0.84049286,0.0,0.84049286,39.165896,0.78731026,0.0
2023-04-08 17:30:00+02:00,0.53318045,0.0,0.53318045,39.365513,0.7898428599999999,0.0
2023-04-08 17:45:00+02:00,0.0,0.0,0.0,39.492143,0.7898428599999999,0.0
2023-04-08 18:00:00+02:00,0.0,0.0,0.0,39.492143,0.7898428599999999,0.0
2023-04-08 18:15:00+02:00,0.0,0.0,0.0,39.492143,0.7898428599999999,0.0
2023-04-08 18:30:00+02:00,0.0,0.0,0.0,39.492143,0.7898428599999999,0.0
2023-04-08 18:45:00+02:00,0.0,0.0,0.0,39.492143,0.7898428599999999,0.0
2023-04-08 19:00:00+02:00,0.0,0.0,0.0,39.492143,0.7898428599999999,0.0
2023-04-08 19:15:00+02:00,0.0,0.0,0.0,39.492143,0.7898428599999999,0.0
2023-04-08 19:30:00+02:00,0.0,0.0,0.0,39.492143,0.7898428599999999,0.0
2023-04-08 19:45:00+02:00,0.0,0.0,0.0,39.492143,0.7898428599999999,0.0
2023-04-08 20:00:00+02:00,0.0,0.0,0.0,39.492143,0.7898428599999999,0.0
2023-04-08 20:15:00+02:00,0.0,0.0,0.0,39.492143,0.7898428599999999,0.0
2023-04-08 20:30:00+02:00,0.0,0.0,0.0,39.492143,0.7898428599999999,0.0
2023-04-08 20:45:00+02:00,0.0,0.0,0.0,39.492143,0.7898428599999999,0.0
2023-04-08 21:00:00+02:00,0.0,0.0,0.0,39.492143,0.7898428599999999,0.0
2023-04-08 21:15:00+02:00,0.0,0.0,0.0,39.492143,0.7898428599999999,0.0
2023-04-08 21:30:00+02:00,0.0,0.0,0.0,39.492143,0.7898428599999999,0.0
2023-04-08 21:45:00+02:00,0.0,0.0,0.0,39.492143,0.7898428599999999,0.0
2023-04-08 22:00:00+02:00,0.0,0.0,0.0,39.492143,0.7898428599999999,0.0
2023-04-08 22:15:00+02:00,0.0,0.0,0.0,39.492143,0.7898428599999999,0.0
2023-04-08 22:30:00+02:00,0.0,0.0,0.0,39.492143,0.7898428599999999,0.0
2023-04-08 22:45:00+02:00,0.0,0.0,0.0,39.492143,0.7898428599999999,0.0
2023-04-08 23:00:00+02:00,0.0,0.0,0.0,39.492143,0.7898428599999999,0.0
2023-04-08 23:15:00+02:00,0.0,0.0,0.0,39.492143,0.7898428599999999,0.0
2023-04-08 23:30:00+02:00,0.0,0.0,0.0,39.492143,0.7898428599999999,0.0
2023-04-08 23:45:00+02:00,0.0,0.0,0.0,39.492143,0.7898428599999999,0.0
2023-04-09 00:00:00+02:00,0.0,0.0,0.0,39.492143,0.7898428599999999,0.0
2023-04-09 00:15:00+02:00,0.0,0.0,0.0,39.492143,0.7898428599999999,0.0
2023-04-09 00:30:00+02:00,0.0,0.0,0.0,39.492143,0.7898428599999999,0.0
2023-04-09 00:45:00+02:00,0.0,0.0,0.0,39.492143,0.7898428599999999,0.0
2023-04-09 01:00:00+02:00,0.0,0.0,0.0,39.492143,0.7898428599999999,0.0
2023-04-09 01:15:00+02:00,0.0,0.0,0.0,39.492143,0.7898428599999999,0.0
2023-04-09 01:30:00+02:00,0.0,0.0,0.0,39.492143,0.7898428599999999,0.0
2023-04-09 01:45:00+02:00,0.0,0.0,0.0,39.492143,0.7898428599999999,0.0
2023-04-09 02:00:00+02:00,0.0,0.0,0.0,39.492143,0.7898428599999999,0.0
2023-04-09 02:15:00+02:00,0.0,0.0,0.0,39.492143,0.7898428599999999,0.0
2023-04-09 02:30:00+02:00,0.0,0.0,0.0,39.492143,0.7898428599999999,0.0
2023-04-09 02:45:00+02:00,0.0,0.0,0.0,39.492143,0.7898428599999999,0.0
2023-04-09 03:00:00+02:00,0.0,0.0,0.0,39.492143,0.7898428599999999,0.0
2023-04-09 03:15:00+02:00,0.0,0.0,0.0,39.492143,0.7898428599999999,0.0
2023-04-09 03:30:00+02:00,0.0,0.0,0.0,39.492143,0.7898428599999999,0.0
2023-04-09 03:45:00+02:00,0.0,0.0,0.0,39.492143,0.7898428599999999,0.0
2023-04-09 04:00:00+02:00,0.0,0.0,0.0,39.492143,0.7898428599999999,0.0
2023-04-09 04:15:00+02:00,0.0,0.0,0.0,39.492143,0.7898428599999999,0.0
2023-04-09 04:30:00+02:00,0.0,0.0,0.0,39.492143,0.7898428599999999,0.0
2023-04-09 04:45:00+02:00,0.0,0.0,0.0,39.492143,0.7898428599999999,0.0
2023-04-09 05:00:00+02:00,0.0,0.0,0.0,39.492143,0.7898428599999999,0.0
2023-04-09 05:15:00+02:00,0.0,0.0,0.0,39.492143,0.7898428599999999,0.0
2023-04-09 05:30:00+02:00,0.0,0.0,0.0,39.492143,0.7898428599999999,0.0
2023-04-09 05:45:00+02:00,0.0,0.0,0.0,39.492143,0.7898428599999999,0.0
2023-04-09 06:00:00+02:00,0.0,0.0,0.0,39.492143,0.7898428599999999,0.0
2023-04-09 06:15:00+02:00,0.0,0.0,0.0,39.492143,0.7898428599999999,0.0
2023-04-09 06:30:00+02:00,0.0,0.0,0.0,39.492143,0.7898428599999999,0.0
2023-04-09 06:45:00+02:00,0.047329079,0.0,0.047329079,39.492143,0.7900676799999999,0.0
2023-04-09 07:00:00+02:00,0.07434686,0.0,0.07434686,39.503384,0.7904208199999999,0.0
2023-04-09 07:15:00+02:00,0.11064245,0.0,0.11064245,39.521041,0.7909463800000001,0.0
2023-04-09 07:30:00+02:00,0.29230346,0.0,0.29230346,39.547319,0.79233482,0.0
2023-04-09 07:45:00+02:00,0.38157301,0.0,0.38157301,39.616741,0.79414728,0.0
2023-04-09 08:00:00+02:00,1.2321495,0.0,1.2321495,39.707364,0.8,0.0
2023-04-09 08:15:00+02:00,0.22550884,0.0,0.22550884,40.0,0.80107116,0.0
2023-04-09 08:30:00+02:00,0.0,0.0,0.0,40.053558,0.80107116,0.0
2023-04-09 08:45:00+02:00,0.0,0.0,0.0,40.053558,0.80107116,0.0
2023-04-09 09:00:00+02:00,0.0,0.0,0.0,40.053558,0.80107116,0.0
2023-04-09 09:15:00+02:00,0.0,0.0,0.0,40.053558,0.80107116,0.0
2023-04-09 09:30:00+02:00,0.0,0.0,0.0,40.053558,0.80107116,0.0
2023-04-09 09:45:00+02:00,0.0,0.0,0.0,40.053558,0.80107116,0.0
2023-04-09 10:00:00+02:00,0.0,0.0,0.0,40.053558,0.80107116,0.0
2023-04-09 10:15:00+02:00,0.0,0.0,0.0,40.053558,0.80107116,0.0
2023-04-09 10:30:00+02:00,0.0,0.0,0.0,40.053558,0.80107116,0.0
2023-04-09 10:45:00+02:00,0.0,0.0,0.0,40.053558,0.80107116,0.0
2023-04-09 11:00:00+02:00,0.0,0.0,0.0,40.053558,0.80107116,0.0
2023-04-09 11:15:00+02:00,0.0,0.0,0.0,40.053558,0.80107116,0.0
2023-04-09 11:30:00+02:00,0.0,0.0,0.0,40.053558,0.80107116,0.0
2023-04-09 11:45:00+02:00,0.0,0.0,0.0,40.053558,0.80107116,0.0
2023-04-09 12:00:00+02:00,0.0,0.0,0.0,40.053558,0.80107116,0.0
2023-04-09 12:15:00+02:00,0.0,0.0,0.0,40.053558,0.80107116,0.0
2023-04-09 12:30:00+02:00,0.0,0.0,0.0,40.053558,0.80107116,0.0
2023-04-09 12:45:00+02:00,0.0,0.0,0.0,40.053558,0.80107116,0.0
2023-04-09 13:00:00+02:00,0.0,0.0,0.0,40.053558,0.80107116,0.0
2023-04-09 13:15:00+02:00,0.0,0.0,0.0,40.053558,0.80107116,0.0
2023-04-09 13:30:00+02:00,0.0,0.0,0.0,40.053558,0.80107116,0.0
2023-04-09 13:45:00+02:00,0.0,0.0,0.0,40.053558,0.80107116,0.0
2023-04-09 14:00:00+02:00,0.0,0.0,0.0,40.053558,0.80107116,0.0
2023-04-09 14:15:00+02:00,0.0,0.0,0.0,40.053558,0.80107116,0.0
2023-04-09 14:30:00+02:00,0.0,0.0,0.0,40.053558,0.80107116,0.0
2023-04-09 14:45:00+02:00,0.0,0.0,0.0,40.053558,0.80107116,0.0
2023-04-09 15:00:00+02:00,0.0,0.0,0.0,40.053558,0.80107116,0.0
2023-04-09 15:15:00+02:00,0.0,0.0,0.0,40.053558,0.80107116,0.0
2023-04-09 15:30:00+02:00,0.0,0.0,0.0,40.053558,0.80107116,0.0
2023-04-09 15:45:00+02:00,0.0,0.0,0.0,40.053558,0.80107116,0.0
2023-04-09 16:00:00+02:00,0.0,0.0,0.0,40.053558,0.80107116,0.0
2023-04-09 16:15:00+02:00,0.0,0.0,0.0,40.053558,0.80107116,0.0
2023-04-09 16:30:00+02:00,0.0,0.0,0.0,40.053558,0.80107116,0.0
2023-04-09 16:45:00+02:00,0.0,0.0,0.0,40.053558,0.80107116,0.0
2023-04-09 17:00:00+02:00,0.0,0.0,0.0,40.053558,0.80107116,0.0
2023-04-09 17:15:00+02:00,0.0,0.0,0.0,40.053558,0.80107116,0.0
2023-04-09 17:30:00+02:00,0.0,0.0,0.0,40.053558,0.80107116,0.0
2023-04-09 17:45:00+02:00,0.0,0.0,0.0,40.053558,0.67352132,6.377491927141639
2023-04-09 18:00:00+02:00,0.0,0.0,0.0,33.676066,0.67352132,0.0
2023-04-09 18:15:00+02:00,0.0,0.0,0.0,33.676066,0.67352132,0.0
2023-04-09 18:30:00+02:00,0.0,0.0,0.0,33.676066,0.67352132,0.0
2023-04-09 18:45:00+02:00,0.0,0.0,0.0,33.676066,0.67352132,0.0
2023-04-09 19:00:00+02:00,0.0,0.0,0.0,33.676066,0.67352132,0.0
2023-04-09 19:15:00+02:00,0.0,0.0,0.0,33.676066,0.67352132,0.0
2023-04-09 19:30:00+02:00,0.0,0.0,0.0,33.676066,0.67352132,0.0
2023-04-09 19:45:00+02:00,0.0,0.0,0.0,33.676066,0.67352132,0.0
2023-04-09 20:00:00+02:00,0.0,0.0,0.0,33.676066,0.67352132,0.0
2023-04-09 20:15:00+02:00,0.0,0.0,0.0,33.676066,0.67352132,0.0
2023-04-09 20:30:00+02:00,0.0,0.0,0.0,33.676066,0.67352132,0.0
2023-04-09 20:45:00+02:00,0.0,0.0,0.0,33.676066,0.67352132,0.0
2023-04-09 21:00:00+02:00,0.0,0.0,0.0,33.676066,0.67352132,0.0
2023-04-09 21:15:00+02:00,0.0,0.0,0.0,33.676066,0.67352132,0.0
2023-04-09 21:30:00+02:00,0.0,0.0,0.0,33.676066,0.67352132,0.0
2023-04-09 21:45:00+02:00,0.0,0.0,0.0,33.676066,0.67352132,0.0
2023-04-09 22:00:00+02:00,0.0,0.0,0.0,33.676066,0.67352132,0.0
2023-04-09 22:15:00+02:00,0.0,0.0,0.0,33.676066,0.67352132,0.0
2023-04-09 22:30:00+02:00,0.0,0.0,0.0,33.676066,0.67352132,0.0
2023-04-09 22:45:00+02:00,0.0,0.0,0.0,33.676066,0.67352132,0.0
2023-04-09 23:00:00+02:00,0.0,0.0,0.0,33.676066,0.67352132,0.0
2023-04-09 23:15:00+02:00,0.0,0.0,0.0,33.676066,0.67352132,0.0
2023-04-09 23:30:00+02:00,0.0,0.0,0.0,33.676066,0.67352132,0.0
2023-04-09 23:45:00+02:00,0.0,0.0,0.0,33.676066,0.67352132,0.0
2023-04-10 00:00:00+02:00,0.0,0.0,0.0,33.676066,0.67352132,0.0
2023-04-10 00:15:00+02:00,0.0,0.0,0.0,33.676066,0.67352132,0.0
2023-04-10 00:30:00+02:00,0.0,0.0,0.0,33.676066,0.67352132,0.0
2023-04-10 00:45:00+02:00,0.0,0.0,0.0,33.676066,0.67352132,0.0
2023-04-10 01:00:00+02:00,0.0,0.0,0.0,33.676066,0.67352132,0.0
2023-04-10 01:15:00+02:00,0.0,0.0,0.0,33.676066,0.67352132,0.0
2023-04-10 01:30:00+02:00,0.0,0.0,0.0,33.676066,0.67352132,0.0
2023-04-10 01:45:00+02:00,0.0,0.0,0.0,33.676066,0.67352132,0.0
2023-04-10 02:00:00+02:00,0.0,0.0,0.0,33.676066,0.67352132,0.0
2023-04-10 02:15:00+02:00,0.0,0.0,0.0,33.676066,0.67352132,0.0
2023-04-10 02:30:00+02:00,0.0,0.0,0.0,33.676066,0.67352132,0.0
2023-04-10 02:45:00+02:00,0.0,0.0,0.0,33.676066,0.67352132,0.0
2023-04-10 03:00:00+02:00,0.0,0.0,0.0,33.676066,0.67352132,0.0
2023-04-10 03:15:00+02:00,0.0,0.0,0.0,33.676066,0.67352132,0.0
2023-04-10 03:30:00+02:00,0.0,0.0,0.0,33.676066,0.67352132,0.0
2023-04-10 03:45:00+02:00,0.0,0.0,0.0,33.676066,0.67352132,0.0
2023-04-10 04:00:00+02:00,0.0,0.0,0.0,33.676066,0.67352132,0.0
2023-04-10 04:15:00+02:00,0.0,0.0,0.0,33.676066,0.67352132,0.0
2023-04-10 04:30:00+02:00,0.0,0.0,0.0,33.676066,0.67352132,0.0
2023-04-10 04:45:00+02:00,0.0,0.0,0.0,33.676066,0.67352132,0.0
2023-04-10 05:00:00+02:00,2.5168,0.0,2.5168,33.676066,0.68547612,0.0
2023-04-10 05:15:00+02:00,4.6616667,0.0,4.6616667,34.273806,0.70761904,0.0
2023-04-10 05:30:00+02:00,4.7628667,0.0,4.7628667,35.380952,0.7302426599999999,0.0
2023-04-10 05:45:00+02:00,4.7545333,0.0,4.7545333,36.512133,0.7528267,0.0
2023-04-10 06:00:00+02:00,0.0,0.0,0.0,37.641335,0.7528267,0.0
2023-04-10 06:15:00+02:00,0.0,0.0,0.0,37.641335,0.7528267,0.0
2023-04-10 06:30:00+02:00,9.028251,0.0,9.028251,37.641335,0.79571088,0.0
2023-04-10 06:45:00+02:00,0.027456006,0.0,0.027456006,39.785544,0.7958413,0.0
2023-04-10 07:00:00+02:00,0.058313495,0.0,0.058313495,39.792065,0.7961183,0.0
2023-04-10 07:15:00+02:00,0.092388723,0.0,0.092388723,39.805915,0.79655714,0.0
2023-04-10 07:30:00+02:00,0.1503231,0.0,0.1503231,39.827857,0.7972711800000001,0.0
2023-04-10 07:45:00+02:00,0.23937913,0.0,0.23937913,39.863559,0.79840822,0.0
2023-04-10 08:00:00+02:00,0.33511062,0.0,0.33511062,39.920411,0.8,0.0
2023-04-10 08:15:00+02:00,0.54026439,0.0,0.54026439,40.0,0.80256626,0.0
2023-04-10 08:30:00+02:00,0.0,0.0,0.0,40.128313,0.80256626,0.0
2023-04-10 08:45:00+02:00,0.0,0.0,0.0,40.128313,0.80256626,0.0
2023-04-10 09:00:00+02:00,0.0,0.0,0.0,40.128313,0.80256626,0.0
2023-04-10 09:15:00+02:00,0.0,0.0,0.0,40.128313,0.80256626,0.0
2023-04-10 09:30:00+02:00,0.0,0.0,0.0,40.128313,0.80256626,0.0
2023-04-10 09:45:00+02:00,0.0,0.0,0.0,40.128313,0.80256626,0.0
2023-04-10 10:00:00+02:00,0.0,0.0,0.0,40.128313,0.80256626,0.0
2023-04-10 10:15:00+02:00,0.0,0.0,0.0,40.128313,0.80256626,0.0
2023-04-10 10:30:00+02:00,0.0,0.0,0.0,40.128313,0.80256626,0.0
2023-04-10 10:45:00+02:00,0.0,0.0,0.0,40.128313,0.80256626,0.0
2023-04-10 11:00:00+02:00,0.0,0.0,0.0,40.128313,0.80256626,0.0
2023-04-10 11:15:00+02:00,0.0,0.0,0.0,40.128313,0.80256626,0.0
2023-04-10 11:30:00+02:00,0.0,0.0,0.0,40.128313,0.80256626,0.0
2023-04-10 11:45:00+02:00,0.0,0.0,0.0,40.128313,0.80256626,0.0
2023-04-10 12:00:00+02:00,0.0,0.0,0.0,40.128313,0.80256626,0.0
2023-04-10 12:15:00+02:00,0.0,0.0,0.0,40.128313,0.80256626,0.0
2023-04-10 12:30:00+02:00,0.0,0.0,0.0,40.128313,0.80256626,0.0
2023-04-10 12:45:00+02:00,0.0,0.0,0.0,40.128313,0.80256626,0.0
2023-04-10 13:00:00+02:00,0.0,0.0,0.0,40.128313,0.80256626,0.0
2023-04-10 13:15:00+02:00,0.0,0.0,0.0,40.128313,0.80256626,0.0
2023-04-10 13:30:00+02:00,0.0,0.0,0.0,40.128313,0.80256626,0.0
2023-04-10 13:45:00+02:00,0.0,0.0,0.0,40.128313,0.80256626,0.0
2023-04-10 14:00:00+02:00,0.0,0.0,0.0,40.128313,0.80256626,0.0
2023-04-10 14:15:00+02:00,0.0,0.0,0.0,40.128313,0.80256626,0.0
2023-04-10 14:30:00+02:00,0.0,0.0,0.0,40.128313,0.80256626,0.0
2023-04-10 14:45:00+02:00,0.0,0.0,0.0,40.128313,0.80256626,0.0
2023-04-10 15:00:00+02:00,0.0,0.0,0.0,40.128313,0.80256626,0.0
2023-04-10 15:15:00+02:00,0.0,0.0,0.0,40.128313,0.80256626,0.0
2023-04-10 15:30:00+02:00,0.0,0.0,0.0,40.128313,0.80256626,0.0
2023-04-10 15:45:00+02:00,0.0,0.0,0.0,40.128313,0.80256626,0.0
2023-04-10 16:00:00+02:00,0.0,0.0,0.0,40.128313,0.80256626,0.0
2023-04-10 16:15:00+02:00,0.0,0.0,0.0,40.128313,0.80256626,0.0
2023-04-10 16:30:00+02:00,0.0,0.0,0.0,40.128313,0.80256626,0.0
2023-04-10 16:45:00+02:00,0.0,0.0,0.0,40.128313,0.80256626,0.0
2023-04-10 17:00:00+02:00,0.0,0.0,0.0,40.128313,0.80256626,0.0
2023-04-10 17:15:00+02:00,0.0,0.0,0.0,40.128313,0.80256626,0.0
2023-04-10 17:30:00+02:00,0.0,0.0,0.0,40.128313,0.80256626,0.0
2023-04-10 17:45:00+02:00,0.0,0.0,0.0,40.128313,0.80256626,0.0
2023-04-10 18:00:00+02:00,0.0,0.0,0.0,40.128313,0.60743552,9.756536524254306
2023-04-10 18:15:00+02:00,0.0,0.0,0.0,30.371776,0.60743552,0.0
2023-04-10 18:30:00+02:00,0.0,0.0,0.0,30.371776,0.60743552,0.0
2023-04-10 18:45:00+02:00,0.0,0.0,0.0,30.371776,0.60743552,0.0
2023-04-10 19:00:00+02:00,0.0,0.0,0.0,30.371776,0.60743552,0.0
2023-04-10 19:15:00+02:00,0.0,0.0,0.0,30.371776,0.60743552,0.0
2023-04-10 19:30:00+02:00,0.0,0.0,0.0,30.371776,0.60743552,0.0
2023-04-10 19:45:00+02:00,0.0,0.0,0.0,30.371776,0.60743552,0.0
2023-04-10 20:00:00+02:00,0.0,0.0,0.0,30.371776,0.60743552,0.0
2023-04-10 20:15:00+02:00,0.0,0.0,0.0,30.371776,0.60743552,0.0
2023-04-10 20:30:00+02:00,0.0,0.0,0.0,30.371776,0.60743552,0.0
2023-04-10 20:45:00+02:00,0.0,0.0,0.0,30.371776,0.60743552,0.0
2023-04-10 21:00:00+02:00,0.0,0.0,0.0,30.371776,0.60743552,0.0
2023-04-10 21:15:00+02:00,0.0,0.0,0.0,30.371776,0.60743552,0.0
2023-04-10 21:30:00+02:00,0.0,0.0,0.0,30.371776,0.60743552,0.0
2023-04-10 21:45:00+02:00,0.0,0.0,0.0,30.371776,0.60743552,0.0
2023-04-10 22:00:00+02:00,0.0,0.0,0.0,30.371776,0.60743552,0.0
2023-04-10 22:15:00+02:00,0.0,0.0,0.0,30.371776,0.60743552,0.0
2023-04-10 22:30:00+02:00,0.0,0.0,0.0,30.371776,0.60743552,0.0
2023-04-10 22:45:00+02:00,0.0,0.0,0.0,30.371776,0.60743552,0.0
2023-04-10 23:00:00+02:00,0.0,0.0,0.0,30.371776,0.60743552,0.0
2023-04-10 23:15:00+02:00,0.0,0.0,0.0,30.371776,0.60743552,0.0
2023-04-10 23:30:00+02:00,0.0,0.0,0.0,30.371776,0.60743552,0.0
2023-04-10 23:45:00+02:00,0.0,0.0,0.0,30.371776,0.60743552,0.0
2023-04-11 00:00:00+02:00,0.0,0.0,0.0,30.371776,0.60743552,0.0
2023-04-11 00:15:00+02:00,0.0,0.0,0.0,30.371776,0.60743552,0.0
2023-04-11 00:30:00+02:00,0.0,0.0,0.0,30.371776,0.60743552,0.0
2023-04-11 00:45:00+02:00,0.0,0.0,0.0,30.371776,0.60743552,0.0
2023-04-11 01:00:00+02:00,0.0,0.0,0.0,30.371776,0.60743552,0.0
2023-04-11 01:15:00+02:00,0.0,0.0,0.0,30.371776,0.60743552,0.0
2023-04-11 01:30:00+02:00,0.0,0.0,0.0,30.371776,0.60743552,0.0
2023-04-11 01:45:00+02:00,0.0,0.0,0.0,30.371776,0.60743552,0.0
2023-04-11 02:00:00+02:00,0.0,0.0,0.0,30.371776,0.60743552,0.0
2023-04-11 02:15:00+02:00,0.0,0.0,0.0,30.371776,0.60743552,0.0
2023-04-11 02:30:00+02:00,0.0,0.0,0.0,30.371776,0.60743552,0.0
2023-04-11 02:45:00+02:00,0.0,0.0,0.0,30.371776,0.60743552,0.0
2023-04-11 03:00:00+02:00,0.0,0.0,0.0,30.371776,0.60743552,0.0
2023-04-11 03:15:00+02:00,0.0,0.0,0.0,30.371776,0.60743552,0.0
2023-04-11 03:30:00+02:00,0.0,0.0,0.0,30.371776,0.60743552,0.0
2023-04-11 03:45:00+02:00,0.0,0.0,0.0,30.371776,0.60743552,0.0
2023-04-11 04:00:00+02:00,0.0,0.0,0.0,30.371776,0.60743552,0.0
2023-04-11 04:15:00+02:00,0.0,0.0,0.0,30.371776,0.60743552,0.0
2023-04-11 04:30:00+02:00,0.0,0.0,0.0,30.371776,0.60743552,0.0
2023-04-11 04:45:00+02:00,0.0,0.0,0.0,30.371776,0.60743552,0.0
2023-04-11 05:00:00+02:00,21.589636,0.0,21.589636,30.371776,0.7099863000000001,0.0
2023-04-11 05:15:00+02:00,0.0,0.0,0.0,35.499315,0.7099863000000001,0.0
2023-04-11 05:30:00+02:00,0.0,0.0,0.0,35.499315,0.7099863000000001,0.0
2023-04-11 05:45:00+02:00,0.0,0.0,0.0,35.499315,0.7099863000000001,0.0
2023-04-11 06:00:00+02:00,0.0,0.0,0.0,35.499315,0.7099863000000001,0.0
2023-04-11 06:15:00+02:00,0.0,0.0,0.0,35.499315,0.7099863000000001,0.0
2023-04-11 06:30:00+02:00,0.0,0.0,0.0,35.499315,0.7099863000000001,0.0
2023-04-11 06:45:00+02:00,0.0901481,0.0,0.0901481,35.499315,0.7104145,0.0
2023-04-11 07:00:00+02:00,0.18639268,0.0,0.18639268,35.520725,0.71129986,0.0
2023-04-11 07:15:00+02:00,3.3129816,0.0,3.3129816,35.564993,0.7270365200000001,0.0
2023-04-11 07:30:00+02:00,5.0662826,0.0,5.0662826,36.351826,0.7511013599999999,0.0
2023-04-11 07:45:00+02:00,5.0036444,0.0,5.0036444,37.555068,0.77486868,0.0
2023-04-11 08:00:00+02:00,5.2908045,0.0,5.2908045,38.743434,0.8,0.0
2023-04-11 08:15:00+02:00,0.0,0.0,0.0,40.0,0.8,0.0
2023-04-11 08:30:00+02:00,0.0,0.0,0.0,40.0,0.8,0.0
2023-04-11 08:45:00+02:00,0.0,0.0,0.0,40.0,0.8,0.0
2023-04-11 09:00:00+02:00,0.0,0.0,0.0,40.0,0.8,0.0
2023-04-11 09:15:00+02:00,0.0,0.0,0.0,40.0,0.8,0.0
2023-04-11 09:30:00+02:00,0.0,0.0,0.0,40.0,0.8,0.0
2023-04-11 09:45:00+02:00,0.0,0.0,0.0,40.0,0.8,0.0
2023-04-11 10:00:00+02:00,0.0,0.0,0.0,40.0,0.8,0.0
2023-04-11 10:15:00+02:00,0.0,0.0,0.0,40.0,0.8,0.0
2023-04-11 10:30:00+02:00,0.0,0.0,0.0,40.0,0.8,0.0
2023-04-11 10:45:00+02:00,0.0,0.0,0.0,40.0,0.8,0.0
2023-04-11 11:00:00+02:00,0.0,0.0,0.0,40.0,0.8,0.0
2023-04-11 11:15:00+02:00,0.0,0.0,0.0,40.0,0.8,0.0
2023-04-11 11:30:00+02:00,0.0,0.0,0.0,40.0,0.8,0.0
2023-04-11 11:45:00+02:00,0.0,0.0,0.0,40.0,0.8,0.0
2023-04-11 12:00:00+02:00,0.0,0.0,0.0,40.0,0.8,0.0
2023-04-11 12:15:00+02:00,0.0,0.0,0.0,40.0,0.8,0.0
2023-04-11 12:30:00+02:00,0.0,0.0,0.0,40.0,0.8,0.0
2023-04-11 12:45:00+02:00,0.0,0.0,0.0,40.0,0.8,0.0
2023-04-11 13:00:00+02:00,0.0,0.0,0.0,40.0,0.8,0.0
2023-04-11 13:15:00+02:00,0.0,0.0,0.0,40.0,0.8,0.0
2023-04-11 13:30:00+02:00,0.0,0.0,0.0,40.0,0.8,0.0
2023-04-11 13:45:00+02:00,0.0,0.0,0.0,40.0,0.8,0.0
2023-04-11 14:00:00+02:00,0.0,0.0,0.0,40.0,0.8,0.0
2023-04-11 14:15:00+02:00,0.0,0.0,0.0,40.0,0.8,0.0
2023-04-11 14:30:00+02:00,0.0,0.0,0.0,40.0,0.8,0.0
2023-04-11 14:45:00+02:00,0.0,0.0,0.0,40.0,0.8,0.0
2023-04-11 15:00:00+02:00,0.0,0.0,0.0,40.0,0.62084652,8.9576737683618
2023-04-11 15:15:00+02:00,0.0,0.0,0.0,31.042326,0.62084652,0.0
2023-04-11 15:30:00+02:00,0.0,0.0,0.0,31.042326,0.62084652,0.0
2023-04-11 15:45:00+02:00,0.0,0.0,0.0,31.042326,0.62084652,0.0
2023-04-11 16:00:00+02:00,0.0,0.0,0.0,31.042326,0.62084652,0.0
2023-04-11 16:15:00+02:00,0.0,0.0,0.0,31.042326,0.62084652,0.0
2023-04-11 16:30:00+02:00,0.0,0.0,0.0,31.042326,0.62084652,0.0
2023-04-11 16:45:00+02:00,0.0,0.0,0.0,31.042326,0.62084652,0.0
2023-04-11 17:00:00+02:00,0.0,0.0,0.0,31.042326,0.62084652,0.0
2023-04-11 17:15:00+02:00,0.0,0.0,0.0,31.042326,0.62084652,0.0
2023-04-11 17:30:00+02:00,0.0,0.0,0.0,31.042326,0.62084652,0.0
2023-04-11 17:45:00+02:00,0.0,0.0,0.0,31.042326,0.62084652,0.0
2023-04-11 18:00:00+02:00,0.0,0.0,0.0,31.042326,0.62084652,0.0
2023-04-11 18:15:00+02:00,0.0,0.0,0.0,31.042326,0.62084652,0.0
2023-04-11 18:30:00+02:00,0.0,0.0,0.0,31.042326,0.62084652,0.0
2023-04-11 18:45:00+02:00,0.0,0.0,0.0,31.042326,0.62084652,0.0
2023-04-11 19:00:00+02:00,0.0,0.0,0.0,31.042326,0.62084652,0.0
2023-04-11 19:15:00+02:00,0.0,0.0,0.0,31.042326,0.62084652,0.0
2023-04-11 19:30:00+02:00,0.0,0.0,0.0,31.042326,0.62084652,0.0
2023-04-11 19:45:00+02:00,0.0,0.0,0.0,31.042326,0.62084652,0.0
2023-04-11 20:00:00+02:00,0.0,0.0,0.0,31.042326,0.62084652,0.0
2023-04-11 20:15:00+02:00,0.0,0.0,0.0,31.042326,0.62084652,0.0
2023-04-11 20:30:00+02:00,0.0,0.0,0.0,31.042326,0.62084652,0.0
2023-04-11 20:45:00+02:00,0.0,0.0,0.0,31.042326,0.62084652,0.0
2023-04-11 21:00:00+02:00,0.0,0.0,0.0,31.042326,0.62084652,0.0
2023-04-11 21:15:00+02:00,0.0,0.0,0.0,31.042326,0.62084652,0.0
2023-04-11 21:30:00+02:00,0.0,0.0,0.0,31.042326,0.62084652,0.0
2023-04-11 21:45:00+02:00,0.0,0.0,0.0,31.042326,0.62084652,0.0
2023-04-11 22:00:00+02:00,0.0,0.0,0.0,31.042326,0.62084652,0.0
2023-04-11 22:15:00+02:00,0.0,0.0,0.0,31.042326,0.62084652,0.0
2023-04-11 22:30:00+02:00,0.0,0.0,0.0,31.042326,0.62084652,0.0
2023-04-11 22:45:00+02:00,0.0,0.0,0.0,31.042326,0.62084652,0.0
2023-04-11 23:00:00+02:00,0.0,0.0,0.0,31.042326,0.62084652,0.0
2023-04-11 23:15:00+02:00,0.0,0.0,0.0,31.042326,0.62084652,0.0
2023-04-11 23:30:00+02:00,0.0,0.0,0.0,31.042326,0.62084652,0.0
2023-04-11 23:45:00+02:00,0.0,0.0,0.0,31.042326,0.62084652,0.0
2023-04-12 00:00:00+02:00,0.0,0.0,0.0,31.042326,0.62084652,0.0
2023-04-12 00:15:00+02:00,0.0,0.0,0.0,31.042326,0.62084652,0.0
2023-04-12 00:30:00+02:00,0.0,0.0,0.0,31.042326,0.62084652,0.0
2023-04-12 00:45:00+02:00,0.0,0.0,0.0,31.042326,0.62084652,0.0
2023-04-12 01:00:00+02:00,0.0,0.0,0.0,31.042326,0.62084652,0.0
2023-04-12 01:15:00+02:00,0.0,0.0,0.0,31.042326,0.62084652,0.0
2023-04-12 01:30:00+02:00,0.0,0.0,0.0,31.042326,0.62084652,0.0
2023-04-12 01:45:00+02:00,0.0,0.0,0.0,31.042326,0.62084652,0.0
2023-04-12 02:00:00+02:00,0.0,0.0,0.0,31.042326,0.62084652,0.0
2023-04-12 02:15:00+02:00,0.0,0.0,0.0,31.042326,0.62084652,0.0
2023-04-12 02:30:00+02:00,0.0,0.0,0.0,31.042326,0.62084652,0.0
2023-04-12 02:45:00+02:00,0.0,0.0,0.0,31.042326,0.62084652,0.0
2023-04-12 03:00:00+02:00,0.0,0.0,0.0,31.042326,0.62084652,0.0
2023-04-12 03:15:00+02:00,0.0,0.0,0.0,31.042326,0.62084652,0.0
2023-04-12 03:30:00+02:00,0.0,0.0,0.0,31.042326,0.62084652,0.0
2023-04-12 03:45:00+02:00,0.0,0.0,0.0,31.042326,0.62084652,0.0
2023-04-12 04:00:00+02:00,0.0,0.0,0.0,31.042326,0.62084652,0.0
2023-04-12 04:15:00+02:00,0.0,0.0,0.0,31.042326,0.62084652,0.0
2023-04-12 04:30:00+02:00,0.0,0.0,0.0,31.042326,0.62084652,0.0
2023-04-12 04:45:00+02:00,0.0,0.0,0.0,31.042326,0.62084652,0.0
2023-04-12 05:00:00+02:00,0.0,0.0,0.0,31.042326,0.62084652,0.0
2023-04-12 05:15:00+02:00,0.0,0.0,0.0,31.042326,0.62084652,0.0
2023-04-12 05:30:00+02:00,0.0,0.0,0.0,31.042326,0.62084652,0.0
2023-04-12 05:45:00+02:00,0.0,0.0,0.0,31.042326,0.62084652,0.0
2023-04-12 06:00:00+02:00,0.0,0.0,0.0,31.042326,0.62084652,0.0
2023-04-12 06:15:00+02:00,0.0,0.0,0.0,31.042326,0.62084652,0.0
2023-04-12 06:30:00+02:00,0.0,0.0,0.0,31.042326,0.62084652,0.0
2023-04-12 06:45:00+02:00,0.0,0.0,0.0,31.042326,0.62084652,0.0
2023-04-12 07:00:00+02:00,0.0,0.0,0.0,31.042326,0.62084652,0.0
2023-04-12 07:15:00+02:00,0.10987312,0.0,0.10987312,31.042326,0.62136842,0.0
2023-04-12 07:30:00+02:00,0.0,0.0,0.0,31.068421,0.62136842,0.0
2023-04-12 07:45:00+02:00,0.77050346,0.0,0.77050346,31.068421,0.62502832,0.0
2023-04-12 08:00:00+02:00,0.0,0.0,0.0,31.251416,0.62502832,0.0
2023-04-12 08:15:00+02:00,1.0953528,0.0,1.0953528,31.251416,0.6302312400000001,0.0
2023-04-12 08:30:00+02:00,1.7860377,0.0,1.7860377,31.511562,0.6387149200000001,0.0
2023-04-12 08:45:00+02:00,2.9275605,0.0,2.9275605,31.935746,0.65262084,0.0
2023-04-12 09:00:00+02:00,0.0,0.0,0.0,32.631042,0.65262084,0.0
2023-04-12 09:15:00+02:00,3.0258421,0.0,3.0258421,32.631042,0.6669935800000001,0.0
2023-04-12 09:30:00+02:00,0.0,0.0,0.0,33.349679,0.6669935800000001,0.0
2023-04-12 09:45:00+02:00,2.1458634,0.0,2.1458634,33.349679,0.67718644,0.0
2023-04-12 10:00:00+02:00,2.4114188,0.0,2.4114188,33.859322,0.68864068,0.0
2023-04-12 10:15:00+02:00,0.0,0.0,0.0,34.432034,0.68864068,0.0
2023-04-12 10:30:00+02:00,1.1244027,0.0,1.1244027,34.432034,0.69398158,0.0
2023-04-12 10:45:00+02:00,0.0,0.0,0.0,34.699079,0.69398158,0.0
2023-04-12 11:00:00+02:00,1.5447891,0.0,1.5447891,34.699079,0.70131934,0.0
2023-04-12 11:15:00+02:00,2.0686038,0.0,2.0686038,35.065967,0.7111452,0.0
2023-04-12 11:30:00+02:00,1.4121429,0.0,1.4121429,35.55726,0.7178528799999999,0.0
2023-04-12 11:45:00+02:00,0.0,0.0,0.0,35.892644,0.7178528799999999,0.0
2023-04-12 12:00:00+02:00,0.0,0.0,0.0,35.892644,0.7178528799999999,0.0
2023-04-12 12:15:00+02:00,2.4471526,0.0,2.4471526,35.892644,0.72947686,0.0
2023-04-12 12:30:00+02:00,3.1055763,0.0,3.1055763,36.473843,0.7442283399999999,0.0
2023-04-12 12:45:00+02:00,3.8439649,0.0,3.8439649,37.211417,0.7624871799999999,0.0
2023-04-12 13:00:00+02:00,7.0532807,0.0,7.0532807,38.124359,0.79599026,0.0
2023-04-12 13:15:00+02:00,5.5613453,0.0,5.5613453,39.799513,0.82240664,0.0
2023-04-12 13:30:00+02:00,0.0,0.0,0.0,41.120332,0.82240664,0.0
2023-04-12 13:45:00+02:00,7.2905031,0.0,7.2905031,41.120332,0.85703654,0.0
2023-04-12 14:00:00+02:00,6.9905434,0.0,6.9905434,42.851827,0.8902416200000001,0.0
2023-04-12 14:15:00+02:00,6.6669592,0.0,6.6669592,44.512081,0.92190968,0.0
2023-04-12 14:30:00+02:00,6.3992196,0.0,6.3992196,46.095484,0.95230596,0.0
2023-04-12 14:45:00+02:00,0.0,0.0,0.0,47.615298,0.95230596,0.0
2023-04-12 15:00:00+02:00,0.66851144,0.0,0.66851144,47.615298,0.9554814,0.0
2023-04-12 15:15:00+02:00,0.34309521,0.0,0.34309521,47.77407,0.9571111000000001,0.0
2023-04-12 15:30:00+02:00,0.0,0.0,0.0,47.855555,0.9571111000000001,0.0
2023-04-12 15:45:00+02:00,0.0,0.0,0.0,47.855555,0.9571111000000001,0.0
2023-04-12 16:00:00+02:00,0.0,0.0,0.0,47.855555,0.9571111000000001,0.0
2023-04-12 16:15:00+02:00,0.0,0.0,0.0,47.855555,0.9571111000000001,0.0
2023-04-12 16:30:00+02:00,0.0,0.0,0.0,47.855555,0.9571111000000001,0.0
2023-04-12 16:45:00+02:00,0.0,0.0,0.0,47.855555,0.9571111000000001,0.0
2023-04-12 17:00:00+02:00,0.0,0.0,0.0,47.855555,0.9571111000000001,0.0
2023-04-12 17:15:00+02:00,0.0,0.0,0.0,47.855555,0.9571111000000001,0.0
2023-04-12 17:30:00+02:00,0.0,0.0,0.0,47.855555,0.9571111000000001,0.0
2023-04-12 17:45:00+02:00,0.0,0.0,0.0,47.855555,0.9571111000000001,0.0
2023-04-12 18:00:00+02:00,0.0,0.0,0.0,47.855555,0.9571111000000001,0.0
2023-04-12 18:15:00+02:00,0.0,0.0,0.0,47.855555,0.9571111000000001,0.0
2023-04-12 18:30:00+02:00,0.0,0.0,0.0,47.855555,0.9571111000000001,0.0
2023-04-12 18:45:00+02:00,0.0,0.0,0.0,47.855555,0.9571111000000001,0.0
2023-04-12 19:00:00+02:00,0.0,0.0,0.0,47.855555,0.9571111000000001,0.0
2023-04-12 19:15:00+02:00,0.0,0.0,0.0,47.855555,0.9571111000000001,0.0
2023-04-12 19:30:00+02:00,0.0,0.0,0.0,47.855555,0.9571111000000001,0.0
2023-04-12 19:45:00+02:00,0.0,0.0,0.0,47.855555,0.9571111000000001,0.0
2023-04-12 20:00:00+02:00,0.0,0.0,0.0,47.855555,0.9571111000000001,0.0
2023-04-12 20:15:00+02:00,0.0,0.0,0.0,47.855555,0.9571111000000001,0.0
2023-04-12 20:30:00+02:00,0.0,0.0,0.0,47.855555,0.9571111000000001,0.0
2023-04-12 20:45:00+02:00,0.0,0.0,0.0,47.855555,0.9571111000000001,0.0
2023-04-12 21:00:00+02:00,0.0,0.0,0.0,47.855555,0.9571111000000001,0.0
2023-04-12 21:15:00+02:00,0.0,0.0,0.0,47.855555,0.9571111000000001,0.0
2023-04-12 21:30:00+02:00,0.0,0.0,0.0,47.855555,0.9571111000000001,0.0
2023-04-12 21:45:00+02:00,0.0,0.0,0.0,47.855555,0.9571111000000001,0.0
2023-04-12 22:00:00+02:00,0.0,0.0,0.0,47.855555,0.9571111000000001,0.0
2023-04-12 22:15:00+02:00,0.0,0.0,0.0,47.855555,0.9571111000000001,0.0
2023-04-12 22:30:00+02:00,0.0,0.0,0.0,47.855555,0.9571111000000001,0.0
2023-04-12 22:45:00+02:00,0.0,0.0,0.0,47.855555,0.9571111000000001,0.0
2023-04-12 23:00:00+02:00,0.0,0.0,0.0,47.855555,0.9571111000000001,0.0
2023-04-12 23:15:00+02:00,0.0,0.0,0.0,47.855555,0.9571111000000001,0.0
2023-04-12 23:30:00+02:00,0.0,0.0,0.0,47.855555,0.9571111000000001,0.0
2023-04-12 23:45:00+02:00,0.0,0.0,0.0,47.855555,0.9571111000000001,0.0
2023-04-13 00:00:00+02:00,0.0,0.0,0.0,47.855555,0.9571111000000001,0.0
2023-04-13 00:15:00+02:00,0.0,0.0,0.0,47.855555,0.9571111000000001,0.0
2023-04-13 00:30:00+02:00,0.0,0.0,0.0,47.855555,0.9571111000000001,0.0
2023-04-13 00:45:00+02:00,0.0,0.0,0.0,47.855555,0.9571111000000001,0.0
2023-04-13 01:00:00+02:00,0.0,0.0,0.0,47.855555,0.9571111000000001,0.0
2023-04-13 01:15:00+02:00,0.0,0.0,0.0,47.855555,0.9571111000000001,0.0
2023-04-13 01:30:00+02:00,0.0,0.0,0.0,47.855555,0.9571111000000001,0.0
2023-04-13 01:45:00+02:00,0.0,0.0,0.0,47.855555,0.9571111000000001,0.0
2023-04-13 02:00:00+02:00,0.0,0.0,0.0,47.855555,0.9571111000000001,0.0
2023-04-13 02:15:00+02:00,0.0,0.0,0.0,47.855555,0.9571111000000001,0.0
2023-04-13 02:30:00+02:00,0.0,0.0,0.0,47.855555,0.9571111000000001,0.0
2023-04-13 02:45:00+02:00,0.0,0.0,0.0,47.855555,0.9571111000000001,0.0
2023-04-13 03:00:00+02:00,0.0,0.0,0.0,47.855555,0.9571111000000001,0.0
2023-04-13 03:15:00+02:00,0.0,0.0,0.0,47.855555,0.9571111000000001,0.0
2023-04-13 03:30:00+02:00,0.0,0.0,0.0,47.855555,0.9571111000000001,0.0
2023-04-13 03:45:00+02:00,0.0,0.0,0.0,47.855555,0.9571111000000001,0.0
2023-04-13 04:00:00+02:00,0.0,0.0,0.0,47.855555,0.9571111000000001,0.0
2023-04-13 04:15:00+02:00,0.0,0.0,0.0,47.855555,0.9571111000000001,0.0
2023-04-13 04:30:00+02:00,0.0,0.0,0.0,47.855555,0.9571111000000001,0.0
2023-04-13 04:45:00+02:00,0.0,0.0,0.0,47.855555,0.9571111000000001,0.0
2023-04-13 05:00:00+02:00,0.0,0.0,0.0,47.855555,0.9571111000000001,0.0
2023-04-13 05:15:00+02:00,0.0,0.0,0.0,47.855555,0.9571111000000001,0.0
2023-04-13 05:30:00+02:00,0.0,0.0,0.0,47.855555,0.9571111000000001,0.0
2023-04-13 05:45:00+02:00,0.0,0.0,0.0,47.855555,0.9571111000000001,0.0
2023-04-13 06:00:00+02:00,0.0,0.0,0.0,47.855555,0.9571111000000001,0.0
2023-04-13 06:15:00+02:00,0.0,0.0,0.0,47.855555,0.9571111000000001,0.0
2023-04-13 06:30:00+02:00,0.0,0.0,0.0,47.855555,0.9571111000000001,0.0
2023-04-13 06:45:00+02:00,0.027479639,0.0,0.027479639,47.855555,0.95724162,0.0
2023-04-13 07:00:00+02:00,0.0,0.0,0.0,47.862081,0.95724162,0.0
2023-04-13 07:15:00+02:00,1.1437138,0.0,1.1437138,47.862081,0.96267426,0.0
2023-04-13 07:30:00+02:00,1.7774603,0.0,1.7774603,48.133713,0.9711172,0.0
2023-04-13 07:45:00+02:00,2.3485279,0.0,2.3485279,48.55586,0.98227272,0.0
2023-04-13 08:00:00+02:00,0.0,0.0,0.0,49.113636,0.98227272,0.0
2023-04-13 08:15:00+02:00,3.7320608,0.0,3.7320608,49.113636,1.0,0.0
2023-04-13 08:30:00+02:00,0.0,0.0,0.0,50.0,1.0,0.0
2023-04-13 08:45:00+02:00,0.0,0.0,0.0,50.0,1.0,0.0
2023-04-13 09:00:00+02:00,0.0,0.0,0.0,50.0,1.0,0.0
2023-04-13 09:15:00+02:00,0.0,0.0,0.0,50.0,1.0,0.0
2023-04-13 09:30:00+02:00,0.0,0.0,0.0,50.0,1.0,0.0
2023-04-13 09:45:00+02:00,0.0,0.0,0.0,50.0,1.0,0.0
2023-04-13 10:00:00+02:00,0.0,0.0,0.0,50.0,1.0,0.0
2023-04-13 10:15:00+02:00,0.0,0.0,0.0,50.0,1.0,0.0
2023-04-13 10:30:00+02:00,0.0,0.0,0.0,50.0,1.0,0.0
2023-04-13 10:45:00+02:00,0.0,0.0,0.0,50.0,1.0,0.0
2023-04-13 11:00:00+02:00,0.0,0.0,0.0,50.0,1.0,0.0
2023-04-13 11:15:00+02:00,0.0,0.0,0.0,50.0,1.0,0.0
2023-04-13 11:30:00+02:00,0.0,0.0,0.0,50.0,1.0,0.0
2023-04-13 11:45:00+02:00,0.0,0.0,0.0,50.0,1.0,0.0
2023-04-13 12:00:00+02:00,0.0,0.0,0.0,50.0,1.0,0.0
2023-04-13 12:15:00+02:00,0.0,0.0,0.0,50.0,1.0,0.0
2023-04-13 12:30:00+02:00,0.0,0.0,0.0,50.0,1.0,0.0
2023-04-13 12:45:00+02:00,0.0,0.0,0.0,50.0,1.0,0.0
2023-04-13 13:00:00+02:00,0.0,0.0,0.0,50.0,1.0,0.0
2023-04-13 13:15:00+02:00,0.0,0.0,0.0,50.0,1.0,0.0
2023-04-13 13:30:00+02:00,0.0,0.0,0.0,50.0,1.0,0.0
2023-04-13 13:45:00+02:00,0.0,0.0,0.0,50.0,1.0,0.0
2023-04-13 14:00:00+02:00,0.0,0.0,0.0,50.0,1.0,0.0
2023-04-13 14:15:00+02:00,0.0,0.0,0.0,50.0,1.0,0.0
2023-04-13 14:30:00+02:00,0.0,0.0,0.0,50.0,1.0,0.0
2023-04-13 14:45:00+02:00,0.0,0.0,0.0,50.0,1.0,0.0
2023-04-13 15:00:00+02:00,0.0,0.0,0.0,50.0,1.0,0.0
2023-04-13 15:15:00+02:00,0.0,0.0,0.0,50.0,1.0,0.0
2023-04-13 15:30:00+02:00,0.0,0.0,0.0,50.0,1.0,0.0
2023-04-13 15:45:00+02:00,0.0,0.0,0.0,50.0,1.0,0.0
2023-04-13 16:00:00+02:00,0.0,0.0,0.0,50.0,1.0,0.0
2023-04-13 16:15:00+02:00,0.0,0.0,0.0,50.0,1.0,0.0
2023-04-13 16:30:00+02:00,0.0,0.0,0.0,50.0,1.0,0.0
2023-04-13 16:45:00+02:00,0.0,0.0,0.0,50.0,1.0,0.0
2023-04-13 17:00:00+02:00,0.0,0.0,0.0,50.0,1.0,0.0
2023-04-13 17:15:00+02:00,0.0,0.0,0.0,50.0,1.0,0.0
2023-04-13 17:30:00+02:00,0.0,0.0,0.0,50.0,0.8354212,8.228939701254953
2023-04-13 17:45:00+02:00,0.0,0.0,0.0,41.77106,0.8354212,0.0
2023-04-13 18:00:00+02:00,0.0,0.0,0.0,41.77106,0.8354212,0.0
2023-04-13 18:15:00+02:00,0.0,0.0,0.0,41.77106,0.8354212,0.0
2023-04-13 18:30:00+02:00,0.0,0.0,0.0,41.77106,0.8354212,0.0
2023-04-13 18:45:00+02:00,0.0,0.0,0.0,41.77106,0.8354212,0.0
2023-04-13 19:00:00+02:00,0.0,0.0,0.0,41.77106,0.8354212,0.0
2023-04-13 19:15:00+02:00,0.0,0.0,0.0,41.77106,0.8354212,0.0
2023-04-13 19:30:00+02:00,0.0,0.0,0.0,41.77106,0.8354212,0.0
2023-04-13 19:45:00+02:00,0.0,0.0,0.0,41.77106,0.8354212,0.0
2023-04-13 20:00:00+02:00,0.0,0.0,0.0,41.77106,0.8354212,0.0
2023-04-13 20:15:00+02:00,0.0,0.0,0.0,41.77106,0.8354212,0.0
2023-04-13 20:30:00+02:00,0.0,0.0,0.0,41.77106,0.8354212,0.0
2023-04-13 20:45:00+02:00,0.0,0.0,0.0,41.77106,0.8354212,0.0
2023-04-13 21:00:00+02:00,0.0,0.0,0.0,41.77106,0.8354212,0.0
2023-04-13 21:15:00+02:00,0.0,0.0,0.0,41.77106,0.8354212,0.0
2023-04-13 21:30:00+02:00,0.0,0.0,0.0,41.77106,0.8354212,0.0
2023-04-13 21:45:00+02:00,0.0,0.0,0.0,41.77106,0.8354212,0.0
2023-04-13 22:00:00+02:00,0.0,0.0,0.0,41.77106,0.8354212,0.0
2023-04-13 22:15:00+02:00,0.0,0.0,0.0,41.77106,0.8354212,0.0
2023-04-13 22:30:00+02:00,0.0,0.0,0.0,41.77106,0.8354212,0.0
2023-04-13 22:45:00+02:00,0.0,0.0,0.0,41.77106,0.8354212,0.0
2023-04-13 23:00:00+02:00,0.0,0.0,0.0,41.77106,0.8354212,0.0
2023-04-13 23:15:00+02:00,0.0,0.0,0.0,41.77106,0.8354212,0.0
2023-04-13 23:30:00+02:00,0.0,0.0,0.0,41.77106,0.8354212,0.0
2023-04-13 23:45:00+02:00,0.0,0.0,0.0,41.77106,0.8354212,0.0
2023-04-14 00:00:00+02:00,0.0,0.0,0.0,41.77106,0.8354212,0.0
2023-04-14 00:15:00+02:00,0.0,0.0,0.0,41.77106,0.8354212,0.0
2023-04-14 00:30:00+02:00,0.0,0.0,0.0,41.77106,0.8354212,0.0
2023-04-14 00:45:00+02:00,0.0,0.0,0.0,41.77106,0.8354212,0.0
2023-04-14 01:00:00+02:00,0.0,0.0,0.0,41.77106,0.8354212,0.0
2023-04-14 01:15:00+02:00,0.0,0.0,0.0,41.77106,0.8354212,0.0
2023-04-14 01:30:00+02:00,0.0,0.0,0.0,41.77106,0.8354212,0.0
2023-04-14 01:45:00+02:00,0.0,0.0,0.0,41.77106,0.8354212,0.0
2023-04-14 02:00:00+02:00,0.0,0.0,0.0,41.77106,0.8354212,0.0
2023-04-14 02:15:00+02:00,0.0,0.0,0.0,41.77106,0.8354212,0.0
2023-04-14 02:30:00+02:00,0.0,0.0,0.0,41.77106,0.8354212,0.0
2023-04-14 02:45:00+02:00,0.0,0.0,0.0,41.77106,0.8354212,0.0
2023-04-14 03:00:00+02:00,0.0,0.0,0.0,41.77106,0.8354212,0.0
2023-04-14 03:15:00+02:00,0.0,0.0,0.0,41.77106,0.8354212,0.0
2023-04-14 03:30:00+02:00,0.0,0.0,0.0,41.77106,0.8354212,0.0
2023-04-14 03:45:00+02:00,0.0,0.0,0.0,41.77106,0.8354212,0.0
2023-04-14 04:00:00+02:00,0.0,0.0,0.0,41.77106,0.8354212,0.0
2023-04-14 04:15:00+02:00,0.0,0.0,0.0,41.77106,0.8354212,0.0
2023-04-14 04:30:00+02:00,0.0,0.0,0.0,41.77106,0.8354212,0.0
2023-04-14 04:45:00+02:00,0.0,0.0,0.0,41.77106,0.8354212,0.0
2023-04-14 05:00:00+02:00,0.0,0.0,0.0,41.77106,0.8354212,0.0
2023-04-14 05:15:00+02:00,0.0,0.0,0.0,41.77106,0.8354212,0.0
2023-04-14 05:30:00+02:00,0.0,0.0,0.0,41.77106,0.8354212,0.0
2023-04-14 05:45:00+02:00,0.0,0.0,0.0,41.77106,0.8354212,0.0
2023-04-14 06:00:00+02:00,0.0,0.0,0.0,41.77106,0.8354212,0.0
2023-04-14 06:15:00+02:00,0.010766541,0.0,0.010766541,41.77106,0.83547234,0.0
2023-04-14 06:30:00+02:00,0.13744304,0.0,0.13744304,41.773617,0.8361252,0.0
2023-04-14 06:45:00+02:00,0.18349529,0.0,0.18349529,41.80626,0.8369968,0.0
2023-04-14 07:00:00+02:00,0.27871283,0.0,0.27871283,41.84984,0.8383207,0.0
2023-04-14 07:15:00+02:00,0.98682781,0.0,0.98682781,41.916035,0.8430081199999999,0.0
2023-04-14 07:30:00+02:00,1.3735459,0.0,1.3735459,42.150406,0.8495324599999999,0.0
2023-04-14 07:45:00+02:00,5.1043346,0.0,5.1043346,42.476623,0.87377806,0.0
2023-04-14 08:00:00+02:00,7.6189478,0.0,7.6189478,43.688903,0.9099680600000001,0.0
2023-04-14 08:15:00+02:00,7.8910092,0.0,7.8910092,45.498403,0.9474503599999999,0.0
2023-04-14 08:30:00+02:00,8.2726368,0.0,8.2726368,47.372518,0.98674538,0.0
2023-04-14 08:45:00+02:00,0.0,0.0,0.0,49.337269,0.98674538,0.0
2023-04-14 09:00:00+02:00,0.0,0.0,0.0,49.337269,0.98674538,0.0
2023-04-14 09:15:00+02:00,0.0,0.0,0.0,49.337269,0.98674538,0.0
2023-04-14 09:30:00+02:00,0.0,0.0,0.0,49.337269,0.98674538,0.0
2023-04-14 09:45:00+02:00,0.0,0.0,0.0,49.337269,0.98674538,0.0
2023-04-14 10:00:00+02:00,0.0,0.0,0.0,49.337269,0.98674538,0.0
2023-04-14 10:15:00+02:00,0.0,0.0,0.0,49.337269,0.98674538,0.0
2023-04-14 10:30:00+02:00,0.0,0.0,0.0,49.337269,0.98674538,0.0
2023-04-14 10:45:00+02:00,0.0,0.0,0.0,49.337269,0.98674538,0.0
2023-04-14 11:00:00+02:00,0.0,0.0,0.0,49.337269,0.98674538,0.0
2023-04-14 11:15:00+02:00,0.0,0.0,0.0,49.337269,0.98674538,0.0
2023-04-14 11:30:00+02:00,0.0,0.0,0.0,49.337269,0.98674538,0.0
2023-04-14 11:45:00+02:00,0.0,0.0,0.0,49.337269,0.98674538,0.0
2023-04-14 12:00:00+02:00,0.0,0.0,0.0,49.337269,0.98674538,0.0
2023-04-14 12:15:00+02:00,0.0,0.0,0.0,49.337269,0.98674538,0.0
2023-04-14 12:30:00+02:00,0.0,0.0,0.0,49.337269,0.98674538,0.0
2023-04-14 12:45:00+02:00,0.0,0.0,0.0,49.337269,0.98674538,0.0
2023-04-14 13:00:00+02:00,0.0,0.0,0.0,49.337269,0.98674538,0.0
2023-04-14 13:15:00+02:00,0.0,0.0,0.0,49.337269,0.98674538,0.0
2023-04-14 13:30:00+02:00,0.0,0.0,0.0,49.337269,0.98674538,0.0
2023-04-14 13:45:00+02:00,0.0,0.0,0.0,49.337269,0.98674538,0.0
2023-04-14 14:00:00+02:00,0.0,0.0,0.0,49.337269,0.98674538,0.0
2023-04-14 14:15:00+02:00,0.0,0.0,0.0,49.337269,0.98674538,0.0
2023-04-14 14:30:00+02:00,0.0,0.0,0.0,49.337269,0.98674538,0.0
2023-04-14 14:45:00+02:00,0.0,0.0,0.0,49.337269,0.98674538,0.0
2023-04-14 15:00:00+02:00,0.0,0.0,0.0,49.337269,0.98674538,0.0
2023-04-14 15:15:00+02:00,0.0,0.0,0.0,49.337269,0.98674538,0.0
2023-04-14 15:30:00+02:00,0.0,0.0,0.0,49.337269,0.98674538,0.0
2023-04-14 15:45:00+02:00,0.0,0.0,0.0,49.337269,0.98674538,0.0
2023-04-14 16:00:00+02:00,0.0,0.0,0.0,49.337269,0.98674538,0.0
2023-04-14 16:15:00+02:00,0.0,0.0,0.0,49.337269,0.98674538,0.0
2023-04-14 16:30:00+02:00,0.0,0.0,0.0,49.337269,0.98674538,0.0
2023-04-14 16:45:00+02:00,0.0,0.0,0.0,49.337269,0.8230747599999999,8.183530424796752
2023-04-14 17:00:00+02:00,1.6011779,0.0,1.6011779,41.153738,0.8306803600000001,0.0
2023-04-14 17:15:00+02:00,1.0573138,0.0,1.0573138,41.534018,0.8357026000000001,0.0
2023-04-14 17:30:00+02:00,0.48157182,0.0,0.48157182,41.78513,0.8379900600000001,0.0
2023-04-14 17:45:00+02:00,0.20455049,0.0,0.20455049,41.899503,0.83896168,0.0
2023-04-14 18:00:00+02:00,0.0,0.0,0.0,41.948084,0.83896168,0.0
2023-04-14 18:15:00+02:00,0.0,0.0,0.0,41.948084,0.83896168,0.0
2023-04-14 18:30:00+02:00,0.0,0.0,0.0,41.948084,0.83896168,0.0
2023-04-14 18:45:00+02:00,0.0,0.0,0.0,41.948084,0.83896168,0.0
2023-04-14 19:00:00+02:00,0.0,0.0,0.0,41.948084,0.83896168,0.0
2023-04-14 19:15:00+02:00,0.0,0.0,0.0,41.948084,0.83896168,0.0
2023-04-14 19:30:00+02:00,0.0,0.0,0.0,41.948084,0.83896168,0.0
2023-04-14 19:45:00+02:00,0.0,0.0,0.0,41.948084,0.83896168,0.0
2023-04-14 20:00:00+02:00,0.0,0.0,0.0,41.948084,0.83896168,0.0
2023-04-14 20:15:00+02:00,0.0,0.0,0.0,41.948084,0.83896168,0.0
2023-04-14 20:30:00+02:00,0.0,0.0,0.0,41.948084,0.83896168,0.0
2023-04-14 20:45:00+02:00,0.0,0.0,0.0,41.948084,0.83896168,0.0
2023-04-14 21:00:00+02:00,0.0,0.0,0.0,41.948084,0.83896168,0.0
2023-04-14 21:15:00+02:00,0.0,0.0,0.0,41.948084,0.83896168,0.0
2023-04-14 21:30:00+02:00,0.0,0.0,0.0,41.948084,0.83896168,0.0
2023-04-14 21:45:00+02:00,0.0,0.0,0.0,41.948084,0.83896168,0.0
2023-04-14 22:00:00+02:00,0.0,0.0,0.0,41.948084,0.83896168,0.0
2023-04-14 22:15:00+02:00,0.0,0.0,0.0,41.948084,0.83896168,0.0
2023-04-14 22:30:00+02:00,0.0,0.0,0.0,41.948084,0.83896168,0.0
2023-04-14 22:45:00+02:00,0.0,0.0,0.0,41.948084,0.83896168,0.0
2023-04-14 23:00:00+02:00,0.0,0.0,0.0,41.948084,0.83896168,0.0
2023-04-14 23:15:00+02:00,0.0,0.0,0.0,41.948084,0.83896168,0.0
2023-04-14 23:30:00+02:00,0.0,0.0,0.0,41.948084,0.83896168,0.0
2023-04-14 23:45:00+02:00,0.0,0.0,0.0,41.948084,0.83896168,0.0
2023-04-15 00:00:00+02:00,0.0,0.0,0.0,41.948084,0.83896168,0.0
2023-04-15 00:15:00+02:00,0.0,0.0,0.0,41.948084,0.83896168,0.0
2023-04-15 00:30:00+02:00,0.0,0.0,0.0,41.948084,0.83896168,0.0
2023-04-15 00:45:00+02:00,0.0,0.0,0.0,41.948084,0.83896168,0.0
2023-04-15 01:00:00+02:00,0.0,0.0,0.0,41.948084,0.83896168,0.0
2023-04-15 01:15:00+02:00,0.0,0.0,0.0,41.948084,0.83896168,0.0
2023-04-15 01:30:00+02:00,0.0,0.0,0.0,41.948084,0.83896168,0.0
2023-04-15 01:45:00+02:00,0.0,0.0,0.0,41.948084,0.83896168,0.0
2023-04-15 02:00:00+02:00,0.0,0.0,0.0,41.948084,0.83896168,0.0
2023-04-15 02:15:00+02:00,0.0,0.0,0.0,41.948084,0.83896168,0.0
2023-04-15 02:30:00+02:00,0.0,0.0,0.0,41.948084,0.83896168,0.0
2023-04-15 02:45:00+02:00,0.0,0.0,0.0,41.948084,0.83896168,0.0
2023-04-15 03:00:00+02:00,0.0,0.0,0.0,41.948084,0.83896168,0.0
2023-04-15 03:15:00+02:00,0.0,0.0,0.0,41.948084,0.83896168,0.0
2023-04-15 03:30:00+02:00,0.0,0.0,0.0,41.948084,0.83896168,0.0
2023-04-15 03:45:00+02:00,0.0,0.0,0.0,41.948084,0.83896168,0.0
2023-04-15 04:00:00+02:00,0.0,0.0,0.0,41.948084,0.83896168,0.0
2023-04-15 04:15:00+02:00,0.0,0.0,0.0,41.948084,0.83896168,0.0
2023-04-15 04:30:00+02:00,0.0,0.0,0.0,41.948084,0.83896168,0.0
2023-04-15 04:45:00+02:00,0.0,0.0,0.0,41.948084,0.83896168,0.0
2023-04-15 05:00:00+02:00,0.0,0.0,0.0,41.948084,0.83896168,0.0
2023-04-15 05:15:00+02:00,0.0,0.0,0.0,41.948084,0.83896168,0.0
2023-04-15 05:30:00+02:00,0.0,0.0,0.0,41.948084,0.83896168,0.0
2023-04-15 05:45:00+02:00,0.0,0.0,0.0,41.948084,0.83896168,0.0
2023-04-15 06:00:00+02:00,0.0,0.0,0.0,41.948084,0.83896168,0.0
2023-04-15 06:15:00+02:00,0.021310816,0.0,0.021310816,41.948084,0.8390629,0.0
2023-04-15 06:30:00+02:00,0.16429965,0.0,0.16429965,41.953145,0.83984334,0.0
2023-04-15 06:45:00+02:00,0.59134445,0.0,0.59134445,41.992167,0.84265222,0.0
2023-04-15 07:00:00+02:00,0.95448366,0.0,0.95448366,42.132611,0.8471860200000001,0.0
2023-04-15 07:15:00+02:00,1.294116,0.0,1.294116,42.359301,0.85333306,0.0
2023-04-15 07:30:00+02:00,1.99723,0.0,1.99723,42.666653,0.8628199200000001,0.0
2023-04-15 07:45:00+02:00,2.5394168,0.0,2.5394168,43.140996,0.87488214,0.0
2023-04-15 08:00:00+02:00,3.0144322,0.0,3.0144322,43.744107,0.8892007,0.0
2023-04-15 08:15:00+02:00,8.3531216,0.0,8.3531216,44.460035,0.92887802,0.0
2023-04-15 08:30:00+02:00,8.8552313,0.0,8.8552313,46.443901,0.9709403600000001,0.0
2023-04-15 08:45:00+02:00,0.0,0.0,0.0,48.547018,0.9709403600000001,0.0
2023-04-15 09:00:00+02:00,0.0,0.0,0.0,48.547018,0.9709403600000001,0.0
2023-04-15 09:15:00+02:00,0.0,0.0,0.0,48.547018,0.9709403600000001,0.0
2023-04-15 09:30:00+02:00,0.0,0.0,0.0,48.547018,0.9709403600000001,0.0
2023-04-15 09:45:00+02:00,0.0,0.0,0.0,48.547018,0.9709403600000001,0.0
2023-04-15 10:00:00+02:00,0.0,0.0,0.0,48.547018,0.9709403600000001,0.0
2023-04-15 10:15:00+02:00,0.0,0.0,0.0,48.547018,0.9709403600000001,0.0
2023-04-15 10:30:00+02:00,0.0,0.0,0.0,48.547018,0.9709403600000001,0.0
2023-04-15 10:45:00+02:00,0.0,0.0,0.0,48.547018,0.9709403600000001,0.0
2023-04-15 11:00:00+02:00,0.0,0.0,0.0,48.547018,0.9709403600000001,0.0
2023-04-15 11:15:00+02:00,0.0,0.0,0.0,48.547018,0.9709403600000001,0.0
2023-04-15 11:30:00+02:00,0.0,0.0,0.0,48.547018,0.9709403600000001,0.0
2023-04-15 11:45:00+02:00,0.0,0.0,0.0,48.547018,0.9709403600000001,0.0
2023-04-15 12:00:00+02:00,0.0,0.0,0.0,48.547018,0.9709403600000001,0.0
2023-04-15 12:15:00+02:00,0.0,0.0,0.0,48.547018,0.9709403600000001,0.0
2023-04-15 12:30:00+02:00,0.0,0.0,0.0,48.547018,0.9709403600000001,0.0
2023-04-15 12:45:00+02:00,0.0,0.0,0.0,48.547018,0.9709403600000001,0.0
2023-04-15 13:00:00+02:00,0.0,0.0,0.0,48.547018,0.9709403600000001,0.0
2023-04-15 13:15:00+02:00,0.0,0.0,0.0,48.547018,0.9709403600000001,0.0
2023-04-15 13:30:00+02:00,0.0,0.0,0.0,48.547018,0.9709403600000001,0.0
2023-04-15 13:45:00+02:00,0.0,0.0,0.0,48.547018,0.9709403600000001,0.0
2023-04-15 14:00:00+02:00,0.0,0.0,0.0,48.547018,0.9709403600000001,0.0
2023-04-15 14:15:00+02:00,0.0,0.0,0.0,48.547018,0.9709403600000001,0.0
2023-04-15 14:30:00+02:00,0.0,0.0,0.0,48.547018,0.9709403600000001,0.0
2023-04-15 14:45:00+02:00,0.0,0.0,0.0,48.547018,0.9709403600000001,0.0
2023-04-15 15:00:00+02:00,0.0,0.0,0.0,48.547018,0.9709403600000001,0.0
2023-04-15 15:15:00+02:00,0.0,0.0,0.0,48.547018,0.84568924,6.2625563883404425
2023-04-15 15:30:00+02:00,1.3245557,0.0,1.3245557,42.284462,0.8519808799999999,0.0
2023-04-15 15:45:00+02:00,0.96666223,0.0,0.96666223,42.599044,0.85657252,0.0
2023-04-15 16:00:00+02:00,1.2181223,0.0,1.2181223,42.828626,0.8623586,0.0
2023-04-15 16:15:00+02:00,0.86574847,0.0,0.86574847,43.11793,0.86647092,0.0
2023-04-15 16:30:00+02:00,0.7570456,0.0,0.7570456,43.323546,0.87006688,0.0
2023-04-15 16:45:00+02:00,0.44548795,0.0,0.44548795,43.503344,0.87218294,0.0
2023-04-15 17:00:00+02:00,0.59103717,0.0,0.59103717,43.609147,0.87499038,0.0
2023-04-15 17:15:00+02:00,0.17837843,0.0,0.17837843,43.749519,0.8758376800000001,0.0
2023-04-15 17:30:00+02:00,0.067698621,0.0,0.067698621,43.791884,0.8761592400000001,0.0
2023-04-15 17:45:00+02:00,0.16998451,0.0,0.16998451,43.807962,0.8769666599999999,0.0
2023-04-15 18:00:00+02:00,0.088144023,0.0,0.088144023,43.848333,0.87738536,0.0
2023-04-15 18:15:00+02:00,0.0,0.0,0.0,43.869268,0.87738536,0.0
2023-04-15 18:30:00+02:00,0.0,0.0,0.0,43.869268,0.87738536,0.0
2023-04-15 18:45:00+02:00,0.0,0.0,0.0,43.869268,0.87738536,0.0
2023-04-15 19:00:00+02:00,0.0,0.0,0.0,43.869268,0.87738536,0.0
2023-04-15 19:15:00+02:00,0.0,0.0,0.0,43.869268,0.87738536,0.0
2023-04-15 19:30:00+02:00,0.0,0.0,0.0,43.869268,0.87738536,0.0
2023-04-15 19:45:00+02:00,0.0,0.0,0.0,43.869268,0.87738536,0.0
2023-04-15 20:00:00+02:00,0.0,0.0,0.0,43.869268,0.87738536,0.0
2023-04-15 20:15:00+02:00,0.0,0.0,0.0,43.869268,0.87738536,0.0
2023-04-15 20:30:00+02:00,0.0,0.0,0.0,43.869268,0.87738536,0.0
2023-04-15 20:45:00+02:00,0.0,0.0,0.0,43.869268,0.87738536,0.0
2023-04-15 21:00:00+02:00,0.0,0.0,0.0,43.869268,0.87738536,0.0
2023-04-15 21:15:00+02:00,0.0,0.0,0.0,43.869268,0.87738536,0.0
2023-04-15 21:30:00+02:00,0.0,0.0,0.0,43.869268,0.87738536,0.0
2023-04-15 21:45:00+02:00,0.0,0.0,0.0,43.869268,0.87738536,0.0
2023-04-15 22:00:00+02:00,0.0,0.0,0.0,43.869268,0.87738536,0.0
2023-04-15 22:15:00+02:00,0.0,0.0,0.0,43.869268,0.87738536,0.0
2023-04-15 22:30:00+02:00,0.0,0.0,0.0,43.869268,0.87738536,0.0
2023-04-15 22:45:00+02:00,0.0,0.0,0.0,43.869268,0.87738536,0.0
2023-04-15 23:00:00+02:00,0.0,0.0,0.0,43.869268,0.87738536,0.0
2023-04-15 23:15:00+02:00,0.0,0.0,0.0,43.869268,0.87738536,0.0
2023-04-15 23:30:00+02:00,0.0,0.0,0.0,43.869268,0.87738536,0.0
2023-04-15 23:45:00+02:00,0.0,0.0,0.0,43.869268,0.87738536,0.0
2023-04-16 00:00:00+02:00,0.0,0.0,0.0,43.869268,0.87738536,0.0
2023-04-16 00:15:00+02:00,0.0,0.0,0.0,43.869268,0.87738536,0.0
2023-04-16 00:30:00+02:00,0.0,0.0,0.0,43.869268,0.87738536,0.0
2023-04-16 00:45:00+02:00,0.0,0.0,0.0,43.869268,0.87738536,0.0
2023-04-16 01:00:00+02:00,0.0,0.0,0.0,43.869268,0.87738536,0.0
2023-04-16 01:15:00+02:00,0.0,0.0,0.0,43.869268,0.87738536,0.0
2023-04-16 01:30:00+02:00,0.0,0.0,0.0,43.869268,0.87738536,0.0
2023-04-16 01:45:00+02:00,0.0,0.0,0.0,43.869268,0.87738536,0.0
2023-04-16 02:00:00+02:00,0.0,0.0,0.0,43.869268,0.87738536,0.0
2023-04-16 02:15:00+02:00,0.0,0.0,0.0,43.869268,0.87738536,0.0
2023-04-16 02:30:00+02:00,0.0,0.0,0.0,43.869268,0.87738536,0.0
2023-04-16 02:45:00+02:00,0.0,0.0,0.0,43.869268,0.87738536,0.0
2023-04-16 03:00:00+02:00,0.0,0.0,0.0,43.869268,0.87738536,0.0
2023-04-16 03:15:00+02:00,0.0,0.0,0.0,43.869268,0.87738536,0.0
2023-04-16 03:30:00+02:00,0.0,0.0,0.0,43.869268,0.87738536,0.0
2023-04-16 03:45:00+02:00,0.0,0.0,0.0,43.869268,0.87738536,0.0
2023-04-16 04:00:00+02:00,0.0,0.0,0.0,43.869268,0.87738536,0.0
2023-04-16 04:15:00+02:00,0.0,0.0,0.0,43.869268,0.87738536,0.0
2023-04-16 04:30:00+02:00,0.0,0.0,0.0,43.869268,0.87738536,0.0
2023-04-16 04:45:00+02:00,0.0,0.0,0.0,43.869268,0.87738536,0.0
2023-04-16 05:00:00+02:00,0.0,0.0,0.0,43.869268,0.87738536,0.0
2023-04-16 05:15:00+02:00,0.0,0.0,0.0,43.869268,0.87738536,0.0
2023-04-16 05:30:00+02:00,0.0,0.0,0.0,43.869268,0.87738536,0.0
2023-04-16 05:45:00+02:00,0.0,0.0,0.0,43.869268,0.87738536,0.0
2023-04-16 06:00:00+02:00,0.0,0.0,0.0,43.869268,0.87738536,0.0
2023-04-16 06:15:00+02:00,0.0,0.0,0.0,43.869268,0.87738536,0.0
2023-04-16 06:30:00+02:00,0.052606807,0.0,0.052606807,43.869268,0.87763524,0.0
2023-04-16 06:45:00+02:00,0.34217201,0.0,0.34217201,43.881762,0.87926054,0.0
2023-04-16 07:00:00+02:00,0.91602024,0.0,0.91602024,43.963027,0.88361164,0.0
2023-04-16 07:15:00+02:00,1.3547879,0.0,1.3547879,44.180582,0.89004688,0.0
2023-04-16 07:30:00+02:00,1.8391813,0.0,1.8391813,44.502344,0.898783,0.0
2023-04-16 07:45:00+02:00,2.3862997,0.0,2.3862997,44.93915,0.91011792,0.0
2023-04-16 08:00:00+02:00,7.0412085,0.0,7.0412085,45.505896,0.9435636599999999,0.0
2023-04-16 08:15:00+02:00,0.0,0.0,0.0,47.178183,0.9435636599999999,0.0
2023-04-16 08:30:00+02:00,0.0,0.0,0.0,47.178183,0.9435636599999999,0.0
2023-04-16 08:45:00+02:00,0.0,0.0,0.0,47.178183,0.9435636599999999,0.0
2023-04-16 09:00:00+02:00,0.0,0.0,0.0,47.178183,0.9435636599999999,0.0
2023-04-16 09:15:00+02:00,0.0,0.0,0.0,47.178183,0.9435636599999999,0.0
2023-04-16 09:30:00+02:00,0.0,0.0,0.0,47.178183,0.9435636599999999,0.0
2023-04-16 09:45:00+02:00,0.0,0.0,0.0,47.178183,0.9435636599999999,0.0
2023-04-16 10:00:00+02:00,0.0,0.0,0.0,47.178183,0.9435636599999999,0.0
2023-04-16 10:15:00+02:00,0.0,0.0,0.0,47.178183,0.9435636599999999,0.0
2023-04-16 10:30:00+02:00,0.0,0.0,0.0,47.178183,0.9435636599999999,0.0
2023-04-16 10:45:00+02:00,0.0,0.0,0.0,47.178183,0.9435636599999999,0.0
2023-04-16 11:00:00+02:00,0.0,0.0,0.0,47.178183,0.9435636599999999,0.0
2023-04-16 11:15:00+02:00,0.0,0.0,0.0,47.178183,0.9435636599999999,0.0
2023-04-16 11:30:00+02:00,0.0,0.0,0.0,47.178183,0.9435636599999999,0.0
2023-04-16 11:45:00+02:00,0.0,0.0,0.0,47.178183,0.9435636599999999,0.0
2023-04-16 12:00:00+02:00,0.0,0.0,0.0,47.178183,0.9435636599999999,0.0
2023-04-16 12:15:00+02:00,0.0,0.0,0.0,47.178183,0.9435636599999999,0.0
2023-04-16 12:30:00+02:00,0.0,0.0,0.0,47.178183,0.9435636599999999,0.0
2023-04-16 12:45:00+02:00,0.0,0.0,0.0,47.178183,0.9435636599999999,0.0
2023-04-16 13:00:00+02:00,0.0,0.0,0.0,47.178183,0.9435636599999999,0.0
2023-04-16 13:15:00+02:00,0.0,0.0,0.0,47.178183,0.9435636599999999,0.0
2023-04-16 13:30:00+02:00,0.0,0.0,0.0,47.178183,0.9435636599999999,0.0
2023-04-16 13:45:00+02:00,0.0,0.0,0.0,47.178183,0.9435636599999999,0.0
2023-04-16 14:00:00+02:00,0.0,0.0,0.0,47.178183,0.9435636599999999,0.0
2023-04-16 14:15:00+02:00,0.0,0.0,0.0,47.178183,0.9435636599999999,0.0
2023-04-16 14:30:00+02:00,0.0,0.0,0.0,47.178183,0.9435636599999999,0.0
2023-04-16 14:45:00+02:00,0.0,0.0,0.0,47.178183,0.9435636599999999,0.0
2023-04-16 15:00:00+02:00,0.0,0.0,0.0,47.178183,0.9435636599999999,0.0
2023-04-16 15:15:00+02:00,0.0,0.0,0.0,47.178183,0.9435636599999999,0.0
2023-04-16 15:30:00+02:00,0.0,0.0,0.0,47.178183,0.9435636599999999,0.0
2023-04-16 15:45:00+02:00,0.0,0.0,0.0,47.178183,0.9435636599999999,0.0
2023-04-16 16:00:00+02:00,0.0,0.0,0.0,47.178183,0.9435636599999999,0.0
2023-04-16 16:15:00+02:00,0.0,0.0,0.0,47.178183,0.9435636599999999,0.0
2023-04-16 16:30:00+02:00,0.0,0.0,0.0,47.178183,0.9435636599999999,0.0
2023-04-16 16:45:00+02:00,0.0,0.0,0.0,47.178183,0.9435636599999999,0.0
2023-04-16 17:00:00+02:00,0.0,0.0,0.0,47.178183,0.9435636599999999,0.0
2023-04-16 17:15:00+02:00,0.0,0.0,0.0,47.178183,0.9435636599999999,0.0
2023-04-16 17:30:00+02:00,0.0,0.0,0.0,47.178183,0.9435636599999999,0.0
2023-04-16 17:45:00+02:00,0.0,0.0,0.0,47.178183,0.9435636599999999,0.0
2023-04-16 18:00:00+02:00,0.0,0.0,0.0,47.178183,0.9435636599999999,0.0
2023-04-16 18:15:00+02:00,0.0,0.0,0.0,47.178183,0.9435636599999999,0.0
2023-04-16 18:30:00+02:00,0.0,0.0,0.0,47.178183,0.9435636599999999,0.0
2023-04-16 18:45:00+02:00,0.0,0.0,0.0,47.178183,0.9435636599999999,0.0
2023-04-16 19:00:00+02:00,0.0,0.0,0.0,47.178183,0.79865814,7.245275889552078
2023-04-16 19:15:00+02:00,0.0,0.0,0.0,39.932907,0.79865814,0.0
2023-04-16 19:30:00+02:00,0.0,0.0,0.0,39.932907,0.79865814,0.0
2023-04-16 19:45:00+02:00,0.0,0.0,0.0,39.932907,0.79865814,0.0
2023-04-16 20:00:00+02:00,0.0,0.0,0.0,39.932907,0.79865814,0.0
2023-04-16 20:15:00+02:00,0.0,0.0,0.0,39.932907,0.79865814,0.0
2023-04-16 20:30:00+02:00,0.0,0.0,0.0,39.932907,0.79865814,0.0
2023-04-16 20:45:00+02:00,0.0,0.0,0.0,39.932907,0.79865814,0.0
2023-04-16 21:00:00+02:00,0.0,0.0,0.0,39.932907,0.79865814,0.0
2023-04-16 21:15:00+02:00,0.0,0.0,0.0,39.932907,0.79865814,0.0
2023-04-16 21:30:00+02:00,0.0,0.0,0.0,39.932907,0.79865814,0.0
2023-04-16 21:45:00+02:00,0.0,0.0,0.0,39.932907,0.79865814,0.0
2023-04-16 22:00:00+02:00,0.0,0.0,0.0,39.932907,0.79865814,0.0
2023-04-16 22:15:00+02:00,0.0,0.0,0.0,39.932907,0.79865814,0.0
2023-04-16 22:30:00+02:00,0.0,0.0,0.0,39.932907,0.79865814,0.0
2023-04-16 22:45:00+02:00,0.0,0.0,0.0,39.932907,0.79865814,0.0
2023-04-16 23:00:00+02:00,0.0,0.0,0.0,39.932907,0.79865814,0.0
2023-04-16 23:15:00+02:00,0.0,0.0,0.0,39.932907,0.79865814,0.0
2023-04-16 23:30:00+02:00,0.0,0.0,0.0,39.932907,0.79865814,0.0
2023-04-16 23:45:00+02:00,0.0,0.0,0.0,39.932907,0.79865814,0.0
2023-04-17 00:00:00+02:00,0.0,0.0,0.0,39.932907,0.79865814,0.0
2023-04-17 00:15:00+02:00,0.0,0.0,0.0,39.932907,0.79865814,0.0
2023-04-17 00:30:00+02:00,0.0,0.0,0.0,39.932907,0.79865814,0.0
2023-04-17 00:45:00+02:00,0.0,0.0,0.0,39.932907,0.79865814,0.0
2023-04-17 01:00:00+02:00,0.0,0.0,0.0,39.932907,0.79865814,0.0
2023-04-17 01:15:00+02:00,0.0,0.0,0.0,39.932907,0.79865814,0.0
2023-04-17 01:30:00+02:00,0.0,0.0,0.0,39.932907,0.79865814,0.0
2023-04-17 01:45:00+02:00,0.0,0.0,0.0,39.932907,0.79865814,0.0
2023-04-17 02:00:00+02:00,0.0,0.0,0.0,39.932907,0.79865814,0.0
2023-04-17 02:15:00+02:00,0.0,0.0,0.0,39.932907,0.79865814,0.0
2023-04-17 02:30:00+02:00,0.0,0.0,0.0,39.932907,0.79865814,0.0
2023-04-17 02:45:00+02:00,0.0,0.0,0.0,39.932907,0.79865814,0.0
2023-04-17 03:00:00+02:00,0.0,0.0,0.0,39.932907,0.79865814,0.0
2023-04-17 03:15:00+02:00,0.0,0.0,0.0,39.932907,0.79865814,0.0
2023-04-17 03:30:00+02:00,0.0,0.0,0.0,39.932907,0.79865814,0.0
2023-04-17 03:45:00+02:00,0.0,0.0,0.0,39.932907,0.79865814,0.0
2023-04-17 04:00:00+02:00,0.0,0.0,0.0,39.932907,0.79865814,0.0
2023-04-17 04:15:00+02:00,0.0,0.0,0.0,39.932907,0.79865814,0.0
2023-04-17 04:30:00+02:00,0.0,0.0,0.0,39.932907,0.79865814,0.0
2023-04-17 04:45:00+02:00,0.0,0.0,0.0,39.932907,0.79865814,0.0
2023-04-17 05:00:00+02:00,0.0,0.0,0.0,39.932907,0.79865814,0.0
2023-04-17 05:15:00+02:00,0.0,0.0,0.0,39.932907,0.79865814,0.0
2023-04-17 05:30:00+02:00,0.0,0.0,0.0,39.932907,0.79865814,0.0
2023-04-17 05:45:00+02:00,0.0,0.0,0.0,39.932907,0.79865814,0.0
2023-04-17 06:00:00+02:00,0.0,0.0,0.0,39.932907,0.79865814,0.0
2023-04-17 06:15:00+02:00,0.038295646,0.0,0.038295646,39.932907,0.79884006,0.0
2023-04-17 06:30:00+02:00,0.14543823,0.0,0.14543823,39.942003,0.7995308799999999,0.0
2023-04-17 06:45:00+02:00,0.20557661,0.0,0.20557661,39.976544,0.80050738,0.0
2023-04-17 07:00:00+02:00,0.36558784,0.0,0.36558784,40.025369,0.80224392,0.0
2023-04-17 07:15:00+02:00,0.74881912,0.0,0.74881912,40.112196,0.8058008,0.0
2023-04-17 07:30:00+02:00,2.3190297,0.0,2.3190297,40.29004,0.8168162,0.0
2023-04-17 07:45:00+02:00,6.9168634,0.0,6.9168634,40.84081,0.8496713,0.0
2023-04-17 08:00:00+02:00,5.4464524,0.0,5.4464524,42.483565,0.87554194,0.0
2023-04-17 08:15:00+02:00,6.4111656,0.0,6.4111656,43.777097,0.90599498,0.0
2023-04-17 08:30:00+02:00,5.6724183,0.0,5.6724183,45.299749,0.93293896,0.0
2023-04-17 08:45:00+02:00,0.0,0.0,0.0,46.646948,0.93293896,0.0
2023-04-17 09:00:00+02:00,0.0,0.0,0.0,46.646948,0.93293896,0.0
2023-04-17 09:15:00+02:00,0.0,0.0,0.0,46.646948,0.93293896,0.0
2023-04-17 09:30:00+02:00,0.0,0.0,0.0,46.646948,0.93293896,0.0
2023-04-17 09:45:00+02:00,0.0,0.0,0.0,46.646948,0.93293896,0.0
2023-04-17 10:00:00+02:00,0.0,0.0,0.0,46.646948,0.93293896,0.0
2023-04-17 10:15:00+02:00,0.0,0.0,0.0,46.646948,0.93293896,0.0
2023-04-17 10:30:00+02:00,0.0,0.0,0.0,46.646948,0.93293896,0.0
2023-04-17 10:45:00+02:00,0.0,0.0,0.0,46.646948,0.93293896,0.0
2023-04-17 11:00:00+02:00,0.0,0.0,0.0,46.646948,0.93293896,0.0
2023-04-17 11:15:00+02:00,0.0,0.0,0.0,46.646948,0.93293896,0.0
2023-04-17 11:30:00+02:00,0.0,0.0,0.0,46.646948,0.93293896,0.0
2023-04-17 11:45:00+02:00,0.0,0.0,0.0,46.646948,0.93293896,0.0
2023-04-17 12:00:00+02:00,0.0,0.0,0.0,46.646948,0.93293896,0.0
2023-04-17 12:15:00+02:00,0.0,0.0,0.0,46.646948,0.93293896,0.0
2023-04-17 12:30:00+02:00,0.0,0.0,0.0,46.646948,0.93293896,0.0
2023-04-17 12:45:00+02:00,0.0,0.0,0.0,46.646948,0.93293896,0.0
2023-04-17 13:00:00+02:00,0.0,0.0,0.0,46.646948,0.93293896,0.0
2023-04-17 13:15:00+02:00,0.0,0.0,0.0,46.646948,0.93293896,0.0
2023-04-17 13:30:00+02:00,0.0,0.0,0.0,46.646948,0.93293896,0.0
2023-04-17 13:45:00+02:00,0.0,0.0,0.0,46.646948,0.93293896,0.0
2023-04-17 14:00:00+02:00,0.0,0.0,0.0,46.646948,0.93293896,0.0
2023-04-17 14:15:00+02:00,0.0,0.0,0.0,46.646948,0.93293896,0.0
2023-04-17 14:30:00+02:00,0.0,0.0,0.0,46.646948,0.93293896,0.0
2023-04-17 14:45:00+02:00,0.0,0.0,0.0,46.646948,0.93293896,0.0
2023-04-17 15:00:00+02:00,0.0,0.0,0.0,46.646948,0.93293896,0.0
2023-04-17 15:15:00+02:00,0.0,0.0,0.0,46.646948,0.93293896,0.0
2023-04-17 15:30:00+02:00,0.0,0.0,0.0,46.646948,0.93293896,0.0
2023-04-17 15:45:00+02:00,0.0,0.0,0.0,46.646948,0.93293896,0.0
2023-04-17 16:00:00+02:00,0.0,0.0,0.0,46.646948,0.93293896,0.0
2023-04-17 16:15:00+02:00,0.0,0.0,0.0,46.646948,0.93293896,0.0
2023-04-17 16:30:00+02:00,0.0,0.0,0.0,46.646948,0.93293896,0.0
2023-04-17 16:45:00+02:00,0.0,0.0,0.0,46.646948,0.93293896,0.0
2023-04-17 17:00:00+02:00,0.0,0.0,0.0,46.646948,0.93293896,0.0
2023-04-17 17:15:00+02:00,0.0,0.0,0.0,46.646948,0.93293896,0.0
2023-04-17 17:30:00+02:00,0.0,0.0,0.0,46.646948,0.8,6.646948395773233
2023-04-17 17:45:00+02:00,0.0,0.0,0.0,40.0,0.8,0.0
2023-04-17 18:00:00+02:00,0.0,0.0,0.0,40.0,0.8,0.0
2023-04-17 18:15:00+02:00,0.0,0.0,0.0,40.0,0.8,0.0
2023-04-17 18:30:00+02:00,0.0,0.0,0.0,40.0,0.8,0.0
2023-04-17 18:45:00+02:00,0.0,0.0,0.0,40.0,0.8,0.0
2023-04-17 19:00:00+02:00,0.0,0.0,0.0,40.0,0.8,0.0
2023-04-17 19:15:00+02:00,0.0,0.0,0.0,40.0,0.8,0.0
2023-04-17 19:30:00+02:00,0.0,0.0,0.0,40.0,0.8,0.0
2023-04-17 19:45:00+02:00,0.0,0.0,0.0,40.0,0.8,0.0
2023-04-17 20:00:00+02:00,0.0,0.0,0.0,40.0,0.8,0.0
2023-04-17 20:15:00+02:00,0.0,0.0,0.0,40.0,0.8,0.0
2023-04-17 20:30:00+02:00,0.0,0.0,0.0,40.0,0.8,0.0
2023-04-17 20:45:00+02:00,0.0,0.0,0.0,40.0,0.8,0.0
2023-04-17 21:00:00+02:00,0.0,0.0,0.0,40.0,0.8,0.0
2023-04-17 21:15:00+02:00,0.0,0.0,0.0,40.0,0.8,0.0
2023-04-17 21:30:00+02:00,0.0,0.0,0.0,40.0,0.8,0.0
2023-04-17 21:45:00+02:00,0.0,0.0,0.0,40.0,0.8,0.0
2023-04-17 22:00:00+02:00,0.0,0.0,0.0,40.0,0.8,0.0
2023-04-17 22:15:00+02:00,0.0,0.0,0.0,40.0,0.8,0.0
2023-04-17 22:30:00+02:00,0.0,0.0,0.0,40.0,0.8,0.0
2023-04-17 22:45:00+02:00,0.0,0.0,0.0,40.0,0.8,0.0
2023-04-17 23:00:00+02:00,0.0,0.0,0.0,40.0,0.8,0.0
2023-04-17 23:15:00+02:00,0.0,0.0,0.0,40.0,0.8,0.0
2023-04-17 23:30:00+02:00,0.0,0.0,0.0,40.0,0.8,0.0
2023-04-17 23:45:00+02:00,0.0,0.0,0.0,40.0,0.8,0.0
2023-04-18 00:00:00+02:00,0.0,0.0,0.0,40.0,0.8,0.0
2023-04-18 00:15:00+02:00,0.0,0.0,0.0,40.0,0.8,0.0
2023-04-18 00:30:00+02:00,0.0,0.0,0.0,40.0,0.8,0.0
2023-04-18 00:45:00+02:00,0.0,0.0,0.0,40.0,0.8,0.0
2023-04-18 01:00:00+02:00,0.0,0.0,0.0,40.0,0.8,0.0
2023-04-18 01:15:00+02:00,0.0,0.0,0.0,40.0,0.8,0.0
2023-04-18 01:30:00+02:00,0.0,0.0,0.0,40.0,0.8,0.0
2023-04-18 01:45:00+02:00,0.0,0.0,0.0,40.0,0.8,0.0
2023-04-18 02:00:00+02:00,0.0,0.0,0.0,40.0,0.8,0.0
2023-04-18 02:15:00+02:00,0.0,0.0,0.0,40.0,0.8,0.0
2023-04-18 02:30:00+02:00,0.0,0.0,0.0,40.0,0.8,0.0
2023-04-18 02:45:00+02:00,0.0,0.0,0.0,40.0,0.8,0.0
2023-04-18 03:00:00+02:00,0.0,0.0,0.0,40.0,0.8,0.0
2023-04-18 03:15:00+02:00,0.0,0.0,0.0,40.0,0.8,0.0
2023-04-18 03:30:00+02:00,0.0,0.0,0.0,40.0,0.8,0.0
2023-04-18 03:45:00+02:00,0.0,0.0,0.0,40.0,0.8,0.0
2023-04-18 04:00:00+02:00,0.0,0.0,0.0,40.0,0.8,0.0
2023-04-18 04:15:00+02:00,0.0,0.0,0.0,40.0,0.8,0.0
2023-04-18 04:30:00+02:00,0.0,0.0,0.0,40.0,0.8,0.0
2023-04-18 04:45:00+02:00,0.0,0.0,0.0,40.0,0.8,0.0
2023-04-18 05:00:00+02:00,0.0,0.0,0.0,40.0,0.8,0.0
2023-04-18 05:15:00+02:00,0.0,0.0,0.0,40.0,0.8,0.0
2023-04-18 05:30:00+02:00,0.0,0.0,0.0,40.0,0.8,0.0
2023-04-18 05:45:00+02:00,0.0,0.0,0.0,40.0,0.8,0.0
2023-04-18 06:00:00+02:00,0.0,0.0,0.0,40.0,0.8,0.0
2023-04-18 06:15:00+02:00,0.0,0.0,0.0,40.0,0.8,0.0
2023-04-18 06:30:00+02:00,0.0,0.0,0.0,40.0,0.8,0.0
2023-04-18 06:45:00+02:00,0.0,0.0,0.0,40.0,0.8,0.0
2023-04-18 07:00:00+02:00,0.0,0.0,0.0,40.0,0.8,0.0
2023-04-18 07:15:00+02:00,0.0,0.0,0.0,40.0,0.8,0.0
2023-04-18 07:30:00+02:00,0.0,0.0,0.0,40.0,0.8,0.0
2023-04-18 07:45:00+02:00,0.0,0.0,0.0,40.0,0.8,0.0
2023-04-18 08:00:00+02:00,0.0,0.0,0.0,40.0,0.8,0.0
2023-04-18 08:15:00+02:00,0.0,0.0,0.0,40.0,0.8,0.0
2023-04-18 08:30:00+02:00,0.0,0.0,0.0,40.0,0.8,0.0
2023-04-18 08:45:00+02:00,0.0,0.0,0.0,40.0,0.8,0.0
2023-04-18 09:00:00+02:00,0.0,0.0,0.0,40.0,0.8,0.0
2023-04-18 09:15:00+02:00,0.0,0.0,0.0,40.0,0.8,0.0
2023-04-18 09:30:00+02:00,0.0,0.0,0.0,40.0,0.8,0.0
2023-04-18 09:45:00+02:00,0.0,0.0,0.0,40.0,0.8,0.0
2023-04-18 10:00:00+02:00,0.0,0.0,0.0,40.0,0.8,0.0
2023-04-18 10:15:00+02:00,0.0,0.0,0.0,40.0,0.8,0.0
2023-04-18 10:30:00+02:00,0.0,0.0,0.0,40.0,0.8,0.0
2023-04-18 10:45:00+02:00,0.0,0.0,0.0,40.0,0.8,0.0
2023-04-18 11:00:00+02:00,0.0,0.0,0.0,40.0,0.8,0.0
2023-04-18 11:15:00+02:00,0.0,0.0,0.0,40.0,0.8,0.0
2023-04-18 11:30:00+02:00,0.0,0.0,0.0,40.0,0.8,0.0
2023-04-18 11:45:00+02:00,0.0,0.0,0.0,40.0,0.8,0.0
2023-04-18 12:00:00+02:00,0.0,0.0,0.0,40.0,0.8,0.0
2023-04-18 12:15:00+02:00,0.0,0.0,0.0,40.0,0.8,0.0
2023-04-18 12:30:00+02:00,0.0,0.0,0.0,40.0,0.8,0.0
2023-04-18 12:45:00+02:00,0.0,0.0,0.0,40.0,0.8,0.0
2023-04-18 13:00:00+02:00,0.0,0.0,0.0,40.0,0.8,0.0
2023-04-18 13:15:00+02:00,0.0,0.0,0.0,40.0,0.8,0.0
2023-04-18 13:30:00+02:00,0.0,0.0,0.0,40.0,0.8,0.0
2023-04-18 13:45:00+02:00,0.0,0.0,0.0,40.0,0.8,0.0
2023-04-18 14:00:00+02:00,0.0,0.0,0.0,40.0,0.8,0.0
2023-04-18 14:15:00+02:00,0.0,0.0,0.0,40.0,0.8,0.0
2023-04-18 14:30:00+02:00,0.0,0.0,0.0,40.0,0.8,0.0
2023-04-18 14:45:00+02:00,0.0,0.0,0.0,40.0,0.8,0.0
2023-04-18 15:00:00+02:00,0.0,0.0,0.0,40.0,0.8,0.0
2023-04-18 15:15:00+02:00,0.0,0.0,0.0,40.0,0.8,0.0
2023-04-18 15:30:00+02:00,0.0,0.0,0.0,40.0,0.8,0.0
2023-04-18 15:45:00+02:00,0.0,0.0,0.0,40.0,0.8,0.0
2023-04-18 16:00:00+02:00,0.0,0.0,0.0,40.0,0.8,0.0
2023-04-18 16:15:00+02:00,0.0,0.0,0.0,40.0,0.8,0.0
2023-04-18 16:30:00+02:00,0.0,0.0,0.0,40.0,0.8,0.0
2023-04-18 16:45:00+02:00,0.0,0.0,0.0,40.0,0.8,0.0
2023-04-18 17:00:00+02:00,0.0,0.0,0.0,40.0,0.67510126,6.244937000222585
2023-04-18 17:15:00+02:00,0.0,0.0,0.0,33.755063,0.67510126,0.0
2023-04-18 17:30:00+02:00,0.0,0.0,0.0,33.755063,0.67510126,0.0
2023-04-18 17:45:00+02:00,0.0,0.0,0.0,33.755063,0.67510126,0.0
2023-04-18 18:00:00+02:00,0.0,0.0,0.0,33.755063,0.67510126,0.0
2023-04-18 18:15:00+02:00,0.0,0.0,0.0,33.755063,0.67510126,0.0
2023-04-18 18:30:00+02:00,0.0,0.0,0.0,33.755063,0.67510126,0.0
2023-04-18 18:45:00+02:00,0.0,0.0,0.0,33.755063,0.67510126,0.0
2023-04-18 19:00:00+02:00,0.0,0.0,0.0,33.755063,0.67510126,0.0
2023-04-18 19:15:00+02:00,0.0,0.0,0.0,33.755063,0.67510126,0.0
2023-04-18 19:30:00+02:00,0.0,0.0,0.0,33.755063,0.67510126,0.0
2023-04-18 19:45:00+02:00,0.0,0.0,0.0,33.755063,0.67510126,0.0
2023-04-18 20:00:00+02:00,0.0,0.0,0.0,33.755063,0.67510126,0.0
2023-04-18 20:15:00+02:00,0.0,0.0,0.0,33.755063,0.67510126,0.0
2023-04-18 20:30:00+02:00,0.0,0.0,0.0,33.755063,0.67510126,0.0
2023-04-18 20:45:00+02:00,0.0,0.0,0.0,33.755063,0.67510126,0.0
2023-04-18 21:00:00+02:00,0.0,0.0,0.0,33.755063,0.67510126,0.0
2023-04-18 21:15:00+02:00,0.0,0.0,0.0,33.755063,0.67510126,0.0
2023-04-18 21:30:00+02:00,0.0,0.0,0.0,33.755063,0.67510126,0.0
2023-04-18 21:45:00+02:00,0.0,0.0,0.0,33.755063,0.67510126,0.0
2023-04-18 22:00:00+02:00,0.0,0.0,0.0,33.755063,0.67510126,0.0
2023-04-18 22:15:00+02:00,0.0,0.0,0.0,33.755063,0.67510126,0.0
2023-04-18 22:30:00+02:00,0.0,0.0,0.0,33.755063,0.67510126,0.0
2023-04-18 22:45:00+02:00,0.0,0.0,0.0,33.755063,0.67510126,0.0
2023-04-18 23:00:00+02:00,0.0,0.0,0.0,33.755063,0.67510126,0.0
2023-04-18 23:15:00+02:00,0.0,0.0,0.0,33.755063,0.67510126,0.0
2023-04-18 23:30:00+02:00,0.0,0.0,0.0,33.755063,0.67510126,0.0
2023-04-18 23:45:00+02:00,0.0,0.0,0.0,33.755063,0.67510126,0.0
2023-04-19 00:00:00+02:00,0.0,0.0,0.0,33.755063,0.67510126,0.0
2023-04-19 00:15:00+02:00,0.0,0.0,0.0,33.755063,0.67510126,0.0
2023-04-19 00:30:00+02:00,0.0,0.0,0.0,33.755063,0.67510126,0.0
2023-04-19 00:45:00+02:00,0.0,0.0,0.0,33.755063,0.67510126,0.0
2023-04-19 01:00:00+02:00,0.0,0.0,0.0,33.755063,0.67510126,0.0
2023-04-19 01:15:00+02:00,0.0,0.0,0.0,33.755063,0.67510126,0.0
2023-04-19 01:30:00+02:00,0.0,0.0,0.0,33.755063,0.67510126,0.0
2023-04-19 01:45:00+02:00,0.0,0.0,0.0,33.755063,0.67510126,0.0
2023-04-19 02:00:00+02:00,0.0,0.0,0.0,33.755063,0.67510126,0.0
2023-04-19 02:15:00+02:00,0.0,0.0,0.0,33.755063,0.67510126,0.0
2023-04-19 02:30:00+02:00,0.0,0.0,0.0,33.755063,0.67510126,0.0
2023-04-19 02:45:00+02:00,0.0,0.0,0.0,33.755063,0.67510126,0.0
2023-04-19 03:00:00+02:00,0.0,0.0,0.0,33.755063,0.67510126,0.0
2023-04-19 03:15:00+02:00,0.0,0.0,0.0,33.755063,0.67510126,0.0
2023-04-19 03:30:00+02:00,0.0,0.0,0.0,33.755063,0.67510126,0.0
2023-04-19 03:45:00+02:00,0.0,0.0,0.0,33.755063,0.67510126,0.0
2023-04-19 04:00:00+02:00,0.0,0.0,0.0,33.755063,0.67510126,0.0
2023-04-19 04:15:00+02:00,0.0,0.0,0.0,33.755063,0.67510126,0.0
2023-04-19 04:30:00+02:00,0.0,0.0,0.0,33.755063,0.67510126,0.0
2023-04-19 04:45:00+02:00,0.0,0.0,0.0,33.755063,0.67510126,0.0
2023-04-19 05:00:00+02:00,0.0,0.0,0.0,33.755063,0.67510126,0.0
2023-04-19 05:15:00+02:00,0.0,0.0,0.0,33.755063,0.67510126,0.0
2023-04-19 05:30:00+02:00,0.0,0.0,0.0,33.755063,0.67510126,0.0
2023-04-19 05:45:00+02:00,0.0,0.0,0.0,33.755063,0.67510126,0.0
2023-04-19 06:00:00+02:00,0.0,0.0,0.0,33.755063,0.67510126,0.0
2023-04-19 06:15:00+02:00,0.0,0.0,0.0,33.755063,0.67510126,0.0
2023-04-19 06:30:00+02:00,0.0,0.0,0.0,33.755063,0.67510126,0.0
2023-04-19 06:45:00+02:00,0.0,0.0,0.0,33.755063,0.67510126,0.0
2023-04-19 07:00:00+02:00,0.0,0.0,0.0,33.755063,0.67510126,0.0
2023-04-19 07:15:00+02:00,0.0,0.0,0.0,33.755063,0.67510126,0.0
2023-04-19 07:30:00+02:00,0.0,0.0,0.0,33.755063,0.67510126,0.0
2023-04-19 07:45:00+02:00,0.0,0.0,0.0,33.755063,0.67510126,0.0
2023-04-19 08:00:00+02:00,0.057124135,0.0,0.057124135,33.755063,0.6753726,0.0
2023-04-19 08:15:00+02:00,0.2584276,0.0,0.2584276,33.76863,0.67660014,0.0
2023-04-19 08:30:00+02:00,0.44048088,0.0,0.44048088,33.830007,0.67869242,0.0
2023-04-19 08:45:00+02:00,0.84495983,0.0,0.84495983,33.934621,0.68270598,0.0
2023-04-19 09:00:00+02:00,0.96786948,0.0,0.96786948,34.135299,0.6873033599999999,0.0
2023-04-19 09:15:00+02:00,1.2514526,0.0,1.2514526,34.365168,0.69324776,0.0
2023-04-19 09:30:00+02:00,1.9681038,0.0,1.9681038,34.662388,0.70259624,0.0
2023-04-19 09:45:00+02:00,1.8970238,0.0,1.8970238,35.129812,0.7116070999999999,0.0
2023-04-19 10:00:00+02:00,1.0645668,0.0,1.0645668,35.580355,0.7166638000000001,0.0
2023-04-19 10:15:00+02:00,1.374645,0.0,1.374645,35.83319,0.7231933600000001,0.0
2023-04-19 10:30:00+02:00,1.5476748,0.0,1.5476748,36.159668,0.73054482,0.0
2023-04-19 10:45:00+02:00,1.0277364,0.0,1.0277364,36.527241,0.73542656,0.0
2023-04-19 11:00:00+02:00,2.1925144,0.0,2.1925144,36.771328,0.74584102,0.0
2023-04-19 11:15:00+02:00,1.140496,0.0,1.140496,37.292051,0.75125836,0.0
2023-04-19 11:30:00+02:00,0.55006319,0.0,0.55006319,37.562918,0.7538711600000001,0.0
2023-04-19 11:45:00+02:00,0.5485641,0.0,0.5485641,37.693558,0.7564768399999999,0.0
2023-04-19 12:00:00+02:00,0.0,0.0,0.0,37.823842,0.7564768399999999,0.0
2023-04-19 12:15:00+02:00,0.089460317,0.0,0.089460317,37.823842,0.7569017800000001,0.0
2023-04-19 12:30:00+02:00,0.55069599,0.0,0.55069599,37.845089,0.7595175999999999,0.0
2023-04-19 12:45:00+02:00,0.96637784,0.0,0.96637784,37.97588,0.76410788,0.0
2023-04-19 13:00:00+02:00,0.0,0.0,0.0,38.205394,0.76410788,0.0
2023-04-19 13:15:00+02:00,0.45430845,0.0,0.45430845,38.205394,0.7662658600000001,0.0
2023-04-19 13:30:00+02:00,0.71352413,0.0,0.71352413,38.313293,0.7696550999999999,0.0
2023-04-19 13:45:00+02:00,1.3808069,0.0,1.3808069,38.482755,0.77621392,0.0
2023-04-19 14:00:00+02:00,0.0,0.0,0.0,38.810696,0.77621392,0.0
2023-04-19 14:15:00+02:00,0.0,0.0,0.0,38.810696,0.77621392,0.0
2023-04-19 14:30:00+02:00,0.0,0.0,0.0,38.810696,0.77621392,0.0
2023-04-19 14:45:00+02:00,0.0,0.0,0.0,38.810696,0.77621392,0.0
2023-04-19 15:00:00+02:00,0.0,0.0,0.0,38.810696,0.77621392,0.0
2023-04-19 15:15:00+02:00,0.0,0.0,0.0,38.810696,0.77621392,0.0
2023-04-19 15:30:00+02:00,0.0,0.0,0.0,38.810696,0.77621392,0.0
2023-04-19 15:45:00+02:00,0.0,0.0,0.0,38.810696,0.77621392,0.0
2023-04-19 16:00:00+02:00,0.0,0.0,0.0,38.810696,0.77621392,0.0
2023-04-19 16:15:00+02:00,0.0,0.0,0.0,38.810696,0.77621392,0.0
2023-04-19 16:30:00+02:00,0.0,0.0,0.0,38.810696,0.77621392,0.0
2023-04-19 16:45:00+02:00,0.0,0.0,0.0,38.810696,0.77621392,0.0
2023-04-19 17:00:00+02:00,0.0,0.0,0.0,38.810696,0.77621392,0.0
2023-04-19 17:15:00+02:00,0.0,0.0,0.0,38.810696,0.77621392,0.0
2023-04-19 17:30:00+02:00,0.0,0.0,0.0,38.810696,0.77621392,0.0
2023-04-19 17:45:00+02:00,0.0,0.0,0.0,38.810696,0.77621392,0.0
2023-04-19 18:00:00+02:00,0.0,0.0,0.0,38.810696,0.77621392,0.0
2023-04-19 18:15:00+02:00,0.0,0.0,0.0,38.810696,0.77621392,0.0
2023-04-19 18:30:00+02:00,0.0,0.0,0.0,38.810696,0.77621392,0.0
2023-04-19 18:45:00+02:00,0.0,0.0,0.0,38.810696,0.77621392,0.0
2023-04-19 19:00:00+02:00,0.0,0.0,0.0,38.810696,0.77621392,0.0
2023-04-19 19:15:00+02:00,0.0,0.0,0.0,38.810696,0.77621392,0.0
2023-04-19 19:30:00+02:00,0.0,0.0,0.0,38.810696,0.77621392,0.0
2023-04-19 19:45:00+02:00,0.0,0.0,0.0,38.810696,0.77621392,0.0
2023-04-19 20:00:00+02:00,0.0,0.0,0.0,38.810696,0.77621392,0.0
2023-04-19 20:15:00+02:00,0.0,0.0,0.0,38.810696,0.77621392,0.0
2023-04-19 20:30:00+02:00,0.0,0.0,0.0,38.810696,0.77621392,0.0
2023-04-19 20:45:00+02:00,0.0,0.0,0.0,38.810696,0.77621392,0.0
2023-04-19 21:00:00+02:00,0.0,0.0,0.0,38.810696,0.77621392,0.0
2023-04-19 21:15:00+02:00,0.0,0.0,0.0,38.810696,0.77621392,0.0
2023-04-19 21:30:00+02:00,0.0,0.0,0.0,38.810696,0.77621392,0.0
2023-04-19 21:45:00+02:00,0.0,0.0,0.0,38.810696,0.77621392,0.0
2023-04-19 22:00:00+02:00,0.0,0.0,0.0,38.810696,0.77621392,0.0
2023-04-19 22:15:00+02:00,0.0,0.0,0.0,38.810696,0.77621392,0.0
2023-04-19 22:30:00+02:00,0.0,0.0,0.0,38.810696,0.77621392,0.0
2023-04-19 22:45:00+02:00,0.0,0.0,0.0,38.810696,0.77621392,0.0
2023-04-19 23:00:00+02:00,0.0,0.0,0.0,38.810696,0.77621392,0.0
2023-04-19 23:15:00+02:00,0.0,0.0,0.0,38.810696,0.77621392,0.0
2023-04-19 23:30:00+02:00,0.0,0.0,0.0,38.810696,0.77621392,0.0
2023-04-19 23:45:00+02:00,0.0,0.0,0.0,38.810696,0.77621392,0.0
2023-04-20 00:00:00+02:00,0.0,0.0,0.0,38.810696,0.77621392,0.0
2023-04-20 00:15:00+02:00,0.0,0.0,0.0,38.810696,0.77621392,0.0
2023-04-20 00:30:00+02:00,0.0,0.0,0.0,38.810696,0.77621392,0.0
2023-04-20 00:45:00+02:00,0.0,0.0,0.0,38.810696,0.77621392,0.0
2023-04-20 01:00:00+02:00,0.0,0.0,0.0,38.810696,0.77621392,0.0
2023-04-20 01:15:00+02:00,0.0,0.0,0.0,38.810696,0.77621392,0.0
2023-04-20 01:30:00+02:00,0.0,0.0,0.0,38.810696,0.77621392,0.0
2023-04-20 01:45:00+02:00,0.0,0.0,0.0,38.810696,0.77621392,0.0
2023-04-20 02:00:00+02:00,0.0,0.0,0.0,38.810696,0.77621392,0.0
2023-04-20 02:15:00+02:00,0.0,0.0,0.0,38.810696,0.77621392,0.0
2023-04-20 02:30:00+02:00,0.0,0.0,0.0,38.810696,0.77621392,0.0
2023-04-20 02:45:00+02:00,0.0,0.0,0.0,38.810696,0.77621392,0.0
2023-04-20 03:00:00+02:00,0.0,0.0,0.0,38.810696,0.77621392,0.0
2023-04-20 03:15:00+02:00,0.0,0.0,0.0,38.810696,0.77621392,0.0
2023-04-20 03:30:00+02:00,0.0,0.0,0.0,38.810696,0.77621392,0.0
2023-04-20 03:45:00+02:00,0.0,0.0,0.0,38.810696,0.77621392,0.0
2023-04-20 04:00:00+02:00,0.0,0.0,0.0,38.810696,0.77621392,0.0
2023-04-20 04:15:00+02:00,0.0,0.0,0.0,38.810696,0.77621392,0.0
2023-04-20 04:30:00+02:00,0.0,0.0,0.0,38.810696,0.77621392,0.0
2023-04-20 04:45:00+02:00,0.0,0.0,0.0,38.810696,0.77621392,0.0
2023-04-20 05:00:00+02:00,0.0,0.0,0.0,38.810696,0.77621392,0.0
2023-04-20 05:15:00+02:00,0.0,0.0,0.0,38.810696,0.77621392,0.0
2023-04-20 05:30:00+02:00,0.0,0.0,0.0,38.810696,0.77621392,0.0
2023-04-20 05:45:00+02:00,0.0,0.0,0.0,38.810696,0.77621392,0.0
2023-04-20 06:00:00+02:00,0.0,0.0,0.0,38.810696,0.77621392,0.0
2023-04-20 06:15:00+02:00,0.0,0.0,0.0,38.810696,0.77621392,0.0
2023-04-20 06:30:00+02:00,0.0,0.0,0.0,38.810696,0.77621392,0.0
2023-04-20 06:45:00+02:00,0.0,0.0,0.0,38.810696,0.77621392,0.0
2023-04-20 07:00:00+02:00,0.31299597,0.0,0.31299597,38.810696,0.77770066,0.0
2023-04-20 07:15:00+02:00,0.64332148,0.0,0.64332148,38.885033,0.78075644,0.0
2023-04-20 07:30:00+02:00,1.0077267,0.0,1.0077267,39.037822,0.78554314,0.0
2023-04-20 07:45:00+02:00,2.4970917,0.0,2.4970917,39.277157,0.7974043199999999,0.0
2023-04-20 08:00:00+02:00,3.2923345,0.0,3.2923345,39.870216,0.8130428999999999,0.0
2023-04-20 08:15:00+02:00,3.6951644,0.0,3.6951644,40.652145,0.83059494,0.0
2023-04-20 08:30:00+02:00,4.0535453,0.0,4.0535453,41.529747,0.8498492799999999,0.0
2023-04-20 08:45:00+02:00,0.0,0.0,0.0,42.492464,0.8498492799999999,0.0
2023-04-20 09:00:00+02:00,0.0,0.0,0.0,42.492464,0.8498492799999999,0.0
2023-04-20 09:15:00+02:00,0.0,0.0,0.0,42.492464,0.8498492799999999,0.0
2023-04-20 09:30:00+02:00,0.0,0.0,0.0,42.492464,0.8498492799999999,0.0
2023-04-20 09:45:00+02:00,0.0,0.0,0.0,42.492464,0.8498492799999999,0.0
2023-04-20 10:00:00+02:00,0.0,0.0,0.0,42.492464,0.8498492799999999,0.0
2023-04-20 10:15:00+02:00,0.0,0.0,0.0,42.492464,0.8498492799999999,0.0
2023-04-20 10:30:00+02:00,0.0,0.0,0.0,42.492464,0.8498492799999999,0.0
2023-04-20 10:45:00+02:00,0.0,0.0,0.0,42.492464,0.8498492799999999,0.0
2023-04-20 11:00:00+02:00,0.0,0.0,0.0,42.492464,0.8498492799999999,0.0
2023-04-20 11:15:00+02:00,0.0,0.0,0.0,42.492464,0.8498492799999999,0.0
2023-04-20 11:30:00+02:00,0.0,0.0,0.0,42.492464,0.8498492799999999,0.0
2023-04-20 11:45:00+02:00,0.0,0.0,0.0,42.492464,0.8498492799999999,0.0
2023-04-20 12:00:00+02:00,0.0,0.0,0.0,42.492464,0.8498492799999999,0.0
2023-04-20 12:15:00+02:00,0.0,0.0,0.0,42.492464,0.8498492799999999,0.0
2023-04-20 12:30:00+02:00,0.0,0.0,0.0,42.492464,0.8498492799999999,0.0
2023-04-20 12:45:00+02:00,0.0,0.0,0.0,42.492464,0.8498492799999999,0.0
2023-04-20 13:00:00+02:00,0.0,0.0,0.0,42.492464,0.8498492799999999,0.0
2023-04-20 13:15:00+02:00,0.0,0.0,0.0,42.492464,0.8498492799999999,0.0
2023-04-20 13:30:00+02:00,0.0,0.0,0.0,42.492464,0.8498492799999999,0.0
2023-04-20 13:45:00+02:00,0.0,0.0,0.0,42.492464,0.8498492799999999,0.0
2023-04-20 14:00:00+02:00,0.0,0.0,0.0,42.492464,0.8498492799999999,0.0
2023-04-20 14:15:00+02:00,0.0,0.0,0.0,42.492464,0.8498492799999999,0.0
2023-04-20 14:30:00+02:00,0.0,0.0,0.0,42.492464,0.8498492799999999,0.0
2023-04-20 14:45:00+02:00,0.0,0.0,0.0,42.492464,0.8498492799999999,0.0
2023-04-20 15:00:00+02:00,0.0,0.0,0.0,42.492464,0.7269100199999999,6.146962894531214
2023-04-20 15:15:00+02:00,6.0218563,0.0,6.0218563,36.345501,0.75551384,0.0
2023-04-20 15:30:00+02:00,5.4351513,0.0,5.4351513,37.775692,0.7813308000000001,0.0
2023-04-20 15:45:00+02:00,4.9640701,0.0,4.9640701,39.06654,0.80491014,0.0
2023-04-20 16:00:00+02:00,4.3433107,0.0,4.3433107,40.245507,0.8255408599999999,0.0
2023-04-20 16:15:00+02:00,3.1745069,0.0,3.1745069,41.277043,0.8406197799999999,0.0
2023-04-20 16:30:00+02:00,1.6719514,0.0,1.6719514,42.030989,0.8485615400000001,0.0
2023-04-20 16:45:00+02:00,0.67619355,0.0,0.67619355,42.428077,0.85177346,0.0
2023-04-20 17:00:00+02:00,0.78084056,0.0,0.78084056,42.588673,0.8554824600000001,0.0
2023-04-20 17:15:00+02:00,0.75216495,0.0,0.75216495,42.774123,0.85905524,0.0
2023-04-20 17:30:00+02:00,0.46603307,0.0,0.46603307,42.952762,0.8612689,0.0
2023-04-20 17:45:00+02:00,0.4057881,0.0,0.4057881,43.063445,0.86319638,0.0
2023-04-20 18:00:00+02:00,0.0,0.0,0.0,43.159819,0.86319638,0.0
2023-04-20 18:15:00+02:00,0.0,0.0,0.0,43.159819,0.86319638,0.0
2023-04-20 18:30:00+02:00,0.0,0.0,0.0,43.159819,0.86319638,0.0
2023-04-20 18:45:00+02:00,0.0,0.0,0.0,43.159819,0.86319638,0.0
2023-04-20 19:00:00+02:00,0.0,0.0,0.0,43.159819,0.86319638,0.0
2023-04-20 19:15:00+02:00,0.0,0.0,0.0,43.159819,0.86319638,0.0
2023-04-20 19:30:00+02:00,0.0,0.0,0.0,43.159819,0.86319638,0.0
2023-04-20 19:45:00+02:00,0.0,0.0,0.0,43.159819,0.86319638,0.0
2023-04-20 20:00:00+02:00,0.0,0.0,0.0,43.159819,0.86319638,0.0
2023-04-20 20:15:00+02:00,0.0,0.0,0.0,43.159819,0.86319638,0.0
2023-04-20 20:30:00+02:00,0.0,0.0,0.0,43.159819,0.86319638,0.0
2023-04-20 20:45:00+02:00,0.0,0.0,0.0,43.159819,0.86319638,0.0
2023-04-20 21:00:00+02:00,0.0,0.0,0.0,43.159819,0.86319638,0.0
2023-04-20 21:15:00+02:00,0.0,0.0,0.0,43.159819,0.86319638,0.0
2023-04-20 21:30:00+02:00,0.0,0.0,0.0,43.159819,0.86319638,0.0
2023-04-20 21:45:00+02:00,0.0,0.0,0.0,43.159819,0.86319638,0.0
2023-04-20 22:00:00+02:00,0.0,0.0,0.0,43.159819,0.86319638,0.0
2023-04-20 22:15:00+02:00,0.0,0.0,0.0,43.159819,0.86319638,0.0
2023-04-20 22:30:00+02:00,0.0,0.0,0.0,43.159819,0.86319638,0.0
2023-04-20 22:45:00+02:00,0.0,0.0,0.0,43.159819,0.86319638,0.0
2023-04-20 23:00:00+02:00,0.0,0.0,0.0,43.159819,0.86319638,0.0
2023-04-20 23:15:00+02:00,0.0,0.0,0.0,43.159819,0.86319638,0.0
2023-04-20 23:30:00+02:00,0.0,0.0,0.0,43.159819,0.86319638,0.0
2023-04-20 23:45:00+02:00,0.0,0.0,0.0,43.159819,0.86319638,0.0
2023-04-21 00:00:00+02:00,0.0,0.0,0.0,43.159819,0.86319638,0.0
2023-04-21 00:15:00+02:00,0.0,0.0,0.0,43.159819,0.86319638,0.0
2023-04-21 00:30:00+02:00,0.0,0.0,0.0,43.159819,0.86319638,0.0
2023-04-21 00:45:00+02:00,0.0,0.0,0.0,43.159819,0.86319638,0.0
2023-04-21 01:00:00+02:00,0.0,0.0,0.0,43.159819,0.86319638,0.0
2023-04-21 01:15:00+02:00,0.0,0.0,0.0,43.159819,0.86319638,0.0
2023-04-21 01:30:00+02:00,0.0,0.0,0.0,43.159819,0.86319638,0.0
2023-04-21 01:45:00+02:00,0.0,0.0,0.0,43.159819,0.86319638,0.0
2023-04-21 02:00:00+02:00,0.0,0.0,0.0,43.159819,0.86319638,0.0
2023-04-21 02:15:00+02:00,0.0,0.0,0.0,43.159819,0.86319638,0.0
2023-04-21 02:30:00+02:00,0.0,0.0,0.0,43.159819,0.86319638,0.0
2023-04-21 02:45:00+02:00,0.0,0.0,0.0,43.159819,0.86319638,0.0
2023-04-21 03:00:00+02:00,0.0,0.0,0.0,43.159819,0.86319638,0.0
2023-04-21 03:15:00+02:00,0.0,0.0,0.0,43.159819,0.86319638,0.0
2023-04-21 03:30:00+02:00,0.0,0.0,0.0,43.159819,0.86319638,0.0
2023-04-21 03:45:00+02:00,0.0,0.0,0.0,43.159819,0.86319638,0.0
2023-04-21 04:00:00+02:00,0.0,0.0,0.0,43.159819,0.86319638,0.0
2023-04-21 04:15:00+02:00,0.0,0.0,0.0,43.159819,0.86319638,0.0
2023-04-21 04:30:00+02:00,0.0,0.0,0.0,43.159819,0.86319638,0.0
2023-04-21 04:45:00+02:00,0.0,0.0,0.0,43.159819,0.86319638,0.0
2023-04-21 05:00:00+02:00,0.0,0.0,0.0,43.159819,0.86319638,0.0
2023-04-21 05:15:00+02:00,0.0,0.0,0.0,43.159819,0.86319638,0.0
2023-04-21 05:30:00+02:00,0.0,0.0,0.0,43.159819,0.86319638,0.0
2023-04-21 05:45:00+02:00,0.0,0.0,0.0,43.159819,0.86319638,0.0
2023-04-21 06:00:00+02:00,0.0,0.0,0.0,43.159819,0.86319638,0.0
2023-04-21 06:15:00+02:00,0.0,0.0,0.0,43.159819,0.86319638,0.0
2023-04-21 06:30:00+02:00,0.0,0.0,0.0,43.159819,0.86319638,0.0
2023-04-21 06:45:00+02:00,0.0,0.0,0.0,43.159819,0.86319638,0.0
2023-04-21 07:00:00+02:00,0.0,0.0,0.0,43.159819,0.86319638,0.0
2023-04-21 07:15:00+02:00,0.066865887,0.0,0.066865887,43.159819,0.863514,0.0
2023-04-21 07:30:00+02:00,0.20655891,0.0,0.20655891,43.1757,0.86449516,0.0
2023-04-21 07:45:00+02:00,0.56248332,0.0,0.56248332,43.224758,0.86716696,0.0
2023-04-21 08:00:00+02:00,0.34829637,0.0,0.34829637,43.358348,0.86882136,0.0
2023-04-21 08:15:00+02:00,0.81198097,0.0,0.81198097,43.441068,0.87267826,0.0
2023-04-21 08:30:00+02:00,0.96175919,0.0,0.96175919,43.633913,0.87724662,0.0
2023-04-21 08:45:00+02:00,1.4588609,0.0,1.4588609,43.862331,0.88417622,0.0
2023-04-21 09:00:00+02:00,0.0,0.0,0.0,44.208811,0.88417622,0.0
2023-04-21 09:15:00+02:00,0.0,0.0,0.0,44.208811,0.88417622,0.0
2023-04-21 09:30:00+02:00,0.0,0.0,0.0,44.208811,0.88417622,0.0
2023-04-21 09:45:00+02:00,0.0,0.0,0.0,44.208811,0.88417622,0.0
2023-04-21 10:00:00+02:00,0.0,0.0,0.0,44.208811,0.88417622,0.0
2023-04-21 10:15:00+02:00,0.0,0.0,0.0,44.208811,0.88417622,0.0
2023-04-21 10:30:00+02:00,0.0,0.0,0.0,44.208811,0.88417622,0.0
2023-04-21 10:45:00+02:00,0.0,0.0,0.0,44.208811,0.88417622,0.0
2023-04-21 11:00:00+02:00,0.0,0.0,0.0,44.208811,0.88417622,0.0
2023-04-21 11:15:00+02:00,0.0,0.0,0.0,44.208811,0.88417622,0.0
2023-04-21 11:30:00+02:00,0.0,0.0,0.0,44.208811,0.88417622,0.0
2023-04-21 11:45:00+02:00,0.0,0.0,0.0,44.208811,0.88417622,0.0
2023-04-21 12:00:00+02:00,0.0,0.0,0.0,44.208811,0.88417622,0.0
2023-04-21 12:15:00+02:00,0.0,0.0,0.0,44.208811,0.88417622,0.0
2023-04-21 12:30:00+02:00,0.0,0.0,0.0,44.208811,0.88417622,0.0
2023-04-21 12:45:00+02:00,0.0,0.0,0.0,44.208811,0.88417622,0.0
2023-04-21 13:00:00+02:00,0.0,0.0,0.0,44.208811,0.88417622,0.0
2023-04-21 13:15:00+02:00,0.0,0.0,0.0,44.208811,0.88417622,0.0
2023-04-21 13:30:00+02:00,0.0,0.0,0.0,44.208811,0.88417622,0.0
2023-04-21 13:45:00+02:00,0.0,0.0,0.0,44.208811,0.88417622,0.0
2023-04-21 14:00:00+02:00,0.0,0.0,0.0,44.208811,0.88417622,0.0
2023-04-21 14:15:00+02:00,0.0,0.0,0.0,44.208811,0.88417622,0.0
2023-04-21 14:30:00+02:00,0.0,0.0,0.0,44.208811,0.88417622,0.0
2023-04-21 14:45:00+02:00,0.0,0.0,0.0,44.208811,0.88417622,0.0
2023-04-21 15:00:00+02:00,0.0,0.0,0.0,44.208811,0.88417622,0.0
2023-04-21 15:15:00+02:00,0.0,0.0,0.0,44.208811,0.88417622,0.0
2023-04-21 15:30:00+02:00,0.0,0.0,0.0,44.208811,0.88417622,0.0
2023-04-21 15:45:00+02:00,0.0,0.0,0.0,44.208811,0.88417622,0.0
2023-04-21 16:00:00+02:00,0.0,0.0,0.0,44.208811,0.88417622,0.0
2023-04-21 16:15:00+02:00,0.0,0.0,0.0,44.208811,0.88417622,0.0
2023-04-21 16:30:00+02:00,0.0,0.0,0.0,44.208811,0.88417622,0.0
2023-04-21 16:45:00+02:00,0.0,0.0,0.0,44.208811,0.88417622,0.0
2023-04-21 17:00:00+02:00,0.0,0.0,0.0,44.208811,0.88417622,0.0
2023-04-21 17:15:00+02:00,0.0,0.0,0.0,44.208811,0.88417622,0.0
2023-04-21 17:30:00+02:00,0.0,0.0,0.0,44.208811,0.88417622,0.0
2023-04-21 17:45:00+02:00,0.0,0.0,0.0,44.208811,0.88417622,0.0
2023-04-21 18:00:00+02:00,0.0,0.0,0.0,44.208811,0.88417622,0.0
2023-04-21 18:15:00+02:00,0.0,0.0,0.0,44.208811,0.88417622,0.0
2023-04-21 18:30:00+02:00,0.0,0.0,0.0,44.208811,0.88417622,0.0
2023-04-21 18:45:00+02:00,0.0,0.0,0.0,44.208811,0.88417622,0.0
2023-04-21 19:00:00+02:00,0.0,0.0,0.0,44.208811,0.79704022,4.3568
2023-04-21 19:15:00+02:00,0.0,0.0,0.0,39.852011,0.79704022,0.0
2023-04-21 19:30:00+02:00,0.0,0.0,0.0,39.852011,0.79704022,0.0
2023-04-21 19:45:00+02:00,0.0,0.0,0.0,39.852011,0.79704022,0.0
2023-04-21 20:00:00+02:00,0.0,0.0,0.0,39.852011,0.79704022,0.0
2023-04-21 20:15:00+02:00,0.0,0.0,0.0,39.852011,0.79704022,0.0
2023-04-21 20:30:00+02:00,0.0,0.0,0.0,39.852011,0.79704022,0.0
2023-04-21 20:45:00+02:00,0.0,0.0,0.0,39.852011,0.79704022,0.0
2023-04-21 21:00:00+02:00,0.0,0.0,0.0,39.852011,0.79704022,0.0
2023-04-21 21:15:00+02:00,0.0,0.0,0.0,39.852011,0.79704022,0.0
2023-04-21 21:30:00+02:00,0.0,0.0,0.0,39.852011,0.79704022,0.0
2023-04-21 21:45:00+02:00,0.0,0.0,0.0,39.852011,0.79704022,0.0
2023-04-21 22:00:00+02:00,0.0,0.0,0.0,39.852011,0.79704022,0.0
2023-04-21 22:15:00+02:00,0.0,0.0,0.0,39.852011,0.79704022,0.0
2023-04-21 22:30:00+02:00,0.0,0.0,0.0,39.852011,0.79704022,0.0
2023-04-21 22:45:00+02:00,0.0,0.0,0.0,39.852011,0.79704022,0.0
2023-04-21 23:00:00+02:00,0.0,0.0,0.0,39.852011,0.79704022,0.0
2023-04-21 23:15:00+02:00,0.0,0.0,0.0,39.852011,0.79704022,0.0
2023-04-21 23:30:00+02:00,0.0,0.0,0.0,39.852011,0.79704022,0.0
2023-04-21 23:45:00+02:00,0.0,0.0,0.0,39.852011,0.79704022,0.0
2023-04-22 00:00:00+02:00,0.0,0.0,0.0,39.852011,0.79704022,0.0
2023-04-22 00:15:00+02:00,0.0,0.0,0.0,39.852011,0.79704022,0.0
2023-04-22 00:30:00+02:00,0.0,0.0,0.0,39.852011,0.79704022,0.0
2023-04-22 00:45:00+02:00,0.0,0.0,0.0,39.852011,0.79704022,0.0
2023-04-22 01:00:00+02:00,0.0,0.0,0.0,39.852011,0.79704022,0.0
2023-04-22 01:15:00+02:00,0.0,0.0,0.0,39.852011,0.79704022,0.0
2023-04-22 01:30:00+02:00,0.0,0.0,0.0,39.852011,0.79704022,0.0
2023-04-22 01:45:00+02:00,0.0,0.0,0.0,39.852011,0.79704022,0.0
2023-04-22 02:00:00+02:00,0.0,0.0,0.0,39.852011,0.79704022,0.0
2023-04-22 02:15:00+02:00,0.0,0.0,0.0,39.852011,0.79704022,0.0
2023-04-22 02:30:00+02:00,0.0,0.0,0.0,39.852011,0.79704022,0.0
2023-04-22 02:45:00+02:00,0.0,0.0,0.0,39.852011,0.79704022,0.0
2023-04-22 03:00:00+02:00,0.0,0.0,0.0,39.852011,0.79704022,0.0
2023-04-22 03:15:00+02:00,0.0,0.0,0.0,39.852011,0.79704022,0.0
2023-04-22 03:30:00+02:00,0.0,0.0,0.0,39.852011,0.79704022,0.0
2023-04-22 03:45:00+02:00,0.0,0.0,0.0,39.852011,0.79704022,0.0
2023-04-22 04:00:00+02:00,0.0,0.0,0.0,39.852011,0.79704022,0.0
2023-04-22 04:15:00+02:00,0.0,0.0,0.0,39.852011,0.79704022,0.0
2023-04-22 04:30:00+02:00,0.0,0.0,0.0,39.852011,0.79704022,0.0
2023-04-22 04:45:00+02:00,0.0,0.0,0.0,39.852011,0.79704022,0.0
2023-04-22 05:00:00+02:00,0.0,0.0,0.0,39.852011,0.79704022,0.0
2023-04-22 05:15:00+02:00,0.0,0.0,0.0,39.852011,0.79704022,0.0
2023-04-22 05:30:00+02:00,0.0,0.0,0.0,39.852011,0.79704022,0.0
2023-04-22 05:45:00+02:00,0.0,0.0,0.0,39.852011,0.79704022,0.0
2023-04-22 06:00:00+02:00,0.0,0.0,0.0,39.852011,0.79704022,0.0
2023-04-22 06:15:00+02:00,0.13301797,0.0,0.13301797,39.852011,0.79767204,0.0
2023-04-22 06:30:00+02:00,0.42565654,0.0,0.42565654,39.883602,0.79969392,0.0
2023-04-22 06:45:00+02:00,1.0902048,0.0,1.0902048,39.984696,0.8048724,0.0
2023-04-22 07:00:00+02:00,3.9124099,0.0,3.9124099,40.24362,0.82345634,0.0
2023-04-22 07:15:00+02:00,5.1620856,0.0,5.1620856,41.172817,0.8479762399999999,0.0
2023-04-22 07:30:00+02:00,6.9152262,0.0,6.9152262,42.398812,0.8808235600000001,0.0
2023-04-22 07:45:00+02:00,0.0,0.0,0.0,44.041178,0.8808235600000001,0.0
2023-04-22 08:00:00+02:00,0.0,0.0,0.0,44.041178,0.8808235600000001,0.0
2023-04-22 08:15:00+02:00,0.0,0.0,0.0,44.041178,0.8808235600000001,0.0
2023-04-22 08:30:00+02:00,0.0,0.0,0.0,44.041178,0.8808235600000001,0.0
2023-04-22 08:45:00+02:00,0.0,0.0,0.0,44.041178,0.8808235600000001,0.0
2023-04-22 09:00:00+02:00,0.0,0.0,0.0,44.041178,0.8808235600000001,0.0
2023-04-22 09:15:00+02:00,0.0,0.0,0.0,44.041178,0.8808235600000001,0.0
2023-04-22 09:30:00+02:00,0.0,0.0,0.0,44.041178,0.8808235600000001,0.0
2023-04-22 09:45:00+02:00,0.0,0.0,0.0,44.041178,0.8808235600000001,0.0
2023-04-22 10:00:00+02:00,0.0,0.0,0.0,44.041178,0.8808235600000001,0.0
2023-04-22 10:15:00+02:00,0.0,0.0,0.0,44.041178,0.8808235600000001,0.0
2023-04-22 10:30:00+02:00,0.0,0.0,0.0,44.041178,0.8808235600000001,0.0
2023-04-22 10:45:00+02:00,0.0,0.0,0.0,44.041178,0.8808235600000001,0.0
2023-04-22 11:00:00+02:00,0.0,0.0,0.0,44.041178,0.8808235600000001,0.0
2023-04-22 11:15:00+02:00,0.0,0.0,0.0,44.041178,0.8808235600000001,0.0
2023-04-22 11:30:00+02:00,0.0,0.0,0.0,44.041178,0.8808235600000001,0.0
2023-04-22 11:45:00+02:00,0.0,0.0,0.0,44.041178,0.8808235600000001,0.0
2023-04-22 12:00:00+02:00,0.0,0.0,0.0,44.041178,0.8808235600000001,0.0
2023-04-22 12:15:00+02:00,0.0,0.0,0.0,44.041178,0.8808235600000001,0.0
2023-04-22 12:30:00+02:00,0.0,0.0,0.0,44.041178,0.8808235600000001,0.0
2023-04-22 12:45:00+02:00,0.0,0.0,0.0,44.041178,0.8808235600000001,0.0
2023-04-22 13:00:00+02:00,0.0,0.0,0.0,44.041178,0.8808235600000001,0.0
2023-04-22 13:15:00+02:00,0.0,0.0,0.0,44.041178,0.8808235600000001,0.0
2023-04-22 13:30:00+02:00,0.0,0.0,0.0,44.041178,0.8808235600000001,0.0
2023-04-22 13:45:00+02:00,0.0,0.0,0.0,44.041178,0.8808235600000001,0.0
2023-04-22 14:00:00+02:00,0.0,0.0,0.0,44.041178,0.8808235600000001,0.0
2023-04-22 14:15:00+02:00,0.0,0.0,0.0,44.041178,0.8808235600000001,0.0
2023-04-22 14:30:00+02:00,0.0,0.0,0.0,44.041178,0.8808235600000001,0.0
2023-04-22 14:45:00+02:00,0.0,0.0,0.0,44.041178,0.8808235600000001,0.0
2023-04-22 15:00:00+02:00,0.0,0.0,0.0,44.041178,0.8808235600000001,0.0
2023-04-22 15:15:00+02:00,0.0,0.0,0.0,44.041178,0.8808235600000001,0.0
2023-04-22 15:30:00+02:00,0.0,0.0,0.0,44.041178,0.8808235600000001,0.0
2023-04-22 15:45:00+02:00,0.0,0.0,0.0,44.041178,0.68365646,9.858355187329494
2023-04-22 16:00:00+02:00,2.6586076,0.0,2.6586076,34.182823,0.69628486,0.0
2023-04-22 16:15:00+02:00,1.5010237,0.0,1.5010237,34.814243,0.7034147199999999,0.0
2023-04-22 16:30:00+02:00,1.1782697,0.0,1.1782697,35.170736,0.7090115,0.0
2023-04-22 16:45:00+02:00,0.94252294,0.0,0.94252294,35.450575,0.7134884800000001,0.0
2023-04-22 17:00:00+02:00,0.86358067,0.0,0.86358067,35.674424,0.71759048,0.0
2023-04-22 17:15:00+02:00,1.0163438,0.0,1.0163438,35.879524,0.7224181199999999,0.0
2023-04-22 17:30:00+02:00,0.43358604,0.0,0.43358604,36.120906,0.72447766,0.0
2023-04-22 17:45:00+02:00,0.0,0.0,0.0,36.223883,0.72447766,0.0
2023-04-22 18:00:00+02:00,0.0,0.0,0.0,36.223883,0.72447766,0.0
2023-04-22 18:15:00+02:00,0.0,0.0,0.0,36.223883,0.72447766,0.0
2023-04-22 18:30:00+02:00,0.0,0.0,0.0,36.223883,0.72447766,0.0
2023-04-22 18:45:00+02:00,0.0,0.0,0.0,36.223883,0.72447766,0.0
2023-04-22 19:00:00+02:00,0.0,0.0,0.0,36.223883,0.72447766,0.0
2023-04-22 19:15:00+02:00,0.0,0.0,0.0,36.223883,0.72447766,0.0
2023-04-22 19:30:00+02:00,0.0,0.0,0.0,36.223883,0.72447766,0.0
2023-04-22 19:45:00+02:00,0.0,0.0,0.0,36.223883,0.72447766,0.0
2023-04-22 20:00:00+02:00,0.0,0.0,0.0,36.223883,0.72447766,0.0
2023-04-22 20:15:00+02:00,0.0,0.0,0.0,36.223883,0.72447766,0.0
2023-04-22 20:30:00+02:00,0.0,0.0,0.0,36.223883,0.72447766,0.0
2023-04-22 20:45:00+02:00,0.0,0.0,0.0,36.223883,0.72447766,0.0
2023-04-22 21:00:00+02:00,0.0,0.0,0.0,36.223883,0.72447766,0.0
2023-04-22 21:15:00+02:00,0.0,0.0,0.0,36.223883,0.72447766,0.0
2023-04-22 21:30:00+02:00,0.0,0.0,0.0,36.223883,0.72447766,0.0
2023-04-22 21:45:00+02:00,0.0,0.0,0.0,36.223883,0.72447766,0.0
2023-04-22 22:00:00+02:00,0.0,0.0,0.0,36.223883,0.72447766,0.0
2023-04-22 22:15:00+02:00,0.0,0.0,0.0,36.223883,0.72447766,0.0
2023-04-22 22:30:00+02:00,0.0,0.0,0.0,36.223883,0.72447766,0.0
2023-04-22 22:45:00+02:00,0.0,0.0,0.0,36.223883,0.72447766,0.0
2023-04-22 23:00:00+02:00,0.0,0.0,0.0,36.223883,0.72447766,0.0
2023-04-22 23:15:00+02:00,0.0,0.0,0.0,36.223883,0.72447766,0.0
2023-04-22 23:30:00+02:00,0.0,0.0,0.0,36.223883,0.72447766,0.0
2023-04-22 23:45:00+02:00,0.0,0.0,0.0,36.223883,0.72447766,0.0
2023-04-23 00:00:00+02:00,0.0,0.0,0.0,36.223883,0.72447766,0.0
2023-04-23 00:15:00+02:00,0.0,0.0,0.0,36.223883,0.72447766,0.0
2023-04-23 00:30:00+02:00,0.0,0.0,0.0,36.223883,0.72447766,0.0
2023-04-23 00:45:00+02:00,0.0,0.0,0.0,36.223883,0.72447766,0.0
2023-04-23 01:00:00+02:00,0.0,0.0,0.0,36.223883,0.72447766,0.0
2023-04-23 01:15:00+02:00,0.0,0.0,0.0,36.223883,0.72447766,0.0
2023-04-23 01:30:00+02:00,0.0,0.0,0.0,36.223883,0.72447766,0.0
2023-04-23 01:45:00+02:00,0.0,0.0,0.0,36.223883,0.72447766,0.0
2023-04-23 02:00:00+02:00,0.0,0.0,0.0,36.223883,0.72447766,0.0
2023-04-23 02:15:00+02:00,0.0,0.0,0.0,36.223883,0.72447766,0.0
2023-04-23 02:30:00+02:00,0.0,0.0,0.0,36.223883,0.72447766,0.0
2023-04-23 02:45:00+02:00,0.0,0.0,0.0,36.223883,0.72447766,0.0
2023-04-23 03:00:00+02:00,0.0,0.0,0.0,36.223883,0.72447766,0.0
2023-04-23 03:15:00+02:00,0.0,0.0,0.0,36.223883,0.72447766,0.0
2023-04-23 03:30:00+02:00,0.0,0.0,0.0,36.223883,0.72447766,0.0
2023-04-23 03:45:00+02:00,0.0,0.0,0.0,36.223883,0.72447766,0.0
2023-04-23 04:00:00+02:00,0.0,0.0,0.0,36.223883,0.72447766,0.0
2023-04-23 04:15:00+02:00,0.0,0.0,0.0,36.223883,0.72447766,0.0
2023-04-23 04:30:00+02:00,0.0,0.0,0.0,36.223883,0.72447766,0.0
2023-04-23 04:45:00+02:00,0.0,0.0,0.0,36.223883,0.72447766,0.0
2023-04-23 05:00:00+02:00,0.0,0.0,0.0,36.223883,0.72447766,0.0
2023-04-23 05:15:00+02:00,0.0,0.0,0.0,36.223883,0.72447766,0.0
2023-04-23 05:30:00+02:00,0.0,0.0,0.0,36.223883,0.72447766,0.0
2023-04-23 05:45:00+02:00,0.0,0.0,0.0,36.223883,0.72447766,0.0
2023-04-23 06:00:00+02:00,0.052096084,0.0,0.052096084,36.223883,0.72472512,0.0
2023-04-23 06:15:00+02:00,0.13049706,0.0,0.13049706,36.236256,0.72534498,0.0
2023-04-23 06:30:00+02:00,0.47071797,0.0,0.47071797,36.267249,0.72758088,0.0
2023-04-23 06:45:00+02:00,0.91116541,0.0,0.91116541,36.379044,0.7319089200000001,0.0
2023-04-23 07:00:00+02:00,1.3193478,0.0,1.3193478,36.595446,0.73817582,0.0
2023-04-23 07:15:00+02:00,1.692489,0.0,1.692489,36.908791,0.74621514,0.0
2023-04-23 07:30:00+02:00,2.0856626,0.0,2.0856626,37.310757,0.75612204,0.0
2023-04-23 07:45:00+02:00,2.6626796,0.0,2.6626796,37.806102,0.76876976,0.0
2023-04-23 08:00:00+02:00,6.5747858,0.0,6.5747858,38.438488,0.8,0.0
2023-04-23 08:15:00+02:00,3.2143493,0.0,3.2143493,40.0,0.81526816,0.0
2023-04-23 08:30:00+02:00,0.0,0.0,0.0,40.763408,0.81526816,0.0
2023-04-23 08:45:00+02:00,0.0,0.0,0.0,40.763408,0.81526816,0.0
2023-04-23 09:00:00+02:00,0.0,0.0,0.0,40.763408,0.81526816,0.0
2023-04-23 09:15:00+02:00,0.0,0.0,0.0,40.763408,0.81526816,0.0
2023-04-23 09:30:00+02:00,0.0,0.0,0.0,40.763408,0.81526816,0.0
2023-04-23 09:45:00+02:00,0.0,0.0,0.0,40.763408,0.81526816,0.0
2023-04-23 10:00:00+02:00,0.0,0.0,0.0,40.763408,0.81526816,0.0
2023-04-23 10:15:00+02:00,0.0,0.0,0.0,40.763408,0.81526816,0.0
2023-04-23 10:30:00+02:00,0.0,0.0,0.0,40.763408,0.81526816,0.0
2023-04-23 10:45:00+02:00,0.0,0.0,0.0,40.763408,0.81526816,0.0
2023-04-23 11:00:00+02:00,0.0,0.0,0.0,40.763408,0.81526816,0.0
2023-04-23 11:15:00+02:00,0.0,0.0,0.0,40.763408,0.81526816,0.0
2023-04-23 11:30:00+02:00,0.0,0.0,0.0,40.763408,0.81526816,0.0
2023-04-23 11:45:00+02:00,0.0,0.0,0.0,40.763408,0.81526816,0.0
2023-04-23 12:00:00+02:00,0.0,0.0,0.0,40.763408,0.81526816,0.0
2023-04-23 12:15:00+02:00,0.0,0.0,0.0,40.763408,0.81526816,0.0
2023-04-23 12:30:00+02:00,0.0,0.0,0.0,40.763408,0.81526816,0.0
2023-04-23 12:45:00+02:00,0.0,0.0,0.0,40.763408,0.81526816,0.0
2023-04-23 13:00:00+02:00,0.0,0.0,0.0,40.763408,0.81526816,0.0
2023-04-23 13:15:00+02:00,0.0,0.0,0.0,40.763408,0.81526816,0.0
2023-04-23 13:30:00+02:00,0.0,0.0,0.0,40.763408,0.81526816,0.0
2023-04-23 13:45:00+02:00,0.0,0.0,0.0,40.763408,0.81526816,0.0
2023-04-23 14:00:00+02:00,0.0,0.0,0.0,40.763408,0.81526816,0.0
2023-04-23 14:15:00+02:00,0.0,0.0,0.0,40.763408,0.81526816,0.0
2023-04-23 14:30:00+02:00,0.0,0.0,0.0,40.763408,0.81526816,0.0
2023-04-23 14:45:00+02:00,0.0,0.0,0.0,40.763408,0.81526816,0.0
2023-04-23 15:00:00+02:00,0.0,0.0,0.0,40.763408,0.81526816,0.0
2023-04-23 15:15:00+02:00,0.0,0.0,0.0,40.763408,0.81526816,0.0
2023-04-23 15:30:00+02:00,0.0,0.0,0.0,40.763408,0.81526816,0.0
2023-04-23 15:45:00+02:00,0.0,0.0,0.0,40.763408,0.81526816,0.0
2023-04-23 16:00:00+02:00,0.0,0.0,0.0,40.763408,0.81526816,0.0
2023-04-23 16:15:00+02:00,0.0,0.0,0.0,40.763408,0.81526816,0.0
2023-04-23 16:30:00+02:00,0.0,0.0,0.0,40.763408,0.81526816,0.0
2023-04-23 16:45:00+02:00,0.0,0.0,0.0,40.763408,0.81526816,0.0
2023-04-23 17:00:00+02:00,0.0,0.0,0.0,40.763408,0.72738962,4.393926961160791
2023-04-23 17:15:00+02:00,0.98843977,0.0,0.98843977,36.369481,0.7320847,0.0
2023-04-23 17:30:00+02:00,0.41092194,0.0,0.41092194,36.604235,0.7340365799999999,0.0
2023-04-23 17:45:00+02:00,0.19304342,0.0,0.19304342,36.701829,0.73495354,0.0
2023-04-23 18:00:00+02:00,0.0078860168,0.0,0.0078860168,36.747677,0.734991,0.0
2023-04-23 18:15:00+02:00,0.0,0.0,0.0,36.74955,0.734991,0.0
2023-04-23 18:30:00+02:00,0.0,0.0,0.0,36.74955,0.734991,0.0
2023-04-23 18:45:00+02:00,0.0,0.0,0.0,36.74955,0.734991,0.0
2023-04-23 19:00:00+02:00,0.0,0.0,0.0,36.74955,0.734991,0.0
2023-04-23 19:15:00+02:00,0.0,0.0,0.0,36.74955,0.734991,0.0
2023-04-23 19:30:00+02:00,0.0,0.0,0.0,36.74955,0.734991,0.0
2023-04-23 19:45:00+02:00,0.0,0.0,0.0,36.74955,0.734991,0.0
2023-04-23 20:00:00+02:00,0.0,0.0,0.0,36.74955,0.734991,0.0
2023-04-23 20:15:00+02:00,0.0,0.0,0.0,36.74955,0.734991,0.0
2023-04-23 20:30:00+02:00,0.0,0.0,0.0,36.74955,0.734991,0.0
2023-04-23 20:45:00+02:00,0.0,0.0,0.0,36.74955,0.734991,0.0
2023-04-23 21:00:00+02:00,0.0,0.0,0.0,36.74955,0.734991,0.0
2023-04-23 21:15:00+02:00,0.0,0.0,0.0,36.74955,0.734991,0.0
2023-04-23 21:30:00+02:00,0.0,0.0,0.0,36.74955,0.734991,0.0
2023-04-23 21:45:00+02:00,0.0,0.0,0.0,36.74955,0.734991,0.0
2023-04-23 22:00:00+02:00,0.0,0.0,0.0,36.74955,0.734991,0.0
2023-04-23 22:15:00+02:00,0.0,0.0,0.0,36.74955,0.734991,0.0
2023-04-23 22:30:00+02:00,0.0,0.0,0.0,36.74955,0.734991,0.0
2023-04-23 22:45:00+02:00,0.0,0.0,0.0,36.74955,0.734991,0.0
2023-04-23 23:00:00+02:00,0.0,0.0,0.0,36.74955,0.734991,0.0
2023-04-23 23:15:00+02:00,0.0,0.0,0.0,36.74955,0.734991,0.0
2023-04-23 23:30:00+02:00,0.0,0.0,0.0,36.74955,0.734991,0.0
2023-04-23 23:45:00+02:00,0.0,0.0,0.0,36.74955,0.734991,0.0
2023-04-24 00:00:00+02:00,0.0,0.0,0.0,36.74955,0.734991,0.0
2023-04-24 00:15:00+02:00,0.0,0.0,0.0,36.74955,0.734991,0.0
2023-04-24 00:30:00+02:00,0.0,0.0,0.0,36.74955,0.734991,0.0
2023-04-24 00:45:00+02:00,0.0,0.0,0.0,36.74955,0.734991,0.0
2023-04-24 01:00:00+02:00,0.0,0.0,0.0,36.74955,0.734991,0.0
2023-04-24 01:15:00+02:00,0.0,0.0,0.0,36.74955,0.734991,0.0
2023-04-24 01:30:00+02:00,0.0,0.0,0.0,36.74955,0.734991,0.0
2023-04-24 01:45:00+02:00,0.0,0.0,0.0,36.74955,0.734991,0.0
2023-04-24 02:00:00+02:00,0.0,0.0,0.0,36.74955,0.734991,0.0
2023-04-24 02:15:00+02:00,0.0,0.0,0.0,36.74955,0.734991,0.0
2023-04-24 02:30:00+02:00,0.0,0.0,0.0,36.74955,0.734991,0.0
2023-04-24 02:45:00+02:00,0.0,0.0,0.0,36.74955,0.734991,0.0
2023-04-24 03:00:00+02:00,0.0,0.0,0.0,36.74955,0.734991,0.0
2023-04-24 03:15:00+02:00,0.0,0.0,0.0,36.74955,0.734991,0.0
2023-04-24 03:30:00+02:00,0.0,0.0,0.0,36.74955,0.734991,0.0
2023-04-24 03:45:00+02:00,0.0,0.0,0.0,36.74955,0.734991,0.0
2023-04-24 04:00:00+02:00,0.0,0.0,0.0,36.74955,0.734991,0.0
2023-04-24 04:15:00+02:00,0.0,0.0,0.0,36.74955,0.734991,0.0
2023-04-24 04:30:00+02:00,0.0,0.0,0.0,36.74955,0.734991,0.0
2023-04-24 04:45:00+02:00,0.0,0.0,0.0,36.74955,0.734991,0.0
2023-04-24 05:00:00+02:00,0.0,0.0,0.0,36.74955,0.734991,0.0
2023-04-24 05:15:00+02:00,0.0,0.0,0.0,36.74955,0.734991,0.0
2023-04-24 05:30:00+02:00,0.0,0.0,0.0,36.74955,0.734991,0.0
2023-04-24 05:45:00+02:00,0.0,0.0,0.0,36.74955,0.734991,0.0
2023-04-24 06:00:00+02:00,0.12246547,0.0,0.12246547,36.74955,0.73557272,0.0
2023-04-24 06:15:00+02:00,0.33829164,0.0,0.33829164,36.778636,0.7371796,0.0
2023-04-24 06:30:00+02:00,0.578518,0.0,0.578518,36.85898,0.73992756,0.0
2023-04-24 06:45:00+02:00,1.1733467,0.0,1.1733467,36.996378,0.74550096,0.0
2023-04-24 07:00:00+02:00,0.82700692,0.0,0.82700692,37.275048,0.74942924,0.0
2023-04-24 07:15:00+02:00,1.2238832,0.0,1.2238832,37.471462,0.75524268,0.0
2023-04-24 07:30:00+02:00,1.8133809,0.0,1.8133809,37.762134,0.7638562400000001,0.0
2023-04-24 07:45:00+02:00,2.1128924,0.0,2.1128924,38.192812,0.77389248,0.0
2023-04-24 08:00:00+02:00,5.4963194,0.0,5.4963194,38.694624,0.8,0.0
2023-04-24 08:15:00+02:00,5.1128088,0.0,5.1128088,40.0,0.82428584,0.0
2023-04-24 08:30:00+02:00,0.0,0.0,0.0,41.214292,0.82428584,0.0
2023-04-24 08:45:00+02:00,0.0,0.0,0.0,41.214292,0.82428584,0.0
2023-04-24 09:00:00+02:00,0.0,0.0,0.0,41.214292,0.82428584,0.0
2023-04-24 09:15:00+02:00,0.0,0.0,0.0,41.214292,0.82428584,0.0
2023-04-24 09:30:00+02:00,0.0,0.0,0.0,41.214292,0.82428584,0.0
2023-04-24 09:45:00+02:00,0.0,0.0,0.0,41.214292,0.82428584,0.0
2023-04-24 10:00:00+02:00,0.0,0.0,0.0,41.214292,0.82428584,0.0
2023-04-24 10:15:00+02:00,0.0,0.0,0.0,41.214292,0.82428584,0.0
2023-04-24 10:30:00+02:00,0.0,0.0,0.0,41.214292,0.82428584,0.0
2023-04-24 10:45:00+02:00,0.0,0.0,0.0,41.214292,0.82428584,0.0
2023-04-24 11:00:00+02:00,0.0,0.0,0.0,41.214292,0.82428584,0.0
2023-04-24 11:15:00+02:00,0.0,0.0,0.0,41.214292,0.82428584,0.0
2023-04-24 11:30:00+02:00,0.0,0.0,0.0,41.214292,0.82428584,0.0
2023-04-24 11:45:00+02:00,0.0,0.0,0.0,41.214292,0.82428584,0.0
2023-04-24 12:00:00+02:00,0.0,0.0,0.0,41.214292,0.82428584,0.0
2023-04-24 12:15:00+02:00,0.0,0.0,0.0,41.214292,0.82428584,0.0
2023-04-24 12:30:00+02:00,0.0,0.0,0.0,41.214292,0.82428584,0.0
2023-04-24 12:45:00+02:00,0.0,0.0,0.0,41.214292,0.82428584,0.0
2023-04-24 13:00:00+02:00,0.0,0.0,0.0,41.214292,0.82428584,0.0
2023-04-24 13:15:00+02:00,0.0,0.0,0.0,41.214292,0.82428584,0.0
2023-04-24 13:30:00+02:00,0.0,0.0,0.0,41.214292,0.82428584,0.0
2023-04-24 13:45:00+02:00,0.0,0.0,0.0,41.214292,0.82428584,0.0
2023-04-24 14:00:00+02:00,0.0,0.0,0.0,41.214292,0.82428584,0.0
2023-04-24 14:15:00+02:00,0.0,0.0,0.0,41.214292,0.82428584,0.0
2023-04-24 14:30:00+02:00,0.0,0.0,0.0,41.214292,0.82428584,0.0
2023-04-24 14:45:00+02:00,0.0,0.0,0.0,41.214292,0.82428584,0.0
2023-04-24 15:00:00+02:00,0.0,0.0,0.0,41.214292,0.82428584,0.0
2023-04-24 15:15:00+02:00,0.0,0.0,0.0,41.214292,0.82428584,0.0
2023-04-24 15:30:00+02:00,0.0,0.0,0.0,41.214292,0.82428584,0.0
2023-04-24 15:45:00+02:00,0.0,0.0,0.0,41.214292,0.82428584,0.0
2023-04-24 16:00:00+02:00,0.0,0.0,0.0,41.214292,0.82428584,0.0
2023-04-24 16:15:00+02:00,0.0,0.0,0.0,41.214292,0.82428584,0.0
2023-04-24 16:30:00+02:00,0.0,0.0,0.0,41.214292,0.82428584,0.0
2023-04-24 16:45:00+02:00,0.0,0.0,0.0,41.214292,0.82428584,0.0
2023-04-24 17:00:00+02:00,0.0,0.0,0.0,41.214292,0.82428584,0.0
2023-04-24 17:15:00+02:00,0.0,0.0,0.0,41.214292,0.82428584,0.0
2023-04-24 17:30:00+02:00,0.0,0.0,0.0,41.214292,0.82428584,0.0
2023-04-24 17:45:00+02:00,0.0,0.0,0.0,41.214292,0.82428584,0.0
2023-04-24 18:00:00+02:00,0.0,0.0,0.0,41.214292,0.82428584,0.0
2023-04-24 18:15:00+02:00,0.0,0.0,0.0,41.214292,0.70119952,6.154315771448253
2023-04-24 18:30:00+02:00,0.0,0.0,0.0,35.059976,0.70119952,0.0
2023-04-24 18:45:00+02:00,0.0,0.0,0.0,35.059976,0.70119952,0.0
2023-04-24 19:00:00+02:00,0.0,0.0,0.0,35.059976,0.70119952,0.0
2023-04-24 19:15:00+02:00,0.0,0.0,0.0,35.059976,0.70119952,0.0
2023-04-24 19:30:00+02:00,0.0,0.0,0.0,35.059976,0.70119952,0.0
2023-04-24 19:45:00+02:00,0.0,0.0,0.0,35.059976,0.70119952,0.0
2023-04-24 20:00:00+02:00,0.0,0.0,0.0,35.059976,0.70119952,0.0
2023-04-24 20:15:00+02:00,0.0,0.0,0.0,35.059976,0.70119952,0.0
2023-04-24 20:30:00+02:00,0.0,0.0,0.0,35.059976,0.70119952,0.0
2023-04-24 20:45:00+02:00,0.0,0.0,0.0,35.059976,0.70119952,0.0
2023-04-24 21:00:00+02:00,0.0,0.0,0.0,35.059976,0.70119952,0.0
2023-04-24 21:15:00+02:00,0.0,0.0,0.0,35.059976,0.70119952,0.0
2023-04-24 21:30:00+02:00,0.0,0.0,0.0,35.059976,0.70119952,0.0
2023-04-24 21:45:00+02:00,0.0,0.0,0.0,35.059976,0.70119952,0.0
2023-04-24 22:00:00+02:00,0.0,0.0,0.0,35.059976,0.70119952,0.0
2023-04-24 22:15:00+02:00,0.0,0.0,0.0,35.059976,0.70119952,0.0
2023-04-24 22:30:00+02:00,0.0,0.0,0.0,35.059976,0.70119952,0.0
2023-04-24 22:45:00+02:00,0.0,0.0,0.0,35.059976,0.70119952,0.0
2023-04-24 23:00:00+02:00,0.0,0.0,0.0,35.059976,0.70119952,0.0
2023-04-24 23:15:00+02:00,0.0,0.0,0.0,35.059976,0.70119952,0.0
2023-04-24 23:30:00+02:00,0.0,0.0,0.0,35.059976,0.70119952,0.0
2023-04-24 23:45:00+02:00,0.0,0.0,0.0,35.059976,0.70119952,0.0
2023-04-25 00:00:00+02:00,0.0,0.0,0.0,35.059976,0.70119952,0.0
2023-04-25 00:15:00+02:00,0.0,0.0,0.0,35.059976,0.70119952,0.0
2023-04-25 00:30:00+02:00,0.0,0.0,0.0,35.059976,0.70119952,0.0
2023-04-25 00:45:00+02:00,0.0,0.0,0.0,35.059976,0.70119952,0.0
2023-04-25 01:00:00+02:00,0.0,0.0,0.0,35.059976,0.70119952,0.0
2023-04-25 01:15:00+02:00,0.0,0.0,0.0,35.059976,0.70119952,0.0
2023-04-25 01:30:00+02:00,0.0,0.0,0.0,35.059976,0.70119952,0.0
2023-04-25 01:45:00+02:00,0.0,0.0,0.0,35.059976,0.70119952,0.0
2023-04-25 02:00:00+02:00,0.0,0.0,0.0,35.059976,0.70119952,0.0
2023-04-25 02:15:00+02:00,0.0,0.0,0.0,35.059976,0.70119952,0.0
2023-04-25 02:30:00+02:00,0.0,0.0,0.0,35.059976,0.70119952,0.0
2023-04-25 02:45:00+02:00,0.0,0.0,0.0,35.059976,0.70119952,0.0
2023-04-25 03:00:00+02:00,0.0,0.0,0.0,35.059976,0.70119952,0.0
2023-04-25 03:15:00+02:00,0.0,0.0,0.0,35.059976,0.70119952,0.0
2023-04-25 03:30:00+02:00,0.0,0.0,0.0,35.059976,0.70119952,0.0
2023-04-25 03:45:00+02:00,0.0,0.0,0.0,35.059976,0.70119952,0.0
2023-04-25 04:00:00+02:00,0.0,0.0,0.0,35.059976,0.70119952,0.0
2023-04-25 04:15:00+02:00,0.0,0.0,0.0,35.059976,0.70119952,0.0
2023-04-25 04:30:00+02:00,0.0,0.0,0.0,35.059976,0.70119952,0.0
2023-04-25 04:45:00+02:00,0.0,0.0,0.0,35.059976,0.70119952,0.0
2023-04-25 05:00:00+02:00,0.0,0.0,0.0,35.059976,0.70119952,0.0
2023-04-25 05:15:00+02:00,0.0,0.0,0.0,35.059976,0.70119952,0.0
2023-04-25 05:30:00+02:00,0.0,0.0,0.0,35.059976,0.70119952,0.0
2023-04-25 05:45:00+02:00,0.0,0.0,0.0,35.059976,0.70119952,0.0
2023-04-25 06:00:00+02:00,0.0,0.0,0.0,35.059976,0.70119952,0.0
2023-04-25 06:15:00+02:00,0.44257013,0.0,0.44257013,35.059976,0.70330174,0.0
2023-04-25 06:30:00+02:00,4.9414027,0.0,4.9414027,35.165087,0.7267734,0.0
2023-04-25 06:45:00+02:00,5.1136073,0.0,5.1136073,36.33867,0.7510630399999999,0.0
2023-04-25 07:00:00+02:00,5.1204087,0.0,5.1204087,37.553152,0.77538498,0.0
2023-04-25 07:15:00+02:00,5.1821109,0.0,5.1821109,38.769249,0.8,0.0
2023-04-25 07:30:00+02:00,0.0,0.0,0.0,40.0,0.8,0.0
2023-04-25 07:45:00+02:00,0.0,0.0,0.0,40.0,0.8,0.0
2023-04-25 08:00:00+02:00,0.0,0.0,0.0,40.0,0.8,0.0
2023-04-25 08:15:00+02:00,0.0,0.0,0.0,40.0,0.8,0.0
2023-04-25 08:30:00+02:00,0.0,0.0,0.0,40.0,0.8,0.0
2023-04-25 08:45:00+02:00,0.0,0.0,0.0,40.0,0.8,0.0
2023-04-25 09:00:00+02:00,0.0,0.0,0.0,40.0,0.8,0.0
2023-04-25 09:15:00+02:00,0.0,0.0,0.0,40.0,0.8,0.0
2023-04-25 09:30:00+02:00,0.0,0.0,0.0,40.0,0.8,0.0
2023-04-25 09:45:00+02:00,0.0,0.0,0.0,40.0,0.8,0.0
2023-04-25 10:00:00+02:00,0.0,0.0,0.0,40.0,0.8,0.0
2023-04-25 10:15:00+02:00,0.0,0.0,0.0,40.0,0.8,0.0
2023-04-25 10:30:00+02:00,0.0,0.0,0.0,40.0,0.8,0.0
2023-04-25 10:45:00+02:00,0.0,0.0,0.0,40.0,0.8,0.0
2023-04-25 11:00:00+02:00,0.0,0.0,0.0,40.0,0.8,0.0
2023-04-25 11:15:00+02:00,0.0,0.0,0.0,40.0,0.8,0.0
2023-04-25 11:30:00+02:00,0.0,0.0,0.0,40.0,0.8,0.0
2023-04-25 11:45:00+02:00,0.0,0.0,0.0,40.0,0.8,0.0
2023-04-25 12:00:00+02:00,0.0,0.0,0.0,40.0,0.8,0.0
2023-04-25 12:15:00+02:00,0.0,0.0,0.0,40.0,0.8,0.0
2023-04-25 12:30:00+02:00,0.0,0.0,0.0,40.0,0.8,0.0
2023-04-25 12:45:00+02:00,0.0,0.0,0.0,40.0,0.8,0.0
2023-04-25 13:00:00+02:00,0.0,0.0,0.0,40.0,0.8,0.0
2023-04-25 13:15:00+02:00,0.0,0.0,0.0,40.0,0.8,0.0
2023-04-25 13:30:00+02:00,0.0,0.0,0.0,40.0,0.8,0.0
2023-04-25 13:45:00+02:00,0.0,0.0,0.0,40.0,0.8,0.0
2023-04-25 14:00:00+02:00,0.0,0.0,0.0,40.0,0.8,0.0
2023-04-25 14:15:00+02:00,0.0,0.0,0.0,40.0,0.8,0.0
2023-04-25 14:30:00+02:00,0.0,0.0,0.0,40.0,0.8,0.0
2023-04-25 14:45:00+02:00,0.0,0.0,0.0,40.0,0.600706,9.964700437775614
2023-04-25 15:00:00+02:00,0.0,0.0,0.0,30.0353,0.600706,0.0
2023-04-25 15:15:00+02:00,0.0,0.0,0.0,30.0353,0.600706,0.0
2023-04-25 15:30:00+02:00,0.0,0.0,0.0,30.0353,0.600706,0.0
2023-04-25 15:45:00+02:00,0.0,0.0,0.0,30.0353,0.600706,0.0
2023-04-25 16:00:00+02:00,0.0,0.0,0.0,30.0353,0.600706,0.0
2023-04-25 16:15:00+02:00,0.0,0.0,0.0,30.0353,0.600706,0.0
2023-04-25 16:30:00+02:00,0.0,0.0,0.0,30.0353,0.600706,0.0
2023-04-25 16:45:00+02:00,0.0,0.0,0.0,30.0353,0.600706,0.0
2023-04-25 17:00:00+02:00,0.0,0.0,0.0,30.0353,0.600706,0.0
2023-04-25 17:15:00+02:00,0.0,0.0,0.0,30.0353,0.600706,0.0
2023-04-25 17:30:00+02:00,0.0,0.0,0.0,30.0353,0.600706,0.0
2023-04-25 17:45:00+02:00,0.0,0.0,0.0,30.0353,0.600706,0.0
2023-04-25 18:00:00+02:00,0.0,0.0,0.0,30.0353,0.600706,0.0
2023-04-25 18:15:00+02:00,0.0,0.0,0.0,30.0353,0.600706,0.0
2023-04-25 18:30:00+02:00,0.0,0.0,0.0,30.0353,0.600706,0.0
2023-04-25 18:45:00+02:00,0.0,0.0,0.0,30.0353,0.600706,0.0
2023-04-25 19:00:00+02:00,0.0,0.0,0.0,30.0353,0.600706,0.0
2023-04-25 19:15:00+02:00,0.0,0.0,0.0,30.0353,0.600706,0.0
2023-04-25 19:30:00+02:00,0.0,0.0,0.0,30.0353,0.600706,0.0
2023-04-25 19:45:00+02:00,0.0,0.0,0.0,30.0353,0.600706,0.0
2023-04-25 20:00:00+02:00,0.0,0.0,0.0,30.0353,0.600706,0.0
2023-04-25 20:15:00+02:00,0.0,0.0,0.0,30.0353,0.600706,0.0
2023-04-25 20:30:00+02:00,0.0,0.0,0.0,30.0353,0.600706,0.0
2023-04-25 20:45:00+02:00,0.0,0.0,0.0,30.0353,0.600706,0.0
2023-04-25 21:00:00+02:00,0.0,0.0,0.0,30.0353,0.600706,0.0
2023-04-25 21:15:00+02:00,0.0,0.0,0.0,30.0353,0.600706,0.0
2023-04-25 21:30:00+02:00,0.0,0.0,0.0,30.0353,0.600706,0.0
2023-04-25 21:45:00+02:00,0.0,0.0,0.0,30.0353,0.600706,0.0
2023-04-25 22:00:00+02:00,0.0,0.0,0.0,30.0353,0.600706,0.0
2023-04-25 22:15:00+02:00,0.0,0.0,0.0,30.0353,0.600706,0.0
2023-04-25 22:30:00+02:00,0.0,0.0,0.0,30.0353,0.600706,0.0
2023-04-25 22:45:00+02:00,0.0,0.0,0.0,30.0353,0.600706,0.0
2023-04-25 23:00:00+02:00,0.0,0.0,0.0,30.0353,0.600706,0.0
2023-04-25 23:15:00+02:00,0.0,0.0,0.0,30.0353,0.600706,0.0
2023-04-25 23:30:00+02:00,0.0,0.0,0.0,30.0353,0.600706,0.0
2023-04-25 23:45:00+02:00,0.0,0.0,0.0,30.0353,0.600706,0.0
2023-04-26 00:00:00+02:00,0.0,0.0,0.0,30.0353,0.600706,0.0
2023-04-26 00:15:00+02:00,0.0,0.0,0.0,30.0353,0.600706,0.0
2023-04-26 00:30:00+02:00,0.0,0.0,0.0,30.0353,0.600706,0.0
2023-04-26 00:45:00+02:00,0.0,0.0,0.0,30.0353,0.600706,0.0
2023-04-26 01:00:00+02:00,0.0,0.0,0.0,30.0353,0.600706,0.0
2023-04-26 01:15:00+02:00,0.0,0.0,0.0,30.0353,0.600706,0.0
2023-04-26 01:30:00+02:00,0.0,0.0,0.0,30.0353,0.600706,0.0
2023-04-26 01:45:00+02:00,0.0,0.0,0.0,30.0353,0.600706,0.0
2023-04-26 02:00:00+02:00,0.0,0.0,0.0,30.0353,0.600706,0.0
2023-04-26 02:15:00+02:00,0.0,0.0,0.0,30.0353,0.600706,0.0
2023-04-26 02:30:00+02:00,0.0,0.0,0.0,30.0353,0.600706,0.0
2023-04-26 02:45:00+02:00,0.0,0.0,0.0,30.0353,0.600706,0.0
2023-04-26 03:00:00+02:00,0.0,0.0,0.0,30.0353,0.600706,0.0
2023-04-26 03:15:00+02:00,0.0,0.0,0.0,30.0353,0.600706,0.0
2023-04-26 03:30:00+02:00,0.0,0.0,0.0,30.0353,0.600706,0.0
2023-04-26 03:45:00+02:00,0.0,0.0,0.0,30.0353,0.600706,0.0
2023-04-26 04:00:00+02:00,0.0,0.0,0.0,30.0353,0.600706,0.0
2023-04-26 04:15:00+02:00,0.0,0.0,0.0,30.0353,0.600706,0.0
2023-04-26 04:30:00+02:00,0.0,0.0,0.0,30.0353,0.600706,0.0
2023-04-26 04:45:00+02:00,0.0,0.0,0.0,30.0353,0.600706,0.0
2023-04-26 05:00:00+02:00,0.0,0.0,0.0,30.0353,0.600706,0.0
2023-04-26 05:15:00+02:00,0.0,0.0,0.0,30.0353,0.600706,0.0
2023-04-26 05:30:00+02:00,0.0,0.0,0.0,30.0353,0.600706,0.0
2023-04-26 05:45:00+02:00,0.0,0.0,0.0,30.0353,0.600706,0.0
2023-04-26 06:00:00+02:00,0.0,0.0,0.0,30.0353,0.600706,0.0
2023-04-26 06:15:00+02:00,0.0,0.0,0.0,30.0353,0.600706,0.0
2023-04-26 06:30:00+02:00,0.0,0.0,0.0,30.0353,0.600706,0.0
2023-04-26 06:45:00+02:00,0.0,0.0,0.0,30.0353,0.600706,0.0
2023-04-26 07:00:00+02:00,1.5079852,0.0,1.5079852,30.0353,0.60786892,0.0
2023-04-26 07:15:00+02:00,2.0002719,0.0,2.0002719,30.393446,0.6173702200000001,0.0
2023-04-26 07:30:00+02:00,2.519214,0.0,2.519214,30.868511,0.62933648,0.0
2023-04-26 07:45:00+02:00,0.0,0.0,0.0,31.466824,0.62933648,0.0
2023-04-26 08:00:00+02:00,0.0,0.0,0.0,31.466824,0.62933648,0.0
2023-04-26 08:15:00+02:00,0.0,0.0,0.0,31.466824,0.62933648,0.0
2023-04-26 08:30:00+02:00,4.6666322,0.0,4.6666322,31.466824,0.6515029800000001,0.0
2023-04-26 08:45:00+02:00,5.0444323,0.0,5.0444323,32.575149,0.6754640399999999,0.0
2023-04-26 09:00:00+02:00,5.5328851,0.0,5.5328851,33.773202,0.70174524,0.0
2023-04-26 09:15:00+02:00,0.0,0.0,0.0,35.087262,0.70174524,0.0
2023-04-26 09:30:00+02:00,6.5200928,0.0,6.5200928,35.087262,0.73271568,0.0
2023-04-26 09:45:00+02:00,0.0,0.0,0.0,36.635784,0.73271568,0.0
2023-04-26 10:00:00+02:00,7.1382237,0.0,7.1382237,36.635784,0.7666222399999999,0.0
2023-04-26 10:15:00+02:00,0.0,0.0,0.0,38.331112,0.7666222399999999,0.0
2023-04-26 10:30:00+02:00,0.0,0.0,0.0,38.331112,0.7666222399999999,0.0
2023-04-26 10:45:00+02:00,0.0,0.0,0.0,38.331112,0.7666222399999999,0.0
2023-04-26 11:00:00+02:00,6.7619587,0.0,6.7619587,38.331112,0.7987415400000001,0.0
2023-04-26 11:15:00+02:00,0.0,0.0,0.0,39.937077,0.7987415400000001,0.0
2023-04-26 11:30:00+02:00,0.0,0.0,0.0,39.937077,0.7987415400000001,0.0
2023-04-26 11:45:00+02:00,0.0,0.0,0.0,39.937077,0.7987415400000001,0.0
2023-04-26 12:00:00+02:00,0.0,0.0,0.0,39.937077,0.7987415400000001,0.0
2023-04-26 12:15:00+02:00,0.0,0.0,0.0,39.937077,0.7987415400000001,0.0
2023-04-26 12:30:00+02:00,8.5803169,0.0,8.5803169,39.937077,0.8394980599999999,0.0
2023-04-26 12:45:00+02:00,8.4483327,0.0,8.4483327,41.974903,0.87962764,0.0
2023-04-26 13:00:00+02:00,7.8739528,0.0,7.8739528,43.981382,0.9170288999999999,0.0
2023-04-26 13:15:00+02:00,0.0,0.0,0.0,45.851445,0.9170288999999999,0.0
2023-04-26 13:30:00+02:00,7.728797,0.0,7.728797,45.851445,0.9537407,0.0
2023-04-26 13:45:00+02:00,0.0,0.0,0.0,47.687035,0.9537407,0.0
2023-04-26 14:00:00+02:00,0.0,0.0,0.0,47.687035,0.9537407,0.0
2023-04-26 14:15:00+02:00,0.0,0.0,0.0,47.687035,0.9537407,0.0
2023-04-26 14:30:00+02:00,6.9431346,0.0,6.9431346,47.687035,0.9867205800000001,0.0
2023-04-26 14:45:00+02:00,0.0,0.0,0.0,49.336029,0.9867205800000001,0.0
2023-04-26 15:00:00+02:00,0.0,0.0,0.0,49.336029,0.9867205800000001,0.0
2023-04-26 15:15:00+02:00,0.0,0.0,0.0,49.336029,0.9867205800000001,0.0
2023-04-26 15:30:00+02:00,0.0,0.0,0.0,49.336029,0.9867205800000001,0.0
2023-04-26 15:45:00+02:00,0.0,0.0,0.0,49.336029,0.9867205800000001,0.0
2023-04-26 16:00:00+02:00,0.0,0.0,0.0,49.336029,0.9867205800000001,0.0
2023-04-26 16:15:00+02:00,0.0,0.0,0.0,49.336029,0.9867205800000001,0.0
2023-04-26 16:30:00+02:00,0.0,0.0,0.0,49.336029,0.9867205800000001,0.0
2023-04-26 16:45:00+02:00,0.0,0.0,0.0,49.336029,0.9867205800000001,0.0
2023-04-26 17:00:00+02:00,0.0,0.0,0.0,49.336029,0.9867205800000001,0.0
2023-04-26 17:15:00+02:00,0.0,0.0,0.0,49.336029,0.9867205800000001,0.0
2023-04-26 17:30:00+02:00,0.0,0.0,0.0,49.336029,0.9867205800000001,0.0
2023-04-26 17:45:00+02:00,0.0,0.0,0.0,49.336029,0.9867205800000001,0.0
2023-04-26 18:00:00+02:00,0.0,0.0,0.0,49.336029,0.9867205800000001,0.0
2023-04-26 18:15:00+02:00,0.0,0.0,0.0,49.336029,0.9867205800000001,0.0
2023-04-26 18:30:00+02:00,0.0,0.0,0.0,49.336029,0.9867205800000001,0.0
2023-04-26 18:45:00+02:00,0.0,0.0,0.0,49.336029,0.9867205800000001,0.0
2023-04-26 19:00:00+02:00,0.0,0.0,0.0,49.336029,0.9867205800000001,0.0
2023-04-26 19:15:00+02:00,0.0,0.0,0.0,49.336029,0.9867205800000001,0.0
2023-04-26 19:30:00+02:00,0.0,0.0,0.0,49.336029,0.9867205800000001,0.0
2023-04-26 19:45:00+02:00,0.0,0.0,0.0,49.336029,0.9867205800000001,0.0
2023-04-26 20:00:00+02:00,0.0,0.0,0.0,49.336029,0.9867205800000001,0.0
2023-04-26 20:15:00+02:00,0.0,0.0,0.0,49.336029,0.9867205800000001,0.0
2023-04-26 20:30:00+02:00,0.0,0.0,0.0,49.336029,0.9867205800000001,0.0
2023-04-26 20:45:00+02:00,0.0,0.0,0.0,49.336029,0.9867205800000001,0.0
2023-04-26 21:00:00+02:00,0.0,0.0,0.0,49.336029,0.9867205800000001,0.0
2023-04-26 21:15:00+02:00,0.0,0.0,0.0,49.336029,0.9867205800000001,0.0
2023-04-26 21:30:00+02:00,0.0,0.0,0.0,49.336029,0.9867205800000001,0.0
2023-04-26 21:45:00+02:00,0.0,0.0,0.0,49.336029,0.9867205800000001,0.0
2023-04-26 22:00:00+02:00,0.0,0.0,0.0,49.336029,0.9867205800000001,0.0
2023-04-26 22:15:00+02:00,0.0,0.0,0.0,49.336029,0.9867205800000001,0.0
2023-04-26 22:30:00+02:00,0.0,0.0,0.0,49.336029,0.9867205800000001,0.0
2023-04-26 22:45:00+02:00,0.0,0.0,0.0,49.336029,0.9867205800000001,0.0
2023-04-26 23:00:00+02:00,0.0,0.0,0.0,49.336029,0.9867205800000001,0.0
2023-04-26 23:15:00+02:00,0.0,0.0,0.0,49.336029,0.9867205800000001,0.0
2023-04-26 23:30:00+02:00,0.0,0.0,0.0,49.336029,0.9867205800000001,0.0
2023-04-26 23:45:00+02:00,0.0,0.0,0.0,49.336029,0.9867205800000001,0.0
2023-04-27 00:00:00+02:00,0.0,0.0,0.0,49.336029,0.9867205800000001,0.0
2023-04-27 00:15:00+02:00,0.0,0.0,0.0,49.336029,0.9867205800000001,0.0
2023-04-27 00:30:00+02:00,0.0,0.0,0.0,49.336029,0.9867205800000001,0.0
2023-04-27 00:45:00+02:00,0.0,0.0,0.0,49.336029,0.9867205800000001,0.0
2023-04-27 01:00:00+02:00,0.0,0.0,0.0,49.336029,0.9867205800000001,0.0
2023-04-27 01:15:00+02:00,0.0,0.0,0.0,49.336029,0.9867205800000001,0.0
2023-04-27 01:30:00+02:00,0.0,0.0,0.0,49.336029,0.9867205800000001,0.0
2023-04-27 01:45:00+02:00,0.0,0.0,0.0,49.336029,0.9867205800000001,0.0
2023-04-27 02:00:00+02:00,0.0,0.0,0.0,49.336029,0.9867205800000001,0.0
2023-04-27 02:15:00+02:00,0.0,0.0,0.0,49.336029,0.9867205800000001,0.0
2023-04-27 02:30:00+02:00,0.0,0.0,0.0,49.336029,0.9867205800000001,0.0
2023-04-27 02:45:00+02:00,0.0,0.0,0.0,49.336029,0.9867205800000001,0.0
2023-04-27 03:00:00+02:00,0.0,0.0,0.0,49.336029,0.9867205800000001,0.0
2023-04-27 03:15:00+02:00,0.0,0.0,0.0,49.336029,0.9867205800000001,0.0
2023-04-27 03:30:00+02:00,0.0,0.0,0.0,49.336029,0.9867205800000001,0.0
2023-04-27 03:45:00+02:00,0.0,0.0,0.0,49.336029,0.9867205800000001,0.0
2023-04-27 04:00:00+02:00,0.0,0.0,0.0,49.336029,0.9867205800000001,0.0
2023-04-27 04:15:00+02:00,0.0,0.0,0.0,49.336029,0.9867205800000001,0.0
2023-04-27 04:30:00+02:00,0.0,0.0,0.0,49.336029,0.9867205800000001,0.0
2023-04-27 04:45:00+02:00,0.0,0.0,0.0,49.336029,0.9867205800000001,0.0
2023-04-27 05:00:00+02:00,0.0,0.0,0.0,49.336029,0.9867205800000001,0.0
2023-04-27 05:15:00+02:00,0.0,0.0,0.0,49.336029,0.9867205800000001,0.0
2023-04-27 05:30:00+02:00,0.0,0.0,0.0,49.336029,0.9867205800000001,0.0
2023-04-27 05:45:00+02:00,0.0,0.0,0.0,49.336029,0.9867205800000001,0.0
2023-04-27 06:00:00+02:00,0.0,0.0,0.0,49.336029,0.9867205800000001,0.0
2023-04-27 06:15:00+02:00,0.0,0.0,0.0,49.336029,0.9867205800000001,0.0
2023-04-27 06:30:00+02:00,0.0,0.0,0.0,49.336029,0.9867205800000001,0.0
2023-04-27 06:45:00+02:00,0.28222913,0.0,0.28222913,49.336029,0.98806118,0.0
2023-04-27 07:00:00+02:00,0.0,0.0,0.0,49.403059,0.98806118,0.0
2023-04-27 07:15:00+02:00,0.0,0.0,0.0,49.403059,0.98806118,0.0
2023-04-27 07:30:00+02:00,2.5134376,0.0,2.5134376,49.403059,1.0,0.0
2023-04-27 07:45:00+02:00,0.0,0.0,0.0,50.0,1.0,0.0
2023-04-27 08:00:00+02:00,0.0,0.0,0.0,50.0,1.0,0.0
2023-04-27 08:15:00+02:00,0.0,0.0,0.0,50.0,1.0,0.0
2023-04-27 08:30:00+02:00,0.0,0.0,0.0,50.0,1.0,0.0
2023-04-27 08:45:00+02:00,0.0,0.0,0.0,50.0,1.0,0.0
2023-04-27 09:00:00+02:00,0.0,0.0,0.0,50.0,1.0,0.0
2023-04-27 09:15:00+02:00,0.0,0.0,0.0,50.0,1.0,0.0
2023-04-27 09:30:00+02:00,0.0,0.0,0.0,50.0,1.0,0.0
2023-04-27 09:45:00+02:00,0.0,0.0,0.0,50.0,1.0,0.0
2023-04-27 10:00:00+02:00,0.0,0.0,0.0,50.0,1.0,0.0
2023-04-27 10:15:00+02:00,0.0,0.0,0.0,50.0,1.0,0.0
2023-04-27 10:30:00+02:00,0.0,0.0,0.0,50.0,1.0,0.0
2023-04-27 10:45:00+02:00,0.0,0.0,0.0,50.0,1.0,0.0
2023-04-27 11:00:00+02:00,0.0,0.0,0.0,50.0,1.0,0.0
2023-04-27 11:15:00+02:00,0.0,0.0,0.0,50.0,1.0,0.0
2023-04-27 11:30:00+02:00,0.0,0.0,0.0,50.0,1.0,0.0
2023-04-27 11:45:00+02:00,0.0,0.0,0.0,50.0,1.0,0.0
2023-04-27 12:00:00+02:00,0.0,0.0,0.0,50.0,1.0,0.0
2023-04-27 12:15:00+02:00,0.0,0.0,0.0,50.0,1.0,0.0
2023-04-27 12:30:00+02:00,0.0,0.0,0.0,50.0,1.0,0.0
2023-04-27 12:45:00+02:00,0.0,0.0,0.0,50.0,1.0,0.0
2023-04-27 13:00:00+02:00,0.0,0.0,0.0,50.0,1.0,0.0
2023-04-27 13:15:00+02:00,0.0,0.0,0.0,50.0,1.0,0.0
2023-04-27 13:30:00+02:00,0.0,0.0,0.0,50.0,1.0,0.0
2023-04-27 13:45:00+02:00,0.0,0.0,0.0,50.0,1.0,0.0
2023-04-27 14:00:00+02:00,0.0,0.0,0.0,50.0,1.0,0.0
2023-04-27 14:15:00+02:00,0.0,0.0,0.0,50.0,1.0,0.0
2023-04-27 14:30:00+02:00,0.0,0.0,0.0,50.0,1.0,0.0
2023-04-27 14:45:00+02:00,0.0,0.0,0.0,50.0,1.0,0.0
2023-04-27 15:00:00+02:00,0.0,0.0,0.0,50.0,1.0,0.0
2023-04-27 15:15:00+02:00,0.0,0.0,0.0,50.0,1.0,0.0
2023-04-27 15:30:00+02:00,0.0,0.0,0.0,50.0,0.9122597,4.387015233352982
2023-04-27 15:45:00+02:00,4.721782,0.0,4.721782,45.612985,0.93468816,0.0
2023-04-27 16:00:00+02:00,0.34374522,0.0,0.34374522,46.734408,0.93632094,0.0
2023-04-27 16:15:00+02:00,0.0,0.0,0.0,46.816047,0.93632094,0.0
2023-04-27 16:30:00+02:00,0.0,0.0,0.0,46.816047,0.93632094,0.0
2023-04-27 16:45:00+02:00,0.0,0.0,0.0,46.816047,0.93632094,0.0
2023-04-27 17:00:00+02:00,0.0,0.0,0.0,46.816047,0.93632094,0.0
2023-04-27 17:15:00+02:00,0.0,0.0,0.0,46.816047,0.93632094,0.0
2023-04-27 17:30:00+02:00,0.0,0.0,0.0,46.816047,0.93632094,0.0
2023-04-27 17:45:00+02:00,0.0,0.0,0.0,46.816047,0.93632094,0.0
2023-04-27 18:00:00+02:00,0.0,0.0,0.0,46.816047,0.93632094,0.0
2023-04-27 18:15:00+02:00,0.0,0.0,0.0,46.816047,0.93632094,0.0
2023-04-27 18:30:00+02:00,0.0,0.0,0.0,46.816047,0.93632094,0.0
2023-04-27 18:45:00+02:00,0.0,0.0,0.0,46.816047,0.93632094,0.0
2023-04-27 19:00:00+02:00,0.0,0.0,0.0,46.816047,0.93632094,0.0
2023-04-27 19:15:00+02:00,0.0,0.0,0.0,46.816047,0.93632094,0.0
2023-04-27 19:30:00+02:00,0.0,0.0,0.0,46.816047,0.93632094,0.0
2023-04-27 19:45:00+02:00,0.0,0.0,0.0,46.816047,0.93632094,0.0
2023-04-27 20:00:00+02:00,0.0,0.0,0.0,46.816047,0.93632094,0.0
2023-04-27 20:15:00+02:00,0.0,0.0,0.0,46.816047,0.93632094,0.0
2023-04-27 20:30:00+02:00,0.0,0.0,0.0,46.816047,0.93632094,0.0
2023-04-27 20:45:00+02:00,0.0,0.0,0.0,46.816047,0.93632094,0.0
2023-04-27 21:00:00+02:00,0.0,0.0,0.0,46.816047,0.93632094,0.0
2023-04-27 21:15:00+02:00,0.0,0.0,0.0,46.816047,0.93632094,0.0
2023-04-27 21:30:00+02:00,0.0,0.0,0.0,46.816047,0.93632094,0.0
2023-04-27 21:45:00+02:00,0.0,0.0,0.0,46.816047,0.93632094,0.0
2023-04-27 22:00:00+02:00,0.0,0.0,0.0,46.816047,0.93632094,0.0
2023-04-27 22:15:00+02:00,0.0,0.0,0.0,46.816047,0.93632094,0.0
2023-04-27 22:30:00+02:00,0.0,0.0,0.0,46.816047,0.93632094,0.0
2023-04-27 22:45:00+02:00,0.0,0.0,0.0,46.816047,0.93632094,0.0
2023-04-27 23:00:00+02:00,0.0,0.0,0.0,46.816047,0.93632094,0.0
2023-04-27 23:15:00+02:00,0.0,0.0,0.0,46.816047,0.93632094,0.0
2023-04-27 23:30:00+02:00,0.0,0.0,0.0,46.816047,0.93632094,0.0
2023-04-27 23:45:00+02:00,0.0,0.0,0.0,46.816047,0.93632094,0.0
2023-04-28 00:00:00+02:00,0.0,0.0,0.0,46.816047,0.93632094,0.0
2023-04-28 00:15:00+02:00,0.0,0.0,0.0,46.816047,0.93632094,0.0
2023-04-28 00:30:00+02:00,0.0,0.0,0.0,46.816047,0.93632094,0.0
2023-04-28 00:45:00+02:00,0.0,0.0,0.0,46.816047,0.93632094,0.0
2023-04-28 01:00:00+02:00,0.0,0.0,0.0,46.816047,0.93632094,0.0
2023-04-28 01:15:00+02:00,0.0,0.0,0.0,46.816047,0.93632094,0.0
2023-04-28 01:30:00+02:00,0.0,0.0,0.0,46.816047,0.93632094,0.0
2023-04-28 01:45:00+02:00,0.0,0.0,0.0,46.816047,0.93632094,0.0
2023-04-28 02:00:00+02:00,0.0,0.0,0.0,46.816047,0.93632094,0.0
2023-04-28 02:15:00+02:00,0.0,0.0,0.0,46.816047,0.93632094,0.0
2023-04-28 02:30:00+02:00,0.0,0.0,0.0,46.816047,0.93632094,0.0
2023-04-28 02:45:00+02:00,0.0,0.0,0.0,46.816047,0.93632094,0.0
2023-04-28 03:00:00+02:00,0.0,0.0,0.0,46.816047,0.93632094,0.0
2023-04-28 03:15:00+02:00,0.0,0.0,0.0,46.816047,0.93632094,0.0
2023-04-28 03:30:00+02:00,0.0,0.0,0.0,46.816047,0.93632094,0.0
2023-04-28 03:45:00+02:00,0.0,0.0,0.0,46.816047,0.93632094,0.0
2023-04-28 04:00:00+02:00,0.0,0.0,0.0,46.816047,0.93632094,0.0
2023-04-28 04:15:00+02:00,0.0,0.0,0.0,46.816047,0.93632094,0.0
2023-04-28 04:30:00+02:00,0.0,0.0,0.0,46.816047,0.93632094,0.0
2023-04-28 04:45:00+02:00,0.0,0.0,0.0,46.816047,0.93632094,0.0
2023-04-28 05:00:00+02:00,0.0,0.0,0.0,46.816047,0.93632094,0.0
2023-04-28 05:15:00+02:00,0.0,0.0,0.0,46.816047,0.93632094,0.0
2023-04-28 05:30:00+02:00,0.0,0.0,0.0,46.816047,0.93632094,0.0
2023-04-28 05:45:00+02:00,0.0,0.0,0.0,46.816047,0.93632094,0.0
2023-04-28 06:00:00+02:00,0.093853863,0.0,0.093853863,46.816047,0.93676676,0.0
2023-04-28 06:15:00+02:00,0.37470887,0.0,0.37470887,46.838338,0.93854662,0.0
2023-04-28 06:30:00+02:00,0.051886259,0.0,0.051886259,46.927331,0.93879308,0.0
2023-04-28 06:45:00+02:00,0.36302311,0.0,0.36302311,46.939654,0.94051744,0.0
2023-04-28 07:00:00+02:00,1.5107056,0.0,1.5107056,47.025872,0.9476933,0.0
2023-04-28 07:15:00+02:00,2.016529,0.0,2.016529,47.384665,0.9572718,0.0
2023-04-28 07:30:00+02:00,2.5092631,0.0,2.5092631,47.86359,0.9691907999999999,0.0
2023-04-28 07:45:00+02:00,2.8289071,0.0,2.8289071,48.45954,0.98262812,0.0
2023-04-28 08:00:00+02:00,3.6572389,0.0,3.6572389,49.131406,1.0,0.0
2023-04-28 08:15:00+02:00,0.0,0.0,0.0,50.0,1.0,0.0
2023-04-28 08:30:00+02:00,0.0,0.0,0.0,50.0,1.0,0.0
2023-04-28 08:45:00+02:00,0.0,0.0,0.0,50.0,1.0,0.0
2023-04-28 09:00:00+02:00,0.0,0.0,0.0,50.0,1.0,0.0
2023-04-28 09:15:00+02:00,0.0,0.0,0.0,50.0,1.0,0.0
2023-04-28 09:30:00+02:00,0.0,0.0,0.0,50.0,1.0,0.0
2023-04-28 09:45:00+02:00,0.0,0.0,0.0,50.0,1.0,0.0
2023-04-28 10:00:00+02:00,0.0,0.0,0.0,50.0,1.0,0.0
2023-04-28 10:15:00+02:00,0.0,0.0,0.0,50.0,1.0,0.0
2023-04-28 10:30:00+02:00,0.0,0.0,0.0,50.0,1.0,0.0
2023-04-28 10:45:00+02:00,0.0,0.0,0.0,50.0,1.0,0.0
2023-04-28 11:00:00+02:00,0.0,0.0,0.0,50.0,1.0,0.0
2023-04-28 11:15:00+02:00,0.0,0.0,0.0,50.0,1.0,0.0
2023-04-28 11:30:00+02:00,0.0,0.0,0.0,50.0,1.0,0.0
2023-04-28 11:45:00+02:00,0.0,0.0,0.0,50.0,1.0,0.0
2023-04-28 12:00:00+02:00,0.0,0.0,0.0,50.0,1.0,0.0
2023-04-28 12:15:00+02:00,0.0,0.0,0.0,50.0,1.0,0.0
2023-04-28 12:30:00+02:00,0.0,0.0,0.0,50.0,1.0,0.0
2023-04-28 12:45:00+02:00,0.0,0.0,0.0,50.0,1.0,0.0
2023-04-28 13:00:00+02:00,0.0,0.0,0.0,50.0,1.0,0.0
2023-04-28 13:15:00+02:00,0.0,0.0,0.0,50.0,1.0,0.0
2023-04-28 13:30:00+02:00,0.0,0.0,0.0,50.0,1.0,0.0
2023-04-28 13:45:00+02:00,0.0,0.0,0.0,50.0,1.0,0.0
2023-04-28 14:00:00+02:00,0.0,0.0,0.0,50.0,1.0,0.0
2023-04-28 14:15:00+02:00,0.0,0.0,0.0,50.0,1.0,0.0
2023-04-28 14:30:00+02:00,0.0,0.0,0.0,50.0,1.0,0.0
2023-04-28 14:45:00+02:00,0.0,0.0,0.0,50.0,1.0,0.0
2023-04-28 15:00:00+02:00,0.0,0.0,0.0,50.0,1.0,0.0
2023-04-28 15:15:00+02:00,0.0,0.0,0.0,50.0,1.0,0.0
2023-04-28 15:30:00+02:00,0.0,0.0,0.0,50.0,1.0,0.0
2023-04-28 15:45:00+02:00,0.0,0.0,0.0,50.0,1.0,0.0
2023-04-28 16:00:00+02:00,0.0,0.0,0.0,50.0,0.84817474,7.591262627085818
2023-04-28 16:15:00+02:00,3.7483499,0.0,3.7483499,42.408737,0.8659794,0.0
2023-04-28 16:30:00+02:00,2.9960777,0.0,2.9960777,43.29897,0.8802107800000001,0.0
2023-04-28 16:45:00+02:00,0.062847889,0.0,0.062847889,44.010539,0.8805092999999999,0.0
2023-04-28 17:00:00+02:00,0.0,0.0,0.0,44.025465,0.8805092999999999,0.0
2023-04-28 17:15:00+02:00,0.0,0.0,0.0,44.025465,0.8805092999999999,0.0
2023-04-28 17:30:00+02:00,0.0,0.0,0.0,44.025465,0.8805092999999999,0.0
2023-04-28 17:45:00+02:00,0.0,0.0,0.0,44.025465,0.8805092999999999,0.0
2023-04-28 18:00:00+02:00,0.0,0.0,0.0,44.025465,0.8805092999999999,0.0
2023-04-28 18:15:00+02:00,0.0,0.0,0.0,44.025465,0.8805092999999999,0.0
2023-04-28 18:30:00+02:00,0.0,0.0,0.0,44.025465,0.8805092999999999,0.0
2023-04-28 18:45:00+02:00,0.0,0.0,0.0,44.025465,0.8805092999999999,0.0
2023-04-28 19:00:00+02:00,0.0,0.0,0.0,44.025465,0.8805092999999999,0.0
2023-04-28 19:15:00+02:00,0.0,0.0,0.0,44.025465,0.8805092999999999,0.0
2023-04-28 19:30:00+02:00,0.0,0.0,0.0,44.025465,0.8805092999999999,0.0
2023-04-28 19:45:00+02:00,0.0,0.0,0.0,44.025465,0.8805092999999999,0.0
2023-04-28 20:00:00+02:00,0.0,0.0,0.0,44.025465,0.8805092999999999,0.0
2023-04-28 20:15:00+02:00,0.0,0.0,0.0,44.025465,0.8805092999999999,0.0
2023-04-28 20:30:00+02:00,0.0,0.0,0.0,44.025465,0.8805092999999999,0.0
2023-04-28 20:45:00+02:00,0.0,0.0,0.0,44.025465,0.8805092999999999,0.0
2023-04-28 21:00:00+02:00,0.0,0.0,0.0,44.025465,0.8805092999999999,0.0
2023-04-28 21:15:00+02:00,0.0,0.0,0.0,44.025465,0.8805092999999999,0.0
2023-04-28 21:30:00+02:00,0.0,0.0,0.0,44.025465,0.8805092999999999,0.0
2023-04-28 21:45:00+02:00,0.0,0.0,0.0,44.025465,0.8805092999999999,0.0
2023-04-28 22:00:00+02:00,0.0,0.0,0.0,44.025465,0.8805092999999999,0.0
2023-04-28 22:15:00+02:00,0.0,0.0,0.0,44.025465,0.8805092999999999,0.0
2023-04-28 22:30:00+02:00,0.0,0.0,0.0,44.025465,0.8805092999999999,0.0
2023-04-28 22:45:00+02:00,0.0,0.0,0.0,44.025465,0.8805092999999999,0.0
2023-04-28 23:00:00+02:00,0.0,0.0,0.0,44.025465,0.8805092999999999,0.0
2023-04-28 23:15:00+02:00,0.0,0.0,0.0,44.025465,0.8805092999999999,0.0
2023-04-28 23:30:00+02:00,0.0,0.0,0.0,44.025465,0.8805092999999999,0.0
2023-04-28 23:45:00+02:00,0.0,0.0,0.0,44.025465,0.8805092999999999,0.0
2023-04-29 00:00:00+02:00,0.0,0.0,0.0,44.025465,0.8805092999999999,0.0
2023-04-29 00:15:00+02:00,0.0,0.0,0.0,44.025465,0.8805092999999999,0.0
2023-04-29 00:30:00+02:00,0.0,0.0,0.0,44.025465,0.8805092999999999,0.0
2023-04-29 00:45:00+02:00,0.0,0.0,0.0,44.025465,0.8805092999999999,0.0
2023-04-29 01:00:00+02:00,0.0,0.0,0.0,44.025465,0.8805092999999999,0.0
2023-04-29 01:15:00+02:00,0.0,0.0,0.0,44.025465,0.8805092999999999,0.0
2023-04-29 01:30:00+02:00,0.0,0.0,0.0,44.025465,0.8805092999999999,0.0
2023-04-29 01:45:00+02:00,0.0,0.0,0.0,44.025465,0.8805092999999999,0.0
2023-04-29 02:00:00+02:00,0.0,0.0,0.0,44.025465,0.8805092999999999,0.0
2023-04-29 02:15:00+02:00,0.0,0.0,0.0,44.025465,0.8805092999999999,0.0
2023-04-29 02:30:00+02:00,0.0,0.0,0.0,44.025465,0.8805092999999999,0.0
2023-04-29 02:45:00+02:00,0.0,0.0,0.0,44.025465,0.8805092999999999,0.0
2023-04-29 03:00:00+02:00,0.0,0.0,0.0,44.025465,0.8805092999999999,0.0
2023-04-29 03:15:00+02:00,0.0,0.0,0.0,44.025465,0.8805092999999999,0.0
2023-04-29 03:30:00+02:00,0.0,0.0,0.0,44.025465,0.8805092999999999,0.0
2023-04-29 03:45:00+02:00,0.0,0.0,0.0,44.025465,0.8805092999999999,0.0
2023-04-29 04:00:00+02:00,0.0,0.0,0.0,44.025465,0.8805092999999999,0.0
2023-04-29 04:15:00+02:00,0.0,0.0,0.0,44.025465,0.8805092999999999,0.0
2023-04-29 04:30:00+02:00,0.0,0.0,0.0,44.025465,0.8805092999999999,0.0
2023-04-29 04:45:00+02:00,0.0,0.0,0.0,44.025465,0.8805092999999999,0.0
2023-04-29 05:00:00+02:00,0.0,0.0,0.0,44.025465,0.8805092999999999,0.0
2023-04-29 05:15:00+02:00,0.0,0.0,0.0,44.025465,0.8805092999999999,0.0
2023-04-29 05:30:00+02:00,0.0,0.0,0.0,44.025465,0.8805092999999999,0.0
2023-04-29 05:45:00+02:00,0.0,0.0,0.0,44.025465,0.8805092999999999,0.0
2023-04-29 06:00:00+02:00,0.0,0.0,0.0,44.025465,0.8805092999999999,0.0
2023-04-29 06:15:00+02:00,0.20683332,0.0,0.20683332,44.025465,0.88149176,0.0
2023-04-29 06:30:00+02:00,0.42391912,0.0,0.42391912,44.074588,0.88350538,0.0
2023-04-29 06:45:00+02:00,0.0,0.0,0.0,44.175269,0.88350538,0.0
2023-04-29 07:00:00+02:00,1.1206044,0.0,1.1206044,44.175269,0.8888282599999999,0.0
2023-04-29 07:15:00+02:00,1.8613708,0.0,1.8613708,44.441413,0.89766976,0.0
2023-04-29 07:30:00+02:00,2.3989421,0.0,2.3989421,44.883488,0.90906474,0.0
2023-04-29 07:45:00+02:00,2.8111801,0.0,2.8111801,45.453237,0.9224178399999999,0.0
2023-04-29 08:00:00+02:00,3.4431467,0.0,3.4431467,46.120892,0.9387727800000001,0.0
2023-04-29 08:15:00+02:00,3.6899075,0.0,3.6899075,46.938639,0.95629986,0.0
2023-04-29 08:30:00+02:00,4.2354747,0.0,4.2354747,47.814993,0.9764183599999999,0.0
2023-04-29 08:45:00+02:00,4.9645568,0.0,4.9645568,48.820918,1.0,0.0
2023-04-29 09:00:00+02:00,0.0,0.0,0.0,50.0,1.0,0.0
2023-04-29 09:15:00+02:00,0.0,0.0,0.0,50.0,1.0,0.0
2023-04-29 09:30:00+02:00,0.0,0.0,0.0,50.0,1.0,0.0
2023-04-29 09:45:00+02:00,0.0,0.0,0.0,50.0,1.0,0.0
2023-04-29 10:00:00+02:00,0.0,0.0,0.0,50.0,1.0,0.0
2023-04-29 10:15:00+02:00,0.0,0.0,0.0,50.0,1.0,0.0
2023-04-29 10:30:00+02:00,0.0,0.0,0.0,50.0,1.0,0.0
2023-04-29 10:45:00+02:00,0.0,0.0,0.0,50.0,1.0,0.0
2023-04-29 11:00:00+02:00,0.0,0.0,0.0,50.0,1.0,0.0
2023-04-29 11:15:00+02:00,0.0,0.0,0.0,50.0,1.0,0.0
2023-04-29 11:30:00+02:00,0.0,0.0,0.0,50.0,1.0,0.0
2023-04-29 11:45:00+02:00,0.0,0.0,0.0,50.0,1.0,0.0
2023-04-29 12:00:00+02:00,0.0,0.0,0.0,50.0,1.0,0.0
2023-04-29 12:15:00+02:00,0.0,0.0,0.0,50.0,1.0,0.0
2023-04-29 12:30:00+02:00,0.0,0.0,0.0,50.0,1.0,0.0
2023-04-29 12:45:00+02:00,0.0,0.0,0.0,50.0,1.0,0.0
2023-04-29 13:00:00+02:00,0.0,0.0,0.0,50.0,1.0,0.0
2023-04-29 13:15:00+02:00,0.0,0.0,0.0,50.0,1.0,0.0
2023-04-29 13:30:00+02:00,0.0,0.0,0.0,50.0,1.0,0.0
2023-04-29 13:45:00+02:00,0.0,0.0,0.0,50.0,1.0,0.0
2023-04-29 14:00:00+02:00,0.0,0.0,0.0,50.0,1.0,0.0
2023-04-29 14:15:00+02:00,0.0,0.0,0.0,50.0,1.0,0.0
2023-04-29 14:30:00+02:00,0.0,0.0,0.0,50.0,1.0,0.0
2023-04-29 14:45:00+02:00,0.0,0.0,0.0,50.0,1.0,0.0
2023-04-29 15:00:00+02:00,0.0,0.0,0.0,50.0,1.0,0.0
2023-04-29 15:15:00+02:00,0.0,0.0,0.0,50.0,1.0,0.0
2023-04-29 15:30:00+02:00,0.0,0.0,0.0,50.0,1.0,0.0
2023-04-29 15:45:00+02:00,0.0,0.0,0.0,50.0,1.0,0.0
2023-04-29 16:00:00+02:00,0.0,0.0,0.0,50.0,1.0,0.0
2023-04-29 16:15:00+02:00,0.0,0.0,0.0,50.0,1.0,0.0
2023-04-29 16:30:00+02:00,0.0,0.0,0.0,50.0,1.0,0.0
2023-04-29 16:45:00+02:00,0.0,0.0,0.0,50.0,1.0,0.0
2023-04-29 17:00:00+02:00,0.0,0.0,0.0,50.0,1.0,0.0
2023-04-29 17:15:00+02:00,0.0,0.0,0.0,50.0,1.0,0.0
2023-04-29 17:30:00+02:00,0.0,0.0,0.0,50.0,0.785536,10.7232
2023-04-29 17:45:00+02:00,0.88365941,0.0,0.88365941,39.2768,0.7897333799999999,0.0
2023-04-29 18:00:00+02:00,0.0053303341,0.0,0.0053303341,39.486669,0.7897587,0.0
2023-04-29 18:15:00+02:00,0.0,0.0,0.0,39.487935,0.7897587,0.0
2023-04-29 18:30:00+02:00,0.0,0.0,0.0,39.487935,0.7897587,0.0
2023-04-29 18:45:00+02:00,0.0,0.0,0.0,39.487935,0.7897587,0.0
2023-04-29 19:00:00+02:00,0.0,0.0,0.0,39.487935,0.7897587,0.0
2023-04-29 19:15:00+02:00,0.0,0.0,0.0,39.487935,0.7897587,0.0
2023-04-29 19:30:00+02:00,0.0,0.0,0.0,39.487935,0.7897587,0.0
2023-04-29 19:45:00+02:00,0.0,0.0,0.0,39.487935,0.7897587,0.0
2023-04-29 20:00:00+02:00,0.0,0.0,0.0,39.487935,0.7897587,0.0
2023-04-29 20:15:00+02:00,0.0,0.0,0.0,39.487935,0.7897587,0.0
2023-04-29 20:30:00+02:00,0.0,0.0,0.0,39.487935,0.7897587,0.0
2023-04-29 20:45:00+02:00,0.0,0.0,0.0,39.487935,0.7897587,0.0
2023-04-29 21:00:00+02:00,0.0,0.0,0.0,39.487935,0.7897587,0.0
2023-04-29 21:15:00+02:00,0.0,0.0,0.0,39.487935,0.7897587,0.0
2023-04-29 21:30:00+02:00,0.0,0.0,0.0,39.487935,0.7897587,0.0
2023-04-29 21:45:00+02:00,0.0,0.0,0.0,39.487935,0.7897587,0.0
2023-04-29 22:00:00+02:00,0.0,0.0,0.0,39.487935,0.7897587,0.0
2023-04-29 22:15:00+02:00,0.0,0.0,0.0,39.487935,0.7897587,0.0
2023-04-29 22:30:00+02:00,0.0,0.0,0.0,39.487935,0.7897587,0.0
2023-04-29 22:45:00+02:00,0.0,0.0,0.0,39.487935,0.7897587,0.0
2023-04-29 23:00:00+02:00,0.0,0.0,0.0,39.487935,0.7897587,0.0
2023-04-29 23:15:00+02:00,0.0,0.0,0.0,39.487935,0.7897587,0.0
2023-04-29 23:30:00+02:00,0.0,0.0,0.0,39.487935,0.7897587,0.0
2023-04-29 23:45:00+02:00,0.0,0.0,0.0,39.487935,0.7897587,0.0
2023-04-30 00:00:00+02:00,0.0,0.0,0.0,39.487935,0.7897587,0.0
2023-04-30 00:15:00+02:00,0.0,0.0,0.0,39.487935,0.7897587,0.0
2023-04-30 00:30:00+02:00,0.0,0.0,0.0,39.487935,0.7897587,0.0
2023-04-30 00:45:00+02:00,0.0,0.0,0.0,39.487935,0.7897587,0.0
2023-04-30 01:00:00+02:00,0.0,0.0,0.0,39.487935,0.7897587,0.0
2023-04-30 01:15:00+02:00,0.0,0.0,0.0,39.487935,0.7897587,0.0
2023-04-30 01:30:00+02:00,0.0,0.0,0.0,39.487935,0.7897587,0.0
2023-04-30 01:45:00+02:00,0.0,0.0,0.0,39.487935,0.7897587,0.0
2023-04-30 02:00:00+02:00,0.0,0.0,0.0,39.487935,0.7897587,0.0
2023-04-30 02:15:00+02:00,0.0,0.0,0.0,39.487935,0.7897587,0.0
2023-04-30 02:30:00+02:00,0.0,0.0,0.0,39.487935,0.7897587,0.0
2023-04-30 02:45:00+02:00,0.0,0.0,0.0,39.487935,0.7897587,0.0
2023-04-30 03:00:00+02:00,0.0,0.0,0.0,39.487935,0.7897587,0.0
2023-04-30 03:15:00+02:00,0.0,0.0,0.0,39.487935,0.7897587,0.0
2023-04-30 03:30:00+02:00,0.0,0.0,0.0,39.487935,0.7897587,0.0
2023-04-30 03:45:00+02:00,0.0,0.0,0.0,39.487935,0.7897587,0.0
2023-04-30 04:00:00+02:00,0.0,0.0,0.0,39.487935,0.7897587,0.0
2023-04-30 04:15:00+02:00,0.0,0.0,0.0,39.487935,0.7897587,0.0
2023-04-30 04:30:00+02:00,0.0,0.0,0.0,39.487935,0.7897587,0.0
2023-04-30 04:45:00+02:00,0.0,0.0,0.0,39.487935,0.7897587,0.0
2023-04-30 05:00:00+02:00,0.0,0.0,0.0,39.487935,0.7897587,0.0
2023-04-30 05:15:00+02:00,0.0,0.0,0.0,39.487935,0.7897587,0.0
2023-04-30 05:30:00+02:00,0.0,0.0,0.0,39.487935,0.7897587,0.0
2023-04-30 05:45:00+02:00,0.0,0.0,0.0,39.487935,0.7897587,0.0
2023-04-30 06:00:00+02:00,0.0,0.0,0.0,39.487935,0.7897587,0.0
2023-04-30 06:15:00+02:00,0.0,0.0,0.0,39.487935,0.7897587,0.0
2023-04-30 06:30:00+02:00,0.24664525,0.0,0.24664525,39.487935,0.79093026,0.0
2023-04-30 06:45:00+02:00,0.0,0.0,0.0,39.546513,0.79093026,0.0
2023-04-30 07:00:00+02:00,0.0,0.0,0.0,39.546513,0.79093026,0.0
2023-04-30 07:15:00+02:00,0.29708681,0.0,0.29708681,39.546513,0.7923414200000001,0.0
2023-04-30 07:30:00+02:00,0.69590681,0.0,0.69590681,39.617071,0.7956469800000001,0.0
2023-04-30 07:45:00+02:00,0.91642401,0.0,0.91642401,39.782349,0.8,0.0
2023-04-30 08:00:00+02:00,2.1910023,0.0,2.1910023,40.0,0.8104072600000001,0.0
2023-04-30 08:15:00+02:00,0.0,0.0,0.0,40.520363,0.8104072600000001,0.0
2023-04-30 08:30:00+02:00,0.0,0.0,0.0,40.520363,0.8104072600000001,0.0
2023-04-30 08:45:00+02:00,0.0,0.0,0.0,40.520363,0.8104072600000001,0.0
2023-04-30 09:00:00+02:00,0.0,0.0,0.0,40.520363,0.8104072600000001,0.0
2023-04-30 09:15:00+02:00,0.0,0.0,0.0,40.520363,0.8104072600000001,0.0
2023-04-30 09:30:00+02:00,0.0,0.0,0.0,40.520363,0.8104072600000001,0.0
2023-04-30 09:45:00+02:00,0.0,0.0,0.0,40.520363,0.8104072600000001,0.0
2023-04-30 10:00:00+02:00,0.0,0.0,0.0,40.520363,0.8104072600000001,0.0
2023-04-30 10:15:00+02:00,0.0,0.0,0.0,40.520363,0.8104072600000001,0.0
2023-04-30 10:30:00+02:00,0.0,0.0,0.0,40.520363,0.8104072600000001,0.0
2023-04-30 10:45:00+02:00,0.0,0.0,0.0,40.520363,0.8104072600000001,0.0
2023-04-30 11:00:00+02:00,0.0,0.0,0.0,40.520363,0.8104072600000001,0.0
2023-04-30 11:15:00+02:00,0.0,0.0,0.0,40.520363,0.8104072600000001,0.0
2023-04-30 11:30:00+02:00,0.0,0.0,0.0,40.520363,0.8104072600000001,0.0
2023-04-30 11:45:00+02:00,0.0,0.0,0.0,40.520363,0.8104072600000001,0.0
2023-04-30 12:00:00+02:00,0.0,0.0,0.0,40.520363,0.8104072600000001,0.0
2023-04-30 12:15:00+02:00,0.0,0.0,0.0,40.520363,0.8104072600000001,0.0
2023-04-30 12:30:00+02:00,0.0,0.0,0.0,40.520363,0.8104072600000001,0.0
2023-04-30 12:45:00+02:00,0.0,0.0,0.0,40.520363,0.8104072600000001,0.0
2023-04-30 13:00:00+02:00,0.0,0.0,0.0,40.520363,0.8104072600000001,0.0
2023-04-30 13:15:00+02:00,0.0,0.0,0.0,40.520363,0.8104072600000001,0.0
2023-04-30 13:30:00+02:00,0.0,0.0,0.0,40.520363,0.8104072600000001,0.0
2023-04-30 13:45:00+02:00,0.0,0.0,0.0,40.520363,0.8104072600000001,0.0
2023-04-30 14:00:00+02:00,0.0,0.0,0.0,40.520363,0.8104072600000001,0.0
2023-04-30 14:15:00+02:00,0.0,0.0,0.0,40.520363,0.8104072600000001,0.0
2023-04-30 14:30:00+02:00,0.0,0.0,0.0,40.520363,0.8104072600000001,0.0
2023-04-30 14:45:00+02:00,0.0,0.0,0.0,40.520363,0.8104072600000001,0.0
2023-04-30 15:00:00+02:00,0.0,0.0,0.0,40.520363,0.8104072600000001,0.0
2023-04-30 15:15:00+02:00,0.0,0.0,0.0,40.520363,0.8104072600000001,0.0
2023-04-30 15:30:00+02:00,0.0,0.0,0.0,40.520363,0.8104072600000001,0.0
2023-04-30 15:45:00+02:00,0.0,0.0,0.0,40.520363,0.63548072,8.746326797003285
2023-04-30 16:00:00+02:00,4.0637496,0.0,4.0637496,31.774036,0.6547835399999999,0.0
2023-04-30 16:15:00+02:00,3.6652905,0.0,3.6652905,32.739177,0.6721936599999999,0.0
2023-04-30 16:30:00+02:00,3.0248363,0.0,3.0248363,33.609683,0.6865616400000001,0.0
2023-04-30 16:45:00+02:00,2.2936104,0.0,2.2936104,34.328082,0.6974562799999999,0.0
2023-04-30 17:00:00+02:00,1.4735083,0.0,1.4735083,34.872814,0.7044554599999999,0.0
2023-04-30 17:15:00+02:00,0.8145868,0.0,0.8145868,35.222773,0.70832474,0.0
2023-04-30 17:30:00+02:00,0.50278133,0.0,0.50278133,35.416237,0.71071294,0.0
2023-04-30 17:45:00+02:00,0.51452654,0.0,0.51452654,35.535647,0.7131569600000001,0.0
2023-04-30 18:00:00+02:00,0.46659883,0.0,0.46659883,35.657848,0.7153733,0.0
2023-04-30 18:15:00+02:00,0.02571798,0.0,0.02571798,35.768665,0.7154954600000001,0.0
2023-04-30 18:30:00+02:00,0.0,0.0,0.0,35.774773,0.7154954600000001,0.0
2023-04-30 18:45:00+02:00,0.0,0.0,0.0,35.774773,0.7154954600000001,0.0
2023-04-30 19:00:00+02:00,0.0,0.0,0.0,35.774773,0.7154954600000001,0.0
2023-04-30 19:15:00+02:00,0.0,0.0,0.0,35.774773,0.7154954600000001,0.0
2023-04-30 19:30:00+02:00,0.0,0.0,0.0,35.774773,0.7154954600000001,0.0
2023-04-30 19:45:00+02:00,0.0,0.0,0.0,35.774773,0.7154954600000001,0.0
2023-04-30 20:00:00+02:00,0.0,0.0,0.0,35.774773,0.7154954600000001,0.0
2023-04-30 20:15:00+02:00,0.0,0.0,0.0,35.774773,0.7154954600000001,0.0
2023-04-30 20:30:00+02:00,0.0,0.0,0.0,35.774773,0.7154954600000001,0.0
2023-04-30 20:45:00+02:00,0.0,0.0,0.0,35.774773,0.7154954600000001,0.0
2023-04-30 21:00:00+02:00,0.0,0.0,0.0,35.774773,0.7154954600000001,0.0
2023-04-30 21:15:00+02:00,0.0,0.0,0.0,35.774773,0.7154954600000001,0.0
2023-04-30 21:30:00+02:00,0.0,0.0,0.0,35.774773,0.7154954600000001,0.0
2023-04-30 21:45:00+02:00,0.0,0.0,0.0,35.774773,0.7154954600000001,0.0
2023-04-30 22:00:00+02:00,0.0,0.0,0.0,35.774773,0.7154954600000001,0.0
2023-04-30 22:15:00+02:00,0.0,0.0,0.0,35.774773,0.7154954600000001,0.0
2023-04-30 22:30:00+02:00,0.0,0.0,0.0,35.774773,0.7154954600000001,0.0
2023-04-30 22:45:00+02:00,0.0,0.0,0.0,35.774773,0.7154954600000001,0.0
2023-04-30 23:00:00+02:00,0.0,0.0,0.0,35.774773,0.7154954600000001,0.0
2023-04-30 23:15:00+02:00,0.0,0.0,0.0,35.774773,0.7154954600000001,0.0
2023-04-30 23:30:00+02:00,0.0,0.0,0.0,35.774773,0.7154954600000001,0.0
2023-04-30 23:45:00+02:00,0.0,0.0,0.0,35.774773,0.7154954600000001,0.0
2023-05-01 00:00:00+02:00,0.0,0.0,0.0,35.774773,0.7154954600000001,0.0
2023-05-01 00:15:00+02:00,0.0,0.0,0.0,35.774773,0.7154954600000001,0.0
2023-05-01 00:30:00+02:00,0.0,0.0,0.0,35.774773,0.7154954600000001,0.0
2023-05-01 00:45:00+02:00,0.0,0.0,0.0,35.774773,0.7154954600000001,0.0
2023-05-01 01:00:00+02:00,0.0,0.0,0.0,35.774773,0.7154954600000001,0.0
2023-05-01 01:15:00+02:00,0.0,0.0,0.0,35.774773,0.7154954600000001,0.0
2023-05-01 01:30:00+02:00,0.0,0.0,0.0,35.774773,0.7154954600000001,0.0
2023-05-01 01:45:00+02:00,0.0,0.0,0.0,35.774773,0.7154954600000001,0.0
2023-05-01 02:00:00+02:00,0.0,0.0,0.0,35.774773,0.7154954600000001,0.0
2023-05-01 02:15:00+02:00,0.0,0.0,0.0,35.774773,0.7154954600000001,0.0
2023-05-01 02:30:00+02:00,0.0,0.0,0.0,35.774773,0.7154954600000001,0.0
2023-05-01 02:45:00+02:00,0.0,0.0,0.0,35.774773,0.7154954600000001,0.0
2023-05-01 03:00:00+02:00,0.0,0.0,0.0,35.774773,0.7154954600000001,0.0
2023-05-01 03:15:00+02:00,0.0,0.0,0.0,35.774773,0.7154954600000001,0.0
2023-05-01 03:30:00+02:00,0.0,0.0,0.0,35.774773,0.7154954600000001,0.0
2023-05-01 03:45:00+02:00,0.0,0.0,0.0,35.774773,0.7154954600000001,0.0
2023-05-01 04:00:00+02:00,0.0,0.0,0.0,35.774773,0.7154954600000001,0.0
2023-05-01 04:15:00+02:00,0.0,0.0,0.0,35.774773,0.7154954600000001,0.0
2023-05-01 04:30:00+02:00,0.0,0.0,0.0,35.774773,0.7154954600000001,0.0
2023-05-01 04:45:00+02:00,0.0,0.0,0.0,35.774773,0.7154954600000001,0.0
2023-05-01 05:00:00+02:00,0.0,0.0,0.0,35.774773,0.7154954600000001,0.0
2023-05-01 05:15:00+02:00,0.0,0.0,0.0,35.774773,0.7154954600000001,0.0
2023-05-01 05:30:00+02:00,0.0,0.0,0.0,35.774773,0.7154954600000001,0.0
2023-05-01 05:45:00+02:00,0.063489905,0.0,0.063489905,35.774773,0.7157970400000001,0.0
2023-05-01 06:00:00+02:00,0.34959764,0.0,0.34959764,35.789852,0.71745762,0.0
2023-05-01 06:15:00+02:00,5.4143097,0.0,5.4143097,35.872881,0.7431756,0.0
2023-05-01 06:30:00+02:00,5.7556625,0.0,5.7556625,37.15878,0.77051498,0.0
2023-05-01 06:45:00+02:00,6.2073706,0.0,6.2073706,38.525749,0.8,0.0
2023-05-01 07:00:00+02:00,1.8133483,0.0,1.8133483,40.0,0.8086134,0.0
2023-05-01 07:15:00+02:00,0.0,0.0,0.0,40.43067,0.8086134,0.0
2023-05-01 07:30:00+02:00,0.0,0.0,0.0,40.43067,0.8086134,0.0
2023-05-01 07:45:00+02:00,0.0,0.0,0.0,40.43067,0.8086134,0.0
2023-05-01 08:00:00+02:00,0.0,0.0,0.0,40.43067,0.8086134,0.0
2023-05-01 08:15:00+02:00,0.0,0.0,0.0,40.43067,0.8086134,0.0
2023-05-01 08:30:00+02:00,0.0,0.0,0.0,40.43067,0.8086134,0.0
2023-05-01 08:45:00+02:00,0.0,0.0,0.0,40.43067,0.8086134,0.0
2023-05-01 09:00:00+02:00,0.0,0.0,0.0,40.43067,0.8086134,0.0
2023-05-01 09:15:00+02:00,0.0,0.0,0.0,40.43067,0.8086134,0.0
2023-05-01 09:30:00+02:00,0.0,0.0,0.0,40.43067,0.8086134,0.0
2023-05-01 09:45:00+02:00,0.0,0.0,0.0,40.43067,0.8086134,0.0
2023-05-01 10:00:00+02:00,0.0,0.0,0.0,40.43067,0.8086134,0.0
2023-05-01 10:15:00+02:00,0.0,0.0,0.0,40.43067,0.8086134,0.0
2023-05-01 10:30:00+02:00,0.0,0.0,0.0,40.43067,0.8086134,0.0
2023-05-01 10:45:00+02:00,0.0,0.0,0.0,40.43067,0.8086134,0.0
2023-05-01 11:00:00+02:00,0.0,0.0,0.0,40.43067,0.8086134,0.0
2023-05-01 11:15:00+02:00,0.0,0.0,0.0,40.43067,0.8086134,0.0
2023-05-01 11:30:00+02:00,0.0,0.0,0.0,40.43067,0.8086134,0.0
2023-05-01 11:45:00+02:00,0.0,0.0,0.0,40.43067,0.8086134,0.0
2023-05-01 12:00:00+02:00,0.0,0.0,0.0,40.43067,0.8086134,0.0
2023-05-01 12:15:00+02:00,0.0,0.0,0.0,40.43067,0.8086134,0.0
2023-05-01 12:30:00+02:00,0.0,0.0,0.0,40.43067,0.8086134,0.0
2023-05-01 12:45:00+02:00,0.0,0.0,0.0,40.43067,0.8086134,0.0
2023-05-01 13:00:00+02:00,0.0,0.0,0.0,40.43067,0.8086134,0.0
2023-05-01 13:15:00+02:00,0.0,0.0,0.0,40.43067,0.8086134,0.0
2023-05-01 13:30:00+02:00,0.0,0.0,0.0,40.43067,0.8086134,0.0
2023-05-01 13:45:00+02:00,0.0,0.0,0.0,40.43067,0.8086134,0.0
2023-05-01 14:00:00+02:00,0.0,0.0,0.0,40.43067,0.8086134,0.0
2023-05-01 14:15:00+02:00,0.0,0.0,0.0,40.43067,0.8086134,0.0
2023-05-01 14:30:00+02:00,0.0,0.0,0.0,40.43067,0.8086134,0.0
2023-05-01 14:45:00+02:00,0.0,0.0,0.0,40.43067,0.8086134,0.0
2023-05-01 15:00:00+02:00,0.0,0.0,0.0,40.43067,0.8086134,0.0
2023-05-01 15:15:00+02:00,0.0,0.0,0.0,40.43067,0.6476029200000001,8.050524336753003
2023-05-01 15:30:00+02:00,5.5098692,0.0,5.5098692,32.380146,0.6737748,0.0
2023-05-01 15:45:00+02:00,4.6868379,0.0,4.6868379,33.68874,0.6960372800000001,0.0
2023-05-01 16:00:00+02:00,4.4931957,0.0,4.4931957,34.801864,0.7173799599999999,0.0
2023-05-01 16:15:00+02:00,3.7913778,0.0,3.7913778,35.868998,0.735389,0.0
2023-05-01 16:30:00+02:00,2.9947003,0.0,2.9947003,36.76945,0.74961382,0.0
2023-05-01 16:45:00+02:00,2.2145344,0.0,2.2145344,37.480691,0.7601328599999999,0.0
2023-05-01 17:00:00+02:00,1.4081382,0.0,1.4081382,38.006643,0.76682152,0.0
2023-05-01 17:15:00+02:00,0.77061771,0.0,0.77061771,38.341076,0.77048196,0.0
2023-05-01 17:30:00+02:00,0.43206709,0.0,0.43206709,38.524098,0.77253428,0.0
2023-05-01 17:45:00+02:00,0.37600249,0.0,0.37600249,38.626714,0.77432028,0.0
2023-05-01 18:00:00+02:00,0.31996558,0.0,0.31996558,38.716014,0.77584012,0.0
2023-05-01 18:15:00+02:00,0.22260582,0.0,0.22260582,38.792006,0.7768975,0.0
2023-05-01 18:30:00+02:00,0.070850861,0.0,0.070850861,38.844875,0.7772340400000001,0.0
2023-05-01 18:45:00+02:00,0.0,0.0,0.0,38.861702,0.7772340400000001,0.0
2023-05-01 19:00:00+02:00,0.0,0.0,0.0,38.861702,0.7772340400000001,0.0
2023-05-01 19:15:00+02:00,0.0,0.0,0.0,38.861702,0.7772340400000001,0.0
2023-05-01 19:30:00+02:00,0.0,0.0,0.0,38.861702,0.7772340400000001,0.0
2023-05-01 19:45:00+02:00,0.0,0.0,0.0,38.861702,0.7772340400000001,0.0
2023-05-01 20:00:00+02:00,0.0,0.0,0.0,38.861702,0.7772340400000001,0.0
2023-05-01 20:15:00+02:00,0.0,0.0,0.0,38.861702,0.7772340400000001,0.0
2023-05-01 20:30:00+02:00,0.0,0.0,0.0,38.861702,0.7772340400000001,0.0
2023-05-01 20:45:00+02:00,0.0,0.0,0.0,38.861702,0.7772340400000001,0.0
2023-05-01 21:00:00+02:00,0.0,0.0,0.0,38.861702,0.7772340400000001,0.0
2023-05-01 21:15:00+02:00,0.0,0.0,0.0,38.861702,0.7772340400000001,0.0
2023-05-01 21:30:00+02:00,0.0,0.0,0.0,38.861702,0.7772340400000001,0.0
2023-05-01 21:45:00+02:00,0.0,0.0,0.0,38.861702,0.7772340400000001,0.0
2023-05-01 22:00:00+02:00,0.0,0.0,0.0,38.861702,0.7772340400000001,0.0
2023-05-01 22:15:00+02:00,0.0,0.0,0.0,38.861702,0.7772340400000001,0.0
2023-05-01 22:30:00+02:00,0.0,0.0,0.0,38.861702,0.7772340400000001,0.0
2023-05-01 22:45:00+02:00,0.0,0.0,0.0,38.861702,0.7772340400000001,0.0
2023-05-01 23:00:00+02:00,0.0,0.0,0.0,38.861702,0.7772340400000001,0.0
2023-05-01 23:15:00+02:00,0.0,0.0,0.0,38.861702,0.7772340400000001,0.0
2023-05-01 23:30:00+02:00,0.0,0.0,0.0,38.861702,0.7772340400000001,0.0
2023-05-01 23:45:00+02:00,0.0,0.0,0.0,38.861702,0.7772340400000001,0.0
2023-05-02 00:00:00+02:00,0.0,0.0,0.0,38.861702,0.7772340400000001,0.0
2023-05-02 00:15:00+02:00,0.0,0.0,0.0,38.861702,0.7772340400000001,0.0
2023-05-02 00:30:00+02:00,0.0,0.0,0.0,38.861702,0.7772340400000001,0.0
2023-05-02 00:45:00+02:00,0.0,0.0,0.0,38.861702,0.7772340400000001,0.0
2023-05-02 01:00:00+02:00,0.0,0.0,0.0,38.861702,0.7772340400000001,0.0
2023-05-02 01:15:00+02:00,0.0,0.0,0.0,38.861702,0.7772340400000001,0.0
2023-05-02 01:30:00+02:00,0.0,0.0,0.0,38.861702,0.7772340400000001,0.0
2023-05-02 01:45:00+02:00,0.0,0.0,0.0,38.861702,0.7772340400000001,0.0
2023-05-02 02:00:00+02:00,0.0,0.0,0.0,38.861702,0.7772340400000001,0.0
2023-05-02 02:15:00+02:00,0.0,0.0,0.0,38.861702,0.7772340400000001,0.0
2023-05-02 02:30:00+02:00,0.0,0.0,0.0,38.861702,0.7772340400000001,0.0
2023-05-02 02:45:00+02:00,0.0,0.0,0.0,38.861702,0.7772340400000001,0.0
2023-05-02 03:00:00+02:00,0.0,0.0,0.0,38.861702,0.7772340400000001,0.0
2023-05-02 03:15:00+02:00,0.0,0.0,0.0,38.861702,0.7772340400000001,0.0
2023-05-02 03:30:00+02:00,0.0,0.0,0.0,38.861702,0.7772340400000001,0.0
2023-05-02 03:45:00+02:00,0.0,0.0,0.0,38.861702,0.7772340400000001,0.0
2023-05-02 04:00:00+02:00,0.0,0.0,0.0,38.861702,0.7772340400000001,0.0
2023-05-02 04:15:00+02:00,0.0,0.0,0.0,38.861702,0.7772340400000001,0.0
2023-05-02 04:30:00+02:00,0.0,0.0,0.0,38.861702,0.7772340400000001,0.0
2023-05-02 04:45:00+02:00,0.0,0.0,0.0,38.861702,0.7772340400000001,0.0
2023-05-02 05:00:00+02:00,0.0,0.0,0.0,38.861702,0.7772340400000001,0.0
2023-05-02 05:15:00+02:00,0.0,0.0,0.0,38.861702,0.7772340400000001,0.0
2023-05-02 05:30:00+02:00,0.0,0.0,0.0,38.861702,0.7772340400000001,0.0
2023-05-02 05:45:00+02:00,0.0031563416,0.0,0.0031563416,38.861702,0.77724904,0.0
2023-05-02 06:00:00+02:00,0.17793955,0.0,0.17793955,38.862452,0.77809424,0.0
2023-05-02 06:15:00+02:00,0.1332517,0.0,0.1332517,38.904712,0.7787272000000001,0.0
2023-05-02 06:30:00+02:00,0.21711697,0.0,0.21711697,38.93636,0.7797584999999999,0.0
2023-05-02 06:45:00+02:00,0.38551241,0.0,0.38551241,38.987925,0.7815896800000001,0.0
2023-05-02 07:00:00+02:00,1.557412,0.0,1.557412,39.079484,0.7889874,0.0
2023-05-02 07:15:00+02:00,2.3184442,0.0,2.3184442,39.44937,0.8,0.0
2023-05-02 07:30:00+02:00,0.0,0.0,0.0,40.0,0.8,0.0
2023-05-02 07:45:00+02:00,0.0,0.0,0.0,40.0,0.8,0.0
2023-05-02 08:00:00+02:00,0.0,0.0,0.0,40.0,0.8,0.0
2023-05-02 08:15:00+02:00,0.0,0.0,0.0,40.0,0.8,0.0
2023-05-02 08:30:00+02:00,0.0,0.0,0.0,40.0,0.8,0.0
2023-05-02 08:45:00+02:00,0.0,0.0,0.0,40.0,0.8,0.0
2023-05-02 09:00:00+02:00,0.0,0.0,0.0,40.0,0.8,0.0
2023-05-02 09:15:00+02:00,0.0,0.0,0.0,40.0,0.8,0.0
2023-05-02 09:30:00+02:00,0.0,0.0,0.0,40.0,0.8,0.0
2023-05-02 09:45:00+02:00,0.0,0.0,0.0,40.0,0.8,0.0
2023-05-02 10:00:00+02:00,0.0,0.0,0.0,40.0,0.8,0.0
2023-05-02 10:15:00+02:00,0.0,0.0,0.0,40.0,0.8,0.0
2023-05-02 10:30:00+02:00,0.0,0.0,0.0,40.0,0.8,0.0
2023-05-02 10:45:00+02:00,0.0,0.0,0.0,40.0,0.8,0.0
2023-05-02 11:00:00+02:00,0.0,0.0,0.0,40.0,0.8,0.0
2023-05-02 11:15:00+02:00,0.0,0.0,0.0,40.0,0.8,0.0
2023-05-02 11:30:00+02:00,0.0,0.0,0.0,40.0,0.8,0.0
2023-05-02 11:45:00+02:00,0.0,0.0,0.0,40.0,0.8,0.0
2023-05-02 12:00:00+02:00,0.0,0.0,0.0,40.0,0.8,0.0
2023-05-02 12:15:00+02:00,0.0,0.0,0.0,40.0,0.8,0.0
2023-05-02 12:30:00+02:00,0.0,0.0,0.0,40.0,0.8,0.0
2023-05-02 12:45:00+02:00,0.0,0.0,0.0,40.0,0.8,0.0
2023-05-02 13:00:00+02:00,0.0,0.0,0.0,40.0,0.8,0.0
2023-05-02 13:15:00+02:00,0.0,0.0,0.0,40.0,0.8,0.0
2023-05-02 13:30:00+02:00,0.0,0.0,0.0,40.0,0.8,0.0
2023-05-02 13:45:00+02:00,0.0,0.0,0.0,40.0,0.8,0.0
2023-05-02 14:00:00+02:00,0.0,0.0,0.0,40.0,0.8,0.0
2023-05-02 14:15:00+02:00,0.0,0.0,0.0,40.0,0.8,0.0
2023-05-02 14:30:00+02:00,0.0,0.0,0.0,40.0,0.8,0.0
2023-05-02 14:45:00+02:00,0.0,0.0,0.0,40.0,0.8,0.0
2023-05-02 15:00:00+02:00,0.0,0.0,0.0,40.0,0.8,0.0
2023-05-02 15:15:00+02:00,0.0,0.0,0.0,40.0,0.8,0.0
2023-05-02 15:30:00+02:00,0.0,0.0,0.0,40.0,0.8,0.0
2023-05-02 15:45:00+02:00,0.0,0.0,0.0,40.0,0.8,0.0
2023-05-02 16:00:00+02:00,0.0,0.0,0.0,40.0,0.8,0.0
2023-05-02 16:15:00+02:00,0.0,0.0,0.0,40.0,0.8,0.0
2023-05-02 16:30:00+02:00,0.0,0.0,0.0,40.0,0.6847788199999999,5.761059334709882
2023-05-02 16:45:00+02:00,0.0,0.0,0.0,34.238941,0.6847788199999999,0.0
2023-05-02 17:00:00+02:00,0.0,0.0,0.0,34.238941,0.6847788199999999,0.0
2023-05-02 17:15:00+02:00,0.0,0.0,0.0,34.238941,0.6847788199999999,0.0
2023-05-02 17:30:00+02:00,0.0,0.0,0.0,34.238941,0.6847788199999999,0.0
2023-05-02 17:45:00+02:00,0.0,0.0,0.0,34.238941,0.6847788199999999,0.0
2023-05-02 18:00:00+02:00,0.0,0.0,0.0,34.238941,0.6847788199999999,0.0
2023-05-02 18:15:00+02:00,0.0,0.0,0.0,34.238941,0.6847788199999999,0.0
2023-05-02 18:30:00+02:00,0.0,0.0,0.0,34.238941,0.6847788199999999,0.0
2023-05-02 18:45:00+02:00,0.0,0.0,0.0,34.238941,0.6847788199999999,0.0
2023-05-02 19:00:00+02:00,0.0,0.0,0.0,34.238941,0.6847788199999999,0.0
2023-05-02 19:15:00+02:00,0.0,0.0,0.0,34.238941,0.6847788199999999,0.0
2023-05-02 19:30:00+02:00,0.0,0.0,0.0,34.238941,0.6847788199999999,0.0
2023-05-02 19:45:00+02:00,0.0,0.0,0.0,34.238941,0.6847788199999999,0.0
2023-05-02 20:00:00+02:00,0.0,0.0,0.0,34.238941,0.6847788199999999,0.0
2023-05-02 20:15:00+02:00,0.0,0.0,0.0,34.238941,0.6847788199999999,0.0
2023-05-02 20:30:00+02:00,0.0,0.0,0.0,34.238941,0.6847788199999999,0.0
2023-05-02 20:45:00+02:00,0.0,0.0,0.0,34.238941,0.6847788199999999,0.0
2023-05-02 21:00:00+02:00,0.0,0.0,0.0,34.238941,0.6847788199999999,0.0
2023-05-02 21:15:00+02:00,0.0,0.0,0.0,34.238941,0.6847788199999999,0.0
2023-05-02 21:30:00+02:00,0.0,0.0,0.0,34.238941,0.6847788199999999,0.0
2023-05-02 21:45:00+02:00,0.0,0.0,0.0,34.238941,0.6847788199999999,0.0
2023-05-02 22:00:00+02:00,0.0,0.0,0.0,34.238941,0.6847788199999999,0.0
2023-05-02 22:15:00+02:00,0.0,0.0,0.0,34.238941,0.6847788199999999,0.0
2023-05-02 22:30:00+02:00,0.0,0.0,0.0,34.238941,0.6847788199999999,0.0
2023-05-02 22:45:00+02:00,0.0,0.0,0.0,34.238941,0.6847788199999999,0.0
2023-05-02 23:00:00+02:00,0.0,0.0,0.0,34.238941,0.6847788199999999,0.0
2023-05-02 23:15:00+02:00,0.0,0.0,0.0,34.238941,0.6847788199999999,0.0
2023-05-02 23:30:00+02:00,0.0,0.0,0.0,34.238941,0.6847788199999999,0.0
2023-05-02 23:45:00+02:00,0.0,0.0,0.0,34.238941,0.6847788199999999,0.0
2023-05-03 00:00:00+02:00,0.0,0.0,0.0,34.238941,0.6847788199999999,0.0
2023-05-03 00:15:00+02:00,0.0,0.0,0.0,34.238941,0.6847788199999999,0.0
2023-05-03 00:30:00+02:00,0.0,0.0,0.0,34.238941,0.6847788199999999,0.0
2023-05-03 00:45:00+02:00,0.0,0.0,0.0,34.238941,0.6847788199999999,0.0
2023-05-03 01:00:00+02:00,0.0,0.0,0.0,34.238941,0.6847788199999999,0.0
2023-05-03 01:15:00+02:00,0.0,0.0,0.0,34.238941,0.6847788199999999,0.0
2023-05-03 01:30:00+02:00,0.0,0.0,0.0,34.238941,0.6847788199999999,0.0
2023-05-03 01:45:00+02:00,0.0,0.0,0.0,34.238941,0.6847788199999999,0.0
2023-05-03 02:00:00+02:00,0.0,0.0,0.0,34.238941,0.6847788199999999,0.0
2023-05-03 02:15:00+02:00,0.0,0.0,0.0,34.238941,0.6847788199999999,0.0
2023-05-03 02:30:00+02:00,0.0,0.0,0.0,34.238941,0.6847788199999999,0.0
2023-05-03 02:45:00+02:00,0.0,0.0,0.0,34.238941,0.6847788199999999,0.0
2023-05-03 03:00:00+02:00,0.0,0.0,0.0,34.238941,0.6847788199999999,0.0
2023-05-03 03:15:00+02:00,0.0,0.0,0.0,34.238941,0.6847788199999999,0.0
2023-05-03 03:30:00+02:00,0.0,0.0,0.0,34.238941,0.6847788199999999,0.0
2023-05-03 03:45:00+02:00,0.0,0.0,0.0,34.238941,0.6847788199999999,0.0
2023-05-03 04:00:00+02:00,0.0,0.0,0.0,34.238941,0.6847788199999999,0.0
2023-05-03 04:15:00+02:00,0.0,0.0,0.0,34.238941,0.6847788199999999,0.0
2023-05-03 04:30:00+02:00,0.0,0.0,0.0,34.238941,0.6847788199999999,0.0
2023-05-03 04:45:00+02:00,0.0,0.0,0.0,34.238941,0.6847788199999999,0.0
2023-05-03 05:00:00+02:00,0.0,0.0,0.0,34.238941,0.6847788199999999,0.0
2023-05-03 05:15:00+02:00,0.0,0.0,0.0,34.238941,0.6847788199999999,0.0
2023-05-03 05:30:00+02:00,0.0,0.0,0.0,34.238941,0.6847788199999999,0.0
2023-05-03 05:45:00+02:00,0.0,0.0,0.0,34.238941,0.6847788199999999,0.0
2023-05-03 06:00:00+02:00,0.0,0.0,0.0,34.238941,0.6847788199999999,0.0
2023-05-03 06:15:00+02:00,0.12493509,0.0,0.12493509,34.238941,0.6853722600000001,0.0
2023-05-03 06:30:00+02:00,0.42198832,0.0,0.42198832,34.268613,0.6873767,0.0
2023-05-03 06:45:00+02:00,0.91288306,0.0,0.91288306,34.368835,0.6917129,0.0
2023-05-03 07:00:00+02:00,0.0,0.0,0.0,34.585645,0.6917129,0.0
2023-05-03 07:15:00+02:00,1.06527,0.0,1.06527,34.585645,0.6967729199999999,0.0
2023-05-03 07:30:00+02:00,0.0,0.0,0.0,34.838646,0.6967729199999999,0.0
2023-05-03 07:45:00+02:00,2.5835989,0.0,2.5835989,34.838646,0.7090450199999999,0.0
2023-05-03 08:00:00+02:00,3.087668,0.0,3.087668,35.452251,0.72371144,0.0
2023-05-03 08:15:00+02:00,3.8589293,0.0,3.8589293,36.185572,0.7420413600000001,0.0
2023-05-03 08:30:00+02:00,4.3870869,0.0,4.3870869,37.102068,0.7628800200000001,0.0
2023-05-03 08:45:00+02:00,0.0,0.0,0.0,38.144001,0.7628800200000001,0.0
2023-05-03 09:00:00+02:00,0.0,0.0,0.0,38.144001,0.7628800200000001,0.0
2023-05-03 09:15:00+02:00,5.5314713,0.0,5.5314713,38.144001,0.78915452,0.0
2023-05-03 09:30:00+02:00,6.065024,0.0,6.065024,39.457726,0.81796338,0.0
2023-05-03 09:45:00+02:00,0.0,0.0,0.0,40.898169,0.81796338,0.0
2023-05-03 10:00:00+02:00,6.8638115,0.0,6.8638115,40.898169,0.8505664799999999,0.0
2023-05-03 10:15:00+02:00,4.6947807,0.0,4.6947807,42.528324,0.87286668,0.0
2023-05-03 10:30:00+02:00,0.0,0.0,0.0,43.643334,0.87286668,0.0
2023-05-03 10:45:00+02:00,0.0,0.0,0.0,43.643334,0.87286668,0.0
2023-05-03 11:00:00+02:00,0.0,0.0,0.0,43.643334,0.87286668,0.0
2023-05-03 11:15:00+02:00,0.0,0.0,0.0,43.643334,0.87286668,0.0
2023-05-03 11:30:00+02:00,8.202103,0.0,8.202103,43.643334,0.9118266800000001,0.0
2023-05-03 11:45:00+02:00,0.0,0.0,0.0,45.591334,0.9118266800000001,0.0
2023-05-03 12:00:00+02:00,0.0,0.0,0.0,45.591334,0.9118266800000001,0.0
2023-05-03 12:15:00+02:00,5.1427999,0.0,5.1427999,45.591334,0.93625498,0.0
2023-05-03 12:30:00+02:00,4.5391399,0.0,4.5391399,46.812749,0.9578158999999999,0.0
2023-05-03 12:45:00+02:00,8.880865,0.0,8.880865,47.890795,1.0,0.0
2023-05-03 13:00:00+02:00,0.0,0.0,0.0,50.0,1.0,0.0
2023-05-03 13:15:00+02:00,0.0,0.0,0.0,50.0,1.0,0.0
2023-05-03 13:30:00+02:00,0.0,0.0,0.0,50.0,1.0,0.0
2023-05-03 13:45:00+02:00,0.0,0.0,0.0,50.0,1.0,0.0
2023-05-03 14:00:00+02:00,0.0,0.0,0.0,50.0,1.0,0.0
2023-05-03 14:15:00+02:00,0.0,0.0,0.0,50.0,1.0,0.0
2023-05-03 14:30:00+02:00,0.0,0.0,0.0,50.0,1.0,0.0
2023-05-03 14:45:00+02:00,0.0,0.0,0.0,50.0,1.0,0.0
2023-05-03 15:00:00+02:00,0.0,0.0,0.0,50.0,1.0,0.0
2023-05-03 15:15:00+02:00,0.0,0.0,0.0,50.0,1.0,0.0
2023-05-03 15:30:00+02:00,0.0,0.0,0.0,50.0,1.0,0.0
2023-05-03 15:45:00+02:00,0.0,0.0,0.0,50.0,1.0,0.0
2023-05-03 16:00:00+02:00,0.0,0.0,0.0,50.0,1.0,0.0
2023-05-03 16:15:00+02:00,0.0,0.0,0.0,50.0,1.0,0.0
2023-05-03 16:30:00+02:00,0.0,0.0,0.0,50.0,1.0,0.0
2023-05-03 16:45:00+02:00,0.0,0.0,0.0,50.0,1.0,0.0
2023-05-03 17:00:00+02:00,0.0,0.0,0.0,50.0,1.0,0.0
2023-05-03 17:15:00+02:00,0.0,0.0,0.0,50.0,1.0,0.0
2023-05-03 17:30:00+02:00,0.0,0.0,0.0,50.0,1.0,0.0
2023-05-03 17:45:00+02:00,0.0,0.0,0.0,50.0,1.0,0.0
2023-05-03 18:00:00+02:00,0.0,0.0,0.0,50.0,1.0,0.0
2023-05-03 18:15:00+02:00,0.0,0.0,0.0,50.0,1.0,0.0
2023-05-03 18:30:00+02:00,0.0,0.0,0.0,50.0,1.0,0.0
2023-05-03 18:45:00+02:00,0.0,0.0,0.0,50.0,1.0,0.0
2023-05-03 19:00:00+02:00,0.0,0.0,0.0,50.0,1.0,0.0
2023-05-03 19:15:00+02:00,0.0,0.0,0.0,50.0,1.0,0.0
2023-05-03 19:30:00+02:00,0.0,0.0,0.0,50.0,1.0,0.0
2023-05-03 19:45:00+02:00,0.0,0.0,0.0,50.0,1.0,0.0
2023-05-03 20:00:00+02:00,0.0,0.0,0.0,50.0,1.0,0.0
2023-05-03 20:15:00+02:00,0.0,0.0,0.0,50.0,1.0,0.0
2023-05-03 20:30:00+02:00,0.0,0.0,0.0,50.0,1.0,0.0
2023-05-03 20:45:00+02:00,0.0,0.0,0.0,50.0,1.0,0.0
2023-05-03 21:00:00+02:00,0.0,0.0,0.0,50.0,1.0,0.0
2023-05-03 21:15:00+02:00,0.0,0.0,0.0,50.0,1.0,0.0
2023-05-03 21:30:00+02:00,0.0,0.0,0.0,50.0,1.0,0.0
2023-05-03 21:45:00+02:00,0.0,0.0,0.0,50.0,1.0,0.0
2023-05-03 22:00:00+02:00,0.0,0.0,0.0,50.0,1.0,0.0
2023-05-03 22:15:00+02:00,0.0,0.0,0.0,50.0,1.0,0.0
2023-05-03 22:30:00+02:00,0.0,0.0,0.0,50.0,1.0,0.0
2023-05-03 22:45:00+02:00,0.0,0.0,0.0,50.0,1.0,0.0
2023-05-03 23:00:00+02:00,0.0,0.0,0.0,50.0,1.0,0.0
2023-05-03 23:15:00+02:00,0.0,0.0,0.0,50.0,1.0,0.0
2023-05-03 23:30:00+02:00,0.0,0.0,0.0,50.0,1.0,0.0
2023-05-03 23:45:00+02:00,0.0,0.0,0.0,50.0,1.0,0.0
2023-05-04 00:00:00+02:00,0.0,0.0,0.0,50.0,1.0,0.0
2023-05-04 00:15:00+02:00,0.0,0.0,0.0,50.0,1.0,0.0
2023-05-04 00:30:00+02:00,0.0,0.0,0.0,50.0,1.0,0.0
2023-05-04 00:45:00+02:00,0.0,0.0,0.0,50.0,1.0,0.0
2023-05-04 01:00:00+02:00,0.0,0.0,0.0,50.0,1.0,0.0
2023-05-04 01:15:00+02:00,0.0,0.0,0.0,50.0,1.0,0.0
2023-05-04 01:30:00+02:00,0.0,0.0,0.0,50.0,1.0,0.0
2023-05-04 01:45:00+02:00,0.0,0.0,0.0,50.0,1.0,0.0
2023-05-04 02:00:00+02:00,0.0,0.0,0.0,50.0,1.0,0.0
2023-05-04 02:15:00+02:00,0.0,0.0,0.0,50.0,1.0,0.0
2023-05-04 02:30:00+02:00,0.0,0.0,0.0,50.0,1.0,0.0
2023-05-04 02:45:00+02:00,0.0,0.0,0.0,50.0,1.0,0.0
2023-05-04 03:00:00+02:00,0.0,0.0,0.0,50.0,1.0,0.0
2023-05-04 03:15:00+02:00,0.0,0.0,0.0,50.0,1.0,0.0
2023-05-04 03:30:00+02:00,0.0,0.0,0.0,50.0,1.0,0.0
2023-05-04 03:45:00+02:00,0.0,0.0,0.0,50.0,1.0,0.0
2023-05-04 04:00:00+02:00,0.0,0.0,0.0,50.0,1.0,0.0
2023-05-04 04:15:00+02:00,0.0,0.0,0.0,50.0,1.0,0.0
2023-05-04 04:30:00+02:00,0.0,0.0,0.0,50.0,1.0,0.0
2023-05-04 04:45:00+02:00,0.0,0.0,0.0,50.0,1.0,0.0
2023-05-04 05:00:00+02:00,0.0,0.0,0.0,50.0,1.0,0.0
2023-05-04 05:15:00+02:00,0.0,0.0,0.0,50.0,1.0,0.0
2023-05-04 05:30:00+02:00,0.0,0.0,0.0,50.0,1.0,0.0
2023-05-04 05:45:00+02:00,0.0,0.0,0.0,50.0,1.0,0.0
2023-05-04 06:00:00+02:00,0.0,0.0,0.0,50.0,1.0,0.0
2023-05-04 06:15:00+02:00,0.0,0.0,0.0,50.0,1.0,0.0
2023-05-04 06:30:00+02:00,0.0,0.0,0.0,50.0,1.0,0.0
2023-05-04 06:45:00+02:00,0.0,0.0,0.0,50.0,1.0,0.0
2023-05-04 07:00:00+02:00,0.0,0.0,0.0,50.0,1.0,0.0
2023-05-04 07:15:00+02:00,0.0,0.0,0.0,50.0,1.0,0.0
2023-05-04 07:30:00+02:00,0.0,0.0,0.0,50.0,1.0,0.0
2023-05-04 07:45:00+02:00,0.0,0.0,0.0,50.0,1.0,0.0
2023-05-04 08:00:00+02:00,0.0,0.0,0.0,50.0,1.0,0.0
2023-05-04 08:15:00+02:00,0.0,0.0,0.0,50.0,1.0,0.0
2023-05-04 08:30:00+02:00,0.0,0.0,0.0,50.0,1.0,0.0
2023-05-04 08:45:00+02:00,0.0,0.0,0.0,50.0,1.0,0.0
2023-05-04 09:00:00+02:00,0.0,0.0,0.0,50.0,1.0,0.0
2023-05-04 09:15:00+02:00,0.0,0.0,0.0,50.0,1.0,0.0
2023-05-04 09:30:00+02:00,0.0,0.0,0.0,50.0,1.0,0.0
2023-05-04 09:45:00+02:00,0.0,0.0,0.0,50.0,1.0,0.0
2023-05-04 10:00:00+02:00,0.0,0.0,0.0,50.0,1.0,0.0
2023-05-04 10:15:00+02:00,0.0,0.0,0.0,50.0,1.0,0.0
2023-05-04 10:30:00+02:00,0.0,0.0,0.0,50.0,1.0,0.0
2023-05-04 10:45:00+02:00,0.0,0.0,0.0,50.0,1.0,0.0
2023-05-04 11:00:00+02:00,0.0,0.0,0.0,50.0,1.0,0.0
2023-05-04 11:15:00+02:00,0.0,0.0,0.0,50.0,1.0,0.0
2023-05-04 11:30:00+02:00,0.0,0.0,0.0,50.0,1.0,0.0
2023-05-04 11:45:00+02:00,0.0,0.0,0.0,50.0,1.0,0.0
2023-05-04 12:00:00+02:00,0.0,0.0,0.0,50.0,1.0,0.0
2023-05-04 12:15:00+02:00,0.0,0.0,0.0,50.0,1.0,0.0
2023-05-04 12:30:00+02:00,0.0,0.0,0.0,50.0,1.0,0.0
2023-05-04 12:45:00+02:00,0.0,0.0,0.0,50.0,1.0,0.0
2023-05-04 13:00:00+02:00,0.0,0.0,0.0,50.0,1.0,0.0
2023-05-04 13:15:00+02:00,0.0,0.0,0.0,50.0,1.0,0.0
2023-05-04 13:30:00+02:00,0.0,0.0,0.0,50.0,1.0,0.0
2023-05-04 13:45:00+02:00,0.0,0.0,0.0,50.0,1.0,0.0
2023-05-04 14:00:00+02:00,0.0,0.0,0.0,50.0,1.0,0.0
2023-05-04 14:15:00+02:00,0.0,0.0,0.0,50.0,1.0,0.0
2023-05-04 14:30:00+02:00,0.0,0.0,0.0,50.0,1.0,0.0
2023-05-04 14:45:00+02:00,0.0,0.0,0.0,50.0,1.0,0.0
2023-05-04 15:00:00+02:00,0.0,0.0,0.0,50.0,0.9114855799999999,4.425721303349929
2023-05-04 15:15:00+02:00,1.3320787,0.0,1.3320787,45.574279,0.91781294,0.0
2023-05-04 15:30:00+02:00,2.0629053,0.0,2.0629053,45.890647,0.92761174,0.0
2023-05-04 15:45:00+02:00,1.5631228,0.0,1.5631228,46.380587,0.93503658,0.0
2023-05-04 16:00:00+02:00,2.487458,0.0,2.487458,46.751829,0.9468519999999999,0.0
2023-05-04 16:15:00+02:00,2.5164072,0.0,2.5164072,47.3426,0.9588049399999999,0.0
2023-05-04 16:30:00+02:00,2.9322782,0.0,2.9322782,47.940247,0.9727332599999999,0.0
2023-05-04 16:45:00+02:00,1.6113723,0.0,1.6113723,48.636663,0.9803872800000001,0.0
2023-05-04 17:00:00+02:00,1.0331186,0.0,1.0331186,49.019364,0.9852946,0.0
2023-05-04 17:15:00+02:00,0.86208607,0.0,0.86208607,49.26473,0.9893895,0.0
2023-05-04 17:30:00+02:00,0.1984633,0.0,0.1984633,49.469475,0.9903322,0.0
2023-05-04 17:45:00+02:00,0.0,0.0,0.0,49.51661,0.9903322,0.0
2023-05-04 18:00:00+02:00,0.0,0.0,0.0,49.51661,0.9903322,0.0
2023-05-04 18:15:00+02:00,0.0,0.0,0.0,49.51661,0.9903322,0.0
2023-05-04 18:30:00+02:00,0.0,0.0,0.0,49.51661,0.9903322,0.0
2023-05-04 18:45:00+02:00,0.0,0.0,0.0,49.51661,0.9903322,0.0
2023-05-04 19:00:00+02:00,0.0,0.0,0.0,49.51661,0.9903322,0.0
2023-05-04 19:15:00+02:00,0.0,0.0,0.0,49.51661,0.9903322,0.0
2023-05-04 19:30:00+02:00,0.0,0.0,0.0,49.51661,0.9903322,0.0
2023-05-04 19:45:00+02:00,0.0,0.0,0.0,49.51661,0.9903322,0.0
2023-05-04 20:00:00+02:00,0.0,0.0,0.0,49.51661,0.9903322,0.0
2023-05-04 20:15:00+02:00,0.0,0.0,0.0,49.51661,0.9903322,0.0
2023-05-04 20:30:00+02:00,0.0,0.0,0.0,49.51661,0.9903322,0.0
2023-05-04 20:45:00+02:00,0.0,0.0,0.0,49.51661,0.9903322,0.0
2023-05-04 21:00:00+02:00,0.0,0.0,0.0,49.51661,0.9903322,0.0
2023-05-04 21:15:00+02:00,0.0,0.0,0.0,49.51661,0.9903322,0.0
2023-05-04 21:30:00+02:00,0.0,0.0,0.0,49.51661,0.9903322,0.0
2023-05-04 21:45:00+02:00,0.0,0.0,0.0,49.51661,0.9903322,0.0
2023-05-04 22:00:00+02:00,0.0,0.0,0.0,49.51661,0.9903322,0.0
2023-05-04 22:15:00+02:00,0.0,0.0,0.0,49.51661,0.9903322,0.0
2023-05-04 22:30:00+02:00,0.0,0.0,0.0,49.51661,0.9903322,0.0
2023-05-04 22:45:00+02:00,0.0,0.0,0.0,49.51661,0.9903322,0.0
2023-05-04 23:00:00+02:00,0.0,0.0,0.0,49.51661,0.9903322,0.0
2023-05-04 23:15:00+02:00,0.0,0.0,0.0,49.51661,0.9903322,0.0
2023-05-04 23:30:00+02:00,0.0,0.0,0.0,49.51661,0.9903322,0.0
2023-05-04 23:45:00+02:00,0.0,0.0,0.0,49.51661,0.9903322,0.0
2023-05-05 00:00:00+02:00,0.0,0.0,0.0,49.51661,0.9903322,0.0
2023-05-05 00:15:00+02:00,0.0,0.0,0.0,49.51661,0.9903322,0.0
2023-05-05 00:30:00+02:00,0.0,0.0,0.0,49.51661,0.9903322,0.0
2023-05-05 00:45:00+02:00,0.0,0.0,0.0,49.51661,0.9903322,0.0
2023-05-05 01:00:00+02:00,0.0,0.0,0.0,49.51661,0.9903322,0.0
2023-05-05 01:15:00+02:00,0.0,0.0,0.0,49.51661,0.9903322,0.0
2023-05-05 01:30:00+02:00,0.0,0.0,0.0,49.51661,0.9903322,0.0
2023-05-05 01:45:00+02:00,0.0,0.0,0.0,49.51661,0.9903322,0.0
2023-05-05 02:00:00+02:00,0.0,0.0,0.0,49.51661,0.9903322,0.0
2023-05-05 02:15:00+02:00,0.0,0.0,0.0,49.51661,0.9903322,0.0
2023-05-05 02:30:00+02:00,0.0,0.0,0.0,49.51661,0.9903322,0.0
2023-05-05 02:45:00+02:00,0.0,0.0,0.0,49.51661,0.9903322,0.0
2023-05-05 03:00:00+02:00,0.0,0.0,0.0,49.51661,0.9903322,0.0
2023-05-05 03:15:00+02:00,0.0,0.0,0.0,49.51661,0.9903322,0.0
2023-05-05 03:30:00+02:00,0.0,0.0,0.0,49.51661,0.9903322,0.0
2023-05-05 03:45:00+02:00,0.0,0.0,0.0,49.51661,0.9903322,0.0
2023-05-05 04:00:00+02:00,0.0,0.0,0.0,49.51661,0.9903322,0.0
2023-05-05 04:15:00+02:00,0.0,0.0,0.0,49.51661,0.9903322,0.0
2023-05-05 04:30:00+02:00,0.0,0.0,0.0,49.51661,0.9903322,0.0
2023-05-05 04:45:00+02:00,0.0,0.0,0.0,49.51661,0.9903322,0.0
2023-05-05 05:00:00+02:00,0.0,0.0,0.0,49.51661,0.9903322,0.0
2023-05-05 05:15:00+02:00,0.0,0.0,0.0,49.51661,0.9903322,0.0
2023-05-05 05:30:00+02:00,0.0,0.0,0.0,49.51661,0.9903322,0.0
2023-05-05 05:45:00+02:00,0.0,0.0,0.0,49.51661,0.9903322,0.0
2023-05-05 06:00:00+02:00,0.18005387,0.0,0.18005387,49.51661,0.99118746,0.0
2023-05-05 06:15:00+02:00,0.31269883,0.0,0.31269883,49.559373,0.99267278,0.0
2023-05-05 06:30:00+02:00,0.0,0.0,0.0,49.633639,0.99267278,0.0
2023-05-05 06:45:00+02:00,0.0,0.0,0.0,49.633639,0.99267278,0.0
2023-05-05 07:00:00+02:00,0.0,0.0,0.0,49.633639,0.99267278,0.0
2023-05-05 07:15:00+02:00,0.0,0.0,0.0,49.633639,0.99267278,0.0
2023-05-05 07:30:00+02:00,0.0,0.0,0.0,49.633639,0.99267278,0.0
2023-05-05 07:45:00+02:00,0.46818194,0.0,0.46818194,49.633639,0.99489664,0.0
2023-05-05 08:00:00+02:00,1.074391,0.0,1.074391,49.744832,1.0,0.0
2023-05-05 08:15:00+02:00,0.0,0.0,0.0,50.0,1.0,0.0
2023-05-05 08:30:00+02:00,0.0,0.0,0.0,50.0,1.0,0.0
2023-05-05 08:45:00+02:00,0.0,0.0,0.0,50.0,1.0,0.0
2023-05-05 09:00:00+02:00,0.0,0.0,0.0,50.0,1.0,0.0
2023-05-05 09:15:00+02:00,0.0,0.0,0.0,50.0,1.0,0.0
2023-05-05 09:30:00+02:00,0.0,0.0,0.0,50.0,1.0,0.0
2023-05-05 09:45:00+02:00,0.0,0.0,0.0,50.0,1.0,0.0
2023-05-05 10:00:00+02:00,0.0,0.0,0.0,50.0,1.0,0.0
2023-05-05 10:15:00+02:00,0.0,0.0,0.0,50.0,1.0,0.0
2023-05-05 10:30:00+02:00,0.0,0.0,0.0,50.0,1.0,0.0
2023-05-05 10:45:00+02:00,0.0,0.0,0.0,50.0,1.0,0.0
2023-05-05 11:00:00+02:00,0.0,0.0,0.0,50.0,1.0,0.0
2023-05-05 11:15:00+02:00,0.0,0.0,0.0,50.0,1.0,0.0
2023-05-05 11:30:00+02:00,0.0,0.0,0.0,50.0,1.0,0.0
2023-05-05 11:45:00+02:00,0.0,0.0,0.0,50.0,1.0,0.0
2023-05-05 12:00:00+02:00,0.0,0.0,0.0,50.0,1.0,0.0
2023-05-05 12:15:00+02:00,0.0,0.0,0.0,50.0,1.0,0.0
2023-05-05 12:30:00+02:00,0.0,0.0,0.0,50.0,1.0,0.0
2023-05-05 12:45:00+02:00,0.0,0.0,0.0,50.0,1.0,0.0
2023-05-05 13:00:00+02:00,0.0,0.0,0.0,50.0,1.0,0.0
2023-05-05 13:15:00+02:00,0.0,0.0,0.0,50.0,1.0,0.0
2023-05-05 13:30:00+02:00,0.0,0.0,0.0,50.0,1.0,0.0
2023-05-05 13:45:00+02:00,0.0,0.0,0.0,50.0,1.0,0.0
2023-05-05 14:00:00+02:00,0.0,0.0,0.0,50.0,1.0,0.0
2023-05-05 14:15:00+02:00,0.0,0.0,0.0,50.0,1.0,0.0
2023-05-05 14:30:00+02:00,0.0,0.0,0.0,50.0,1.0,0.0
2023-05-05 14:45:00+02:00,0.0,0.0,0.0,50.0,1.0,0.0
2023-05-05 15:00:00+02:00,0.0,0.0,0.0,50.0,1.0,0.0
2023-05-05 15:15:00+02:00,0.0,0.0,0.0,50.0,1.0,0.0
2023-05-05 15:30:00+02:00,0.0,0.0,0.0,50.0,1.0,0.0
2023-05-05 15:45:00+02:00,0.0,0.0,0.0,50.0,1.0,0.0
2023-05-05 16:00:00+02:00,0.0,0.0,0.0,50.0,0.785536,10.7232
2023-05-05 16:15:00+02:00,4.8278872,0.0,4.8278872,39.2768,0.8084684599999999,0.0
2023-05-05 16:30:00+02:00,3.3971513,0.0,3.3971513,40.423423,0.82460494,0.0
2023-05-05 16:45:00+02:00,2.4754569,0.0,2.4754569,41.230247,0.83636336,0.0
2023-05-05 17:00:00+02:00,1.5247514,0.0,1.5247514,41.818168,0.84360592,0.0
2023-05-05 17:15:00+02:00,0.98628577,0.0,0.98628577,42.180296,0.8482907799999999,0.0
2023-05-05 17:30:00+02:00,0.51923722,0.0,0.51923722,42.414539,0.85075716,0.0
2023-05-05 17:45:00+02:00,0.63150678,0.0,0.63150678,42.537858,0.85375682,0.0
2023-05-05 18:00:00+02:00,0.080178103,0.0,0.080178103,42.687841,0.8541376599999999,0.0
2023-05-05 18:15:00+02:00,0.0,0.0,0.0,42.706883,0.8541376599999999,0.0
2023-05-05 18:30:00+02:00,0.0,0.0,0.0,42.706883,0.8541376599999999,0.0
2023-05-05 18:45:00+02:00,0.0,0.0,0.0,42.706883,0.8541376599999999,0.0
2023-05-05 19:00:00+02:00,0.0,0.0,0.0,42.706883,0.8541376599999999,0.0
2023-05-05 19:15:00+02:00,0.0,0.0,0.0,42.706883,0.8541376599999999,0.0
2023-05-05 19:30:00+02:00,0.0,0.0,0.0,42.706883,0.8541376599999999,0.0
2023-05-05 19:45:00+02:00,0.0,0.0,0.0,42.706883,0.8541376599999999,0.0
2023-05-05 20:00:00+02:00,0.0,0.0,0.0,42.706883,0.8541376599999999,0.0
2023-05-05 20:15:00+02:00,0.0,0.0,0.0,42.706883,0.8541376599999999,0.0
2023-05-05 20:30:00+02:00,0.0,0.0,0.0,42.706883,0.8541376599999999,0.0
2023-05-05 20:45:00+02:00,0.0,0.0,0.0,42.706883,0.8541376599999999,0.0
2023-05-05 21:00:00+02:00,0.0,0.0,0.0,42.706883,0.8541376599999999,0.0
2023-05-05 21:15:00+02:00,0.0,0.0,0.0,42.706883,0.8541376599999999,0.0
2023-05-05 21:30:00+02:00,0.0,0.0,0.0,42.706883,0.8541376599999999,0.0
2023-05-05 21:45:00+02:00,0.0,0.0,0.0,42.706883,0.8541376599999999,0.0
2023-05-05 22:00:00+02:00,0.0,0.0,0.0,42.706883,0.8541376599999999,0.0
2023-05-05 22:15:00+02:00,0.0,0.0,0.0,42.706883,0.8541376599999999,0.0
2023-05-05 22:30:00+02:00,0.0,0.0,0.0,42.706883,0.8541376599999999,0.0
2023-05-05 22:45:00+02:00,0.0,0.0,0.0,42.706883,0.8541376599999999,0.0
2023-05-05 23:00:00+02:00,0.0,0.0,0.0,42.706883,0.8541376599999999,0.0
2023-05-05 23:15:00+02:00,0.0,0.0,0.0,42.706883,0.8541376599999999,0.0
2023-05-05 23:30:00+02:00,0.0,0.0,0.0,42.706883,0.8541376599999999,0.0
2023-05-05 23:45:00+02:00,0.0,0.0,0.0,42.706883,0.8541376599999999,0.0
2023-05-06 00:00:00+02:00,0.0,0.0,0.0,42.706883,0.8541376599999999,0.0
2023-05-06 00:15:00+02:00,0.0,0.0,0.0,42.706883,0.8541376599999999,0.0
2023-05-06 00:30:00+02:00,0.0,0.0,0.0,42.706883,0.8541376599999999,0.0
2023-05-06 00:45:00+02:00,0.0,0.0,0.0,42.706883,0.8541376599999999,0.0
2023-05-06 01:00:00+02:00,0.0,0.0,0.0,42.706883,0.8541376599999999,0.0
2023-05-06 01:15:00+02:00,0.0,0.0,0.0,42.706883,0.8541376599999999,0.0
2023-05-06 01:30:00+02:00,0.0,0.0,0.0,42.706883,0.8541376599999999,0.0
2023-05-06 01:45:00+02:00,0.0,0.0,0.0,42.706883,0.8541376599999999,0.0
2023-05-06 02:00:00+02:00,0.0,0.0,0.0,42.706883,0.8541376599999999,0.0
2023-05-06 02:15:00+02:00,0.0,0.0,0.0,42.706883,0.8541376599999999,0.0
2023-05-06 02:30:00+02:00,0.0,0.0,0.0,42.706883,0.8541376599999999,0.0
2023-05-06 02:45:00+02:00,0.0,0.0,0.0,42.706883,0.8541376599999999,0.0
2023-05-06 03:00:00+02:00,0.0,0.0,0.0,42.706883,0.8541376599999999,0.0
2023-05-06 03:15:00+02:00,0.0,0.0,0.0,42.706883,0.8541376599999999,0.0
2023-05-06 03:30:00+02:00,0.0,0.0,0.0,42.706883,0.8541376599999999,0.0
2023-05-06 03:45:00+02:00,0.0,0.0,0.0,42.706883,0.8541376599999999,0.0
2023-05-06 04:00:00+02:00,0.0,0.0,0.0,42.706883,0.8541376599999999,0.0
2023-05-06 04:15:00+02:00,0.0,0.0,0.0,42.706883,0.8541376599999999,0.0
2023-05-06 04:30:00+02:00,0.0,0.0,0.0,42.706883,0.8541376599999999,0.0
2023-05-06 04:45:00+02:00,0.0,0.0,0.0,42.706883,0.8541376599999999,0.0
2023-05-06 05:00:00+02:00,0.0,0.0,0.0,42.706883,0.8541376599999999,0.0
2023-05-06 05:15:00+02:00,0.0,0.0,0.0,42.706883,0.8541376599999999,0.0
2023-05-06 05:30:00+02:00,0.0,0.0,0.0,42.706883,0.8541376599999999,0.0
2023-05-06 05:45:00+02:00,0.0,0.0,0.0,42.706883,0.8541376599999999,0.0
2023-05-06 06:00:00+02:00,0.23458854,0.0,0.23458854,42.706883,0.8552519599999999,0.0
2023-05-06 06:15:00+02:00,0.52811496,0.0,0.52811496,42.762598,0.8577604999999999,0.0
2023-05-06 06:30:00+02:00,1.0226956,0.0,1.0226956,42.888025,0.8626183000000001,0.0
2023-05-06 06:45:00+02:00,0.25553604,0.0,0.25553604,43.130915,0.8638321000000001,0.0
2023-05-06 07:00:00+02:00,1.7113334,0.0,1.7113334,43.191605,0.87196094,0.0
2023-05-06 07:15:00+02:00,2.4199281,0.0,2.4199281,43.598047,0.8834556,0.0
2023-05-06 07:30:00+02:00,2.8838208,0.0,2.8838208,44.17278,0.8971537399999999,0.0
2023-05-06 07:45:00+02:00,3.4302812,0.0,3.4302812,44.857687,0.91344758,0.0
2023-05-06 08:00:00+02:00,3.817504,0.0,3.817504,45.672379,0.93158072,0.0
2023-05-06 08:15:00+02:00,4.3158181,0.0,4.3158181,46.579036,0.9520808599999999,0.0
2023-05-06 08:30:00+02:00,0.0,0.0,0.0,47.604043,0.9520808599999999,0.0
2023-05-06 08:45:00+02:00,0.0,0.0,0.0,47.604043,0.9520808599999999,0.0
2023-05-06 09:00:00+02:00,0.0,0.0,0.0,47.604043,0.9520808599999999,0.0
2023-05-06 09:15:00+02:00,0.0,0.0,0.0,47.604043,0.9520808599999999,0.0
2023-05-06 09:30:00+02:00,0.0,0.0,0.0,47.604043,0.9520808599999999,0.0
2023-05-06 09:45:00+02:00,0.0,0.0,0.0,47.604043,0.9520808599999999,0.0
2023-05-06 10:00:00+02:00,0.0,0.0,0.0,47.604043,0.9520808599999999,0.0
2023-05-06 10:15:00+02:00,0.0,0.0,0.0,47.604043,0.9520808599999999,0.0
2023-05-06 10:30:00+02:00,0.0,0.0,0.0,47.604043,0.9520808599999999,0.0
2023-05-06 10:45:00+02:00,0.0,0.0,0.0,47.604043,0.9520808599999999,0.0
2023-05-06 11:00:00+02:00,0.0,0.0,0.0,47.604043,0.9520808599999999,0.0
2023-05-06 11:15:00+02:00,0.0,0.0,0.0,47.604043,0.9520808599999999,0.0
2023-05-06 11:30:00+02:00,0.0,0.0,0.0,47.604043,0.9520808599999999,0.0
2023-05-06 11:45:00+02:00,0.0,0.0,0.0,47.604043,0.9520808599999999,0.0
2023-05-06 12:00:00+02:00,0.0,0.0,0.0,47.604043,0.9520808599999999,0.0
2023-05-06 12:15:00+02:00,0.0,0.0,0.0,47.604043,0.9520808599999999,0.0
2023-05-06 12:30:00+02:00,0.0,0.0,0.0,47.604043,0.9520808599999999,0.0
2023-05-06 12:45:00+02:00,0.0,0.0,0.0,47.604043,0.9520808599999999,0.0
2023-05-06 13:00:00+02:00,0.0,0.0,0.0,47.604043,0.9520808599999999,0.0
2023-05-06 13:15:00+02:00,0.0,0.0,0.0,47.604043,0.9520808599999999,0.0
2023-05-06 13:30:00+02:00,0.0,0.0,0.0,47.604043,0.9520808599999999,0.0
2023-05-06 13:45:00+02:00,0.0,0.0,0.0,47.604043,0.9520808599999999,0.0
2023-05-06 14:00:00+02:00,0.0,0.0,0.0,47.604043,0.9520808599999999,0.0
2023-05-06 14:15:00+02:00,0.0,0.0,0.0,47.604043,0.9520808599999999,0.0
2023-05-06 14:30:00+02:00,0.0,0.0,0.0,47.604043,0.9520808599999999,0.0
2023-05-06 14:45:00+02:00,0.0,0.0,0.0,47.604043,0.9520808599999999,0.0
2023-05-06 15:00:00+02:00,0.0,0.0,0.0,47.604043,0.9520808599999999,0.0
2023-05-06 15:15:00+02:00,0.0,0.0,0.0,47.604043,0.9520808599999999,0.0
2023-05-06 15:30:00+02:00,0.0,0.0,0.0,47.604043,0.9520808599999999,0.0
2023-05-06 15:45:00+02:00,0.0,0.0,0.0,47.604043,0.9520808599999999,0.0
2023-05-06 16:00:00+02:00,0.0,0.0,0.0,47.604043,0.9520808599999999,0.0
2023-05-06 16:15:00+02:00,0.0,0.0,0.0,47.604043,0.9520808599999999,0.0
2023-05-06 16:30:00+02:00,0.0,0.0,0.0,47.604043,0.7765055,8.778767654011093
2023-05-06 16:45:00+02:00,1.2226337,0.0,1.2226337,38.825275,0.78231302,0.0
2023-05-06 17:00:00+02:00,1.2070635,0.0,1.2070635,39.115651,0.78804656,0.0
2023-05-06 17:15:00+02:00,1.2284288,0.0,1.2284288,39.402328,0.7938816,0.0
2023-05-06 17:30:00+02:00,1.3795728,0.0,1.3795728,39.69408,0.80043458,0.0
2023-05-06 17:45:00+02:00,1.0418585,0.0,1.0418585,40.021729,0.8053834000000001,0.0
2023-05-06 18:00:00+02:00,0.19644685,0.0,0.19644685,40.26917,0.80631652,0.0
2023-05-06 18:15:00+02:00,0.0,0.0,0.0,40.315826,0.80631652,0.0
2023-05-06 18:30:00+02:00,0.0,0.0,0.0,40.315826,0.80631652,0.0
2023-05-06 18:45:00+02:00,0.0,0.0,0.0,40.315826,0.80631652,0.0
2023-05-06 19:00:00+02:00,0.0,0.0,0.0,40.315826,0.80631652,0.0
2023-05-06 19:15:00+02:00,0.0,0.0,0.0,40.315826,0.80631652,0.0
2023-05-06 19:30:00+02:00,0.0,0.0,0.0,40.315826,0.80631652,0.0
2023-05-06 19:45:00+02:00,0.0,0.0,0.0,40.315826,0.80631652,0.0
2023-05-06 20:00:00+02:00,0.0,0.0,0.0,40.315826,0.80631652,0.0
2023-05-06 20:15:00+02:00,0.0,0.0,0.0,40.315826,0.80631652,0.0
2023-05-06 20:30:00+02:00,0.0,0.0,0.0,40.315826,0.80631652,0.0
2023-05-06 20:45:00+02:00,0.0,0.0,0.0,40.315826,0.80631652,0.0
2023-05-06 21:00:00+02:00,0.0,0.0,0.0,40.315826,0.80631652,0.0
2023-05-06 21:15:00+02:00,0.0,0.0,0.0,40.315826,0.80631652,0.0
2023-05-06 21:30:00+02:00,0.0,0.0,0.0,40.315826,0.80631652,0.0
2023-05-06 21:45:00+02:00,0.0,0.0,0.0,40.315826,0.80631652,0.0
2023-05-06 22:00:00+02:00,0.0,0.0,0.0,40.315826,0.80631652,0.0
2023-05-06 22:15:00+02:00,0.0,0.0,0.0,40.315826,0.80631652,0.0
2023-05-06 22:30:00+02:00,0.0,0.0,0.0,40.315826,0.80631652,0.0
2023-05-06 22:45:00+02:00,0.0,0.0,0.0,40.315826,0.80631652,0.0
2023-05-06 23:00:00+02:00,0.0,0.0,0.0,40.315826,0.80631652,0.0
2023-05-06 23:15:00+02:00,0.0,0.0,0.0,40.315826,0.80631652,0.0
2023-05-06 23:30:00+02:00,0.0,0.0,0.0,40.315826,0.80631652,0.0
2023-05-06 23:45:00+02:00,0.0,0.0,0.0,40.315826,0.80631652,0.0
2023-05-07 00:00:00+02:00,0.0,0.0,0.0,40.315826,0.80631652,0.0
2023-05-07 00:15:00+02:00,0.0,0.0,0.0,40.315826,0.80631652,0.0
2023-05-07 00:30:00+02:00,0.0,0.0,0.0,40.315826,0.80631652,0.0
2023-05-07 00:45:00+02:00,0.0,0.0,0.0,40.315826,0.80631652,0.0
2023-05-07 01:00:00+02:00,0.0,0.0,0.0,40.315826,0.80631652,0.0
2023-05-07 01:15:00+02:00,0.0,0.0,0.0,40.315826,0.80631652,0.0
2023-05-07 01:30:00+02:00,0.0,0.0,0.0,40.315826,0.80631652,0.0
2023-05-07 01:45:00+02:00,0.0,0.0,0.0,40.315826,0.80631652,0.0
2023-05-07 02:00:00+02:00,0.0,0.0,0.0,40.315826,0.80631652,0.0
2023-05-07 02:15:00+02:00,0.0,0.0,0.0,40.315826,0.80631652,0.0
2023-05-07 02:30:00+02:00,0.0,0.0,0.0,40.315826,0.80631652,0.0
2023-05-07 02:45:00+02:00,0.0,0.0,0.0,40.315826,0.80631652,0.0
2023-05-07 03:00:00+02:00,0.0,0.0,0.0,40.315826,0.80631652,0.0
2023-05-07 03:15:00+02:00,0.0,0.0,0.0,40.315826,0.80631652,0.0
2023-05-07 03:30:00+02:00,0.0,0.0,0.0,40.315826,0.80631652,0.0
2023-05-07 03:45:00+02:00,0.0,0.0,0.0,40.315826,0.80631652,0.0
2023-05-07 04:00:00+02:00,0.0,0.0,0.0,40.315826,0.80631652,0.0
2023-05-07 04:15:00+02:00,0.0,0.0,0.0,40.315826,0.80631652,0.0
2023-05-07 04:30:00+02:00,0.0,0.0,0.0,40.315826,0.80631652,0.0
2023-05-07 04:45:00+02:00,0.0,0.0,0.0,40.315826,0.80631652,0.0
2023-05-07 05:00:00+02:00,0.0,0.0,0.0,40.315826,0.80631652,0.0
2023-05-07 05:15:00+02:00,0.0,0.0,0.0,40.315826,0.80631652,0.0
2023-05-07 05:30:00+02:00,0.0,0.0,0.0,40.315826,0.80631652,0.0
2023-05-07 05:45:00+02:00,0.0,0.0,0.0,40.315826,0.80631652,0.0
2023-05-07 06:00:00+02:00,0.021636956,0.0,0.021636956,40.315826,0.8064193000000001,0.0
2023-05-07 06:15:00+02:00,0.0,0.0,0.0,40.320965,0.8064193000000001,0.0
2023-05-07 06:30:00+02:00,0.017058649,0.0,0.017058649,40.320965,0.8065003199999999,0.0
2023-05-07 06:45:00+02:00,0.11500015,0.0,0.11500015,40.325016,0.80704658,0.0
2023-05-07 07:00:00+02:00,0.55119963,0.0,0.55119963,40.352329,0.80966478,0.0
2023-05-07 07:15:00+02:00,1.0285721,0.0,1.0285721,40.483239,0.8145505,0.0
2023-05-07 07:30:00+02:00,0.0,0.0,0.0,40.727525,0.8145505,0.0
2023-05-07 07:45:00+02:00,0.0,0.0,0.0,40.727525,0.8145505,0.0
2023-05-07 08:00:00+02:00,0.0,0.0,0.0,40.727525,0.8145505,0.0
2023-05-07 08:15:00+02:00,0.0,0.0,0.0,40.727525,0.8145505,0.0
2023-05-07 08:30:00+02:00,0.0,0.0,0.0,40.727525,0.8145505,0.0
2023-05-07 08:45:00+02:00,0.0,0.0,0.0,40.727525,0.8145505,0.0
2023-05-07 09:00:00+02:00,0.0,0.0,0.0,40.727525,0.8145505,0.0
2023-05-07 09:15:00+02:00,0.0,0.0,0.0,40.727525,0.8145505,0.0
2023-05-07 09:30:00+02:00,0.0,0.0,0.0,40.727525,0.8145505,0.0
2023-05-07 09:45:00+02:00,0.0,0.0,0.0,40.727525,0.8145505,0.0
2023-05-07 10:00:00+02:00,0.0,0.0,0.0,40.727525,0.8145505,0.0
2023-05-07 10:15:00+02:00,0.0,0.0,0.0,40.727525,0.8145505,0.0
2023-05-07 10:30:00+02:00,0.0,0.0,0.0,40.727525,0.8145505,0.0
2023-05-07 10:45:00+02:00,0.0,0.0,0.0,40.727525,0.8145505,0.0
2023-05-07 11:00:00+02:00,0.0,0.0,0.0,40.727525,0.8145505,0.0
2023-05-07 11:15:00+02:00,0.0,0.0,0.0,40.727525,0.8145505,0.0
2023-05-07 11:30:00+02:00,0.0,0.0,0.0,40.727525,0.8145505,0.0
2023-05-07 11:45:00+02:00,0.0,0.0,0.0,40.727525,0.8145505,0.0
2023-05-07 12:00:00+02:00,0.0,0.0,0.0,40.727525,0.8145505,0.0
2023-05-07 12:15:00+02:00,0.0,0.0,0.0,40.727525,0.8145505,0.0
2023-05-07 12:30:00+02:00,0.0,0.0,0.0,40.727525,0.8145505,0.0
2023-05-07 12:45:00+02:00,0.0,0.0,0.0,40.727525,0.8145505,0.0
2023-05-07 13:00:00+02:00,0.0,0.0,0.0,40.727525,0.8145505,0.0
2023-05-07 13:15:00+02:00,0.0,0.0,0.0,40.727525,0.8145505,0.0
2023-05-07 13:30:00+02:00,0.0,0.0,0.0,40.727525,0.8145505,0.0
2023-05-07 13:45:00+02:00,0.0,0.0,0.0,40.727525,0.8145505,0.0
2023-05-07 14:00:00+02:00,0.0,0.0,0.0,40.727525,0.8145505,0.0
2023-05-07 14:15:00+02:00,0.0,0.0,0.0,40.727525,0.8145505,0.0
2023-05-07 14:30:00+02:00,0.0,0.0,0.0,40.727525,0.8145505,0.0
2023-05-07 14:45:00+02:00,0.0,0.0,0.0,40.727525,0.8145505,0.0
2023-05-07 15:00:00+02:00,0.0,0.0,0.0,40.727525,0.8145505,0.0
2023-05-07 15:15:00+02:00,0.0,0.0,0.0,40.727525,0.8145505,0.0
2023-05-07 15:30:00+02:00,0.0,0.0,0.0,40.727525,0.8145505,0.0
2023-05-07 15:45:00+02:00,0.0,0.0,0.0,40.727525,0.8145505,0.0
2023-05-07 16:00:00+02:00,0.0,0.0,0.0,40.727525,0.8145505,0.0
2023-05-07 16:15:00+02:00,0.0,0.0,0.0,40.727525,0.8145505,0.0
2023-05-07 16:30:00+02:00,0.0,0.0,0.0,40.727525,0.8145505,0.0
2023-05-07 16:45:00+02:00,0.0,0.0,0.0,40.727525,0.8145505,0.0
2023-05-07 17:00:00+02:00,0.0,0.0,0.0,40.727525,0.8145505,0.0
2023-05-07 17:15:00+02:00,0.0,0.0,0.0,40.727525,0.7274145,4.3568
2023-05-07 17:30:00+02:00,1.1060047,0.0,1.1060047,36.370725,0.73266802,0.0
2023-05-07 17:45:00+02:00,0.4594131,0.0,0.4594131,36.633401,0.73485022,0.0
2023-05-07 18:00:00+02:00,0.55334397,0.0,0.55334397,36.742511,0.73747862,0.0
2023-05-07 18:15:00+02:00,0.0,0.0,0.0,36.873931,0.73747862,0.0
2023-05-07 18:30:00+02:00,0.0,0.0,0.0,36.873931,0.73747862,0.0
2023-05-07 18:45:00+02:00,0.0,0.0,0.0,36.873931,0.73747862,0.0
2023-05-07 19:00:00+02:00,0.0,0.0,0.0,36.873931,0.73747862,0.0
2023-05-07 19:15:00+02:00,0.0,0.0,0.0,36.873931,0.73747862,0.0
2023-05-07 19:30:00+02:00,0.0,0.0,0.0,36.873931,0.73747862,0.0
2023-05-07 19:45:00+02:00,0.0,0.0,0.0,36.873931,0.73747862,0.0
2023-05-07 20:00:00+02:00,0.0,0.0,0.0,36.873931,0.73747862,0.0
2023-05-07 20:15:00+02:00,0.0,0.0,0.0,36.873931,0.73747862,0.0
2023-05-07 20:30:00+02:00,0.0,0.0,0.0,36.873931,0.73747862,0.0
2023-05-07 20:45:00+02:00,0.0,0.0,0.0,36.873931,0.73747862,0.0
2023-05-07 21:00:00+02:00,0.0,0.0,0.0,36.873931,0.73747862,0.0
2023-05-07 21:15:00+02:00,0.0,0.0,0.0,36.873931,0.73747862,0.0
2023-05-07 21:30:00+02:00,0.0,0.0,0.0,36.873931,0.73747862,0.0
2023-05-07 21:45:00+02:00,0.0,0.0,0.0,36.873931,0.73747862,0.0
2023-05-07 22:00:00+02:00,0.0,0.0,0.0,36.873931,0.73747862,0.0
2023-05-07 22:15:00+02:00,0.0,0.0,0.0,36.873931,0.73747862,0.0
2023-05-07 22:30:00+02:00,0.0,0.0,0.0,36.873931,0.73747862,0.0
2023-05-07 22:45:00+02:00,0.0,0.0,0.0,36.873931,0.73747862,0.0
2023-05-07 23:00:00+02:00,0.0,0.0,0.0,36.873931,0.73747862,0.0
2023-05-07 23:15:00+02:00,0.0,0.0,0.0,36.873931,0.73747862,0.0
2023-05-07 23:30:00+02:00,0.0,0.0,0.0,36.873931,0.73747862,0.0
2023-05-07 23:45:00+02:00,0.0,0.0,0.0,36.873931,0.73747862,0.0
2023-05-08 00:00:00+02:00,0.0,0.0,0.0,36.873931,0.73747862,0.0
2023-05-08 00:15:00+02:00,0.0,0.0,0.0,36.873931,0.73747862,0.0
2023-05-08 00:30:00+02:00,0.0,0.0,0.0,36.873931,0.73747862,0.0
2023-05-08 00:45:00+02:00,0.0,0.0,0.0,36.873931,0.73747862,0.0
2023-05-08 01:00:00+02:00,0.0,0.0,0.0,36.873931,0.73747862,0.0
2023-05-08 01:15:00+02:00,0.0,0.0,0.0,36.873931,0.73747862,0.0
2023-05-08 01:30:00+02:00,0.0,0.0,0.0,36.873931,0.73747862,0.0
2023-05-08 01:45:00+02:00,0.0,0.0,0.0,36.873931,0.73747862,0.0
2023-05-08 02:00:00+02:00,0.0,0.0,0.0,36.873931,0.73747862,0.0
2023-05-08 02:15:00+02:00,0.0,0.0,0.0,36.873931,0.73747862,0.0
2023-05-08 02:30:00+02:00,0.0,0.0,0.0,36.873931,0.73747862,0.0
2023-05-08 02:45:00+02:00,0.0,0.0,0.0,36.873931,0.73747862,0.0
2023-05-08 03:00:00+02:00,0.0,0.0,0.0,36.873931,0.73747862,0.0
2023-05-08 03:15:00+02:00,0.0,0.0,0.0,36.873931,0.73747862,0.0
2023-05-08 03:30:00+02:00,0.0,0.0,0.0,36.873931,0.73747862,0.0
2023-05-08 03:45:00+02:00,0.0,0.0,0.0,36.873931,0.73747862,0.0
2023-05-08 04:00:00+02:00,0.0,0.0,0.0,36.873931,0.73747862,0.0
2023-05-08 04:15:00+02:00,0.0,0.0,0.0,36.873931,0.73747862,0.0
2023-05-08 04:30:00+02:00,0.0,0.0,0.0,36.873931,0.73747862,0.0
2023-05-08 04:45:00+02:00,0.0,0.0,0.0,36.873931,0.73747862,0.0
2023-05-08 05:00:00+02:00,0.0,0.0,0.0,36.873931,0.73747862,0.0
2023-05-08 05:15:00+02:00,0.0,0.0,0.0,36.873931,0.73747862,0.0
2023-05-08 05:30:00+02:00,0.0,0.0,0.0,36.873931,0.73747862,0.0
2023-05-08 05:45:00+02:00,0.0,0.0,0.0,36.873931,0.73747862,0.0
2023-05-08 06:00:00+02:00,0.03079626,0.0,0.03079626,36.873931,0.7376249,0.0
2023-05-08 06:15:00+02:00,0.10654249,0.0,0.10654249,36.881245,0.73813098,0.0
2023-05-08 06:30:00+02:00,1.1270919,0.0,1.1270919,36.906549,0.74348466,0.0
2023-05-08 06:45:00+02:00,1.5399463,0.0,1.5399463,37.174233,0.7507993999999999,0.0
2023-05-08 07:00:00+02:00,1.9631568,0.0,1.9631568,37.53997,0.7601244,0.0
2023-05-08 07:15:00+02:00,2.4899597,0.0,2.4899597,38.00622,0.7719517,0.0
2023-05-08 07:30:00+02:00,2.3197451,0.0,2.3197451,38.597585,0.7829705,0.0
2023-05-08 07:45:00+02:00,1.7655722,0.0,1.7655722,39.148525,0.79135696,0.0
2023-05-08 08:00:00+02:00,1.8195863,0.0,1.8195863,39.567848,0.8,0.0
2023-05-08 08:15:00+02:00,2.2954735,0.0,2.2954735,40.0,0.8109035,0.0
2023-05-08 08:30:00+02:00,0.0,0.0,0.0,40.545175,0.8109035,0.0
2023-05-08 08:45:00+02:00,0.0,0.0,0.0,40.545175,0.8109035,0.0
2023-05-08 09:00:00+02:00,0.0,0.0,0.0,40.545175,0.8109035,0.0
2023-05-08 09:15:00+02:00,0.0,0.0,0.0,40.545175,0.8109035,0.0
2023-05-08 09:30:00+02:00,0.0,0.0,0.0,40.545175,0.8109035,0.0
2023-05-08 09:45:00+02:00,0.0,0.0,0.0,40.545175,0.8109035,0.0
2023-05-08 10:00:00+02:00,0.0,0.0,0.0,40.545175,0.8109035,0.0
2023-05-08 10:15:00+02:00,0.0,0.0,0.0,40.545175,0.8109035,0.0
2023-05-08 10:30:00+02:00,0.0,0.0,0.0,40.545175,0.8109035,0.0
2023-05-08 10:45:00+02:00,0.0,0.0,0.0,40.545175,0.8109035,0.0
2023-05-08 11:00:00+02:00,0.0,0.0,0.0,40.545175,0.8109035,0.0
2023-05-08 11:15:00+02:00,0.0,0.0,0.0,40.545175,0.8109035,0.0
2023-05-08 11:30:00+02:00,0.0,0.0,0.0,40.545175,0.8109035,0.0
2023-05-08 11:45:00+02:00,0.0,0.0,0.0,40.545175,0.8109035,0.0
2023-05-08 12:00:00+02:00,0.0,0.0,0.0,40.545175,0.8109035,0.0
2023-05-08 12:15:00+02:00,0.0,0.0,0.0,40.545175,0.8109035,0.0
2023-05-08 12:30:00+02:00,0.0,0.0,0.0,40.545175,0.8109035,0.0
2023-05-08 12:45:00+02:00,0.0,0.0,0.0,40.545175,0.8109035,0.0
2023-05-08 13:00:00+02:00,0.0,0.0,0.0,40.545175,0.8109035,0.0
2023-05-08 13:15:00+02:00,0.0,0.0,0.0,40.545175,0.8109035,0.0
2023-05-08 13:30:00+02:00,0.0,0.0,0.0,40.545175,0.8109035,0.0
2023-05-08 13:45:00+02:00,0.0,0.0,0.0,40.545175,0.8109035,0.0
2023-05-08 14:00:00+02:00,0.0,0.0,0.0,40.545175,0.8109035,0.0
2023-05-08 14:15:00+02:00,0.0,0.0,0.0,40.545175,0.8109035,0.0
2023-05-08 14:30:00+02:00,0.0,0.0,0.0,40.545175,0.8109035,0.0
2023-05-08 14:45:00+02:00,0.0,0.0,0.0,40.545175,0.8109035,0.0
2023-05-08 15:00:00+02:00,0.0,0.0,0.0,40.545175,0.7222388399999999,4.433232975662144
2023-05-08 15:15:00+02:00,1.3313547,0.0,1.3313547,36.111942,0.7285627800000001,0.0
2023-05-08 15:30:00+02:00,3.3815201,0.0,3.3815201,36.428139,0.7446250000000001,0.0
2023-05-08 15:45:00+02:00,0.72500508,0.0,0.72500508,37.23125,0.74806876,0.0
2023-05-08 16:00:00+02:00,0.0,0.0,0.0,37.403438,0.74806876,0.0
2023-05-08 16:15:00+02:00,0.15487238,0.0,0.15487238,37.403438,0.74880442,0.0
2023-05-08 16:30:00+02:00,0.0,0.0,0.0,37.440221,0.74880442,0.0
2023-05-08 16:45:00+02:00,0.0,0.0,0.0,37.440221,0.74880442,0.0
2023-05-08 17:00:00+02:00,0.0,0.0,0.0,37.440221,0.74880442,0.0
2023-05-08 17:15:00+02:00,0.0,0.0,0.0,37.440221,0.74880442,0.0
2023-05-08 17:30:00+02:00,0.0,0.0,0.0,37.440221,0.74880442,0.0
2023-05-08 17:45:00+02:00,0.0,0.0,0.0,37.440221,0.74880442,0.0
2023-05-08 18:00:00+02:00,0.0,0.0,0.0,37.440221,0.74880442,0.0
2023-05-08 18:15:00+02:00,0.0,0.0,0.0,37.440221,0.74880442,0.0
2023-05-08 18:30:00+02:00,0.0,0.0,0.0,37.440221,0.74880442,0.0
2023-05-08 18:45:00+02:00,0.0,0.0,0.0,37.440221,0.74880442,0.0
2023-05-08 19:00:00+02:00,0.0,0.0,0.0,37.440221,0.74880442,0.0
2023-05-08 19:15:00+02:00,0.0,0.0,0.0,37.440221,0.74880442,0.0
2023-05-08 19:30:00+02:00,0.0,0.0,0.0,37.440221,0.74880442,0.0
2023-05-08 19:45:00+02:00,0.0,0.0,0.0,37.440221,0.74880442,0.0
2023-05-08 20:00:00+02:00,0.0,0.0,0.0,37.440221,0.74880442,0.0
2023-05-08 20:15:00+02:00,0.0,0.0,0.0,37.440221,0.74880442,0.0
2023-05-08 20:30:00+02:00,0.0,0.0,0.0,37.440221,0.74880442,0.0
2023-05-08 20:45:00+02:00,0.0,0.0,0.0,37.440221,0.74880442,0.0
2023-05-08 21:00:00+02:00,0.0,0.0,0.0,37.440221,0.74880442,0.0
2023-05-08 21:15:00+02:00,0.0,0.0,0.0,37.440221,0.74880442,0.0
2023-05-08 21:30:00+02:00,0.0,0.0,0.0,37.440221,0.74880442,0.0
2023-05-08 21:45:00+02:00,0.0,0.0,0.0,37.440221,0.74880442,0.0
2023-05-08 22:00:00+02:00,0.0,0.0,0.0,37.440221,0.74880442,0.0
2023-05-08 22:15:00+02:00,0.0,0.0,0.0,37.440221,0.74880442,0.0
2023-05-08 22:30:00+02:00,0.0,0.0,0.0,37.440221,0.74880442,0.0
2023-05-08 22:45:00+02:00,0.0,0.0,0.0,37.440221,0.74880442,0.0
2023-05-08 23:00:00+02:00,0.0,0.0,0.0,37.440221,0.74880442,0.0
2023-05-08 23:15:00+02:00,0.0,0.0,0.0,37.440221,0.74880442,0.0
2023-05-08 23:30:00+02:00,0.0,0.0,0.0,37.440221,0.74880442,0.0
2023-05-08 23:45:00+02:00,0.0,0.0,0.0,37.440221,0.74880442,0.0
2023-05-09 00:00:00+02:00,0.0,0.0,0.0,37.440221,0.74880442,0.0
2023-05-09 00:15:00+02:00,0.0,0.0,0.0,37.440221,0.74880442,0.0
2023-05-09 00:30:00+02:00,0.0,0.0,0.0,37.440221,0.74880442,0.0
2023-05-09 00:45:00+02:00,0.0,0.0,0.0,37.440221,0.74880442,0.0
2023-05-09 01:00:00+02:00,0.0,0.0,0.0,37.440221,0.74880442,0.0
2023-05-09 01:15:00+02:00,0.0,0.0,0.0,37.440221,0.74880442,0.0
2023-05-09 01:30:00+02:00,0.0,0.0,0.0,37.440221,0.74880442,0.0
2023-05-09 01:45:00+02:00,0.0,0.0,0.0,37.440221,0.74880442,0.0
2023-05-09 02:00:00+02:00,0.0,0.0,0.0,37.440221,0.74880442,0.0
2023-05-09 02:15:00+02:00,0.0,0.0,0.0,37.440221,0.74880442,0.0
2023-05-09 02:30:00+02:00,0.0,0.0,0.0,37.440221,0.74880442,0.0
2023-05-09 02:45:00+02:00,0.0,0.0,0.0,37.440221,0.74880442,0.0
2023-05-09 03:00:00+02:00,0.0,0.0,0.0,37.440221,0.74880442,0.0
2023-05-09 03:15:00+02:00,0.0,0.0,0.0,37.440221,0.74880442,0.0
2023-05-09 03:30:00+02:00,0.0,0.0,0.0,37.440221,0.74880442,0.0
2023-05-09 03:45:00+02:00,0.0,0.0,0.0,37.440221,0.74880442,0.0
2023-05-09 04:00:00+02:00,0.0,0.0,0.0,37.440221,0.74880442,0.0
2023-05-09 04:15:00+02:00,0.0,0.0,0.0,37.440221,0.74880442,0.0
2023-05-09 04:30:00+02:00,0.0,0.0,0.0,37.440221,0.74880442,0.0
2023-05-09 04:45:00+02:00,0.0,0.0,0.0,37.440221,0.74880442,0.0
2023-05-09 05:00:00+02:00,0.0,0.0,0.0,37.440221,0.74880442,0.0
2023-05-09 05:15:00+02:00,0.0,0.0,0.0,37.440221,0.74880442,0.0
2023-05-09 05:30:00+02:00,0.0,0.0,0.0,37.440221,0.74880442,0.0
2023-05-09 05:45:00+02:00,0.0,0.0,0.0,37.440221,0.74880442,0.0
2023-05-09 06:00:00+02:00,0.0,0.0,0.0,37.440221,0.74880442,0.0
2023-05-09 06:15:00+02:00,0.206303,0.0,0.206303,37.440221,0.74978436,0.0
2023-05-09 06:30:00+02:00,0.47089316,0.0,0.47089316,37.489218,0.7520211,0.0
2023-05-09 06:45:00+02:00,0.46791446,0.0,0.46791446,37.601055,0.75424368,0.0
2023-05-09 07:00:00+02:00,0.86548159,0.0,0.86548159,37.712184,0.7583547199999999,0.0
2023-05-09 07:15:00+02:00,2.5060435,0.0,2.5060435,37.917736,0.7702584400000001,0.0
2023-05-09 07:30:00+02:00,2.9088701,0.0,2.9088701,38.512922,0.78407556,0.0
2023-05-09 07:45:00+02:00,3.3525126,0.0,3.3525126,39.203778,0.8,0.0
2023-05-09 08:00:00+02:00,0.0,0.0,0.0,40.0,0.8,0.0
2023-05-09 08:15:00+02:00,0.0,0.0,0.0,40.0,0.8,0.0
2023-05-09 08:30:00+02:00,0.0,0.0,0.0,40.0,0.8,0.0
2023-05-09 08:45:00+02:00,0.0,0.0,0.0,40.0,0.8,0.0
2023-05-09 09:00:00+02:00,0.0,0.0,0.0,40.0,0.8,0.0
2023-05-09 09:15:00+02:00,0.0,0.0,0.0,40.0,0.8,0.0
2023-05-09 09:30:00+02:00,0.0,0.0,0.0,40.0,0.8,0.0
2023-05-09 09:45:00+02:00,0.0,0.0,0.0,40.0,0.8,0.0
2023-05-09 10:00:00+02:00,0.0,0.0,0.0,40.0,0.8,0.0
2023-05-09 10:15:00+02:00,0.0,0.0,0.0,40.0,0.8,0.0
2023-05-09 10:30:00+02:00,0.0,0.0,0.0,40.0,0.8,0.0
2023-05-09 10:45:00+02:00,0.0,0.0,0.0,40.0,0.8,0.0
2023-05-09 11:00:00+02:00,0.0,0.0,0.0,40.0,0.8,0.0
2023-05-09 11:15:00+02:00,0.0,0.0,0.0,40.0,0.8,0.0
2023-05-09 11:30:00+02:00,0.0,0.0,0.0,40.0,0.8,0.0
2023-05-09 11:45:00+02:00,0.0,0.0,0.0,40.0,0.8,0.0
2023-05-09 12:00:00+02:00,0.0,0.0,0.0,40.0,0.8,0.0
2023-05-09 12:15:00+02:00,0.0,0.0,0.0,40.0,0.8,0.0
2023-05-09 12:30:00+02:00,0.0,0.0,0.0,40.0,0.8,0.0
2023-05-09 12:45:00+02:00,0.0,0.0,0.0,40.0,0.8,0.0
2023-05-09 13:00:00+02:00,0.0,0.0,0.0,40.0,0.8,0.0
2023-05-09 13:15:00+02:00,0.0,0.0,0.0,40.0,0.8,0.0
2023-05-09 13:30:00+02:00,0.0,0.0,0.0,40.0,0.8,0.0
2023-05-09 13:45:00+02:00,0.0,0.0,0.0,40.0,0.8,0.0
2023-05-09 14:00:00+02:00,0.0,0.0,0.0,40.0,0.8,0.0
2023-05-09 14:15:00+02:00,0.0,0.0,0.0,40.0,0.8,0.0
2023-05-09 14:30:00+02:00,0.0,0.0,0.0,40.0,0.8,0.0
2023-05-09 14:45:00+02:00,0.0,0.0,0.0,40.0,0.8,0.0
2023-05-09 15:00:00+02:00,0.0,0.0,0.0,40.0,0.8,0.0
2023-05-09 15:15:00+02:00,0.0,0.0,0.0,40.0,0.8,0.0
2023-05-09 15:30:00+02:00,0.0,0.0,0.0,40.0,0.8,0.0
2023-05-09 15:45:00+02:00,0.0,0.0,0.0,40.0,0.8,0.0
2023-05-09 16:00:00+02:00,0.0,0.0,0.0,40.0,0.8,0.0
2023-05-09 16:15:00+02:00,0.0,0.0,0.0,40.0,0.8,0.0
2023-05-09 16:30:00+02:00,0.0,0.0,0.0,40.0,0.8,0.0
2023-05-09 16:45:00+02:00,0.0,0.0,0.0,40.0,0.8,0.0
2023-05-09 17:00:00+02:00,0.0,0.0,0.0,40.0,0.8,0.0
2023-05-09 17:15:00+02:00,0.0,0.0,0.0,40.0,0.8,0.0
2023-05-09 17:30:00+02:00,0.0,0.0,0.0,40.0,0.8,0.0
2023-05-09 17:45:00+02:00,0.0,0.0,0.0,40.0,0.8,0.0
2023-05-09 18:00:00+02:00,0.0,0.0,0.0,40.0,0.8,0.0
2023-05-09 18:15:00+02:00,0.0,0.0,0.0,40.0,0.8,0.0
2023-05-09 18:30:00+02:00,0.0,0.0,0.0,40.0,0.8,0.0
2023-05-09 18:45:00+02:00,0.0,0.0,0.0,40.0,0.6047790599999999,9.761047296252478
2023-05-09 19:00:00+02:00,0.0,0.0,0.0,30.238953,0.6047790599999999,0.0
2023-05-09 19:15:00+02:00,0.0,0.0,0.0,30.238953,0.6047790599999999,0.0
2023-05-09 19:30:00+02:00,0.0,0.0,0.0,30.238953,0.6047790599999999,0.0
2023-05-09 19:45:00+02:00,0.0,0.0,0.0,30.238953,0.6047790599999999,0.0
2023-05-09 20:00:00+02:00,0.0,0.0,0.0,30.238953,0.6047790599999999,0.0
2023-05-09 20:15:00+02:00,0.0,0.0,0.0,30.238953,0.6047790599999999,0.0
2023-05-09 20:30:00+02:00,0.0,0.0,0.0,30.238953,0.6047790599999999,0.0
2023-05-09 20:45:00+02:00,0.0,0.0,0.0,30.238953,0.6047790599999999,0.0
2023-05-09 21:00:00+02:00,0.0,0.0,0.0,30.238953,0.6047790599999999,0.0
2023-05-09 21:15:00+02:00,0.0,0.0,0.0,30.238953,0.6047790599999999,0.0
2023-05-09 21:30:00+02:00,0.0,0.0,0.0,30.238953,0.6047790599999999,0.0
2023-05-09 21:45:00+02:00,0.0,0.0,0.0,30.238953,0.6047790599999999,0.0
2023-05-09 22:00:00+02:00,0.0,0.0,0.0,30.238953,0.6047790599999999,0.0
2023-05-09 22:15:00+02:00,0.0,0.0,0.0,30.238953,0.6047790599999999,0.0
2023-05-09 22:30:00+02:00,0.0,0.0,0.0,30.238953,0.6047790599999999,0.0
2023-05-09 22:45:00+02:00,0.0,0.0,0.0,30.238953,0.6047790599999999,0.0
2023-05-09 23:00:00+02:00,0.0,0.0,0.0,30.238953,0.6047790599999999,0.0
2023-05-09 23:15:00+02:00,0.0,0.0,0.0,30.238953,0.6047790599999999,0.0
2023-05-09 23:30:00+02:00,0.0,0.0,0.0,30.238953,0.6047790599999999,0.0
2023-05-09 23:45:00+02:00,0.0,0.0,0.0,30.238953,0.6047790599999999,0.0
2023-05-10 00:00:00+02:00,0.0,0.0,0.0,30.238953,0.6047790599999999,0.0
2023-05-10 00:15:00+02:00,0.0,0.0,0.0,30.238953,0.6047790599999999,0.0
2023-05-10 00:30:00+02:00,0.0,0.0,0.0,30.238953,0.6047790599999999,0.0
2023-05-10 00:45:00+02:00,0.0,0.0,0.0,30.238953,0.6047790599999999,0.0
2023-05-10 01:00:00+02:00,0.0,0.0,0.0,30.238953,0.6047790599999999,0.0
2023-05-10 01:15:00+02:00,0.0,0.0,0.0,30.238953,0.6047790599999999,0.0
2023-05-10 01:30:00+02:00,0.0,0.0,0.0,30.238953,0.6047790599999999,0.0
2023-05-10 01:45:00+02:00,0.0,0.0,0.0,30.238953,0.6047790599999999,0.0
2023-05-10 02:00:00+02:00,0.0,0.0,0.0,30.238953,0.6047790599999999,0.0
2023-05-10 02:15:00+02:00,0.0,0.0,0.0,30.238953,0.6047790599999999,0.0
2023-05-10 02:30:00+02:00,0.0,0.0,0.0,30.238953,0.6047790599999999,0.0
2023-05-10 02:45:00+02:00,0.0,0.0,0.0,30.238953,0.6047790599999999,0.0
2023-05-10 03:00:00+02:00,0.0,0.0,0.0,30.238953,0.6047790599999999,0.0
2023-05-10 03:15:00+02:00,0.0,0.0,0.0,30.238953,0.6047790599999999,0.0
2023-05-10 03:30:00+02:00,0.0,0.0,0.0,30.238953,0.6047790599999999,0.0
2023-05-10 03:45:00+02:00,0.0,0.0,0.0,30.238953,0.6047790599999999,0.0
2023-05-10 04:00:00+02:00,0.0,0.0,0.0,30.238953,0.6047790599999999,0.0
2023-05-10 04:15:00+02:00,0.0,0.0,0.0,30.238953,0.6047790599999999,0.0
2023-05-10 04:30:00+02:00,0.0,0.0,0.0,30.238953,0.6047790599999999,0.0
2023-05-10 04:45:00+02:00,0.0,0.0,0.0,30.238953,0.6047790599999999,0.0
2023-05-10 05:00:00+02:00,0.0,0.0,0.0,30.238953,0.6047790599999999,0.0
2023-05-10 05:15:00+02:00,0.0,0.0,0.0,30.238953,0.6047790599999999,0.0
2023-05-10 05:30:00+02:00,0.0,0.0,0.0,30.238953,0.6047790599999999,0.0
2023-05-10 05:45:00+02:00,0.0,0.0,0.0,30.238953,0.6047790599999999,0.0
2023-05-10 06:00:00+02:00,0.093247522,0.0,0.093247522,30.238953,0.60522198,0.0
2023-05-10 06:15:00+02:00,0.39092794,0.0,0.39092794,30.261099,0.60707888,0.0
2023-05-10 06:30:00+02:00,0.71539349,0.0,0.71539349,30.353944,0.6104769999999999,0.0
2023-05-10 06:45:00+02:00,0.0,0.0,0.0,30.52385,0.6104769999999999,0.0
2023-05-10 07:00:00+02:00,0.0,0.0,0.0,30.52385,0.6104769999999999,0.0
2023-05-10 07:15:00+02:00,1.2298982,0.0,1.2298982,30.52385,0.6163190199999999,0.0
2023-05-10 07:30:00+02:00,0.83749217,0.0,0.83749217,30.815951,0.62029712,0.0
2023-05-10 07:45:00+02:00,1.3990183,0.0,1.3990183,31.014856,0.62694244,0.0
2023-05-10 08:00:00+02:00,2.003338,0.0,2.003338,31.347122,0.6364582999999999,0.0
2023-05-10 08:15:00+02:00,3.861154,0.0,3.861154,31.822915,0.65479878,0.0
2023-05-10 08:30:00+02:00,3.3439805,0.0,3.3439805,32.739939,0.6706827,0.0
2023-05-10 08:45:00+02:00,4.1430664,0.0,4.1430664,33.534135,0.69036226,0.0
2023-05-10 09:00:00+02:00,0.0,0.0,0.0,34.518113,0.69036226,0.0
2023-05-10 09:15:00+02:00,3.0121317,0.0,3.0121317,34.518113,0.70466988,0.0
2023-05-10 09:30:00+02:00,2.1092169,0.0,2.1092169,35.233494,0.7146886600000001,0.0
2023-05-10 09:45:00+02:00,2.7307609,0.0,2.7307609,35.734433,0.7276597800000001,0.0
2023-05-10 10:00:00+02:00,0.0,0.0,0.0,36.382989,0.7276597800000001,0.0
2023-05-10 10:15:00+02:00,2.8129803,0.0,2.8129803,36.382989,0.7410214399999999,0.0
2023-05-10 10:30:00+02:00,2.6405488,0.0,2.6405488,37.051072,0.75356404,0.0
2023-05-10 10:45:00+02:00,3.2913324,0.0,3.2913324,37.678202,0.76919786,0.0
2023-05-10 11:00:00+02:00,2.8116021,0.0,2.8116021,38.459893,0.78255298,0.0
2023-05-10 11:15:00+02:00,4.5649559,0.0,4.5649559,39.127649,0.80423652,0.0
2023-05-10 11:30:00+02:00,0.0,0.0,0.0,40.211826,0.80423652,0.0
2023-05-10 11:45:00+02:00,0.0,0.0,0.0,40.211826,0.80423652,0.0
2023-05-10 12:00:00+02:00,0.0,0.0,0.0,40.211826,0.80423652,0.0
2023-05-10 12:15:00+02:00,2.2197421,0.0,2.2197421,40.211826,0.8147803,0.0
2023-05-10 12:30:00+02:00,1.8899965,0.0,1.8899965,40.739015,0.82375778,0.0
2023-05-10 12:45:00+02:00,2.8440905,0.0,2.8440905,41.187889,0.8372672,0.0
2023-05-10 13:00:00+02:00,2.0112308,0.0,2.0112308,41.86336,0.84682056,0.0
2023-05-10 13:15:00+02:00,1.8076857,0.0,1.8076857,42.341028,0.85540706,0.0
2023-05-10 13:30:00+02:00,2.7943961,0.0,2.7943961,42.770353,0.86868044,0.0
2023-05-10 13:45:00+02:00,2.4175599,0.0,2.4175599,43.434022,0.88016386,0.0
2023-05-10 14:00:00+02:00,2.4926516,0.0,2.4926516,44.008193,0.89200394,0.0
2023-05-10 14:15:00+02:00,3.2572976,0.0,3.2572976,44.600197,0.90747612,0.0
2023-05-10 14:30:00+02:00,4.0304894,0.0,4.0304894,45.373806,0.92662094,0.0
2023-05-10 14:45:00+02:00,3.9014456,0.0,3.9014456,46.331047,0.9451528,0.0
2023-05-10 15:00:00+02:00,5.62975,0.0,5.62975,47.25764,0.9718941200000001,0.0
2023-05-10 15:15:00+02:00,0.0,0.0,0.0,48.594706,0.9718941200000001,0.0
2023-05-10 15:30:00+02:00,1.7724977,0.0,1.7724977,48.594706,0.98031348,0.0
2023-05-10 15:45:00+02:00,0.0,0.0,0.0,49.015674,0.98031348,0.0
2023-05-10 16:00:00+02:00,0.0,0.0,0.0,49.015674,0.98031348,0.0
2023-05-10 16:15:00+02:00,0.0,0.0,0.0,49.015674,0.98031348,0.0
2023-05-10 16:30:00+02:00,0.0,0.0,0.0,49.015674,0.98031348,0.0
2023-05-10 16:45:00+02:00,0.0,0.0,0.0,49.015674,0.98031348,0.0
2023-05-10 17:00:00+02:00,0.0,0.0,0.0,49.015674,0.98031348,0.0
2023-05-10 17:15:00+02:00,0.0,0.0,0.0,49.015674,0.98031348,0.0
2023-05-10 17:30:00+02:00,0.0,0.0,0.0,49.015674,0.98031348,0.0
2023-05-10 17:45:00+02:00,0.0,0.0,0.0,49.015674,0.98031348,0.0
2023-05-10 18:00:00+02:00,0.0,0.0,0.0,49.015674,0.98031348,0.0
2023-05-10 18:15:00+02:00,0.0,0.0,0.0,49.015674,0.98031348,0.0
2023-05-10 18:30:00+02:00,0.0,0.0,0.0,49.015674,0.98031348,0.0
2023-05-10 18:45:00+02:00,0.0,0.0,0.0,49.015674,0.98031348,0.0
2023-05-10 19:00:00+02:00,0.0,0.0,0.0,49.015674,0.98031348,0.0
2023-05-10 19:15:00+02:00,0.0,0.0,0.0,49.015674,0.98031348,0.0
2023-05-10 19:30:00+02:00,0.0,0.0,0.0,49.015674,0.98031348,0.0
2023-05-10 19:45:00+02:00,0.0,0.0,0.0,49.015674,0.98031348,0.0
2023-05-10 20:00:00+02:00,0.0,0.0,0.0,49.015674,0.98031348,0.0
2023-05-10 20:15:00+02:00,0.0,0.0,0.0,49.015674,0.98031348,0.0
2023-05-10 20:30:00+02:00,0.0,0.0,0.0,49.015674,0.98031348,0.0
2023-05-10 20:45:00+02:00,0.0,0.0,0.0,49.015674,0.98031348,0.0
2023-05-10 21:00:00+02:00,0.0,0.0,0.0,49.015674,0.98031348,0.0
2023-05-10 21:15:00+02:00,0.0,0.0,0.0,49.015674,0.98031348,0.0
2023-05-10 21:30:00+02:00,0.0,0.0,0.0,49.015674,0.98031348,0.0
2023-05-10 21:45:00+02:00,0.0,0.0,0.0,49.015674,0.98031348,0.0
2023-05-10 22:00:00+02:00,0.0,0.0,0.0,49.015674,0.98031348,0.0
2023-05-10 22:15:00+02:00,0.0,0.0,0.0,49.015674,0.98031348,0.0
2023-05-10 22:30:00+02:00,0.0,0.0,0.0,49.015674,0.98031348,0.0
2023-05-10 22:45:00+02:00,0.0,0.0,0.0,49.015674,0.98031348,0.0
2023-05-10 23:00:00+02:00,0.0,0.0,0.0,49.015674,0.98031348,0.0
2023-05-10 23:15:00+02:00,0.0,0.0,0.0,49.015674,0.98031348,0.0
2023-05-10 23:30:00+02:00,0.0,0.0,0.0,49.015674,0.98031348,0.0
2023-05-10 23:45:00+02:00,0.0,0.0,0.0,49.015674,0.98031348,0.0
2023-05-11 00:00:00+02:00,0.0,0.0,0.0,49.015674,0.98031348,0.0
2023-05-11 00:15:00+02:00,0.0,0.0,0.0,49.015674,0.98031348,0.0
2023-05-11 00:30:00+02:00,0.0,0.0,0.0,49.015674,0.98031348,0.0
2023-05-11 00:45:00+02:00,0.0,0.0,0.0,49.015674,0.98031348,0.0
2023-05-11 01:00:00+02:00,0.0,0.0,0.0,49.015674,0.98031348,0.0
2023-05-11 01:15:00+02:00,0.0,0.0,0.0,49.015674,0.98031348,0.0
2023-05-11 01:30:00+02:00,0.0,0.0,0.0,49.015674,0.98031348,0.0
2023-05-11 01:45:00+02:00,0.0,0.0,0.0,49.015674,0.98031348,0.0
2023-05-11 02:00:00+02:00,0.0,0.0,0.0,49.015674,0.98031348,0.0
2023-05-11 02:15:00+02:00,0.0,0.0,0.0,49.015674,0.98031348,0.0
2023-05-11 02:30:00+02:00,0.0,0.0,0.0,49.015674,0.98031348,0.0
2023-05-11 02:45:00+02:00,0.0,0.0,0.0,49.015674,0.98031348,0.0
2023-05-11 03:00:00+02:00,0.0,0.0,0.0,49.015674,0.98031348,0.0
2023-05-11 03:15:00+02:00,0.0,0.0,0.0,49.015674,0.98031348,0.0
2023-05-11 03:30:00+02:00,0.0,0.0,0.0,49.015674,0.98031348,0.0
2023-05-11 03:45:00+02:00,0.0,0.0,0.0,49.015674,0.98031348,0.0
2023-05-11 04:00:00+02:00,0.0,0.0,0.0,49.015674,0.98031348,0.0
2023-05-11 04:15:00+02:00,0.0,0.0,0.0,49.015674,0.98031348,0.0
2023-05-11 04:30:00+02:00,0.0,0.0,0.0,49.015674,0.98031348,0.0
2023-05-11 04:45:00+02:00,0.0,0.0,0.0,49.015674,0.98031348,0.0
2023-05-11 05:00:00+02:00,0.0,0.0,0.0,49.015674,0.98031348,0.0
2023-05-11 05:15:00+02:00,0.0,0.0,0.0,49.015674,0.98031348,0.0
2023-05-11 05:30:00+02:00,0.0,0.0,0.0,49.015674,0.98031348,0.0
2023-05-11 05:45:00+02:00,0.0,0.0,0.0,49.015674,0.98031348,0.0
2023-05-11 06:00:00+02:00,0.0,0.0,0.0,49.015674,0.98031348,0.0
2023-05-11 06:15:00+02:00,0.0,0.0,0.0,49.015674,0.98031348,0.0
2023-05-11 06:30:00+02:00,0.0,0.0,0.0,49.015674,0.98031348,0.0
2023-05-11 06:45:00+02:00,0.0,0.0,0.0,49.015674,0.98031348,0.0
2023-05-11 07:00:00+02:00,0.51057528,0.0,0.51057528,49.015674,0.98273872,0.0
2023-05-11 07:15:00+02:00,0.97062922,0.0,0.97062922,49.136936,0.9873492,0.0
2023-05-11 07:30:00+02:00,1.2339118,0.0,1.2339118,49.36746,0.99321028,0.0
2023-05-11 07:45:00+02:00,1.0967896,0.0,1.0967896,49.660514,0.9984200400000001,0.0
2023-05-11 08:00:00+02:00,0.0,0.0,0.0,49.921002,0.9984200400000001,0.0
2023-05-11 08:15:00+02:00,0.0,0.0,0.0,49.921002,0.9984200400000001,0.0
2023-05-11 08:30:00+02:00,0.0,0.0,0.0,49.921002,0.9984200400000001,0.0
2023-05-11 08:45:00+02:00,0.0,0.0,0.0,49.921002,0.9984200400000001,0.0
2023-05-11 09:00:00+02:00,0.0,0.0,0.0,49.921002,0.9984200400000001,0.0
2023-05-11 09:15:00+02:00,0.0,0.0,0.0,49.921002,0.9984200400000001,0.0
2023-05-11 09:30:00+02:00,0.0,0.0,0.0,49.921002,0.9984200400000001,0.0
2023-05-11 09:45:00+02:00,0.0,0.0,0.0,49.921002,0.9984200400000001,0.0
2023-05-11 10:00:00+02:00,0.0,0.0,0.0,49.921002,0.9984200400000001,0.0
2023-05-11 10:15:00+02:00,0.0,0.0,0.0,49.921002,0.9984200400000001,0.0
2023-05-11 10:30:00+02:00,0.0,0.0,0.0,49.921002,0.9984200400000001,0.0
2023-05-11 10:45:00+02:00,0.0,0.0,0.0,49.921002,0.9984200400000001,0.0
2023-05-11 11:00:00+02:00,0.0,0.0,0.0,49.921002,0.9984200400000001,0.0
2023-05-11 11:15:00+02:00,0.0,0.0,0.0,49.921002,0.9984200400000001,0.0
2023-05-11 11:30:00+02:00,0.0,0.0,0.0,49.921002,0.9984200400000001,0.0
2023-05-11 11:45:00+02:00,0.0,0.0,0.0,49.921002,0.9984200400000001,0.0
2023-05-11 12:00:00+02:00,0.0,0.0,0.0,49.921002,0.9984200400000001,0.0
2023-05-11 12:15:00+02:00,0.0,0.0,0.0,49.921002,0.9984200400000001,0.0
2023-05-11 12:30:00+02:00,0.0,0.0,0.0,49.921002,0.9984200400000001,0.0
2023-05-11 12:45:00+02:00,0.0,0.0,0.0,49.921002,0.9984200400000001,0.0
2023-05-11 13:00:00+02:00,0.0,0.0,0.0,49.921002,0.9984200400000001,0.0
2023-05-11 13:15:00+02:00,0.0,0.0,0.0,49.921002,0.9984200400000001,0.0
2023-05-11 13:30:00+02:00,0.0,0.0,0.0,49.921002,0.9984200400000001,0.0
2023-05-11 13:45:00+02:00,0.0,0.0,0.0,49.921002,0.9984200400000001,0.0
2023-05-11 14:00:00+02:00,0.0,0.0,0.0,49.921002,0.9984200400000001,0.0
2023-05-11 14:15:00+02:00,0.0,0.0,0.0,49.921002,0.9984200400000001,0.0
2023-05-11 14:30:00+02:00,0.0,0.0,0.0,49.921002,0.9984200400000001,0.0
2023-05-11 14:45:00+02:00,0.0,0.0,0.0,49.921002,0.9984200400000001,0.0
2023-05-11 15:00:00+02:00,0.0,0.0,0.0,49.921002,0.9984200400000001,0.0
2023-05-11 15:15:00+02:00,0.0,0.0,0.0,49.921002,0.9984200400000001,0.0
2023-05-11 15:30:00+02:00,0.0,0.0,0.0,49.921002,0.9984200400000001,0.0
2023-05-11 15:45:00+02:00,0.0,0.0,0.0,49.921002,0.9112840400000001,4.3568
2023-05-11 16:00:00+02:00,3.7512751,0.0,3.7512751,45.564202,0.92910258,0.0
2023-05-11 16:15:00+02:00,0.0,0.0,0.0,46.455129,0.92910258,0.0
2023-05-11 16:30:00+02:00,0.0,0.0,0.0,46.455129,0.92910258,0.0
2023-05-11 16:45:00+02:00,0.0,0.0,0.0,46.455129,0.92910258,0.0
2023-05-11 17:00:00+02:00,0.0,0.0,0.0,46.455129,0.92910258,0.0
2023-05-11 17:15:00+02:00,0.0,0.0,0.0,46.455129,0.92910258,0.0
2023-05-11 17:30:00+02:00,0.0,0.0,0.0,46.455129,0.92910258,0.0
2023-05-11 17:45:00+02:00,0.0,0.0,0.0,46.455129,0.92910258,0.0
2023-05-11 18:00:00+02:00,0.0,0.0,0.0,46.455129,0.92910258,0.0
2023-05-11 18:15:00+02:00,0.0,0.0,0.0,46.455129,0.92910258,0.0
2023-05-11 18:30:00+02:00,0.0,0.0,0.0,46.455129,0.92910258,0.0
2023-05-11 18:45:00+02:00,0.0,0.0,0.0,46.455129,0.92910258,0.0
2023-05-11 19:00:00+02:00,0.0,0.0,0.0,46.455129,0.92910258,0.0
2023-05-11 19:15:00+02:00,0.0,0.0,0.0,46.455129,0.92910258,0.0
2023-05-11 19:30:00+02:00,0.0,0.0,0.0,46.455129,0.92910258,0.0
2023-05-11 19:45:00+02:00,0.0,0.0,0.0,46.455129,0.92910258,0.0
2023-05-11 20:00:00+02:00,0.0,0.0,0.0,46.455129,0.92910258,0.0
2023-05-11 20:15:00+02:00,0.0,0.0,0.0,46.455129,0.92910258,0.0
2023-05-11 20:30:00+02:00,0.0,0.0,0.0,46.455129,0.92910258,0.0
2023-05-11 20:45:00+02:00,0.0,0.0,0.0,46.455129,0.92910258,0.0
2023-05-11 21:00:00+02:00,0.0,0.0,0.0,46.455129,0.92910258,0.0
2023-05-11 21:15:00+02:00,0.0,0.0,0.0,46.455129,0.92910258,0.0
2023-05-11 21:30:00+02:00,0.0,0.0,0.0,46.455129,0.92910258,0.0
2023-05-11 21:45:00+02:00,0.0,0.0,0.0,46.455129,0.92910258,0.0
2023-05-11 22:00:00+02:00,0.0,0.0,0.0,46.455129,0.92910258,0.0
2023-05-11 22:15:00+02:00,0.0,0.0,0.0,46.455129,0.92910258,0.0
2023-05-11 22:30:00+02:00,0.0,0.0,0.0,46.455129,0.92910258,0.0
2023-05-11 22:45:00+02:00,0.0,0.0,0.0,46.455129,0.92910258,0.0
2023-05-11 23:00:00+02:00,0.0,0.0,0.0,46.455129,0.92910258,0.0
2023-05-11 23:15:00+02:00,0.0,0.0,0.0,46.455129,0.92910258,0.0
2023-05-11 23:30:00+02:00,0.0,0.0,0.0,46.455129,0.92910258,0.0
2023-05-11 23:45:00+02:00,0.0,0.0,0.0,46.455129,0.92910258,0.0
2023-05-12 00:00:00+02:00,0.0,0.0,0.0,46.455129,0.92910258,0.0
2023-05-12 00:15:00+02:00,0.0,0.0,0.0,46.455129,0.92910258,0.0
2023-05-12 00:30:00+02:00,0.0,0.0,0.0,46.455129,0.92910258,0.0
2023-05-12 00:45:00+02:00,0.0,0.0,0.0,46.455129,0.92910258,0.0
2023-05-12 01:00:00+02:00,0.0,0.0,0.0,46.455129,0.92910258,0.0
2023-05-12 01:15:00+02:00,0.0,0.0,0.0,46.455129,0.92910258,0.0
2023-05-12 01:30:00+02:00,0.0,0.0,0.0,46.455129,0.92910258,0.0
2023-05-12 01:45:00+02:00,0.0,0.0,0.0,46.455129,0.92910258,0.0
2023-05-12 02:00:00+02:00,0.0,0.0,0.0,46.455129,0.92910258,0.0
2023-05-12 02:15:00+02:00,0.0,0.0,0.0,46.455129,0.92910258,0.0
2023-05-12 02:30:00+02:00,0.0,0.0,0.0,46.455129,0.92910258,0.0
2023-05-12 02:45:00+02:00,0.0,0.0,0.0,46.455129,0.92910258,0.0
2023-05-12 03:00:00+02:00,0.0,0.0,0.0,46.455129,0.92910258,0.0
2023-05-12 03:15:00+02:00,0.0,0.0,0.0,46.455129,0.92910258,0.0
2023-05-12 03:30:00+02:00,0.0,0.0,0.0,46.455129,0.92910258,0.0
2023-05-12 03:45:00+02:00,0.0,0.0,0.0,46.455129,0.92910258,0.0
2023-05-12 04:00:00+02:00,0.0,0.0,0.0,46.455129,0.92910258,0.0
2023-05-12 04:15:00+02:00,0.0,0.0,0.0,46.455129,0.92910258,0.0
2023-05-12 04:30:00+02:00,0.0,0.0,0.0,46.455129,0.92910258,0.0
2023-05-12 04:45:00+02:00,0.0,0.0,0.0,46.455129,0.92910258,0.0
2023-05-12 05:00:00+02:00,0.0,0.0,0.0,46.455129,0.92910258,0.0
2023-05-12 05:15:00+02:00,0.0,0.0,0.0,46.455129,0.92910258,0.0
2023-05-12 05:30:00+02:00,0.0,0.0,0.0,46.455129,0.92910258,0.0
2023-05-12 05:45:00+02:00,0.042192737,0.0,0.042192737,46.455129,0.929303,0.0
2023-05-12 06:00:00+02:00,0.35708239,0.0,0.35708239,46.46515,0.93099914,0.0
2023-05-12 06:15:00+02:00,0.15500513,0.0,0.15500513,46.549957,0.93173542,0.0
2023-05-12 06:30:00+02:00,0.0,0.0,0.0,46.586771,0.93173542,0.0
2023-05-12 06:45:00+02:00,0.0,0.0,0.0,46.586771,0.93173542,0.0
2023-05-12 07:00:00+02:00,1.2115827,0.0,1.2115827,46.586771,0.9374904399999999,0.0
2023-05-12 07:15:00+02:00,2.5773013,0.0,2.5773013,46.874522,0.94973262,0.0
2023-05-12 07:30:00+02:00,3.0767982,0.0,3.0767982,47.486631,0.9643474000000001,0.0
2023-05-12 07:45:00+02:00,3.5665886,0.0,3.5665886,48.21737,0.9812887,0.0
2023-05-12 08:00:00+02:00,3.9392198,0.0,3.9392198,49.064435,1.0,0.0
2023-05-12 08:15:00+02:00,0.0,0.0,0.0,50.0,1.0,0.0
2023-05-12 08:30:00+02:00,0.0,0.0,0.0,50.0,1.0,0.0
2023-05-12 08:45:00+02:00,0.0,0.0,0.0,50.0,1.0,0.0
2023-05-12 09:00:00+02:00,0.0,0.0,0.0,50.0,1.0,0.0
2023-05-12 09:15:00+02:00,0.0,0.0,0.0,50.0,1.0,0.0
2023-05-12 09:30:00+02:00,0.0,0.0,0.0,50.0,1.0,0.0
2023-05-12 09:45:00+02:00,0.0,0.0,0.0,50.0,1.0,0.0
2023-05-12 10:00:00+02:00,0.0,0.0,0.0,50.0,1.0,0.0
2023-05-12 10:15:00+02:00,0.0,0.0,0.0,50.0,1.0,0.0
2023-05-12 10:30:00+02:00,0.0,0.0,0.0,50.0,1.0,0.0
2023-05-12 10:45:00+02:00,0.0,0.0,0.0,50.0,1.0,0.0
2023-05-12 11:00:00+02:00,0.0,0.0,0.0,50.0,1.0,0.0
2023-05-12 11:15:00+02:00,0.0,0.0,0.0,50.0,1.0,0.0
2023-05-12 11:30:00+02:00,0.0,0.0,0.0,50.0,1.0,0.0
2023-05-12 11:45:00+02:00,0.0,0.0,0.0,50.0,1.0,0.0
2023-05-12 12:00:00+02:00,0.0,0.0,0.0,50.0,1.0,0.0
2023-05-12 12:15:00+02:00,0.0,0.0,0.0,50.0,1.0,0.0
2023-05-12 12:30:00+02:00,0.0,0.0,0.0,50.0,1.0,0.0
2023-05-12 12:45:00+02:00,0.0,0.0,0.0,50.0,1.0,0.0
2023-05-12 13:00:00+02:00,0.0,0.0,0.0,50.0,1.0,0.0
2023-05-12 13:15:00+02:00,0.0,0.0,0.0,50.0,1.0,0.0
2023-05-12 13:30:00+02:00,0.0,0.0,0.0,50.0,1.0,0.0
2023-05-12 13:45:00+02:00,0.0,0.0,0.0,50.0,1.0,0.0
2023-05-12 14:00:00+02:00,0.0,0.0,0.0,50.0,1.0,0.0
2023-05-12 14:15:00+02:00,0.0,0.0,0.0,50.0,1.0,0.0
2023-05-12 14:30:00+02:00,0.0,0.0,0.0,50.0,1.0,0.0
2023-05-12 14:45:00+02:00,0.0,0.0,0.0,50.0,1.0,0.0
2023-05-12 15:00:00+02:00,0.0,0.0,0.0,50.0,1.0,0.0
2023-05-12 15:15:00+02:00,0.0,0.0,0.0,50.0,1.0,0.0
2023-05-12 15:30:00+02:00,0.0,0.0,0.0,50.0,1.0,0.0
2023-05-12 15:45:00+02:00,0.0,0.0,0.0,50.0,0.80323728,9.838136061333616
2023-05-12 16:00:00+02:00,4.9901355,0.0,4.9901355,40.161864,0.82694042,0.0
2023-05-12 16:15:00+02:00,3.9567827,0.0,3.9567827,41.347021,0.84573514,0.0
2023-05-12 16:30:00+02:00,1.6654912,0.0,1.6654912,42.286757,0.85364622,0.0
2023-05-12 16:45:00+02:00,3.0489814,0.0,3.0489814,42.682311,0.86812888,0.0
2023-05-12 17:00:00+02:00,2.0317675,0.0,2.0317675,43.406444,0.87777978,0.0
2023-05-12 17:15:00+02:00,0.97198573,0.0,0.97198573,43.888989,0.88239672,0.0
2023-05-12 17:30:00+02:00,1.2111574,0.0,1.2111574,44.119836,0.8881497199999999,0.0
2023-05-12 17:45:00+02:00,0.70375135,0.0,0.70375135,44.407486,0.89149252,0.0
2023-05-12 18:00:00+02:00,0.23696301,0.0,0.23696301,44.574626,0.8926181,0.0
2023-05-12 18:15:00+02:00,0.099019251,0.0,0.099019251,44.630905,0.89308844,0.0
2023-05-12 18:30:00+02:00,0.0,0.0,0.0,44.654422,0.89308844,0.0
2023-05-12 18:45:00+02:00,0.0,0.0,0.0,44.654422,0.89308844,0.0
2023-05-12 19:00:00+02:00,0.0,0.0,0.0,44.654422,0.89308844,0.0
2023-05-12 19:15:00+02:00,0.0,0.0,0.0,44.654422,0.89308844,0.0
2023-05-12 19:30:00+02:00,0.0,0.0,0.0,44.654422,0.89308844,0.0
2023-05-12 19:45:00+02:00,0.0,0.0,0.0,44.654422,0.89308844,0.0
2023-05-12 20:00:00+02:00,0.0,0.0,0.0,44.654422,0.89308844,0.0
2023-05-12 20:15:00+02:00,0.0,0.0,0.0,44.654422,0.89308844,0.0
2023-05-12 20:30:00+02:00,0.0,0.0,0.0,44.654422,0.89308844,0.0
2023-05-12 20:45:00+02:00,0.0,0.0,0.0,44.654422,0.89308844,0.0
2023-05-12 21:00:00+02:00,0.0,0.0,0.0,44.654422,0.89308844,0.0
2023-05-12 21:15:00+02:00,0.0,0.0,0.0,44.654422,0.89308844,0.0
2023-05-12 21:30:00+02:00,0.0,0.0,0.0,44.654422,0.89308844,0.0
2023-05-12 21:45:00+02:00,0.0,0.0,0.0,44.654422,0.89308844,0.0
2023-05-12 22:00:00+02:00,0.0,0.0,0.0,44.654422,0.89308844,0.0
2023-05-12 22:15:00+02:00,0.0,0.0,0.0,44.654422,0.89308844,0.0
2023-05-12 22:30:00+02:00,0.0,0.0,0.0,44.654422,0.89308844,0.0
2023-05-12 22:45:00+02:00,0.0,0.0,0.0,44.654422,0.89308844,0.0
2023-05-12 23:00:00+02:00,0.0,0.0,0.0,44.654422,0.89308844,0.0
2023-05-12 23:15:00+02:00,0.0,0.0,0.0,44.654422,0.89308844,0.0
2023-05-12 23:30:00+02:00,0.0,0.0,0.0,44.654422,0.89308844,0.0
2023-05-12 23:45:00+02:00,0.0,0.0,0.0,44.654422,0.89308844,0.0
2023-05-13 00:00:00+02:00,0.0,0.0,0.0,44.654422,0.89308844,0.0
2023-05-13 00:15:00+02:00,0.0,0.0,0.0,44.654422,0.89308844,0.0
2023-05-13 00:30:00+02:00,0.0,0.0,0.0,44.654422,0.89308844,0.0
2023-05-13 00:45:00+02:00,0.0,0.0,0.0,44.654422,0.89308844,0.0
2023-05-13 01:00:00+02:00,0.0,0.0,0.0,44.654422,0.89308844,0.0
2023-05-13 01:15:00+02:00,0.0,0.0,0.0,44.654422,0.89308844,0.0
2023-05-13 01:30:00+02:00,0.0,0.0,0.0,44.654422,0.89308844,0.0
2023-05-13 01:45:00+02:00,0.0,0.0,0.0,44.654422,0.89308844,0.0
2023-05-13 02:00:00+02:00,0.0,0.0,0.0,44.654422,0.89308844,0.0
2023-05-13 02:15:00+02:00,0.0,0.0,0.0,44.654422,0.89308844,0.0
2023-05-13 02:30:00+02:00,0.0,0.0,0.0,44.654422,0.89308844,0.0
2023-05-13 02:45:00+02:00,0.0,0.0,0.0,44.654422,0.89308844,0.0
2023-05-13 03:00:00+02:00,0.0,0.0,0.0,44.654422,0.89308844,0.0
2023-05-13 03:15:00+02:00,0.0,0.0,0.0,44.654422,0.89308844,0.0
2023-05-13 03:30:00+02:00,0.0,0.0,0.0,44.654422,0.89308844,0.0
2023-05-13 03:45:00+02:00,0.0,0.0,0.0,44.654422,0.89308844,0.0
2023-05-13 04:00:00+02:00,0.0,0.0,0.0,44.654422,0.89308844,0.0
2023-05-13 04:15:00+02:00,0.0,0.0,0.0,44.654422,0.89308844,0.0
2023-05-13 04:30:00+02:00,0.0,0.0,0.0,44.654422,0.89308844,0.0
2023-05-13 04:45:00+02:00,0.0,0.0,0.0,44.654422,0.89308844,0.0
2023-05-13 05:00:00+02:00,0.0,0.0,0.0,44.654422,0.89308844,0.0
2023-05-13 05:15:00+02:00,0.0,0.0,0.0,44.654422,0.89308844,0.0
2023-05-13 05:30:00+02:00,0.0,0.0,0.0,44.654422,0.89308844,0.0
2023-05-13 05:45:00+02:00,0.011882494,0.0,0.011882494,44.654422,0.8931448799999999,0.0
2023-05-13 06:00:00+02:00,0.32342468,0.0,0.32342468,44.657244,0.89468116,0.0
2023-05-13 06:15:00+02:00,0.68976251,0.0,0.68976251,44.734058,0.89795752,0.0
2023-05-13 06:30:00+02:00,1.096131,0.0,1.096131,44.897876,0.9031641399999999,0.0
2023-05-13 06:45:00+02:00,1.5377357,0.0,1.5377357,45.158207,0.9104684000000001,0.0
2023-05-13 07:00:00+02:00,1.8737573,0.0,1.8737573,45.52342,0.91936874,0.0
2023-05-13 07:15:00+02:00,2.2020752,0.0,2.2020752,45.968437,0.9298286,0.0
2023-05-13 07:30:00+02:00,2.6405874,0.0,2.6405874,46.49143,0.94237138,0.0
2023-05-13 07:45:00+02:00,0.0,0.0,0.0,47.118569,0.94237138,0.0
2023-05-13 08:00:00+02:00,0.0,0.0,0.0,47.118569,0.94237138,0.0
2023-05-13 08:15:00+02:00,0.0,0.0,0.0,47.118569,0.94237138,0.0
2023-05-13 08:30:00+02:00,0.0,0.0,0.0,47.118569,0.94237138,0.0
2023-05-13 08:45:00+02:00,0.0,0.0,0.0,47.118569,0.94237138,0.0
2023-05-13 09:00:00+02:00,0.0,0.0,0.0,47.118569,0.94237138,0.0
2023-05-13 09:15:00+02:00,0.0,0.0,0.0,47.118569,0.94237138,0.0
2023-05-13 09:30:00+02:00,0.0,0.0,0.0,47.118569,0.94237138,0.0
2023-05-13 09:45:00+02:00,0.0,0.0,0.0,47.118569,0.94237138,0.0
2023-05-13 10:00:00+02:00,0.0,0.0,0.0,47.118569,0.94237138,0.0
2023-05-13 10:15:00+02:00,0.0,0.0,0.0,47.118569,0.94237138,0.0
2023-05-13 10:30:00+02:00,0.0,0.0,0.0,47.118569,0.94237138,0.0
2023-05-13 10:45:00+02:00,0.0,0.0,0.0,47.118569,0.94237138,0.0
2023-05-13 11:00:00+02:00,0.0,0.0,0.0,47.118569,0.94237138,0.0
2023-05-13 11:15:00+02:00,0.0,0.0,0.0,47.118569,0.94237138,0.0
2023-05-13 11:30:00+02:00,0.0,0.0,0.0,47.118569,0.94237138,0.0
2023-05-13 11:45:00+02:00,0.0,0.0,0.0,47.118569,0.94237138,0.0
2023-05-13 12:00:00+02:00,0.0,0.0,0.0,47.118569,0.94237138,0.0
2023-05-13 12:15:00+02:00,0.0,0.0,0.0,47.118569,0.94237138,0.0
2023-05-13 12:30:00+02:00,0.0,0.0,0.0,47.118569,0.94237138,0.0
2023-05-13 12:45:00+02:00,0.0,0.0,0.0,47.118569,0.94237138,0.0
2023-05-13 13:00:00+02:00,0.0,0.0,0.0,47.118569,0.94237138,0.0
2023-05-13 13:15:00+02:00,0.0,0.0,0.0,47.118569,0.94237138,0.0
2023-05-13 13:30:00+02:00,0.0,0.0,0.0,47.118569,0.94237138,0.0
2023-05-13 13:45:00+02:00,0.0,0.0,0.0,47.118569,0.94237138,0.0
2023-05-13 14:00:00+02:00,0.0,0.0,0.0,47.118569,0.94237138,0.0
2023-05-13 14:15:00+02:00,0.0,0.0,0.0,47.118569,0.94237138,0.0
2023-05-13 14:30:00+02:00,0.0,0.0,0.0,47.118569,0.94237138,0.0
2023-05-13 14:45:00+02:00,0.0,0.0,0.0,47.118569,0.94237138,0.0
2023-05-13 15:00:00+02:00,0.0,0.0,0.0,47.118569,0.94237138,0.0
2023-05-13 15:15:00+02:00,0.0,0.0,0.0,47.118569,0.94237138,0.0
2023-05-13 15:30:00+02:00,0.0,0.0,0.0,47.118569,0.84514756,4.861191841323746
2023-05-13 15:45:00+02:00,5.1456764,0.0,5.1456764,42.257378,0.86958952,0.0
2023-05-13 16:00:00+02:00,4.5279376,0.0,4.5279376,43.479476,0.89109722,0.0
2023-05-13 16:15:00+02:00,3.8731961,0.0,3.8731961,44.554861,0.9094949,0.0
2023-05-13 16:30:00+02:00,3.1907026,0.0,3.1907026,45.474745,0.92465074,0.0
2023-05-13 16:45:00+02:00,2.4635243,0.0,2.4635243,46.232537,0.93635248,0.0
2023-05-13 17:00:00+02:00,1.6824298,0.0,1.6824298,46.817624,0.9443440200000001,0.0
2023-05-13 17:15:00+02:00,0.99929944,0.0,0.99929944,47.217201,0.9490907,0.0
2023-05-13 17:30:00+02:00,0.32443483,0.0,0.32443483,47.454535,0.9506317599999999,0.0
2023-05-13 17:45:00+02:00,0.33049444,0.0,0.33049444,47.531588,0.9522016000000001,0.0
2023-05-13 18:00:00+02:00,0.28844291,0.0,0.28844291,47.61008,0.9535716999999999,0.0
2023-05-13 18:15:00+02:00,0.0,0.0,0.0,47.678585,0.9535716999999999,0.0
2023-05-13 18:30:00+02:00,0.0,0.0,0.0,47.678585,0.9535716999999999,0.0
2023-05-13 18:45:00+02:00,0.0,0.0,0.0,47.678585,0.9535716999999999,0.0
2023-05-13 19:00:00+02:00,0.0,0.0,0.0,47.678585,0.9535716999999999,0.0
2023-05-13 19:15:00+02:00,0.0,0.0,0.0,47.678585,0.9535716999999999,0.0
2023-05-13 19:30:00+02:00,0.0,0.0,0.0,47.678585,0.9535716999999999,0.0
2023-05-13 19:45:00+02:00,0.0,0.0,0.0,47.678585,0.9535716999999999,0.0
2023-05-13 20:00:00+02:00,0.0,0.0,0.0,47.678585,0.9535716999999999,0.0
2023-05-13 20:15:00+02:00,0.0,0.0,0.0,47.678585,0.9535716999999999,0.0
2023-05-13 20:30:00+02:00,0.0,0.0,0.0,47.678585,0.9535716999999999,0.0
2023-05-13 20:45:00+02:00,0.0,0.0,0.0,47.678585,0.9535716999999999,0.0
2023-05-13 21:00:00+02:00,0.0,0.0,0.0,47.678585,0.9535716999999999,0.0
2023-05-13 21:15:00+02:00,0.0,0.0,0.0,47.678585,0.9535716999999999,0.0
2023-05-13 21:30:00+02:00,0.0,0.0,0.0,47.678585,0.9535716999999999,0.0
2023-05-13 21:45:00+02:00,0.0,0.0,0.0,47.678585,0.9535716999999999,0.0
2023-05-13 22:00:00+02:00,0.0,0.0,0.0,47.678585,0.9535716999999999,0.0
2023-05-13 22:15:00+02:00,0.0,0.0,0.0,47.678585,0.9535716999999999,0.0
2023-05-13 22:30:00+02:00,0.0,0.0,0.0,47.678585,0.9535716999999999,0.0
2023-05-13 22:45:00+02:00,0.0,0.0,0.0,47.678585,0.9535716999999999,0.0
2023-05-13 23:00:00+02:00,0.0,0.0,0.0,47.678585,0.9535716999999999,0.0
2023-05-13 23:15:00+02:00,0.0,0.0,0.0,47.678585,0.9535716999999999,0.0
2023-05-13 23:30:00+02:00,0.0,0.0,0.0,47.678585,0.9535716999999999,0.0
2023-05-13 23:45:00+02:00,0.0,0.0,0.0,47.678585,0.9535716999999999,0.0
2023-05-14 00:00:00+02:00,0.0,0.0,0.0,47.678585,0.9535716999999999,0.0
2023-05-14 00:15:00+02:00,0.0,0.0,0.0,47.678585,0.9535716999999999,0.0
2023-05-14 00:30:00+02:00,0.0,0.0,0.0,47.678585,0.9535716999999999,0.0
2023-05-14 00:45:00+02:00,0.0,0.0,0.0,47.678585,0.9535716999999999,0.0
2023-05-14 01:00:00+02:00,0.0,0.0,0.0,47.678585,0.9535716999999999,0.0
2023-05-14 01:15:00+02:00,0.0,0.0,0.0,47.678585,0.9535716999999999,0.0
2023-05-14 01:30:00+02:00,0.0,0.0,0.0,47.678585,0.9535716999999999,0.0
2023-05-14 01:45:00+02:00,0.0,0.0,0.0,47.678585,0.9535716999999999,0.0
2023-05-14 02:00:00+02:00,0.0,0.0,0.0,47.678585,0.9535716999999999,0.0
2023-05-14 02:15:00+02:00,0.0,0.0,0.0,47.678585,0.9535716999999999,0.0
2023-05-14 02:30:00+02:00,0.0,0.0,0.0,47.678585,0.9535716999999999,0.0
2023-05-14 02:45:00+02:00,0.0,0.0,0.0,47.678585,0.9535716999999999,0.0
2023-05-14 03:00:00+02:00,0.0,0.0,0.0,47.678585,0.9535716999999999,0.0
2023-05-14 03:15:00+02:00,0.0,0.0,0.0,47.678585,0.9535716999999999,0.0
2023-05-14 03:30:00+02:00,0.0,0.0,0.0,47.678585,0.9535716999999999,0.0
2023-05-14 03:45:00+02:00,0.0,0.0,0.0,47.678585,0.9535716999999999,0.0
2023-05-14 04:00:00+02:00,0.0,0.0,0.0,47.678585,0.9535716999999999,0.0
2023-05-14 04:15:00+02:00,0.0,0.0,0.0,47.678585,0.9535716999999999,0.0
2023-05-14 04:30:00+02:00,0.0,0.0,0.0,47.678585,0.9535716999999999,0.0
2023-05-14 04:45:00+02:00,0.0,0.0,0.0,47.678585,0.9535716999999999,0.0
2023-05-14 05:00:00+02:00,0.0,0.0,0.0,47.678585,0.9535716999999999,0.0
2023-05-14 05:15:00+02:00,0.0,0.0,0.0,47.678585,0.9535716999999999,0.0
2023-05-14 05:30:00+02:00,0.0,0.0,0.0,47.678585,0.9535716999999999,0.0
2023-05-14 05:45:00+02:00,0.0,0.0,0.0,47.678585,0.9535716999999999,0.0
2023-05-14 06:00:00+02:00,0.0,0.0,0.0,47.678585,0.9535716999999999,0.0
2023-05-14 06:15:00+02:00,0.079998625,0.0,0.079998625,47.678585,0.9539517,0.0
2023-05-14 06:30:00+02:00,0.44223307,0.0,0.44223307,47.697585,0.9560523000000001,0.0
2023-05-14 06:45:00+02:00,0.59880622,0.0,0.59880622,47.802615,0.95889664,0.0
2023-05-14 07:00:00+02:00,0.78497406,0.0,0.78497406,47.944832,0.9626252599999999,0.0
2023-05-14 07:15:00+02:00,1.6666219,0.0,1.6666219,48.131263,0.9705417199999999,0.0
2023-05-14 07:30:00+02:00,3.027583,0.0,3.027583,48.527086,0.9849227399999999,0.0
2023-05-14 07:45:00+02:00,3.1741604,0.0,3.1741604,49.246137,1.0,0.0
2023-05-14 08:00:00+02:00,0.0,0.0,0.0,50.0,1.0,0.0
2023-05-14 08:15:00+02:00,0.0,0.0,0.0,50.0,1.0,0.0
2023-05-14 08:30:00+02:00,0.0,0.0,0.0,50.0,1.0,0.0
2023-05-14 08:45:00+02:00,0.0,0.0,0.0,50.0,1.0,0.0
2023-05-14 09:00:00+02:00,0.0,0.0,0.0,50.0,1.0,0.0
2023-05-14 09:15:00+02:00,0.0,0.0,0.0,50.0,1.0,0.0
2023-05-14 09:30:00+02:00,0.0,0.0,0.0,50.0,1.0,0.0
2023-05-14 09:45:00+02:00,0.0,0.0,0.0,50.0,1.0,0.0
2023-05-14 10:00:00+02:00,0.0,0.0,0.0,50.0,1.0,0.0
2023-05-14 10:15:00+02:00,0.0,0.0,0.0,50.0,1.0,0.0
2023-05-14 10:30:00+02:00,0.0,0.0,0.0,50.0,1.0,0.0
2023-05-14 10:45:00+02:00,0.0,0.0,0.0,50.0,1.0,0.0
2023-05-14 11:00:00+02:00,0.0,0.0,0.0,50.0,1.0,0.0
2023-05-14 11:15:00+02:00,0.0,0.0,0.0,50.0,1.0,0.0
2023-05-14 11:30:00+02:00,0.0,0.0,0.0,50.0,1.0,0.0
2023-05-14 11:45:00+02:00,0.0,0.0,0.0,50.0,1.0,0.0
2023-05-14 12:00:00+02:00,0.0,0.0,0.0,50.0,1.0,0.0
2023-05-14 12:15:00+02:00,0.0,0.0,0.0,50.0,1.0,0.0
2023-05-14 12:30:00+02:00,0.0,0.0,0.0,50.0,1.0,0.0
2023-05-14 12:45:00+02:00,0.0,0.0,0.0,50.0,1.0,0.0
2023-05-14 13:00:00+02:00,0.0,0.0,0.0,50.0,1.0,0.0
2023-05-14 13:15:00+02:00,0.0,0.0,0.0,50.0,1.0,0.0
2023-05-14 13:30:00+02:00,0.0,0.0,0.0,50.0,1.0,0.0
2023-05-14 13:45:00+02:00,0.0,0.0,0.0,50.0,1.0,0.0
2023-05-14 14:00:00+02:00,0.0,0.0,0.0,50.0,1.0,0.0
2023-05-14 14:15:00+02:00,0.0,0.0,0.0,50.0,1.0,0.0
2023-05-14 14:30:00+02:00,0.0,0.0,0.0,50.0,1.0,0.0
2023-05-14 14:45:00+02:00,0.0,0.0,0.0,50.0,1.0,0.0
2023-05-14 15:00:00+02:00,0.0,0.0,0.0,50.0,1.0,0.0
2023-05-14 15:15:00+02:00,0.0,0.0,0.0,50.0,1.0,0.0
2023-05-14 15:30:00+02:00,0.0,0.0,0.0,50.0,1.0,0.0
2023-05-14 15:45:00+02:00,0.0,0.0,0.0,50.0,1.0,0.0
2023-05-14 16:00:00+02:00,0.0,0.0,0.0,50.0,1.0,0.0
2023-05-14 16:15:00+02:00,0.0,0.0,0.0,50.0,1.0,0.0
2023-05-14 16:30:00+02:00,0.0,0.0,0.0,50.0,1.0,0.0
2023-05-14 16:45:00+02:00,0.0,0.0,0.0,50.0,1.0,0.0
2023-05-14 17:00:00+02:00,0.0,0.0,0.0,50.0,0.8411449000000001,7.942755433004186
2023-05-14 17:15:00+02:00,1.4916414,0.0,1.4916414,42.057245,0.8482301800000001,0.0
2023-05-14 17:30:00+02:00,1.0702617,0.0,1.0702617,42.411509,0.85331394,0.0
2023-05-14 17:45:00+02:00,0.67924121,0.0,0.67924121,42.665697,0.85654032,0.0
2023-05-14 18:00:00+02:00,0.58905379,0.0,0.58905379,42.827016,0.8593383400000001,0.0
2023-05-14 18:15:00+02:00,0.71370881,0.0,0.71370881,42.966917,0.86272844,0.0
2023-05-14 18:30:00+02:00,0.76540234,0.0,0.76540234,43.136422,0.8663641200000001,0.0
2023-05-14 18:45:00+02:00,0.0,0.0,0.0,43.318206,0.8663641200000001,0.0
2023-05-14 19:00:00+02:00,0.0,0.0,0.0,43.318206,0.8663641200000001,0.0
2023-05-14 19:15:00+02:00,0.0,0.0,0.0,43.318206,0.8663641200000001,0.0
2023-05-14 19:30:00+02:00,0.0,0.0,0.0,43.318206,0.8663641200000001,0.0
2023-05-14 19:45:00+02:00,0.0,0.0,0.0,43.318206,0.8663641200000001,0.0
2023-05-14 20:00:00+02:00,0.0,0.0,0.0,43.318206,0.8663641200000001,0.0
2023-05-14 20:15:00+02:00,0.0,0.0,0.0,43.318206,0.8663641200000001,0.0
2023-05-14 20:30:00+02:00,0.0,0.0,0.0,43.318206,0.8663641200000001,0.0
2023-05-14 20:45:00+02:00,0.0,0.0,0.0,43.318206,0.8663641200000001,0.0
2023-05-14 21:00:00+02:00,0.0,0.0,0.0,43.318206,0.8663641200000001,0.0
2023-05-14 21:15:00+02:00,0.0,0.0,0.0,43.318206,0.8663641200000001,0.0
2023-05-14 21:30:00+02:00,0.0,0.0,0.0,43.318206,0.8663641200000001,0.0
2023-05-14 21:45:00+02:00,0.0,0.0,0.0,43.318206,0.8663641200000001,0.0
2023-05-14 22:00:00+02:00,0.0,0.0,0.0,43.318206,0.8663641200000001,0.0
2023-05-14 22:15:00+02:00,0.0,0.0,0.0,43.318206,0.8663641200000001,0.0
2023-05-14 22:30:00+02:00,0.0,0.0,0.0,43.318206,0.8663641200000001,0.0
2023-05-14 22:45:00+02:00,0.0,0.0,0.0,43.318206,0.8663641200000001,0.0
2023-05-14 23:00:00+02:00,0.0,0.0,0.0,43.318206,0.8663641200000001,0.0
2023-05-14 23:15:00+02:00,0.0,0.0,0.0,43.318206,0.8663641200000001,0.0
2023-05-14 23:30:00+02:00,0.0,0.0,0.0,43.318206,0.8663641200000001,0.0
2023-05-14 23:45:00+02:00,0.0,0.0,0.0,43.318206,0.8663641200000001,0.0
2023-05-15 00:00:00+02:00,0.0,0.0,0.0,43.318206,0.8663641200000001,0.0
2023-05-15 00:15:00+02:00,0.0,0.0,0.0,43.318206,0.8663641200000001,0.0
2023-05-15 00:30:00+02:00,0.0,0.0,0.0,43.318206,0.8663641200000001,0.0
2023-05-15 00:45:00+02:00,0.0,0.0,0.0,43.318206,0.8663641200000001,0.0
2023-05-15 01:00:00+02:00,0.0,0.0,0.0,43.318206,0.8663641200000001,0.0
2023-05-15 01:15:00+02:00,0.0,0.0,0.0,43.318206,0.8663641200000001,0.0
2023-05-15 01:30:00+02:00,0.0,0.0,0.0,43.318206,0.8663641200000001,0.0
2023-05-15 01:45:00+02:00,0.0,0.0,0.0,43.318206,0.8663641200000001,0.0
2023-05-15 02:00:00+02:00,0.0,0.0,0.0,43.318206,0.8663641200000001,0.0
2023-05-15 02:15:00+02:00,0.0,0.0,0.0,43.318206,0.8663641200000001,0.0
2023-05-15 02:30:00+02:00,0.0,0.0,0.0,43.318206,0.8663641200000001,0.0
2023-05-15 02:45:00+02:00,0.0,0.0,0.0,43.318206,0.8663641200000001,0.0
2023-05-15 03:00:00+02:00,0.0,0.0,0.0,43.318206,0.8663641200000001,0.0
2023-05-15 03:15:00+02:00,0.0,0.0,0.0,43.318206,0.8663641200000001,0.0
2023-05-15 03:30:00+02:00,0.0,0.0,0.0,43.318206,0.8663641200000001,0.0
2023-05-15 03:45:00+02:00,0.0,0.0,0.0,43.318206,0.8663641200000001,0.0
2023-05-15 04:00:00+02:00,0.0,0.0,0.0,43.318206,0.8663641200000001,0.0
2023-05-15 04:15:00+02:00,0.0,0.0,0.0,43.318206,0.8663641200000001,0.0
2023-05-15 04:30:00+02:00,0.0,0.0,0.0,43.318206,0.8663641200000001,0.0
2023-05-15 04:45:00+02:00,0.0,0.0,0.0,43.318206,0.8663641200000001,0.0
2023-05-15 05:00:00+02:00,0.0,0.0,0.0,43.318206,0.8663641200000001,0.0
2023-05-15 05:15:00+02:00,0.01411546,0.0,0.01411546,43.318206,0.8664311600000001,0.0
2023-05-15 05:30:00+02:00,0.13878108,0.0,0.13878108,43.321558,0.86709036,0.0
2023-05-15 05:45:00+02:00,0.36359175,0.0,0.36359175,43.354518,0.8688174200000001,0.0
2023-05-15 06:00:00+02:00,0.63839279,0.0,0.63839279,43.440871,0.8718498,0.0
2023-05-15 06:15:00+02:00,0.9780949,0.0,0.9780949,43.59249,0.87649574,0.0
2023-05-15 06:30:00+02:00,1.4170437,0.0,1.4170437,43.824787,0.8832267,0.0
2023-05-15 06:45:00+02:00,1.8758087,0.0,1.8758087,44.161335,0.8921368,0.0
2023-05-15 07:00:00+02:00,2.3640116,0.0,2.3640116,44.60684,0.90336586,0.0
2023-05-15 07:15:00+02:00,2.8515398,0.0,2.8515398,45.168293,0.9169106600000001,0.0
2023-05-15 07:30:00+02:00,3.3577007,0.0,3.3577007,45.845533,0.9328597399999999,0.0
2023-05-15 07:45:00+02:00,3.0765109,0.0,3.0765109,46.642987,0.9474731599999999,0.0
2023-05-15 08:00:00+02:00,3.9672095,0.0,3.9672095,47.373658,0.96631742,0.0
2023-05-15 08:15:00+02:00,4.484983,0.0,4.484983,48.315871,0.9876210799999999,0.0
2023-05-15 08:30:00+02:00,0.0,0.0,0.0,49.381054,0.9876210799999999,0.0
2023-05-15 08:45:00+02:00,0.0,0.0,0.0,49.381054,0.9876210799999999,0.0
2023-05-15 09:00:00+02:00,0.0,0.0,0.0,49.381054,0.9876210799999999,0.0
2023-05-15 09:15:00+02:00,0.0,0.0,0.0,49.381054,0.9876210799999999,0.0
2023-05-15 09:30:00+02:00,0.0,0.0,0.0,49.381054,0.9876210799999999,0.0
2023-05-15 09:45:00+02:00,0.0,0.0,0.0,49.381054,0.9876210799999999,0.0
2023-05-15 10:00:00+02:00,0.0,0.0,0.0,49.381054,0.9876210799999999,0.0
2023-05-15 10:15:00+02:00,0.0,0.0,0.0,49.381054,0.9876210799999999,0.0
2023-05-15 10:30:00+02:00,0.0,0.0,0.0,49.381054,0.9876210799999999,0.0
2023-05-15 10:45:00+02:00,0.0,0.0,0.0,49.381054,0.9876210799999999,0.0
2023-05-15 11:00:00+02:00,0.0,0.0,0.0,49.381054,0.9876210799999999,0.0
2023-05-15 11:15:00+02:00,0.0,0.0,0.0,49.381054,0.9876210799999999,0.0
2023-05-15 11:30:00+02:00,0.0,0.0,0.0,49.381054,0.9876210799999999,0.0
2023-05-15 11:45:00+02:00,0.0,0.0,0.0,49.381054,0.9876210799999999,0.0
2023-05-15 12:00:00+02:00,0.0,0.0,0.0,49.381054,0.9876210799999999,0.0
2023-05-15 12:15:00+02:00,0.0,0.0,0.0,49.381054,0.9876210799999999,0.0
2023-05-15 12:30:00+02:00,0.0,0.0,0.0,49.381054,0.9876210799999999,0.0
2023-05-15 12:45:00+02:00,0.0,0.0,0.0,49.381054,0.9876210799999999,0.0
2023-05-15 13:00:00+02:00,0.0,0.0,0.0,49.381054,0.9876210799999999,0.0
2023-05-15 13:15:00+02:00,0.0,0.0,0.0,49.381054,0.9876210799999999,0.0
2023-05-15 13:30:00+02:00,0.0,0.0,0.0,49.381054,0.9876210799999999,0.0
2023-05-15 13:45:00+02:00,0.0,0.0,0.0,49.381054,0.9876210799999999,0.0
2023-05-15 14:00:00+02:00,0.0,0.0,0.0,49.381054,0.9876210799999999,0.0
2023-05-15 14:15:00+02:00,0.0,0.0,0.0,49.381054,0.9876210799999999,0.0
2023-05-15 14:30:00+02:00,0.0,0.0,0.0,49.381054,0.9876210799999999,0.0
2023-05-15 14:45:00+02:00,0.0,0.0,0.0,49.381054,0.9876210799999999,0.0
2023-05-15 15:00:00+02:00,0.0,0.0,0.0,49.381054,0.9876210799999999,0.0
2023-05-15 15:15:00+02:00,0.0,0.0,0.0,49.381054,0.9876210799999999,0.0
2023-05-15 15:30:00+02:00,0.0,0.0,0.0,49.381054,0.9876210799999999,0.0
2023-05-15 15:45:00+02:00,0.0,0.0,0.0,49.381054,0.9876210799999999,0.0
2023-05-15 16:00:00+02:00,0.0,0.0,0.0,49.381054,0.9876210799999999,0.0
2023-05-15 16:15:00+02:00,0.0,0.0,0.0,49.381054,0.9876210799999999,0.0
2023-05-15 16:30:00+02:00,0.0,0.0,0.0,49.381054,0.9876210799999999,0.0
2023-05-15 16:45:00+02:00,0.0,0.0,0.0,49.381054,0.9876210799999999,0.0
2023-05-15 17:00:00+02:00,0.0,0.0,0.0,49.381054,0.9876210799999999,0.0
2023-05-15 17:15:00+02:00,0.0,0.0,0.0,49.381054,0.9876210799999999,0.0
2023-05-15 17:30:00+02:00,0.0,0.0,0.0,49.381054,0.9876210799999999,0.0
2023-05-15 17:45:00+02:00,0.0,0.0,0.0,49.381054,0.9876210799999999,0.0
2023-05-15 18:00:00+02:00,0.0,0.0,0.0,49.381054,0.9876210799999999,0.0
2023-05-15 18:15:00+02:00,0.0,0.0,0.0,49.381054,0.77315708,10.7232
2023-05-15 18:30:00+02:00,0.28086915,0.0,0.28086915,38.657854,0.77449122,0.0
2023-05-15 18:45:00+02:00,0.050037958,0.0,0.050037958,38.724561,0.7747289,0.0
2023-05-15 19:00:00+02:00,0.0,0.0,0.0,38.736445,0.7747289,0.0
2023-05-15 19:15:00+02:00,0.0,0.0,0.0,38.736445,0.7747289,0.0
2023-05-15 19:30:00+02:00,0.0,0.0,0.0,38.736445,0.7747289,0.0
2023-05-15 19:45:00+02:00,0.0,0.0,0.0,38.736445,0.7747289,0.0
2023-05-15 20:00:00+02:00,0.0,0.0,0.0,38.736445,0.7747289,0.0
2023-05-15 20:15:00+02:00,0.0,0.0,0.0,38.736445,0.7747289,0.0
2023-05-15 20:30:00+02:00,0.0,0.0,0.0,38.736445,0.7747289,0.0
2023-05-15 20:45:00+02:00,0.0,0.0,0.0,38.736445,0.7747289,0.0
2023-05-15 21:00:00+02:00,0.0,0.0,0.0,38.736445,0.7747289,0.0
2023-05-15 21:15:00+02:00,0.0,0.0,0.0,38.736445,0.7747289,0.0
2023-05-15 21:30:00+02:00,0.0,0.0,0.0,38.736445,0.7747289,0.0
2023-05-15 21:45:00+02:00,0.0,0.0,0.0,38.736445,0.7747289,0.0
2023-05-15 22:00:00+02:00,0.0,0.0,0.0,38.736445,0.7747289,0.0
2023-05-15 22:15:00+02:00,0.0,0.0,0.0,38.736445,0.7747289,0.0
2023-05-15 22:30:00+02:00,0.0,0.0,0.0,38.736445,0.7747289,0.0
2023-05-15 22:45:00+02:00,0.0,0.0,0.0,38.736445,0.7747289,0.0
2023-05-15 23:00:00+02:00,0.0,0.0,0.0,38.736445,0.7747289,0.0
2023-05-15 23:15:00+02:00,0.0,0.0,0.0,38.736445,0.7747289,0.0
2023-05-15 23:30:00+02:00,0.0,0.0,0.0,38.736445,0.7747289,0.0
2023-05-15 23:45:00+02:00,0.0,0.0,0.0,38.736445,0.7747289,0.0
2023-05-16 00:00:00+02:00,0.0,0.0,0.0,38.736445,0.7747289,0.0
2023-05-16 00:15:00+02:00,0.0,0.0,0.0,38.736445,0.7747289,0.0
2023-05-16 00:30:00+02:00,0.0,0.0,0.0,38.736445,0.7747289,0.0
2023-05-16 00:45:00+02:00,0.0,0.0,0.0,38.736445,0.7747289,0.0
2023-05-16 01:00:00+02:00,0.0,0.0,0.0,38.736445,0.7747289,0.0
2023-05-16 01:15:00+02:00,0.0,0.0,0.0,38.736445,0.7747289,0.0
2023-05-16 01:30:00+02:00,0.0,0.0,0.0,38.736445,0.7747289,0.0
2023-05-16 01:45:00+02:00,0.0,0.0,0.0,38.736445,0.7747289,0.0
2023-05-16 02:00:00+02:00,0.0,0.0,0.0,38.736445,0.7747289,0.0
2023-05-16 02:15:00+02:00,0.0,0.0,0.0,38.736445,0.7747289,0.0
2023-05-16 02:30:00+02:00,0.0,0.0,0.0,38.736445,0.7747289,0.0
2023-05-16 02:45:00+02:00,0.0,0.0,0.0,38.736445,0.7747289,0.0
2023-05-16 03:00:00+02:00,0.0,0.0,0.0,38.736445,0.7747289,0.0
2023-05-16 03:15:00+02:00,0.0,0.0,0.0,38.736445,0.7747289,0.0
2023-05-16 03:30:00+02:00,0.0,0.0,0.0,38.736445,0.7747289,0.0
2023-05-16 03:45:00+02:00,0.0,0.0,0.0,38.736445,0.7747289,0.0
2023-05-16 04:00:00+02:00,0.0,0.0,0.0,38.736445,0.7747289,0.0
2023-05-16 04:15:00+02:00,0.0,0.0,0.0,38.736445,0.7747289,0.0
2023-05-16 04:30:00+02:00,0.0,0.0,0.0,38.736445,0.7747289,0.0
2023-05-16 04:45:00+02:00,0.0,0.0,0.0,38.736445,0.7747289,0.0
2023-05-16 05:00:00+02:00,0.0,0.0,0.0,38.736445,0.7747289,0.0
2023-05-16 05:15:00+02:00,0.0,0.0,0.0,38.736445,0.7747289,0.0
2023-05-16 05:30:00+02:00,0.091290518,0.0,0.091290518,38.736445,0.77516252,0.0
2023-05-16 05:45:00+02:00,0.15426106,0.0,0.15426106,38.758126,0.7758952600000001,0.0
2023-05-16 06:00:00+02:00,0.28065586,0.0,0.28065586,38.794763,0.7772283799999999,0.0
2023-05-16 06:15:00+02:00,0.42309074,0.0,0.42309074,38.861419,0.77923806,0.0
2023-05-16 06:30:00+02:00,0.87409489,0.0,0.87409489,38.961903,0.78339,0.0
2023-05-16 06:45:00+02:00,0.82456331,0.0,0.82456331,39.1695,0.7873066799999999,0.0
2023-05-16 07:00:00+02:00,0.59332185,0.0,0.59332185,39.365334,0.79012496,0.0
2023-05-16 07:15:00+02:00,2.0789548,0.0,2.0789548,39.506248,0.8,0.0
2023-05-16 07:30:00+02:00,0.0,0.0,0.0,40.0,0.8,0.0
2023-05-16 07:45:00+02:00,0.0,0.0,0.0,40.0,0.8,0.0
2023-05-16 08:00:00+02:00,0.0,0.0,0.0,40.0,0.8,0.0
2023-05-16 08:15:00+02:00,0.0,0.0,0.0,40.0,0.8,0.0
2023-05-16 08:30:00+02:00,0.0,0.0,0.0,40.0,0.8,0.0
2023-05-16 08:45:00+02:00,0.0,0.0,0.0,40.0,0.8,0.0
2023-05-16 09:00:00+02:00,0.0,0.0,0.0,40.0,0.8,0.0
2023-05-16 09:15:00+02:00,0.0,0.0,0.0,40.0,0.8,0.0
2023-05-16 09:30:00+02:00,0.0,0.0,0.0,40.0,0.8,0.0
2023-05-16 09:45:00+02:00,0.0,0.0,0.0,40.0,0.8,0.0
2023-05-16 10:00:00+02:00,0.0,0.0,0.0,40.0,0.8,0.0
2023-05-16 10:15:00+02:00,0.0,0.0,0.0,40.0,0.8,0.0
2023-05-16 10:30:00+02:00,0.0,0.0,0.0,40.0,0.8,0.0
2023-05-16 10:45:00+02:00,0.0,0.0,0.0,40.0,0.8,0.0
2023-05-16 11:00:00+02:00,0.0,0.0,0.0,40.0,0.8,0.0
2023-05-16 11:15:00+02:00,0.0,0.0,0.0,40.0,0.8,0.0
2023-05-16 11:30:00+02:00,0.0,0.0,0.0,40.0,0.8,0.0
2023-05-16 11:45:00+02:00,0.0,0.0,0.0,40.0,0.8,0.0
2023-05-16 12:00:00+02:00,0.0,0.0,0.0,40.0,0.8,0.0
2023-05-16 12:15:00+02:00,0.0,0.0,0.0,40.0,0.8,0.0
2023-05-16 12:30:00+02:00,0.0,0.0,0.0,40.0,0.8,0.0
2023-05-16 12:45:00+02:00,0.0,0.0,0.0,40.0,0.8,0.0
2023-05-16 13:00:00+02:00,0.0,0.0,0.0,40.0,0.8,0.0
2023-05-16 13:15:00+02:00,0.0,0.0,0.0,40.0,0.8,0.0
2023-05-16 13:30:00+02:00,0.0,0.0,0.0,40.0,0.8,0.0
2023-05-16 13:45:00+02:00,0.0,0.0,0.0,40.0,0.8,0.0
2023-05-16 14:00:00+02:00,0.0,0.0,0.0,40.0,0.8,0.0
2023-05-16 14:15:00+02:00,0.0,0.0,0.0,40.0,0.8,0.0
2023-05-16 14:30:00+02:00,0.0,0.0,0.0,40.0,0.8,0.0
2023-05-16 14:45:00+02:00,0.0,0.0,0.0,40.0,0.8,0.0
2023-05-16 15:00:00+02:00,0.0,0.0,0.0,40.0,0.8,0.0
2023-05-16 15:15:00+02:00,0.0,0.0,0.0,40.0,0.8,0.0
2023-05-16 15:30:00+02:00,0.0,0.0,0.0,40.0,0.8,0.0
2023-05-16 15:45:00+02:00,0.0,0.0,0.0,40.0,0.8,0.0
2023-05-16 16:00:00+02:00,0.0,0.0,0.0,40.0,0.8,0.0
2023-05-16 16:15:00+02:00,0.0,0.0,0.0,40.0,0.8,0.0
2023-05-16 16:30:00+02:00,0.0,0.0,0.0,40.0,0.712864,4.3568
2023-05-16 16:45:00+02:00,0.0,0.0,0.0,35.6432,0.712864,0.0
2023-05-16 17:00:00+02:00,0.0,0.0,0.0,35.6432,0.712864,0.0
2023-05-16 17:15:00+02:00,0.0,0.0,0.0,35.6432,0.712864,0.0
2023-05-16 17:30:00+02:00,0.0,0.0,0.0,35.6432,0.712864,0.0
2023-05-16 17:45:00+02:00,0.0,0.0,0.0,35.6432,0.712864,0.0
2023-05-16 18:00:00+02:00,0.0,0.0,0.0,35.6432,0.712864,0.0
2023-05-16 18:15:00+02:00,0.0,0.0,0.0,35.6432,0.712864,0.0
2023-05-16 18:30:00+02:00,0.0,0.0,0.0,35.6432,0.712864,0.0
2023-05-16 18:45:00+02:00,0.0,0.0,0.0,35.6432,0.712864,0.0
2023-05-16 19:00:00+02:00,0.0,0.0,0.0,35.6432,0.712864,0.0
2023-05-16 19:15:00+02:00,0.0,0.0,0.0,35.6432,0.712864,0.0
2023-05-16 19:30:00+02:00,0.0,0.0,0.0,35.6432,0.712864,0.0
2023-05-16 19:45:00+02:00,0.0,0.0,0.0,35.6432,0.712864,0.0
2023-05-16 20:00:00+02:00,0.0,0.0,0.0,35.6432,0.712864,0.0
2023-05-16 20:15:00+02:00,0.0,0.0,0.0,35.6432,0.712864,0.0
2023-05-16 20:30:00+02:00,0.0,0.0,0.0,35.6432,0.712864,0.0
2023-05-16 20:45:00+02:00,0.0,0.0,0.0,35.6432,0.712864,0.0
2023-05-16 21:00:00+02:00,0.0,0.0,0.0,35.6432,0.712864,0.0
2023-05-16 21:15:00+02:00,0.0,0.0,0.0,35.6432,0.712864,0.0
2023-05-16 21:30:00+02:00,0.0,0.0,0.0,35.6432,0.712864,0.0
2023-05-16 21:45:00+02:00,0.0,0.0,0.0,35.6432,0.712864,0.0
2023-05-16 22:00:00+02:00,0.0,0.0,0.0,35.6432,0.712864,0.0
2023-05-16 22:15:00+02:00,0.0,0.0,0.0,35.6432,0.712864,0.0
2023-05-16 22:30:00+02:00,0.0,0.0,0.0,35.6432,0.712864,0.0
2023-05-16 22:45:00+02:00,0.0,0.0,0.0,35.6432,0.712864,0.0
2023-05-16 23:00:00+02:00,0.0,0.0,0.0,35.6432,0.712864,0.0
2023-05-16 23:15:00+02:00,0.0,0.0,0.0,35.6432,0.712864,0.0
2023-05-16 23:30:00+02:00,0.0,0.0,0.0,35.6432,0.712864,0.0
2023-05-16 23:45:00+02:00,0.0,0.0,0.0,35.6432,0.712864,0.0
2023-05-17 00:00:00+02:00,0.0,0.0,0.0,35.6432,0.712864,0.0
2023-05-17 00:15:00+02:00,0.0,0.0,0.0,35.6432,0.712864,0.0
2023-05-17 00:30:00+02:00,0.0,0.0,0.0,35.6432,0.712864,0.0
2023-05-17 00:45:00+02:00,0.0,0.0,0.0,35.6432,0.712864,0.0
2023-05-17 01:00:00+02:00,0.0,0.0,0.0,35.6432,0.712864,0.0
2023-05-17 01:15:00+02:00,0.0,0.0,0.0,35.6432,0.712864,0.0
2023-05-17 01:30:00+02:00,0.0,0.0,0.0,35.6432,0.712864,0.0
2023-05-17 01:45:00+02:00,0.0,0.0,0.0,35.6432,0.712864,0.0
2023-05-17 02:00:00+02:00,0.0,0.0,0.0,35.6432,0.712864,0.0
2023-05-17 02:15:00+02:00,0.0,0.0,0.0,35.6432,0.712864,0.0
2023-05-17 02:30:00+02:00,0.0,0.0,0.0,35.6432,0.712864,0.0
2023-05-17 02:45:00+02:00,0.0,0.0,0.0,35.6432,0.712864,0.0
2023-05-17 03:00:00+02:00,0.0,0.0,0.0,35.6432,0.712864,0.0
2023-05-17 03:15:00+02:00,0.0,0.0,0.0,35.6432,0.712864,0.0
2023-05-17 03:30:00+02:00,0.0,0.0,0.0,35.6432,0.712864,0.0
2023-05-17 03:45:00+02:00,0.0,0.0,0.0,35.6432,0.712864,0.0
2023-05-17 04:00:00+02:00,0.0,0.0,0.0,35.6432,0.712864,0.0
2023-05-17 04:15:00+02:00,0.0,0.0,0.0,35.6432,0.712864,0.0
2023-05-17 04:30:00+02:00,0.0,0.0,0.0,35.6432,0.712864,0.0
2023-05-17 04:45:00+02:00,0.0,0.0,0.0,35.6432,0.712864,0.0
2023-05-17 05:00:00+02:00,0.0,0.0,0.0,35.6432,0.712864,0.0
2023-05-17 05:15:00+02:00,0.0,0.0,0.0,35.6432,0.712864,0.0
2023-05-17 05:30:00+02:00,0.0,0.0,0.0,35.6432,0.712864,0.0
2023-05-17 05:45:00+02:00,0.0,0.0,0.0,35.6432,0.712864,0.0
2023-05-17 06:00:00+02:00,0.0,0.0,0.0,35.6432,0.712864,0.0
2023-05-17 06:15:00+02:00,0.0,0.0,0.0,35.6432,0.712864,0.0
2023-05-17 06:30:00+02:00,0.0,0.0,0.0,35.6432,0.712864,0.0
2023-05-17 06:45:00+02:00,0.0,0.0,0.0,35.6432,0.712864,0.0
2023-05-17 07:00:00+02:00,2.2478692,0.0,2.2478692,35.6432,0.72354138,0.0
2023-05-17 07:15:00+02:00,0.83972166,0.0,0.83972166,36.177069,0.72753006,0.0
2023-05-17 07:30:00+02:00,1.5474423,0.0,1.5474423,36.376503,0.7348804,0.0
2023-05-17 07:45:00+02:00,4.4494034,0.0,4.4494034,36.74402,0.75601508,0.0
2023-05-17 08:00:00+02:00,4.1348609,0.0,4.1348609,37.800754,0.7756556600000001,0.0
2023-05-17 08:15:00+02:00,3.8974403,0.0,3.8974403,38.782783,0.7941684999999999,0.0
2023-05-17 08:30:00+02:00,5.2078407,0.0,5.2078407,39.708425,0.81890574,0.0
2023-05-17 08:45:00+02:00,4.473639,0.0,4.473639,40.945287,0.8401555399999999,0.0
2023-05-17 09:00:00+02:00,1.8886221,0.0,1.8886221,42.007777,0.84912648,0.0
2023-05-17 09:15:00+02:00,3.6963686,0.0,3.6963686,42.456324,0.86668424,0.0
2023-05-17 09:30:00+02:00,5.3279526,0.0,5.3279526,43.334212,0.89199202,0.0
2023-05-17 09:45:00+02:00,4.0237392,0.0,4.0237392,44.599601,0.9111047800000001,0.0
2023-05-17 10:00:00+02:00,3.5652976,0.0,3.5652976,45.555239,0.92803994,0.0
2023-05-17 10:15:00+02:00,2.3951939,0.0,2.3951939,46.401997,0.9394171,0.0
2023-05-17 10:30:00+02:00,1.5758026,0.0,1.5758026,46.970855,0.94690218,0.0
2023-05-17 10:45:00+02:00,0.54934783,0.0,0.54934783,47.345109,0.94951158,0.0
2023-05-17 11:00:00+02:00,0.0,0.0,0.0,47.475579,0.94951158,0.0
2023-05-17 11:15:00+02:00,0.0,0.0,0.0,47.475579,0.94951158,0.0
2023-05-17 11:30:00+02:00,0.0,0.0,0.0,47.475579,0.94951158,0.0
2023-05-17 11:45:00+02:00,0.0,0.0,0.0,47.475579,0.94951158,0.0
2023-05-17 12:00:00+02:00,0.0,0.0,0.0,47.475579,0.94951158,0.0
2023-05-17 12:15:00+02:00,0.96779202,0.0,0.96779202,47.475579,0.9541085800000001,0.0
2023-05-17 12:30:00+02:00,3.4927182,0.0,3.4927182,47.705429,0.9706990000000001,0.0
2023-05-17 12:45:00+02:00,4.8711332,0.0,4.8711332,48.53495,0.99383688,0.0
2023-05-17 13:00:00+02:00,0.31169207,0.0,0.31169207,49.691844,0.9953174199999999,0.0
2023-05-17 13:15:00+02:00,0.0,0.0,0.0,49.765871,0.9953174199999999,0.0
2023-05-17 13:30:00+02:00,0.0,0.0,0.0,49.765871,0.9953174199999999,0.0
2023-05-17 13:45:00+02:00,0.0,0.0,0.0,49.765871,0.9953174199999999,0.0
2023-05-17 14:00:00+02:00,0.0,0.0,0.0,49.765871,0.9953174199999999,0.0
2023-05-17 14:15:00+02:00,0.0,0.0,0.0,49.765871,0.9953174199999999,0.0
2023-05-17 14:30:00+02:00,0.0,0.0,0.0,49.765871,0.9953174199999999,0.0
2023-05-17 14:45:00+02:00,0.0,0.0,0.0,49.765871,0.9953174199999999,0.0
2023-05-17 15:00:00+02:00,0.0,0.0,0.0,49.765871,0.9953174199999999,0.0
2023-05-17 15:15:00+02:00,0.0,0.0,0.0,49.765871,0.9953174199999999,0.0
2023-05-17 15:30:00+02:00,0.0,0.0,0.0,49.765871,0.9953174199999999,0.0
2023-05-17 15:45:00+02:00,0.0,0.0,0.0,49.765871,0.9953174199999999,0.0
2023-05-17 16:00:00+02:00,0.0,0.0,0.0,49.765871,0.9953174199999999,0.0
2023-05-17 16:15:00+02:00,0.0,0.0,0.0,49.765871,0.9953174199999999,0.0
2023-05-17 16:30:00+02:00,0.0,0.0,0.0,49.765871,0.9953174199999999,0.0
2023-05-17 16:45:00+02:00,0.0,0.0,0.0,49.765871,0.9953174199999999,0.0
2023-05-17 17:00:00+02:00,0.0,0.0,0.0,49.765871,0.9953174199999999,0.0
2023-05-17 17:15:00+02:00,0.0,0.0,0.0,49.765871,0.9953174199999999,0.0
2023-05-17 17:30:00+02:00,0.0,0.0,0.0,49.765871,0.9953174199999999,0.0
2023-05-17 17:45:00+02:00,0.0,0.0,0.0,49.765871,0.9953174199999999,0.0
2023-05-17 18:00:00+02:00,0.0,0.0,0.0,49.765871,0.9953174199999999,0.0
2023-05-17 18:15:00+02:00,0.0,0.0,0.0,49.765871,0.9953174199999999,0.0
2023-05-17 18:30:00+02:00,0.0,0.0,0.0,49.765871,0.9953174199999999,0.0
2023-05-17 18:45:00+02:00,0.0,0.0,0.0,49.765871,0.9953174199999999,0.0
2023-05-17 19:00:00+02:00,0.0,0.0,0.0,49.765871,0.9953174199999999,0.0
2023-05-17 19:15:00+02:00,0.0,0.0,0.0,49.765871,0.9953174199999999,0.0
2023-05-17 19:30:00+02:00,0.0,0.0,0.0,49.765871,0.9953174199999999,0.0
2023-05-17 19:45:00+02:00,0.0,0.0,0.0,49.765871,0.9953174199999999,0.0
2023-05-17 20:00:00+02:00,0.0,0.0,0.0,49.765871,0.9953174199999999,0.0
2023-05-17 20:15:00+02:00,0.0,0.0,0.0,49.765871,0.9953174199999999,0.0
2023-05-17 20:30:00+02:00,0.0,0.0,0.0,49.765871,0.9953174199999999,0.0
2023-05-17 20:45:00+02:00,0.0,0.0,0.0,49.765871,0.9953174199999999,0.0
2023-05-17 21:00:00+02:00,0.0,0.0,0.0,49.765871,0.9953174199999999,0.0
2023-05-17 21:15:00+02:00,0.0,0.0,0.0,49.765871,0.9953174199999999,0.0
2023-05-17 21:30:00+02:00,0.0,0.0,0.0,49.765871,0.9953174199999999,0.0
2023-05-17 21:45:00+02:00,0.0,0.0,0.0,49.765871,0.9953174199999999,0.0
2023-05-17 22:00:00+02:00,0.0,0.0,0.0,49.765871,0.9953174199999999,0.0
2023-05-17 22:15:00+02:00,0.0,0.0,0.0,49.765871,0.9953174199999999,0.0
2023-05-17 22:30:00+02:00,0.0,0.0,0.0,49.765871,0.9953174199999999,0.0
2023-05-17 22:45:00+02:00,0.0,0.0,0.0,49.765871,0.9953174199999999,0.0
2023-05-17 23:00:00+02:00,0.0,0.0,0.0,49.765871,0.9953174199999999,0.0
2023-05-17 23:15:00+02:00,0.0,0.0,0.0,49.765871,0.9953174199999999,0.0
2023-05-17 23:30:00+02:00,0.0,0.0,0.0,49.765871,0.9953174199999999,0.0
2023-05-17 23:45:00+02:00,0.0,0.0,0.0,49.765871,0.9953174199999999,0.0
2023-05-18 00:00:00+02:00,0.0,0.0,0.0,49.765871,0.9953174199999999,0.0
2023-05-18 00:15:00+02:00,0.0,0.0,0.0,49.765871,0.9953174199999999,0.0
2023-05-18 00:30:00+02:00,0.0,0.0,0.0,49.765871,0.9953174199999999,0.0
2023-05-18 00:45:00+02:00,0.0,0.0,0.0,49.765871,0.9953174199999999,0.0
2023-05-18 01:00:00+02:00,0.0,0.0,0.0,49.765871,0.9953174199999999,0.0
2023-05-18 01:15:00+02:00,0.0,0.0,0.0,49.765871,0.9953174199999999,0.0
2023-05-18 01:30:00+02:00,0.0,0.0,0.0,49.765871,0.9953174199999999,0.0
2023-05-18 01:45:00+02:00,0.0,0.0,0.0,49.765871,0.9953174199999999,0.0
2023-05-18 02:00:00+02:00,0.0,0.0,0.0,49.765871,0.9953174199999999,0.0
2023-05-18 02:15:00+02:00,0.0,0.0,0.0,49.765871,0.9953174199999999,0.0
2023-05-18 02:30:00+02:00,0.0,0.0,0.0,49.765871,0.9953174199999999,0.0
2023-05-18 02:45:00+02:00,0.0,0.0,0.0,49.765871,0.9953174199999999,0.0
2023-05-18 03:00:00+02:00,0.0,0.0,0.0,49.765871,0.9953174199999999,0.0
2023-05-18 03:15:00+02:00,0.0,0.0,0.0,49.765871,0.9953174199999999,0.0
2023-05-18 03:30:00+02:00,0.0,0.0,0.0,49.765871,0.9953174199999999,0.0
2023-05-18 03:45:00+02:00,0.0,0.0,0.0,49.765871,0.9953174199999999,0.0
2023-05-18 04:00:00+02:00,0.0,0.0,0.0,49.765871,0.9953174199999999,0.0
2023-05-18 04:15:00+02:00,0.0,0.0,0.0,49.765871,0.9953174199999999,0.0
2023-05-18 04:30:00+02:00,0.0,0.0,0.0,49.765871,0.9953174199999999,0.0
2023-05-18 04:45:00+02:00,0.0,0.0,0.0,49.765871,0.9953174199999999,0.0
2023-05-18 05:00:00+02:00,0.0,0.0,0.0,49.765871,0.9953174199999999,0.0
2023-05-18 05:15:00+02:00,0.0,0.0,0.0,49.765871,0.9953174199999999,0.0
2023-05-18 05:30:00+02:00,0.0,0.0,0.0,49.765871,0.9953174199999999,0.0
2023-05-18 05:45:00+02:00,0.0,0.0,0.0,49.765871,0.9953174199999999,0.0
2023-05-18 06:00:00+02:00,0.0,0.0,0.0,49.765871,0.9953174199999999,0.0
2023-05-18 06:15:00+02:00,0.0,0.0,0.0,49.765871,0.9953174199999999,0.0
2023-05-18 06:30:00+02:00,0.0,0.0,0.0,49.765871,0.9953174199999999,0.0
2023-05-18 06:45:00+02:00,0.0,0.0,0.0,49.765871,0.9953174199999999,0.0
2023-05-18 07:00:00+02:00,0.0,0.0,0.0,49.765871,0.9953174199999999,0.0
2023-05-18 07:15:00+02:00,0.0,0.0,0.0,49.765871,0.9953174199999999,0.0
2023-05-18 07:30:00+02:00,0.31166268,0.0,0.31166268,49.765871,0.9967978200000001,0.0
2023-05-18 07:45:00+02:00,0.12873489,0.0,0.12873489,49.839891,0.9974093,0.0
2023-05-18 08:00:00+02:00,0.54540927,0.0,0.54540927,49.870465,1.0,0.0
2023-05-18 08:15:00+02:00,0.0,0.0,0.0,50.0,1.0,0.0
2023-05-18 08:30:00+02:00,0.0,0.0,0.0,50.0,1.0,0.0
2023-05-18 08:45:00+02:00,0.0,0.0,0.0,50.0,1.0,0.0
2023-05-18 09:00:00+02:00,0.0,0.0,0.0,50.0,1.0,0.0
2023-05-18 09:15:00+02:00,0.0,0.0,0.0,50.0,1.0,0.0
2023-05-18 09:30:00+02:00,0.0,0.0,0.0,50.0,1.0,0.0
2023-05-18 09:45:00+02:00,0.0,0.0,0.0,50.0,1.0,0.0
2023-05-18 10:00:00+02:00,0.0,0.0,0.0,50.0,1.0,0.0
2023-05-18 10:15:00+02:00,0.0,0.0,0.0,50.0,1.0,0.0
2023-05-18 10:30:00+02:00,0.0,0.0,0.0,50.0,1.0,0.0
2023-05-18 10:45:00+02:00,0.0,0.0,0.0,50.0,1.0,0.0
2023-05-18 11:00:00+02:00,0.0,0.0,0.0,50.0,1.0,0.0
2023-05-18 11:15:00+02:00,0.0,0.0,0.0,50.0,1.0,0.0
2023-05-18 11:30:00+02:00,0.0,0.0,0.0,50.0,1.0,0.0
2023-05-18 11:45:00+02:00,0.0,0.0,0.0,50.0,1.0,0.0
2023-05-18 12:00:00+02:00,0.0,0.0,0.0,50.0,1.0,0.0
2023-05-18 12:15:00+02:00,0.0,0.0,0.0,50.0,1.0,0.0
2023-05-18 12:30:00+02:00,0.0,0.0,0.0,50.0,1.0,0.0
2023-05-18 12:45:00+02:00,0.0,0.0,0.0,50.0,1.0,0.0
2023-05-18 13:00:00+02:00,0.0,0.0,0.0,50.0,1.0,0.0
2023-05-18 13:15:00+02:00,0.0,0.0,0.0,50.0,1.0,0.0
2023-05-18 13:30:00+02:00,0.0,0.0,0.0,50.0,1.0,0.0
2023-05-18 13:45:00+02:00,0.0,0.0,0.0,50.0,1.0,0.0
2023-05-18 14:00:00+02:00,0.0,0.0,0.0,50.0,1.0,0.0
2023-05-18 14:15:00+02:00,0.0,0.0,0.0,50.0,1.0,0.0
2023-05-18 14:30:00+02:00,0.0,0.0,0.0,50.0,1.0,0.0
2023-05-18 14:45:00+02:00,0.0,0.0,0.0,50.0,1.0,0.0
2023-05-18 15:00:00+02:00,0.0,0.0,0.0,50.0,1.0,0.0
2023-05-18 15:15:00+02:00,0.0,0.0,0.0,50.0,1.0,0.0
2023-05-18 15:30:00+02:00,0.0,0.0,0.0,50.0,1.0,0.0
2023-05-18 15:45:00+02:00,0.0,0.0,0.0,50.0,1.0,0.0
2023-05-18 16:00:00+02:00,0.0,0.0,0.0,50.0,1.0,0.0
2023-05-18 16:15:00+02:00,0.0,0.0,0.0,50.0,1.0,0.0
2023-05-18 16:30:00+02:00,0.0,0.0,0.0,50.0,1.0,0.0
2023-05-18 16:45:00+02:00,0.0,0.0,0.0,50.0,1.0,0.0
2023-05-18 17:00:00+02:00,0.0,0.0,0.0,50.0,1.0,0.0
2023-05-18 17:15:00+02:00,0.0,0.0,0.0,50.0,1.0,0.0
2023-05-18 17:30:00+02:00,0.0,0.0,0.0,50.0,1.0,0.0
2023-05-18 17:45:00+02:00,0.0,0.0,0.0,50.0,1.0,0.0
2023-05-18 18:00:00+02:00,0.0,0.0,0.0,50.0,1.0,0.0
2023-05-18 18:15:00+02:00,0.0,0.0,0.0,50.0,1.0,0.0
2023-05-18 18:30:00+02:00,0.0,0.0,0.0,50.0,1.0,0.0
2023-05-18 18:45:00+02:00,0.0,0.0,0.0,50.0,1.0,0.0
2023-05-18 19:00:00+02:00,0.0,0.0,0.0,50.0,0.86150998,6.924500886144126
2023-05-18 19:15:00+02:00,0.0,0.0,0.0,43.075499,0.86150998,0.0
2023-05-18 19:30:00+02:00,0.0,0.0,0.0,43.075499,0.86150998,0.0
2023-05-18 19:45:00+02:00,0.0,0.0,0.0,43.075499,0.86150998,0.0
2023-05-18 20:00:00+02:00,0.0,0.0,0.0,43.075499,0.86150998,0.0
2023-05-18 20:15:00+02:00,0.0,0.0,0.0,43.075499,0.86150998,0.0
2023-05-18 20:30:00+02:00,0.0,0.0,0.0,43.075499,0.86150998,0.0
2023-05-18 20:45:00+02:00,0.0,0.0,0.0,43.075499,0.86150998,0.0
2023-05-18 21:00:00+02:00,0.0,0.0,0.0,43.075499,0.86150998,0.0
2023-05-18 21:15:00+02:00,0.0,0.0,0.0,43.075499,0.86150998,0.0
2023-05-18 21:30:00+02:00,0.0,0.0,0.0,43.075499,0.86150998,0.0
2023-05-18 21:45:00+02:00,0.0,0.0,0.0,43.075499,0.86150998,0.0
2023-05-18 22:00:00+02:00,0.0,0.0,0.0,43.075499,0.86150998,0.0
2023-05-18 22:15:00+02:00,0.0,0.0,0.0,43.075499,0.86150998,0.0
2023-05-18 22:30:00+02:00,0.0,0.0,0.0,43.075499,0.86150998,0.0
2023-05-18 22:45:00+02:00,0.0,0.0,0.0,43.075499,0.86150998,0.0
2023-05-18 23:00:00+02:00,0.0,0.0,0.0,43.075499,0.86150998,0.0
2023-05-18 23:15:00+02:00,0.0,0.0,0.0,43.075499,0.86150998,0.0
2023-05-18 23:30:00+02:00,0.0,0.0,0.0,43.075499,0.86150998,0.0
2023-05-18 23:45:00+02:00,0.0,0.0,0.0,43.075499,0.86150998,0.0
2023-05-19 00:00:00+02:00,0.0,0.0,0.0,43.075499,0.86150998,0.0
2023-05-19 00:15:00+02:00,0.0,0.0,0.0,43.075499,0.86150998,0.0
2023-05-19 00:30:00+02:00,0.0,0.0,0.0,43.075499,0.86150998,0.0
2023-05-19 00:45:00+02:00,0.0,0.0,0.0,43.075499,0.86150998,0.0
2023-05-19 01:00:00+02:00,0.0,0.0,0.0,43.075499,0.86150998,0.0
2023-05-19 01:15:00+02:00,0.0,0.0,0.0,43.075499,0.86150998,0.0
2023-05-19 01:30:00+02:00,0.0,0.0,0.0,43.075499,0.86150998,0.0
2023-05-19 01:45:00+02:00,0.0,0.0,0.0,43.075499,0.86150998,0.0
2023-05-19 02:00:00+02:00,0.0,0.0,0.0,43.075499,0.86150998,0.0
2023-05-19 02:15:00+02:00,0.0,0.0,0.0,43.075499,0.86150998,0.0
2023-05-19 02:30:00+02:00,0.0,0.0,0.0,43.075499,0.86150998,0.0
2023-05-19 02:45:00+02:00,0.0,0.0,0.0,43.075499,0.86150998,0.0
2023-05-19 03:00:00+02:00,0.0,0.0,0.0,43.075499,0.86150998,0.0
2023-05-19 03:15:00+02:00,0.0,0.0,0.0,43.075499,0.86150998,0.0
2023-05-19 03:30:00+02:00,0.0,0.0,0.0,43.075499,0.86150998,0.0
2023-05-19 03:45:00+02:00,0.0,0.0,0.0,43.075499,0.86150998,0.0
2023-05-19 04:00:00+02:00,0.0,0.0,0.0,43.075499,0.86150998,0.0
2023-05-19 04:15:00+02:00,0.0,0.0,0.0,43.075499,0.86150998,0.0
2023-05-19 04:30:00+02:00,0.0,0.0,0.0,43.075499,0.86150998,0.0
2023-05-19 04:45:00+02:00,0.0,0.0,0.0,43.075499,0.86150998,0.0
2023-05-19 05:00:00+02:00,0.0,0.0,0.0,43.075499,0.86150998,0.0
2023-05-19 05:15:00+02:00,0.0,0.0,0.0,43.075499,0.86150998,0.0
2023-05-19 05:30:00+02:00,0.0,0.0,0.0,43.075499,0.86150998,0.0
2023-05-19 05:45:00+02:00,0.0093797981,0.0,0.0093797981,43.075499,0.8615545400000001,0.0
2023-05-19 06:00:00+02:00,0.0011157727,0.0,0.0011157727,43.077727,0.8615598400000001,0.0
2023-05-19 06:15:00+02:00,0.0050993566,0.0,0.0050993566,43.077992,0.86158406,0.0
2023-05-19 06:30:00+02:00,0.060724678,0.0,0.060724678,43.079203,0.8618725,0.0
2023-05-19 06:45:00+02:00,0.044232701,0.0,0.044232701,43.093625,0.8620825999999999,0.0
2023-05-19 07:00:00+02:00,0.04116242,0.0,0.04116242,43.10413,0.86227812,0.0
2023-05-19 07:15:00+02:00,0.26603096,0.0,0.26603096,43.113906,0.86354178,0.0
2023-05-19 07:30:00+02:00,0.67904544,0.0,0.67904544,43.177089,0.8667672399999999,0.0
2023-05-19 07:45:00+02:00,0.95235217,0.0,0.95235217,43.338362,0.87129092,0.0
2023-05-19 08:00:00+02:00,0.83499911,0.0,0.83499911,43.564546,0.87525716,0.0
2023-05-19 08:15:00+02:00,0.0,0.0,0.0,43.762858,0.87525716,0.0
2023-05-19 08:30:00+02:00,0.0,0.0,0.0,43.762858,0.87525716,0.0
2023-05-19 08:45:00+02:00,0.0,0.0,0.0,43.762858,0.87525716,0.0
2023-05-19 09:00:00+02:00,0.0,0.0,0.0,43.762858,0.87525716,0.0
2023-05-19 09:15:00+02:00,0.0,0.0,0.0,43.762858,0.87525716,0.0
2023-05-19 09:30:00+02:00,0.0,0.0,0.0,43.762858,0.87525716,0.0
2023-05-19 09:45:00+02:00,0.0,0.0,0.0,43.762858,0.87525716,0.0
2023-05-19 10:00:00+02:00,0.0,0.0,0.0,43.762858,0.87525716,0.0
2023-05-19 10:15:00+02:00,0.0,0.0,0.0,43.762858,0.87525716,0.0
2023-05-19 10:30:00+02:00,0.0,0.0,0.0,43.762858,0.87525716,0.0
2023-05-19 10:45:00+02:00,0.0,0.0,0.0,43.762858,0.87525716,0.0
2023-05-19 11:00:00+02:00,0.0,0.0,0.0,43.762858,0.87525716,0.0
2023-05-19 11:15:00+02:00,0.0,0.0,0.0,43.762858,0.87525716,0.0
2023-05-19 11:30:00+02:00,0.0,0.0,0.0,43.762858,0.87525716,0.0
2023-05-19 11:45:00+02:00,0.0,0.0,0.0,43.762858,0.87525716,0.0
2023-05-19 12:00:00+02:00,0.0,0.0,0.0,43.762858,0.87525716,0.0
2023-05-19 12:15:00+02:00,0.0,0.0,0.0,43.762858,0.87525716,0.0
2023-05-19 12:30:00+02:00,0.0,0.0,0.0,43.762858,0.87525716,0.0
2023-05-19 12:45:00+02:00,0.0,0.0,0.0,43.762858,0.87525716,0.0
2023-05-19 13:00:00+02:00,0.0,0.0,0.0,43.762858,0.87525716,0.0
2023-05-19 13:15:00+02:00,0.0,0.0,0.0,43.762858,0.87525716,0.0
2023-05-19 13:30:00+02:00,0.0,0.0,0.0,43.762858,0.87525716,0.0
2023-05-19 13:45:00+02:00,0.0,0.0,0.0,43.762858,0.87525716,0.0
2023-05-19 14:00:00+02:00,0.0,0.0,0.0,43.762858,0.87525716,0.0
2023-05-19 14:15:00+02:00,0.0,0.0,0.0,43.762858,0.87525716,0.0
2023-05-19 14:30:00+02:00,0.0,0.0,0.0,43.762858,0.87525716,0.0
2023-05-19 14:45:00+02:00,0.0,0.0,0.0,43.762858,0.87525716,0.0
2023-05-19 15:00:00+02:00,0.0,0.0,0.0,43.762858,0.87525716,0.0
2023-05-19 15:15:00+02:00,0.0,0.0,0.0,43.762858,0.87525716,0.0
2023-05-19 15:30:00+02:00,0.0,0.0,0.0,43.762858,0.87525716,0.0
2023-05-19 15:45:00+02:00,0.0,0.0,0.0,43.762858,0.87525716,0.0
2023-05-19 16:00:00+02:00,0.0,0.0,0.0,43.762858,0.87525716,0.0
2023-05-19 16:15:00+02:00,0.0,0.0,0.0,43.762858,0.87525716,0.0
2023-05-19 16:30:00+02:00,0.0,0.0,0.0,43.762858,0.72330006,7.597855411794679
2023-05-19 16:45:00+02:00,1.5849267,0.0,1.5849267,36.165003,0.73082846,0.0
2023-05-19 17:00:00+02:00,1.1028927,0.0,1.1028927,36.541423,0.7360671999999999,0.0
2023-05-19 17:15:00+02:00,0.85922397,0.0,0.85922397,36.80336,0.7401485,0.0
2023-05-19 17:30:00+02:00,0.48627555,0.0,0.48627555,37.007425,0.7424583199999999,0.0
2023-05-19 17:45:00+02:00,0.37751278,0.0,0.37751278,37.122916,0.7442515000000001,0.0
2023-05-19 18:00:00+02:00,0.0,0.0,0.0,37.212575,0.7442515000000001,0.0
2023-05-19 18:15:00+02:00,0.0,0.0,0.0,37.212575,0.7442515000000001,0.0
2023-05-19 18:30:00+02:00,0.0,0.0,0.0,37.212575,0.7442515000000001,0.0
2023-05-19 18:45:00+02:00,0.0,0.0,0.0,37.212575,0.7442515000000001,0.0
2023-05-19 19:00:00+02:00,0.0,0.0,0.0,37.212575,0.7442515000000001,0.0
2023-05-19 19:15:00+02:00,0.0,0.0,0.0,37.212575,0.7442515000000001,0.0
2023-05-19 19:30:00+02:00,0.0,0.0,0.0,37.212575,0.7442515000000001,0.0
2023-05-19 19:45:00+02:00,0.0,0.0,0.0,37.212575,0.7442515000000001,0.0
2023-05-19 20:00:00+02:00,0.0,0.0,0.0,37.212575,0.7442515000000001,0.0
2023-05-19 20:15:00+02:00,0.0,0.0,0.0,37.212575,0.7442515000000001,0.0
2023-05-19 20:30:00+02:00,0.0,0.0,0.0,37.212575,0.7442515000000001,0.0
2023-05-19 20:45:00+02:00,0.0,0.0,0.0,37.212575,0.7442515000000001,0.0
2023-05-19 21:00:00+02:00,0.0,0.0,0.0,37.212575,0.7442515000000001,0.0
2023-05-19 21:15:00+02:00,0.0,0.0,0.0,37.212575,0.7442515000000001,0.0
2023-05-19 21:30:00+02:00,0.0,0.0,0.0,37.212575,0.7442515000000001,0.0
2023-05-19 21:45:00+02:00,0.0,0.0,0.0,37.212575,0.7442515000000001,0.0
2023-05-19 22:00:00+02:00,0.0,0.0,0.0,37.212575,0.7442515000000001,0.0
2023-05-19 22:15:00+02:00,0.0,0.0,0.0,37.212575,0.7442515000000001,0.0
2023-05-19 22:30:00+02:00,0.0,0.0,0.0,37.212575,0.7442515000000001,0.0
2023-05-19 22:45:00+02:00,0.0,0.0,0.0,37.212575,0.7442515000000001,0.0
2023-05-19 23:00:00+02:00,0.0,0.0,0.0,37.212575,0.7442515000000001,0.0
2023-05-19 23:15:00+02:00,0.0,0.0,0.0,37.212575,0.7442515000000001,0.0
2023-05-19 23:30:00+02:00,0.0,0.0,0.0,37.212575,0.7442515000000001,0.0
2023-05-19 23:45:00+02:00,0.0,0.0,0.0,37.212575,0.7442515000000001,0.0
2023-05-20 00:00:00+02:00,0.0,0.0,0.0,37.212575,0.7442515000000001,0.0
2023-05-20 00:15:00+02:00,0.0,0.0,0.0,37.212575,0.7442515000000001,0.0
2023-05-20 00:30:00+02:00,0.0,0.0,0.0,37.212575,0.7442515000000001,0.0
2023-05-20 00:45:00+02:00,0.0,0.0,0.0,37.212575,0.7442515000000001,0.0
2023-05-20 01:00:00+02:00,0.0,0.0,0.0,37.212575,0.7442515000000001,0.0
2023-05-20 01:15:00+02:00,0.0,0.0,0.0,37.212575,0.7442515000000001,0.0
2023-05-20 01:30:00+02:00,0.0,0.0,0.0,37.212575,0.7442515000000001,0.0
2023-05-20 01:45:00+02:00,0.0,0.0,0.0,37.212575,0.7442515000000001,0.0
2023-05-20 02:00:00+02:00,0.0,0.0,0.0,37.212575,0.7442515000000001,0.0
2023-05-20 02:15:00+02:00,0.0,0.0,0.0,37.212575,0.7442515000000001,0.0
2023-05-20 02:30:00+02:00,0.0,0.0,0.0,37.212575,0.7442515000000001,0.0
2023-05-20 02:45:00+02:00,0.0,0.0,0.0,37.212575,0.7442515000000001,0.0
2023-05-20 03:00:00+02:00,0.0,0.0,0.0,37.212575,0.7442515000000001,0.0
2023-05-20 03:15:00+02:00,0.0,0.0,0.0,37.212575,0.7442515000000001,0.0
2023-05-20 03:30:00+02:00,0.0,0.0,0.0,37.212575,0.7442515000000001,0.0
2023-05-20 03:45:00+02:00,0.0,0.0,0.0,37.212575,0.7442515000000001,0.0
2023-05-20 04:00:00+02:00,0.0,0.0,0.0,37.212575,0.7442515000000001,0.0
2023-05-20 04:15:00+02:00,0.0,0.0,0.0,37.212575,0.7442515000000001,0.0
2023-05-20 04:30:00+02:00,0.0,0.0,0.0,37.212575,0.7442515000000001,0.0
2023-05-20 04:45:00+02:00,0.0,0.0,0.0,37.212575,0.7442515000000001,0.0
2023-05-20 05:00:00+02:00,0.0,0.0,0.0,37.212575,0.7442515000000001,0.0
2023-05-20 05:15:00+02:00,0.0,0.0,0.0,37.212575,0.7442515000000001,0.0
2023-05-20 05:30:00+02:00,0.022905036,0.0,0.022905036,37.212575,0.7443603,0.0
2023-05-20 05:45:00+02:00,0.21038671,0.0,0.21038671,37.218015,0.7453596400000001,0.0
2023-05-20 06:00:00+02:00,0.4614621,0.0,0.4614621,37.267982,0.74755158,0.0
2023-05-20 06:15:00+02:00,0.74032164,0.0,0.74032164,37.377579,0.7510680999999999,0.0
2023-05-20 06:30:00+02:00,1.1015301,0.0,1.1015301,37.553405,0.75630038,0.0
2023-05-20 06:45:00+02:00,1.0055982,0.0,1.0055982,37.815019,0.76107696,0.0
2023-05-20 07:00:00+02:00,1.5632682,0.0,1.5632682,38.053848,0.7685025,0.0
2023-05-20 07:15:00+02:00,2.2877798,0.0,2.2877798,38.425125,0.77936944,0.0
2023-05-20 07:30:00+02:00,2.8806807,0.0,2.8806807,38.968472,0.79305268,0.0
2023-05-20 07:45:00+02:00,3.3756205,0.0,3.3756205,39.652634,0.80908688,0.0
2023-05-20 08:00:00+02:00,3.8451331,0.0,3.8451331,40.454344,0.8273512599999999,0.0
2023-05-20 08:15:00+02:00,0.0,0.0,0.0,41.367563,0.8273512599999999,0.0
2023-05-20 08:30:00+02:00,0.0,0.0,0.0,41.367563,0.8273512599999999,0.0
2023-05-20 08:45:00+02:00,0.0,0.0,0.0,41.367563,0.8273512599999999,0.0
2023-05-20 09:00:00+02:00,0.0,0.0,0.0,41.367563,0.8273512599999999,0.0
2023-05-20 09:15:00+02:00,0.0,0.0,0.0,41.367563,0.8273512599999999,0.0
2023-05-20 09:30:00+02:00,0.0,0.0,0.0,41.367563,0.8273512599999999,0.0
2023-05-20 09:45:00+02:00,0.0,0.0,0.0,41.367563,0.8273512599999999,0.0
2023-05-20 10:00:00+02:00,0.0,0.0,0.0,41.367563,0.8273512599999999,0.0
2023-05-20 10:15:00+02:00,0.0,0.0,0.0,41.367563,0.8273512599999999,0.0
2023-05-20 10:30:00+02:00,0.0,0.0,0.0,41.367563,0.8273512599999999,0.0
2023-05-20 10:45:00+02:00,0.0,0.0,0.0,41.367563,0.8273512599999999,0.0
2023-05-20 11:00:00+02:00,0.0,0.0,0.0,41.367563,0.8273512599999999,0.0
2023-05-20 11:15:00+02:00,0.0,0.0,0.0,41.367563,0.8273512599999999,0.0
2023-05-20 11:30:00+02:00,0.0,0.0,0.0,41.367563,0.8273512599999999,0.0
2023-05-20 11:45:00+02:00,0.0,0.0,0.0,41.367563,0.8273512599999999,0.0
2023-05-20 12:00:00+02:00,0.0,0.0,0.0,41.367563,0.8273512599999999,0.0
2023-05-20 12:15:00+02:00,0.0,0.0,0.0,41.367563,0.8273512599999999,0.0
2023-05-20 12:30:00+02:00,0.0,0.0,0.0,41.367563,0.8273512599999999,0.0
2023-05-20 12:45:00+02:00,0.0,0.0,0.0,41.367563,0.8273512599999999,0.0
2023-05-20 13:00:00+02:00,0.0,0.0,0.0,41.367563,0.8273512599999999,0.0
2023-05-20 13:15:00+02:00,0.0,0.0,0.0,41.367563,0.8273512599999999,0.0
2023-05-20 13:30:00+02:00,0.0,0.0,0.0,41.367563,0.8273512599999999,0.0
2023-05-20 13:45:00+02:00,0.0,0.0,0.0,41.367563,0.8273512599999999,0.0
2023-05-20 14:00:00+02:00,0.0,0.0,0.0,41.367563,0.8273512599999999,0.0
2023-05-20 14:15:00+02:00,0.0,0.0,0.0,41.367563,0.8273512599999999,0.0
2023-05-20 14:30:00+02:00,0.0,0.0,0.0,41.367563,0.8273512599999999,0.0
2023-05-20 14:45:00+02:00,0.0,0.0,0.0,41.367563,0.8273512599999999,0.0
2023-05-20 15:00:00+02:00,0.0,0.0,0.0,41.367563,0.8273512599999999,0.0
2023-05-20 15:15:00+02:00,0.0,0.0,0.0,41.367563,0.8273512599999999,0.0
2023-05-20 15:30:00+02:00,0.0,0.0,0.0,41.367563,0.6128872599999999,10.7232
2023-05-20 15:45:00+02:00,4.2357466,0.0,4.2357466,30.644363,0.63300706,0.0
2023-05-20 16:00:00+02:00,3.8004067,0.0,3.8004067,31.650353,0.65105898,0.0
2023-05-20 16:15:00+02:00,4.2863949,0.0,4.2863949,32.552949,0.67141936,0.0
2023-05-20 16:30:00+02:00,2.6882767,0.0,2.6882767,33.570968,0.68418868,0.0
2023-05-20 16:45:00+02:00,1.0714593,0.0,1.0714593,34.209434,0.6892780999999999,0.0
2023-05-20 17:00:00+02:00,1.5340282,0.0,1.5340282,34.463905,0.69656474,0.0
2023-05-20 17:15:00+02:00,1.2597987,0.0,1.2597987,34.828237,0.7025487800000001,0.0
2023-05-20 17:30:00+02:00,0.81830867,0.0,0.81830867,35.127439,0.70643576,0.0
2023-05-20 17:45:00+02:00,0.89300541,0.0,0.89300541,35.321788,0.71067752,0.0
2023-05-20 18:00:00+02:00,0.56707938,0.0,0.56707938,35.533876,0.7133711599999999,0.0
2023-05-20 18:15:00+02:00,0.48403396,0.0,0.48403396,35.668558,0.71567032,0.0
2023-05-20 18:30:00+02:00,0.37141035,0.0,0.37141035,35.783516,0.7174345200000001,0.0
2023-05-20 18:45:00+02:00,0.19426335,0.0,0.19426335,35.871726,0.7183572599999999,0.0
2023-05-20 19:00:00+02:00,0.0,0.0,0.0,35.917863,0.7183572599999999,0.0
2023-05-20 19:15:00+02:00,0.0,0.0,0.0,35.917863,0.7183572599999999,0.0
2023-05-20 19:30:00+02:00,0.0,0.0,0.0,35.917863,0.7183572599999999,0.0
2023-05-20 19:45:00+02:00,0.0,0.0,0.0,35.917863,0.7183572599999999,0.0
2023-05-20 20:00:00+02:00,0.0,0.0,0.0,35.917863,0.7183572599999999,0.0
2023-05-20 20:15:00+02:00,0.0,0.0,0.0,35.917863,0.7183572599999999,0.0
2023-05-20 20:30:00+02:00,0.0,0.0,0.0,35.917863,0.7183572599999999,0.0
2023-05-20 20:45:00+02:00,0.0,0.0,0.0,35.917863,0.7183572599999999,0.0
2023-05-20 21:00:00+02:00,0.0,0.0,0.0,35.917863,0.7183572599999999,0.0
2023-05-20 21:15:00+02:00,0.0,0.0,0.0,35.917863,0.7183572599999999,0.0
2023-05-20 21:30:00+02:00,0.0,0.0,0.0,35.917863,0.7183572599999999,0.0
2023-05-20 21:45:00+02:00,0.0,0.0,0.0,35.917863,0.7183572599999999,0.0
2023-05-20 22:00:00+02:00,0.0,0.0,0.0,35.917863,0.7183572599999999,0.0
2023-05-20 22:15:00+02:00,0.0,0.0,0.0,35.917863,0.7183572599999999,0.0
2023-05-20 22:30:00+02:00,0.0,0.0,0.0,35.917863,0.7183572599999999,0.0
2023-05-20 22:45:00+02:00,0.0,0.0,0.0,35.917863,0.7183572599999999,0.0
2023-05-20 23:00:00+02:00,0.0,0.0,0.0,35.917863,0.7183572599999999,0.0
2023-05-20 23:15:00+02:00,0.0,0.0,0.0,35.917863,0.7183572599999999,0.0
2023-05-20 23:30:00+02:00,0.0,0.0,0.0,35.917863,0.7183572599999999,0.0
2023-05-20 23:45:00+02:00,0.0,0.0,0.0,35.917863,0.7183572599999999,0.0
2023-05-21 00:00:00+02:00,0.0,0.0,0.0,35.917863,0.7183572599999999,0.0
2023-05-21 00:15:00+02:00,0.0,0.0,0.0,35.917863,0.7183572599999999,0.0
2023-05-21 00:30:00+02:00,0.0,0.0,0.0,35.917863,0.7183572599999999,0.0
2023-05-21 00:45:00+02:00,0.0,0.0,0.0,35.917863,0.7183572599999999,0.0
2023-05-21 01:00:00+02:00,0.0,0.0,0.0,35.917863,0.7183572599999999,0.0
2023-05-21 01:15:00+02:00,0.0,0.0,0.0,35.917863,0.7183572599999999,0.0
2023-05-21 01:30:00+02:00,0.0,0.0,0.0,35.917863,0.7183572599999999,0.0
2023-05-21 01:45:00+02:00,0.0,0.0,0.0,35.917863,0.7183572599999999,0.0
2023-05-21 02:00:00+02:00,0.0,0.0,0.0,35.917863,0.7183572599999999,0.0
2023-05-21 02:15:00+02:00,0.0,0.0,0.0,35.917863,0.7183572599999999,0.0
2023-05-21 02:30:00+02:00,0.0,0.0,0.0,35.917863,0.7183572599999999,0.0
2023-05-21 02:45:00+02:00,0.0,0.0,0.0,35.917863,0.7183572599999999,0.0
2023-05-21 03:00:00+02:00,0.0,0.0,0.0,35.917863,0.7183572599999999,0.0
2023-05-21 03:15:00+02:00,0.0,0.0,0.0,35.917863,0.7183572599999999,0.0
2023-05-21 03:30:00+02:00,0.0,0.0,0.0,35.917863,0.7183572599999999,0.0
2023-05-21 03:45:00+02:00,0.0,0.0,0.0,35.917863,0.7183572599999999,0.0
2023-05-21 04:00:00+02:00,0.0,0.0,0.0,35.917863,0.7183572599999999,0.0
2023-05-21 04:15:00+02:00,0.0,0.0,0.0,35.917863,0.7183572599999999,0.0
2023-05-21 04:30:00+02:00,0.0,0.0,0.0,35.917863,0.7183572599999999,0.0
2023-05-21 04:45:00+02:00,0.0,0.0,0.0,35.917863,0.7183572599999999,0.0
2023-05-21 05:00:00+02:00,0.0,0.0,0.0,35.917863,0.7183572599999999,0.0
2023-05-21 05:15:00+02:00,0.071256231,0.0,0.071256231,35.917863,0.71869574,0.0
2023-05-21 05:30:00+02:00,0.23185625,0.0,0.23185625,35.934787,0.7197970599999999,0.0
2023-05-21 05:45:00+02:00,0.26797465,0.0,0.26797465,35.989853,0.72106994,0.0
2023-05-21 06:00:00+02:00,0.25891454,0.0,0.25891454,36.053497,0.7222997800000001,0.0
2023-05-21 06:15:00+02:00,0.17450849,0.0,0.17450849,36.114989,0.7231287000000001,0.0
2023-05-21 06:30:00+02:00,0.16192382,0.0,0.16192382,36.156435,0.7238978199999999,0.0
2023-05-21 06:45:00+02:00,0.1021676,0.0,0.1021676,36.194891,0.7243831199999999,0.0
2023-05-21 07:00:00+02:00,0.27119562,0.0,0.27119562,36.219156,0.7256713,0.0
2023-05-21 07:15:00+02:00,0.48934216,0.0,0.48934216,36.283565,0.7279956799999999,0.0
2023-05-21 07:30:00+02:00,0.77389273,0.0,0.77389273,36.399784,0.73167166,0.0
2023-05-21 07:45:00+02:00,1.8973485,0.0,1.8973485,36.583583,0.7406840800000001,0.0
2023-05-21 08:00:00+02:00,4.2582795,0.0,4.2582795,37.034204,0.7609109,0.0
2023-05-21 08:15:00+02:00,8.2292836,0.0,8.2292836,38.045545,0.8,0.0
2023-05-21 08:30:00+02:00,4.6800726,0.0,4.6800726,40.0,0.82223034,0.0
2023-05-21 08:45:00+02:00,0.0,0.0,0.0,41.111517,0.82223034,0.0
2023-05-21 09:00:00+02:00,0.0,0.0,0.0,41.111517,0.82223034,0.0
2023-05-21 09:15:00+02:00,0.0,0.0,0.0,41.111517,0.82223034,0.0
2023-05-21 09:30:00+02:00,0.0,0.0,0.0,41.111517,0.82223034,0.0
2023-05-21 09:45:00+02:00,0.0,0.0,0.0,41.111517,0.82223034,0.0
2023-05-21 10:00:00+02:00,0.0,0.0,0.0,41.111517,0.82223034,0.0
2023-05-21 10:15:00+02:00,0.0,0.0,0.0,41.111517,0.82223034,0.0
2023-05-21 10:30:00+02:00,0.0,0.0,0.0,41.111517,0.82223034,0.0
2023-05-21 10:45:00+02:00,0.0,0.0,0.0,41.111517,0.82223034,0.0
2023-05-21 11:00:00+02:00,0.0,0.0,0.0,41.111517,0.82223034,0.0
2023-05-21 11:15:00+02:00,0.0,0.0,0.0,41.111517,0.82223034,0.0
2023-05-21 11:30:00+02:00,0.0,0.0,0.0,41.111517,0.82223034,0.0
2023-05-21 11:45:00+02:00,0.0,0.0,0.0,41.111517,0.82223034,0.0
2023-05-21 12:00:00+02:00,0.0,0.0,0.0,41.111517,0.82223034,0.0
2023-05-21 12:15:00+02:00,0.0,0.0,0.0,41.111517,0.82223034,0.0
2023-05-21 12:30:00+02:00,0.0,0.0,0.0,41.111517,0.82223034,0.0
2023-05-21 12:45:00+02:00,0.0,0.0,0.0,41.111517,0.82223034,0.0
2023-05-21 13:00:00+02:00,0.0,0.0,0.0,41.111517,0.82223034,0.0
2023-05-21 13:15:00+02:00,0.0,0.0,0.0,41.111517,0.82223034,0.0
2023-05-21 13:30:00+02:00,0.0,0.0,0.0,41.111517,0.82223034,0.0
2023-05-21 13:45:00+02:00,0.0,0.0,0.0,41.111517,0.82223034,0.0
2023-05-21 14:00:00+02:00,0.0,0.0,0.0,41.111517,0.82223034,0.0
2023-05-21 14:15:00+02:00,0.0,0.0,0.0,41.111517,0.82223034,0.0
2023-05-21 14:30:00+02:00,0.0,0.0,0.0,41.111517,0.82223034,0.0
2023-05-21 14:45:00+02:00,0.0,0.0,0.0,41.111517,0.82223034,0.0
2023-05-21 15:00:00+02:00,0.0,0.0,0.0,41.111517,0.82223034,0.0
2023-05-21 15:15:00+02:00,0.0,0.0,0.0,41.111517,0.82223034,0.0
2023-05-21 15:30:00+02:00,0.0,0.0,0.0,41.111517,0.82223034,0.0
2023-05-21 15:45:00+02:00,0.0,0.0,0.0,41.111517,0.82223034,0.0
2023-05-21 16:00:00+02:00,0.0,0.0,0.0,41.111517,0.82223034,0.0
2023-05-21 16:15:00+02:00,0.0,0.0,0.0,41.111517,0.82223034,0.0
2023-05-21 16:30:00+02:00,0.0,0.0,0.0,41.111517,0.6513820800000001,8.542412811385393
2023-05-21 16:45:00+02:00,2.6364831,0.0,2.6364831,32.569104,0.6639053800000001,0.0
2023-05-21 17:00:00+02:00,1.9996461,0.0,1.9996461,33.195269,0.6734036999999999,0.0
2023-05-21 17:15:00+02:00,1.3871555,0.0,1.3871555,33.670185,0.6799927,0.0
2023-05-21 17:30:00+02:00,0.97091985,0.0,0.97091985,33.999635,0.6846045599999999,0.0
2023-05-21 17:45:00+02:00,0.92681527,0.0,0.92681527,34.230228,0.6890069400000001,0.0
2023-05-21 18:00:00+02:00,0.92081076,0.0,0.92081076,34.450347,0.6933807799999999,0.0
2023-05-21 18:15:00+02:00,0.81358246,0.0,0.81358246,34.669039,0.6972453000000001,0.0
2023-05-21 18:30:00+02:00,0.50282449,0.0,0.50282449,34.862265,0.69963372,0.0
2023-05-21 18:45:00+02:00,0.11933092,0.0,0.11933092,34.981686,0.70020054,0.0
2023-05-21 19:00:00+02:00,0.0,0.0,0.0,35.010027,0.70020054,0.0
2023-05-21 19:15:00+02:00,0.0,0.0,0.0,35.010027,0.70020054,0.0
2023-05-21 19:30:00+02:00,0.0,0.0,0.0,35.010027,0.70020054,0.0
2023-05-21 19:45:00+02:00,0.0,0.0,0.0,35.010027,0.70020054,0.0
2023-05-21 20:00:00+02:00,0.0,0.0,0.0,35.010027,0.70020054,0.0
2023-05-21 20:15:00+02:00,0.0,0.0,0.0,35.010027,0.70020054,0.0
2023-05-21 20:30:00+02:00,0.0,0.0,0.0,35.010027,0.70020054,0.0
2023-05-21 20:45:00+02:00,0.0,0.0,0.0,35.010027,0.70020054,0.0
2023-05-21 21:00:00+02:00,0.0,0.0,0.0,35.010027,0.70020054,0.0
2023-05-21 21:15:00+02:00,0.0,0.0,0.0,35.010027,0.70020054,0.0
2023-05-21 21:30:00+02:00,0.0,0.0,0.0,35.010027,0.70020054,0.0
2023-05-21 21:45:00+02:00,0.0,0.0,0.0,35.010027,0.70020054,0.0
2023-05-21 22:00:00+02:00,0.0,0.0,0.0,35.010027,0.70020054,0.0
2023-05-21 22:15:00+02:00,0.0,0.0,0.0,35.010027,0.70020054,0.0
2023-05-21 22:30:00+02:00,0.0,0.0,0.0,35.010027,0.70020054,0.0
2023-05-21 22:45:00+02:00,0.0,0.0,0.0,35.010027,0.70020054,0.0
2023-05-21 23:00:00+02:00,0.0,0.0,0.0,35.010027,0.70020054,0.0
2023-05-21 23:15:00+02:00,0.0,0.0,0.0,35.010027,0.70020054,0.0
2023-05-21 23:30:00+02:00,0.0,0.0,0.0,35.010027,0.70020054,0.0
2023-05-21 23:45:00+02:00,0.0,0.0,0.0,35.010027,0.70020054,0.0
2023-05-22 00:00:00+02:00,0.0,0.0,0.0,35.010027,0.70020054,0.0
2023-05-22 00:15:00+02:00,0.0,0.0,0.0,35.010027,0.70020054,0.0
2023-05-22 00:30:00+02:00,0.0,0.0,0.0,35.010027,0.70020054,0.0
2023-05-22 00:45:00+02:00,0.0,0.0,0.0,35.010027,0.70020054,0.0
2023-05-22 01:00:00+02:00,0.0,0.0,0.0,35.010027,0.70020054,0.0
2023-05-22 01:15:00+02:00,0.0,0.0,0.0,35.010027,0.70020054,0.0
2023-05-22 01:30:00+02:00,0.0,0.0,0.0,35.010027,0.70020054,0.0
2023-05-22 01:45:00+02:00,0.0,0.0,0.0,35.010027,0.70020054,0.0
2023-05-22 02:00:00+02:00,0.0,0.0,0.0,35.010027,0.70020054,0.0
2023-05-22 02:15:00+02:00,0.0,0.0,0.0,35.010027,0.70020054,0.0
2023-05-22 02:30:00+02:00,0.0,0.0,0.0,35.010027,0.70020054,0.0
2023-05-22 02:45:00+02:00,0.0,0.0,0.0,35.010027,0.70020054,0.0
2023-05-22 03:00:00+02:00,0.0,0.0,0.0,35.010027,0.70020054,0.0
2023-05-22 03:15:00+02:00,0.0,0.0,0.0,35.010027,0.70020054,0.0
2023-05-22 03:30:00+02:00,0.0,0.0,0.0,35.010027,0.70020054,0.0
2023-05-22 03:45:00+02:00,0.0,0.0,0.0,35.010027,0.70020054,0.0
2023-05-22 04:00:00+02:00,0.0,0.0,0.0,35.010027,0.70020054,0.0
2023-05-22 04:15:00+02:00,0.0,0.0,0.0,35.010027,0.70020054,0.0
2023-05-22 04:30:00+02:00,0.0,0.0,0.0,35.010027,0.70020054,0.0
2023-05-22 04:45:00+02:00,0.0,0.0,0.0,35.010027,0.70020054,0.0
2023-05-22 05:00:00+02:00,0.0,0.0,0.0,35.010027,0.70020054,0.0
2023-05-22 05:15:00+02:00,0.0,0.0,0.0,35.010027,0.70020054,0.0
2023-05-22 05:30:00+02:00,0.052489661,0.0,0.052489661,35.010027,0.70044986,0.0
2023-05-22 05:45:00+02:00,0.13710732,0.0,0.13710732,35.022493,0.70110112,0.0
2023-05-22 06:00:00+02:00,0.30161359,0.0,0.30161359,35.055056,0.70253378,0.0
2023-05-22 06:15:00+02:00,0.50404315,0.0,0.50404315,35.126689,0.704928,0.0
2023-05-22 06:30:00+02:00,0.76926756,0.0,0.76926756,35.2464,0.70858202,0.0
2023-05-22 06:45:00+02:00,0.92153644,0.0,0.92153644,35.429101,0.71295932,0.0
2023-05-22 07:00:00+02:00,1.0168099,0.0,1.0168099,35.647966,0.7177891599999999,0.0
2023-05-22 07:15:00+02:00,1.021944,0.0,1.021944,35.889458,0.7226434,0.0
2023-05-22 07:30:00+02:00,1.2280682,0.0,1.2280682,36.13217,0.7284767200000001,0.0
2023-05-22 07:45:00+02:00,2.1428122,0.0,2.1428122,36.423836,0.73865508,0.0
2023-05-22 08:00:00+02:00,6.2224219,0.0,6.2224219,36.932754,0.76821158,0.0
2023-05-22 08:15:00+02:00,6.6922989,0.0,6.6922989,38.410579,0.8,0.0
2023-05-22 08:30:00+02:00,4.863269,0.0,4.863269,40.0,0.82310052,0.0
2023-05-22 08:45:00+02:00,0.0,0.0,0.0,41.155026,0.82310052,0.0
2023-05-22 09:00:00+02:00,0.0,0.0,0.0,41.155026,0.82310052,0.0
2023-05-22 09:15:00+02:00,0.0,0.0,0.0,41.155026,0.82310052,0.0
2023-05-22 09:30:00+02:00,0.0,0.0,0.0,41.155026,0.82310052,0.0
2023-05-22 09:45:00+02:00,0.0,0.0,0.0,41.155026,0.82310052,0.0
2023-05-22 10:00:00+02:00,0.0,0.0,0.0,41.155026,0.82310052,0.0
2023-05-22 10:15:00+02:00,0.0,0.0,0.0,41.155026,0.82310052,0.0
2023-05-22 10:30:00+02:00,0.0,0.0,0.0,41.155026,0.82310052,0.0
2023-05-22 10:45:00+02:00,0.0,0.0,0.0,41.155026,0.82310052,0.0
2023-05-22 11:00:00+02:00,0.0,0.0,0.0,41.155026,0.82310052,0.0
2023-05-22 11:15:00+02:00,0.0,0.0,0.0,41.155026,0.82310052,0.0
2023-05-22 11:30:00+02:00,0.0,0.0,0.0,41.155026,0.82310052,0.0
2023-05-22 11:45:00+02:00,0.0,0.0,0.0,41.155026,0.82310052,0.0
2023-05-22 12:00:00+02:00,0.0,0.0,0.0,41.155026,0.82310052,0.0
2023-05-22 12:15:00+02:00,0.0,0.0,0.0,41.155026,0.82310052,0.0
2023-05-22 12:30:00+02:00,0.0,0.0,0.0,41.155026,0.82310052,0.0
2023-05-22 12:45:00+02:00,0.0,0.0,0.0,41.155026,0.82310052,0.0
2023-05-22 13:00:00+02:00,0.0,0.0,0.0,41.155026,0.82310052,0.0
2023-05-22 13:15:00+02:00,0.0,0.0,0.0,41.155026,0.82310052,0.0
2023-05-22 13:30:00+02:00,0.0,0.0,0.0,41.155026,0.82310052,0.0
2023-05-22 13:45:00+02:00,0.0,0.0,0.0,41.155026,0.82310052,0.0
2023-05-22 14:00:00+02:00,0.0,0.0,0.0,41.155026,0.82310052,0.0
2023-05-22 14:15:00+02:00,0.0,0.0,0.0,41.155026,0.82310052,0.0
2023-05-22 14:30:00+02:00,0.0,0.0,0.0,41.155026,0.82310052,0.0
2023-05-22 14:45:00+02:00,0.0,0.0,0.0,41.155026,0.82310052,0.0
2023-05-22 15:00:00+02:00,0.0,0.0,0.0,41.155026,0.82310052,0.0
2023-05-22 15:15:00+02:00,0.0,0.0,0.0,41.155026,0.82310052,0.0
2023-05-22 15:30:00+02:00,0.0,0.0,0.0,41.155026,0.82310052,0.0
2023-05-22 15:45:00+02:00,0.0,0.0,0.0,41.155026,0.82310052,0.0
2023-05-22 16:00:00+02:00,0.0,0.0,0.0,41.155026,0.82310052,0.0
2023-05-22 16:15:00+02:00,0.0,0.0,0.0,41.155026,0.82310052,0.0
2023-05-22 16:30:00+02:00,0.0,0.0,0.0,41.155026,0.82310052,0.0
2023-05-22 16:45:00+02:00,0.0,0.0,0.0,41.155026,0.82310052,0.0
2023-05-22 17:00:00+02:00,0.0,0.0,0.0,41.155026,0.82310052,0.0
2023-05-22 17:15:00+02:00,0.0,0.0,0.0,41.155026,0.82310052,0.0
2023-05-22 17:30:00+02:00,0.0,0.0,0.0,41.155026,0.82310052,0.0
2023-05-22 17:45:00+02:00,0.0,0.0,0.0,41.155026,0.82310052,0.0
2023-05-22 18:00:00+02:00,0.0,0.0,0.0,41.155026,0.6472865,8.79070145413468
2023-05-22 18:15:00+02:00,0.76526573,0.0,0.76526573,32.364325,0.65092152,0.0
2023-05-22 18:30:00+02:00,0.41806399,0.0,0.41806399,32.546076,0.6529073200000001,0.0
2023-05-22 18:45:00+02:00,0.24270428,0.0,0.24270428,32.645366,0.6540601599999999,0.0
2023-05-22 19:00:00+02:00,0.0,0.0,0.0,32.703008,0.6540601599999999,0.0
2023-05-22 19:15:00+02:00,0.0,0.0,0.0,32.703008,0.6540601599999999,0.0
2023-05-22 19:30:00+02:00,0.0,0.0,0.0,32.703008,0.6540601599999999,0.0
2023-05-22 19:45:00+02:00,0.0,0.0,0.0,32.703008,0.6540601599999999,0.0
2023-05-22 20:00:00+02:00,0.0,0.0,0.0,32.703008,0.6540601599999999,0.0
2023-05-22 20:15:00+02:00,0.0,0.0,0.0,32.703008,0.6540601599999999,0.0
2023-05-22 20:30:00+02:00,0.0,0.0,0.0,32.703008,0.6540601599999999,0.0
2023-05-22 20:45:00+02:00,0.0,0.0,0.0,32.703008,0.6540601599999999,0.0
2023-05-22 21:00:00+02:00,0.0,0.0,0.0,32.703008,0.6540601599999999,0.0
2023-05-22 21:15:00+02:00,0.0,0.0,0.0,32.703008,0.6540601599999999,0.0
2023-05-22 21:30:00+02:00,0.0,0.0,0.0,32.703008,0.6540601599999999,0.0
2023-05-22 21:45:00+02:00,0.0,0.0,0.0,32.703008,0.6540601599999999,0.0
2023-05-22 22:00:00+02:00,0.0,0.0,0.0,32.703008,0.6540601599999999,0.0
2023-05-22 22:15:00+02:00,0.0,0.0,0.0,32.703008,0.6540601599999999,0.0
2023-05-22 22:30:00+02:00,0.0,0.0,0.0,32.703008,0.6540601599999999,0.0
2023-05-22 22:45:00+02:00,0.0,0.0,0.0,32.703008,0.6540601599999999,0.0
2023-05-22 23:00:00+02:00,0.0,0.0,0.0,32.703008,0.6540601599999999,0.0
2023-05-22 23:15:00+02:00,0.0,0.0,0.0,32.703008,0.6540601599999999,0.0
2023-05-22 23:30:00+02:00,0.0,0.0,0.0,32.703008,0.6540601599999999,0.0
2023-05-22 23:45:00+02:00,0.0,0.0,0.0,32.703008,0.6540601599999999,0.0
2023-05-23 00:00:00+02:00,0.0,0.0,0.0,32.703008,0.6540601599999999,0.0
2023-05-23 00:15:00+02:00,0.0,0.0,0.0,32.703008,0.6540601599999999,0.0
2023-05-23 00:30:00+02:00,0.0,0.0,0.0,32.703008,0.6540601599999999,0.0
2023-05-23 00:45:00+02:00,0.0,0.0,0.0,32.703008,0.6540601599999999,0.0
2023-05-23 01:00:00+02:00,0.0,0.0,0.0,32.703008,0.6540601599999999,0.0
2023-05-23 01:15:00+02:00,0.0,0.0,0.0,32.703008,0.6540601599999999,0.0
2023-05-23 01:30:00+02:00,0.0,0.0,0.0,32.703008,0.6540601599999999,0.0
2023-05-23 01:45:00+02:00,0.0,0.0,0.0,32.703008,0.6540601599999999,0.0
2023-05-23 02:00:00+02:00,0.0,0.0,0.0,32.703008,0.6540601599999999,0.0
2023-05-23 02:15:00+02:00,0.0,0.0,0.0,32.703008,0.6540601599999999,0.0
2023-05-23 02:30:00+02:00,0.0,0.0,0.0,32.703008,0.6540601599999999,0.0
2023-05-23 02:45:00+02:00,0.0,0.0,0.0,32.703008,0.6540601599999999,0.0
2023-05-23 03:00:00+02:00,0.0,0.0,0.0,32.703008,0.6540601599999999,0.0
2023-05-23 03:15:00+02:00,0.0,0.0,0.0,32.703008,0.6540601599999999,0.0
2023-05-23 03:30:00+02:00,0.0,0.0,0.0,32.703008,0.6540601599999999,0.0
2023-05-23 03:45:00+02:00,0.0,0.0,0.0,32.703008,0.6540601599999999,0.0
2023-05-23 04:00:00+02:00,0.0,0.0,0.0,32.703008,0.6540601599999999,0.0
2023-05-23 04:15:00+02:00,0.0,0.0,0.0,32.703008,0.6540601599999999,0.0
2023-05-23 04:30:00+02:00,0.0,0.0,0.0,32.703008,0.6540601599999999,0.0
2023-05-23 04:45:00+02:00,0.0,0.0,0.0,32.703008,0.6540601599999999,0.0
2023-05-23 05:00:00+02:00,0.0,0.0,0.0,32.703008,0.6540601599999999,0.0
2023-05-23 05:15:00+02:00,0.095517489,0.0,0.095517489,32.703008,0.65451386,0.0
2023-05-23 05:30:00+02:00,0.20680092,0.0,0.20680092,32.725693,0.65549618,0.0
2023-05-23 05:45:00+02:00,0.43855094,0.0,0.43855094,32.774809,0.6575792800000001,0.0
2023-05-23 06:00:00+02:00,0.79934129,0.0,0.79934129,32.878964,0.66137616,0.0
2023-05-23 06:15:00+02:00,1.1682074,0.0,1.1682074,33.068808,0.66692514,0.0
2023-05-23 06:30:00+02:00,1.5915854,0.0,1.5915854,33.346257,0.67448518,0.0
2023-05-23 06:45:00+02:00,2.0237085,0.0,2.0237085,33.724259,0.6840978,0.0
2023-05-23 07:00:00+02:00,2.4666919,0.0,2.4666919,34.20489,0.69581458,0.0
2023-05-23 07:15:00+02:00,2.9585929,0.0,2.9585929,34.790729,0.7098679,0.0
2023-05-23 07:30:00+02:00,3.4617187,0.0,3.4617187,35.493395,0.72631106,0.0
2023-05-23 07:45:00+02:00,3.9583312,0.0,3.9583312,36.315553,0.74511314,0.0
2023-05-23 08:00:00+02:00,4.4489209,0.0,4.4489209,37.255657,0.7662455,0.0
2023-05-23 08:15:00+02:00,7.1062091,0.0,7.1062091,38.312275,0.8,0.0
2023-05-23 08:30:00+02:00,0.0,0.0,0.0,40.0,0.8,0.0
2023-05-23 08:45:00+02:00,0.0,0.0,0.0,40.0,0.8,0.0
2023-05-23 09:00:00+02:00,0.0,0.0,0.0,40.0,0.8,0.0
2023-05-23 09:15:00+02:00,0.0,0.0,0.0,40.0,0.8,0.0
2023-05-23 09:30:00+02:00,0.0,0.0,0.0,40.0,0.8,0.0
2023-05-23 09:45:00+02:00,0.0,0.0,0.0,40.0,0.8,0.0
2023-05-23 10:00:00+02:00,0.0,0.0,0.0,40.0,0.8,0.0
2023-05-23 10:15:00+02:00,0.0,0.0,0.0,40.0,0.8,0.0
2023-05-23 10:30:00+02:00,0.0,0.0,0.0,40.0,0.8,0.0
2023-05-23 10:45:00+02:00,0.0,0.0,0.0,40.0,0.8,0.0
2023-05-23 11:00:00+02:00,0.0,0.0,0.0,40.0,0.8,0.0
2023-05-23 11:15:00+02:00,0.0,0.0,0.0,40.0,0.8,0.0
2023-05-23 11:30:00+02:00,0.0,0.0,0.0,40.0,0.8,0.0
2023-05-23 11:45:00+02:00,0.0,0.0,0.0,40.0,0.8,0.0
2023-05-23 12:00:00+02:00,0.0,0.0,0.0,40.0,0.8,0.0
2023-05-23 12:15:00+02:00,0.0,0.0,0.0,40.0,0.8,0.0
2023-05-23 12:30:00+02:00,0.0,0.0,0.0,40.0,0.8,0.0
2023-05-23 12:45:00+02:00,0.0,0.0,0.0,40.0,0.8,0.0
2023-05-23 13:00:00+02:00,0.0,0.0,0.0,40.0,0.8,0.0
2023-05-23 13:15:00+02:00,0.0,0.0,0.0,40.0,0.8,0.0
2023-05-23 13:30:00+02:00,0.0,0.0,0.0,40.0,0.8,0.0
2023-05-23 13:45:00+02:00,0.0,0.0,0.0,40.0,0.8,0.0
2023-05-23 14:00:00+02:00,0.0,0.0,0.0,40.0,0.8,0.0
2023-05-23 14:15:00+02:00,0.0,0.0,0.0,40.0,0.8,0.0
2023-05-23 14:30:00+02:00,0.0,0.0,0.0,40.0,0.8,0.0
2023-05-23 14:45:00+02:00,0.0,0.0,0.0,40.0,0.8,0.0
2023-05-23 15:00:00+02:00,0.0,0.0,0.0,40.0,0.8,0.0
2023-05-23 15:15:00+02:00,0.0,0.0,0.0,40.0,0.8,0.0
2023-05-23 15:30:00+02:00,0.0,0.0,0.0,40.0,0.8,0.0
2023-05-23 15:45:00+02:00,0.0,0.0,0.0,40.0,0.8,0.0
2023-05-23 16:00:00+02:00,0.0,0.0,0.0,40.0,0.8,0.0
2023-05-23 16:15:00+02:00,0.0,0.0,0.0,40.0,0.712864,4.3568
2023-05-23 16:30:00+02:00,0.0,0.0,0.0,35.6432,0.712864,0.0
2023-05-23 16:45:00+02:00,0.0,0.0,0.0,35.6432,0.712864,0.0
2023-05-23 17:00:00+02:00,0.0,0.0,0.0,35.6432,0.712864,0.0
2023-05-23 17:15:00+02:00,0.0,0.0,0.0,35.6432,0.712864,0.0
2023-05-23 17:30:00+02:00,0.0,0.0,0.0,35.6432,0.712864,0.0
2023-05-23 17:45:00+02:00,0.0,0.0,0.0,35.6432,0.712864,0.0
2023-05-23 18:00:00+02:00,0.0,0.0,0.0,35.6432,0.712864,0.0
2023-05-23 18:15:00+02:00,0.0,0.0,0.0,35.6432,0.712864,0.0
2023-05-23 18:30:00+02:00,0.0,0.0,0.0,35.6432,0.712864,0.0
2023-05-23 18:45:00+02:00,0.0,0.0,0.0,35.6432,0.712864,0.0
2023-05-23 19:00:00+02:00,0.0,0.0,0.0,35.6432,0.712864,0.0
2023-05-23 19:15:00+02:00,0.0,0.0,0.0,35.6432,0.712864,0.0
2023-05-23 19:30:00+02:00,0.0,0.0,0.0,35.6432,0.712864,0.0
2023-05-23 19:45:00+02:00,0.0,0.0,0.0,35.6432,0.712864,0.0
2023-05-23 20:00:00+02:00,0.0,0.0,0.0,35.6432,0.712864,0.0
2023-05-23 20:15:00+02:00,0.0,0.0,0.0,35.6432,0.712864,0.0
2023-05-23 20:30:00+02:00,0.0,0.0,0.0,35.6432,0.712864,0.0
2023-05-23 20:45:00+02:00,0.0,0.0,0.0,35.6432,0.712864,0.0
2023-05-23 21:00:00+02:00,0.0,0.0,0.0,35.6432,0.712864,0.0
2023-05-23 21:15:00+02:00,0.0,0.0,0.0,35.6432,0.712864,0.0
2023-05-23 21:30:00+02:00,0.0,0.0,0.0,35.6432,0.712864,0.0
2023-05-23 21:45:00+02:00,0.0,0.0,0.0,35.6432,0.712864,0.0
2023-05-23 22:00:00+02:00,0.0,0.0,0.0,35.6432,0.712864,0.0
2023-05-23 22:15:00+02:00,0.0,0.0,0.0,35.6432,0.712864,0.0
2023-05-23 22:30:00+02:00,0.0,0.0,0.0,35.6432,0.712864,0.0
2023-05-23 22:45:00+02:00,0.0,0.0,0.0,35.6432,0.712864,0.0
2023-05-23 23:00:00+02:00,0.0,0.0,0.0,35.6432,0.712864,0.0
2023-05-23 23:15:00+02:00,0.0,0.0,0.0,35.6432,0.712864,0.0
2023-05-23 23:30:00+02:00,0.0,0.0,0.0,35.6432,0.712864,0.0
2023-05-23 23:45:00+02:00,0.0,0.0,0.0,35.6432,0.712864,0.0
2023-05-24 00:00:00+02:00,0.0,0.0,0.0,35.6432,0.712864,0.0
2023-05-24 00:15:00+02:00,0.0,0.0,0.0,35.6432,0.712864,0.0
2023-05-24 00:30:00+02:00,0.0,0.0,0.0,35.6432,0.712864,0.0
2023-05-24 00:45:00+02:00,0.0,0.0,0.0,35.6432,0.712864,0.0
2023-05-24 01:00:00+02:00,0.0,0.0,0.0,35.6432,0.712864,0.0
2023-05-24 01:15:00+02:00,0.0,0.0,0.0,35.6432,0.712864,0.0
2023-05-24 01:30:00+02:00,0.0,0.0,0.0,35.6432,0.712864,0.0
2023-05-24 01:45:00+02:00,0.0,0.0,0.0,35.6432,0.712864,0.0
2023-05-24 02:00:00+02:00,0.0,0.0,0.0,35.6432,0.712864,0.0
2023-05-24 02:15:00+02:00,0.0,0.0,0.0,35.6432,0.712864,0.0
2023-05-24 02:30:00+02:00,0.0,0.0,0.0,35.6432,0.712864,0.0
2023-05-24 02:45:00+02:00,0.0,0.0,0.0,35.6432,0.712864,0.0
2023-05-24 03:00:00+02:00,0.0,0.0,0.0,35.6432,0.712864,0.0
2023-05-24 03:15:00+02:00,0.0,0.0,0.0,35.6432,0.712864,0.0
2023-05-24 03:30:00+02:00,0.0,0.0,0.0,35.6432,0.712864,0.0
2023-05-24 03:45:00+02:00,0.0,0.0,0.0,35.6432,0.712864,0.0
2023-05-24 04:00:00+02:00,0.0,0.0,0.0,35.6432,0.712864,0.0
2023-05-24 04:15:00+02:00,0.0,0.0,0.0,35.6432,0.712864,0.0
2023-05-24 04:30:00+02:00,0.0,0.0,0.0,35.6432,0.712864,0.0
2023-05-24 04:45:00+02:00,0.0,0.0,0.0,35.6432,0.712864,0.0
2023-05-24 05:00:00+02:00,0.0,0.0,0.0,35.6432,0.712864,0.0
2023-05-24 05:15:00+02:00,0.0,0.0,0.0,35.6432,0.712864,0.0
2023-05-24 05:30:00+02:00,0.0,0.0,0.0,35.6432,0.712864,0.0
2023-05-24 05:45:00+02:00,0.0,0.0,0.0,35.6432,0.712864,0.0
2023-05-24 06:00:00+02:00,0.21982388,0.0,0.21982388,35.6432,0.71390816,0.0
2023-05-24 06:15:00+02:00,0.0,0.0,0.0,35.695408,0.71390816,0.0
2023-05-24 06:30:00+02:00,1.1417147,0.0,1.1417147,35.695408,0.7193313,0.0
2023-05-24 06:45:00+02:00,0.0,0.0,0.0,35.966565,0.7193313,0.0
2023-05-24 07:00:00+02:00,0.0,0.0,0.0,35.966565,0.7193313,0.0
2023-05-24 07:15:00+02:00,0.0,0.0,0.0,35.966565,0.7193313,0.0
2023-05-24 07:30:00+02:00,0.0,0.0,0.0,35.966565,0.7193313,0.0
2023-05-24 07:45:00+02:00,1.9890822,0.0,1.9890822,35.966565,0.72877944,0.0
2023-05-24 08:00:00+02:00,3.0661134,0.0,3.0661134,36.438972,0.7433434800000001,0.0
2023-05-24 08:15:00+02:00,4.4155827,0.0,4.4155827,37.167174,0.7643175,0.0
2023-05-24 08:30:00+02:00,4.5419573,0.0,4.5419573,38.215875,0.7858918,0.0
2023-05-24 08:45:00+02:00,4.8796185,0.0,4.8796185,39.29459,0.80907,0.0
2023-05-24 09:00:00+02:00,0.0,0.0,0.0,40.4535,0.80907,0.0
2023-05-24 09:15:00+02:00,0.0,0.0,0.0,40.4535,0.80907,0.0
2023-05-24 09:30:00+02:00,0.0,0.0,0.0,40.4535,0.80907,0.0
2023-05-24 09:45:00+02:00,4.2041201,0.0,4.2041201,40.4535,0.8290395599999999,0.0
2023-05-24 10:00:00+02:00,0.0,0.0,0.0,41.451978,0.8290395599999999,0.0
2023-05-24 10:15:00+02:00,2.8580004,0.0,2.8580004,41.451978,0.84261506,0.0
2023-05-24 10:30:00+02:00,0.0,0.0,0.0,42.130753,0.84261506,0.0
2023-05-24 10:45:00+02:00,0.0,0.0,0.0,42.130753,0.84261506,0.0
2023-05-24 11:00:00+02:00,4.9268143,0.0,4.9268143,42.130753,0.8660174399999999,0.0
2023-05-24 11:15:00+02:00,4.9820467,0.0,4.9820467,43.300872,0.88968216,0.0
2023-05-24 11:30:00+02:00,0.32912535,0.0,0.32912535,44.484108,0.8912455,0.0
2023-05-24 11:45:00+02:00,0.0,0.0,0.0,44.562275,0.8912455,0.0
2023-05-24 12:00:00+02:00,4.092224,0.0,4.092224,44.562275,0.91068356,0.0
2023-05-24 12:15:00+02:00,1.8963225,0.0,1.8963225,45.534178,0.9196911,0.0
2023-05-24 12:30:00+02:00,0.0,0.0,0.0,45.984555,0.9196911,0.0
2023-05-24 12:45:00+02:00,0.0,0.0,0.0,45.984555,0.9196911,0.0
2023-05-24 13:00:00+02:00,0.0,0.0,0.0,45.984555,0.9196911,0.0
2023-05-24 13:15:00+02:00,3.7006962,0.0,3.7006962,45.984555,0.9372694,0.0
2023-05-24 13:30:00+02:00,7.0437314,0.0,7.0437314,46.86347,0.9707271199999999,0.0
2023-05-24 13:45:00+02:00,0.0,0.0,0.0,48.536356,0.9707271199999999,0.0
2023-05-24 14:00:00+02:00,2.6218836,0.0,2.6218836,48.536356,0.9831810799999999,0.0
2023-05-24 14:15:00+02:00,0.0,0.0,0.0,49.159054,0.9831810799999999,0.0
2023-05-24 14:30:00+02:00,0.0,0.0,0.0,49.159054,0.9831810799999999,0.0
2023-05-24 14:45:00+02:00,0.0,0.0,0.0,49.159054,0.9831810799999999,0.0
2023-05-24 15:00:00+02:00,0.0,0.0,0.0,49.159054,0.9831810799999999,0.0
2023-05-24 15:15:00+02:00,0.62559235,0.0,0.62559235,49.159054,0.9861526399999999,0.0
2023-05-24 15:30:00+02:00,0.0,0.0,0.0,49.307632,0.9861526399999999,0.0
2023-05-24 15:45:00+02:00,0.0,0.0,0.0,49.307632,0.9861526399999999,0.0
2023-05-24 16:00:00+02:00,0.0,0.0,0.0,49.307632,0.9861526399999999,0.0
2023-05-24 16:15:00+02:00,0.0,0.0,0.0,49.307632,0.9861526399999999,0.0
2023-05-24 16:30:00+02:00,0.0,0.0,0.0,49.307632,0.9861526399999999,0.0
2023-05-24 16:45:00+02:00,0.0,0.0,0.0,49.307632,0.9861526399999999,0.0
2023-05-24 17:00:00+02:00,0.0,0.0,0.0,49.307632,0.9861526399999999,0.0
2023-05-24 17:15:00+02:00,0.0,0.0,0.0,49.307632,0.9861526399999999,0.0
2023-05-24 17:30:00+02:00,0.0,0.0,0.0,49.307632,0.9861526399999999,0.0
2023-05-24 17:45:00+02:00,0.0,0.0,0.0,49.307632,0.9861526399999999,0.0
2023-05-24 18:00:00+02:00,0.0,0.0,0.0,49.307632,0.9861526399999999,0.0
2023-05-24 18:15:00+02:00,0.0,0.0,0.0,49.307632,0.9861526399999999,0.0
2023-05-24 18:30:00+02:00,0.0,0.0,0.0,49.307632,0.9861526399999999,0.0
2023-05-24 18:45:00+02:00,0.0,0.0,0.0,49.307632,0.9861526399999999,0.0
2023-05-24 19:00:00+02:00,0.0,0.0,0.0,49.307632,0.9861526399999999,0.0
2023-05-24 19:15:00+02:00,0.0,0.0,0.0,49.307632,0.9861526399999999,0.0
2023-05-24 19:30:00+02:00,0.0,0.0,0.0,49.307632,0.9861526399999999,0.0
2023-05-24 19:45:00+02:00,0.0,0.0,0.0,49.307632,0.9861526399999999,0.0
2023-05-24 20:00:00+02:00,0.0,0.0,0.0,49.307632,0.9861526399999999,0.0
2023-05-24 20:15:00+02:00,0.0,0.0,0.0,49.307632,0.9861526399999999,0.0
2023-05-24 20:30:00+02:00,0.0,0.0,0.0,49.307632,0.9861526399999999,0.0
2023-05-24 20:45:00+02:00,0.0,0.0,0.0,49.307632,0.9861526399999999,0.0
2023-05-24 21:00:00+02:00,0.0,0.0,0.0,49.307632,0.9861526399999999,0.0
2023-05-24 21:15:00+02:00,0.0,0.0,0.0,49.307632,0.9861526399999999,0.0
2023-05-24 21:30:00+02:00,0.0,0.0,0.0,49.307632,0.9861526399999999,0.0
2023-05-24 21:45:00+02:00,0.0,0.0,0.0,49.307632,0.9861526399999999,0.0
2023-05-24 22:00:00+02:00,0.0,0.0,0.0,49.307632,0.9861526399999999,0.0
2023-05-24 22:15:00+02:00,0.0,0.0,0.0,49.307632,0.9861526399999999,0.0
2023-05-24 22:30:00+02:00,0.0,0.0,0.0,49.307632,0.9861526399999999,0.0
2023-05-24 22:45:00+02:00,0.0,0.0,0.0,49.307632,0.9861526399999999,0.0
2023-05-24 23:00:00+02:00,0.0,0.0,0.0,49.307632,0.9861526399999999,0.0
2023-05-24 23:15:00+02:00,0.0,0.0,0.0,49.307632,0.9861526399999999,0.0
2023-05-24 23:30:00+02:00,0.0,0.0,0.0,49.307632,0.9861526399999999,0.0
2023-05-24 23:45:00+02:00,0.0,0.0,0.0,49.307632,0.9861526399999999,0.0
2023-05-25 00:00:00+02:00,0.0,0.0,0.0,49.307632,0.9861526399999999,0.0
2023-05-25 00:15:00+02:00,0.0,0.0,0.0,49.307632,0.9861526399999999,0.0
2023-05-25 00:30:00+02:00,0.0,0.0,0.0,49.307632,0.9861526399999999,0.0
2023-05-25 00:45:00+02:00,0.0,0.0,0.0,49.307632,0.9861526399999999,0.0
2023-05-25 01:00:00+02:00,0.0,0.0,0.0,49.307632,0.9861526399999999,0.0
2023-05-25 01:15:00+02:00,0.0,0.0,0.0,49.307632,0.9861526399999999,0.0
2023-05-25 01:30:00+02:00,0.0,0.0,0.0,49.307632,0.9861526399999999,0.0
2023-05-25 01:45:00+02:00,0.0,0.0,0.0,49.307632,0.9861526399999999,0.0
2023-05-25 02:00:00+02:00,0.0,0.0,0.0,49.307632,0.9861526399999999,0.0
2023-05-25 02:15:00+02:00,0.0,0.0,0.0,49.307632,0.9861526399999999,0.0
2023-05-25 02:30:00+02:00,0.0,0.0,0.0,49.307632,0.9861526399999999,0.0
2023-05-25 02:45:00+02:00,0.0,0.0,0.0,49.307632,0.9861526399999999,0.0
2023-05-25 03:00:00+02:00,0.0,0.0,0.0,49.307632,0.9861526399999999,0.0
2023-05-25 03:15:00+02:00,0.0,0.0,0.0,49.307632,0.9861526399999999,0.0
2023-05-25 03:30:00+02:00,0.0,0.0,0.0,49.307632,0.9861526399999999,0.0
2023-05-25 03:45:00+02:00,0.0,0.0,0.0,49.307632,0.9861526399999999,0.0
2023-05-25 04:00:00+02:00,0.0,0.0,0.0,49.307632,0.9861526399999999,0.0
2023-05-25 04:15:00+02:00,0.0,0.0,0.0,49.307632,0.9861526399999999,0.0
2023-05-25 04:30:00+02:00,0.0,0.0,0.0,49.307632,0.9861526399999999,0.0
2023-05-25 04:45:00+02:00,0.0,0.0,0.0,49.307632,0.9861526399999999,0.0
2023-05-25 05:00:00+02:00,0.0,0.0,0.0,49.307632,0.9861526399999999,0.0
2023-05-25 05:15:00+02:00,0.0,0.0,0.0,49.307632,0.9861526399999999,0.0
2023-05-25 05:30:00+02:00,0.0,0.0,0.0,49.307632,0.9861526399999999,0.0
2023-05-25 05:45:00+02:00,0.0,0.0,0.0,49.307632,0.9861526399999999,0.0
2023-05-25 06:00:00+02:00,0.0,0.0,0.0,49.307632,0.9861526399999999,0.0
2023-05-25 06:15:00+02:00,0.0,0.0,0.0,49.307632,0.9861526399999999,0.0
2023-05-25 06:30:00+02:00,0.0,0.0,0.0,49.307632,0.9861526399999999,0.0
2023-05-25 06:45:00+02:00,0.0,0.0,0.0,49.307632,0.9861526399999999,0.0
2023-05-25 07:00:00+02:00,0.58903345,0.0,0.58903345,49.307632,0.98895054,0.0
2023-05-25 07:15:00+02:00,0.0,0.0,0.0,49.447527,0.98895054,0.0
2023-05-25 07:30:00+02:00,0.91843444,0.0,0.91843444,49.447527,0.9933131000000001,0.0
2023-05-25 07:45:00+02:00,0.0,0.0,0.0,49.665655,0.9933131000000001,0.0
2023-05-25 08:00:00+02:00,1.4077666,0.0,1.4077666,49.665655,1.0,0.0
2023-05-25 08:15:00+02:00,0.0,0.0,0.0,50.0,1.0,0.0
2023-05-25 08:30:00+02:00,0.0,0.0,0.0,50.0,1.0,0.0
2023-05-25 08:45:00+02:00,0.0,0.0,0.0,50.0,1.0,0.0
2023-05-25 09:00:00+02:00,0.0,0.0,0.0,50.0,1.0,0.0
2023-05-25 09:15:00+02:00,0.0,0.0,0.0,50.0,1.0,0.0
2023-05-25 09:30:00+02:00,0.0,0.0,0.0,50.0,1.0,0.0
2023-05-25 09:45:00+02:00,0.0,0.0,0.0,50.0,1.0,0.0
2023-05-25 10:00:00+02:00,0.0,0.0,0.0,50.0,1.0,0.0
2023-05-25 10:15:00+02:00,0.0,0.0,0.0,50.0,1.0,0.0
2023-05-25 10:30:00+02:00,0.0,0.0,0.0,50.0,1.0,0.0
2023-05-25 10:45:00+02:00,0.0,0.0,0.0,50.0,1.0,0.0
2023-05-25 11:00:00+02:00,0.0,0.0,0.0,50.0,1.0,0.0
2023-05-25 11:15:00+02:00,0.0,0.0,0.0,50.0,1.0,0.0
2023-05-25 11:30:00+02:00,0.0,0.0,0.0,50.0,1.0,0.0
2023-05-25 11:45:00+02:00,0.0,0.0,0.0,50.0,1.0,0.0
2023-05-25 12:00:00+02:00,0.0,0.0,0.0,50.0,1.0,0.0
2023-05-25 12:15:00+02:00,0.0,0.0,0.0,50.0,1.0,0.0
2023-05-25 12:30:00+02:00,0.0,0.0,0.0,50.0,1.0,0.0
2023-05-25 12:45:00+02:00,0.0,0.0,0.0,50.0,1.0,0.0
2023-05-25 13:00:00+02:00,0.0,0.0,0.0,50.0,1.0,0.0
2023-05-25 13:15:00+02:00,0.0,0.0,0.0,50.0,1.0,0.0
2023-05-25 13:30:00+02:00,0.0,0.0,0.0,50.0,1.0,0.0
2023-05-25 13:45:00+02:00,0.0,0.0,0.0,50.0,1.0,0.0
2023-05-25 14:00:00+02:00,0.0,0.0,0.0,50.0,1.0,0.0
2023-05-25 14:15:00+02:00,0.0,0.0,0.0,50.0,1.0,0.0
2023-05-25 14:30:00+02:00,0.0,0.0,0.0,50.0,1.0,0.0
2023-05-25 14:45:00+02:00,0.0,0.0,0.0,50.0,1.0,0.0
2023-05-25 15:00:00+02:00,0.0,0.0,0.0,50.0,1.0,0.0
2023-05-25 15:15:00+02:00,0.0,0.0,0.0,50.0,1.0,0.0
2023-05-25 15:30:00+02:00,0.0,0.0,0.0,50.0,1.0,0.0
2023-05-25 15:45:00+02:00,0.0,0.0,0.0,50.0,1.0,0.0
2023-05-25 16:00:00+02:00,0.0,0.0,0.0,50.0,1.0,0.0
2023-05-25 16:15:00+02:00,0.0,0.0,0.0,50.0,1.0,0.0
2023-05-25 16:30:00+02:00,0.0,0.0,0.0,50.0,1.0,0.0
2023-05-25 16:45:00+02:00,0.0,0.0,0.0,50.0,1.0,0.0
2023-05-25 17:00:00+02:00,0.0,0.0,0.0,50.0,1.0,0.0
2023-05-25 17:15:00+02:00,0.0,0.0,0.0,50.0,1.0,0.0
2023-05-25 17:30:00+02:00,0.0,0.0,0.0,50.0,0.7869539,10.652304552935357
2023-05-25 17:45:00+02:00,0.95382315,0.0,0.95382315,39.347695,0.79148456,0.0
2023-05-25 18:00:00+02:00,0.62733139,0.0,0.62733139,39.574228,0.7944644,0.0
2023-05-25 18:15:00+02:00,0.39795372,0.0,0.39795372,39.72322,0.79635468,0.0
2023-05-25 18:30:00+02:00,0.29344301,0.0,0.29344301,39.817734,0.79774852,0.0
2023-05-25 18:45:00+02:00,0.21595431,0.0,0.21595431,39.887426,0.79877432,0.0
2023-05-25 19:00:00+02:00,0.0,0.0,0.0,39.938716,0.79877432,0.0
2023-05-25 19:15:00+02:00,0.0,0.0,0.0,39.938716,0.79877432,0.0
2023-05-25 19:30:00+02:00,0.0,0.0,0.0,39.938716,0.79877432,0.0
2023-05-25 19:45:00+02:00,0.0,0.0,0.0,39.938716,0.79877432,0.0
2023-05-25 20:00:00+02:00,0.0,0.0,0.0,39.938716,0.79877432,0.0
2023-05-25 20:15:00+02:00,0.0,0.0,0.0,39.938716,0.79877432,0.0
2023-05-25 20:30:00+02:00,0.0,0.0,0.0,39.938716,0.79877432,0.0
2023-05-25 20:45:00+02:00,0.0,0.0,0.0,39.938716,0.79877432,0.0
2023-05-25 21:00:00+02:00,0.0,0.0,0.0,39.938716,0.79877432,0.0
2023-05-25 21:15:00+02:00,0.0,0.0,0.0,39.938716,0.79877432,0.0
2023-05-25 21:30:00+02:00,0.0,0.0,0.0,39.938716,0.79877432,0.0
2023-05-25 21:45:00+02:00,0.0,0.0,0.0,39.938716,0.79877432,0.0
2023-05-25 22:00:00+02:00,0.0,0.0,0.0,39.938716,0.79877432,0.0
2023-05-25 22:15:00+02:00,0.0,0.0,0.0,39.938716,0.79877432,0.0
2023-05-25 22:30:00+02:00,0.0,0.0,0.0,39.938716,0.79877432,0.0
2023-05-25 22:45:00+02:00,0.0,0.0,0.0,39.938716,0.79877432,0.0
2023-05-25 23:00:00+02:00,0.0,0.0,0.0,39.938716,0.79877432,0.0
2023-05-25 23:15:00+02:00,0.0,0.0,0.0,39.938716,0.79877432,0.0
2023-05-25 23:30:00+02:00,0.0,0.0,0.0,39.938716,0.79877432,0.0
2023-05-25 23:45:00+02:00,0.0,0.0,0.0,39.938716,0.79877432,0.0
2023-05-26 00:00:00+02:00,0.0,0.0,0.0,39.938716,0.79877432,0.0
2023-05-26 00:15:00+02:00,0.0,0.0,0.0,39.938716,0.79877432,0.0
2023-05-26 00:30:00+02:00,0.0,0.0,0.0,39.938716,0.79877432,0.0
2023-05-26 00:45:00+02:00,0.0,0.0,0.0,39.938716,0.79877432,0.0
2023-05-26 01:00:00+02:00,0.0,0.0,0.0,39.938716,0.79877432,0.0
2023-05-26 01:15:00+02:00,0.0,0.0,0.0,39.938716,0.79877432,0.0
2023-05-26 01:30:00+02:00,0.0,0.0,0.0,39.938716,0.79877432,0.0
2023-05-26 01:45:00+02:00,0.0,0.0,0.0,39.938716,0.79877432,0.0
2023-05-26 02:00:00+02:00,0.0,0.0,0.0,39.938716,0.79877432,0.0
2023-05-26 02:15:00+02:00,0.0,0.0,0.0,39.938716,0.79877432,0.0
2023-05-26 02:30:00+02:00,0.0,0.0,0.0,39.938716,0.79877432,0.0
2023-05-26 02:45:00+02:00,0.0,0.0,0.0,39.938716,0.79877432,0.0
2023-05-26 03:00:00+02:00,0.0,0.0,0.0,39.938716,0.79877432,0.0
2023-05-26 03:15:00+02:00,0.0,0.0,0.0,39.938716,0.79877432,0.0
2023-05-26 03:30:00+02:00,0.0,0.0,0.0,39.938716,0.79877432,0.0
2023-05-26 03:45:00+02:00,0.0,0.0,0.0,39.938716,0.79877432,0.0
2023-05-26 04:00:00+02:00,0.0,0.0,0.0,39.938716,0.79877432,0.0
2023-05-26 04:15:00+02:00,0.0,0.0,0.0,39.938716,0.79877432,0.0
2023-05-26 04:30:00+02:00,0.0,0.0,0.0,39.938716,0.79877432,0.0
2023-05-26 04:45:00+02:00,0.0,0.0,0.0,39.938716,0.79877432,0.0
2023-05-26 05:00:00+02:00,0.0,0.0,0.0,39.938716,0.79877432,0.0
2023-05-26 05:15:00+02:00,0.015278018,0.0,0.015278018,39.938716,0.7988468799999999,0.0
2023-05-26 05:30:00+02:00,0.1151517,0.0,0.1151517,39.942344,0.79939386,0.0
2023-05-26 05:45:00+02:00,0.28840723,0.0,0.28840723,39.969693,0.80076378,0.0
2023-05-26 06:00:00+02:00,0.4891785,0.0,0.4891785,40.038189,0.80308738,0.0
2023-05-26 06:15:00+02:00,0.52644811,0.0,0.52644811,40.154369,0.80558802,0.0
2023-05-26 06:30:00+02:00,0.37095873,0.0,0.37095873,40.279401,0.80735006,0.0
2023-05-26 06:45:00+02:00,0.41131261,0.0,0.41131261,40.367503,0.8093038,0.0
2023-05-26 07:00:00+02:00,0.59179489,0.0,0.59179489,40.46519,0.81211482,0.0
2023-05-26 07:15:00+02:00,0.0,0.0,0.0,40.605741,0.81211482,0.0
2023-05-26 07:30:00+02:00,0.0,0.0,0.0,40.605741,0.81211482,0.0
2023-05-26 07:45:00+02:00,0.7810578,0.0,0.7810578,40.605741,0.81582486,0.0
2023-05-26 08:00:00+02:00,1.6532202,0.0,1.6532202,40.791243,0.82367764,0.0
2023-05-26 08:15:00+02:00,1.2371241,0.0,1.2371241,41.183882,0.82955398,0.0
2023-05-26 08:30:00+02:00,0.0,0.0,0.0,41.477699,0.82955398,0.0
2023-05-26 08:45:00+02:00,0.0,0.0,0.0,41.477699,0.82955398,0.0
2023-05-26 09:00:00+02:00,0.0,0.0,0.0,41.477699,0.82955398,0.0
2023-05-26 09:15:00+02:00,0.0,0.0,0.0,41.477699,0.82955398,0.0
2023-05-26 09:30:00+02:00,0.0,0.0,0.0,41.477699,0.82955398,0.0
2023-05-26 09:45:00+02:00,0.0,0.0,0.0,41.477699,0.82955398,0.0
2023-05-26 10:00:00+02:00,0.0,0.0,0.0,41.477699,0.82955398,0.0
2023-05-26 10:15:00+02:00,0.0,0.0,0.0,41.477699,0.82955398,0.0
2023-05-26 10:30:00+02:00,0.0,0.0,0.0,41.477699,0.82955398,0.0
2023-05-26 10:45:00+02:00,0.0,0.0,0.0,41.477699,0.82955398,0.0
2023-05-26 11:00:00+02:00,0.0,0.0,0.0,41.477699,0.82955398,0.0
2023-05-26 11:15:00+02:00,0.0,0.0,0.0,41.477699,0.82955398,0.0
2023-05-26 11:30:00+02:00,0.0,0.0,0.0,41.477699,0.82955398,0.0
2023-05-26 11:45:00+02:00,0.0,0.0,0.0,41.477699,0.82955398,0.0
2023-05-26 12:00:00+02:00,0.0,0.0,0.0,41.477699,0.82955398,0.0
2023-05-26 12:15:00+02:00,0.0,0.0,0.0,41.477699,0.82955398,0.0
2023-05-26 12:30:00+02:00,0.0,0.0,0.0,41.477699,0.82955398,0.0
2023-05-26 12:45:00+02:00,0.0,0.0,0.0,41.477699,0.82955398,0.0
2023-05-26 13:00:00+02:00,0.0,0.0,0.0,41.477699,0.82955398,0.0
2023-05-26 13:15:00+02:00,0.0,0.0,0.0,41.477699,0.82955398,0.0
2023-05-26 13:30:00+02:00,0.0,0.0,0.0,41.477699,0.82955398,0.0
2023-05-26 13:45:00+02:00,0.0,0.0,0.0,41.477699,0.82955398,0.0
2023-05-26 14:00:00+02:00,0.0,0.0,0.0,41.477699,0.82955398,0.0
2023-05-26 14:15:00+02:00,0.0,0.0,0.0,41.477699,0.82955398,0.0
2023-05-26 14:30:00+02:00,0.0,0.0,0.0,41.477699,0.82955398,0.0
2023-05-26 14:45:00+02:00,0.0,0.0,0.0,41.477699,0.82955398,0.0
2023-05-26 15:00:00+02:00,0.0,0.0,0.0,41.477699,0.82955398,0.0
2023-05-26 15:15:00+02:00,0.0,0.0,0.0,41.477699,0.82955398,0.0
2023-05-26 15:30:00+02:00,0.0,0.0,0.0,41.477699,0.82955398,0.0
2023-05-26 15:45:00+02:00,0.0,0.0,0.0,41.477699,0.65915488,8.519955317183669
2023-05-26 16:00:00+02:00,4.0232805,0.0,4.0232805,32.957744,0.67826546,0.0
2023-05-26 16:15:00+02:00,3.5204762,0.0,3.5204762,33.913273,0.69498772,0.0
2023-05-26 16:30:00+02:00,3.6405221,0.0,3.6405221,34.749386,0.7122802,0.0
2023-05-26 16:45:00+02:00,2.7186799,0.0,2.7186799,35.61401,0.72519394,0.0
2023-05-26 17:00:00+02:00,2.1707849,0.0,2.1707849,36.259697,0.73550516,0.0
2023-05-26 17:15:00+02:00,1.4425119,0.0,1.4425119,36.775258,0.7423571,0.0
2023-05-26 17:30:00+02:00,1.2124025,0.0,1.2124025,37.117855,0.748116,0.0
2023-05-26 17:45:00+02:00,0.88733879,0.0,0.88733879,37.4058,0.75233086,0.0
2023-05-26 18:00:00+02:00,0.53137987,0.0,0.53137987,37.616543,0.75485492,0.0
2023-05-26 18:15:00+02:00,0.39719141,0.0,0.39719141,37.742746,0.75674158,0.0
2023-05-26 18:30:00+02:00,0.3708474,0.0,0.3708474,37.837079,0.7585031,0.0
2023-05-26 18:45:00+02:00,0.20294176,0.0,0.20294176,37.925155,0.75946708,0.0
2023-05-26 19:00:00+02:00,0.13975897,0.0,0.13975897,37.973354,0.7601309399999999,0.0
2023-05-26 19:15:00+02:00,0.0,0.0,0.0,38.006547,0.7601309399999999,0.0
2023-05-26 19:30:00+02:00,0.0,0.0,0.0,38.006547,0.7601309399999999,0.0
2023-05-26 19:45:00+02:00,0.0,0.0,0.0,38.006547,0.7601309399999999,0.0
2023-05-26 20:00:00+02:00,0.0,0.0,0.0,38.006547,0.7601309399999999,0.0
2023-05-26 20:15:00+02:00,0.0,0.0,0.0,38.006547,0.7601309399999999,0.0
2023-05-26 20:30:00+02:00,0.0,0.0,0.0,38.006547,0.7601309399999999,0.0
2023-05-26 20:45:00+02:00,0.0,0.0,0.0,38.006547,0.7601309399999999,0.0
2023-05-26 21:00:00+02:00,0.0,0.0,0.0,38.006547,0.7601309399999999,0.0
2023-05-26 21:15:00+02:00,0.0,0.0,0.0,38.006547,0.7601309399999999,0.0
2023-05-26 21:30:00+02:00,0.0,0.0,0.0,38.006547,0.7601309399999999,0.0
2023-05-26 21:45:00+02:00,0.0,0.0,0.0,38.006547,0.7601309399999999,0.0
2023-05-26 22:00:00+02:00,0.0,0.0,0.0,38.006547,0.7601309399999999,0.0
2023-05-26 22:15:00+02:00,0.0,0.0,0.0,38.006547,0.7601309399999999,0.0
2023-05-26 22:30:00+02:00,0.0,0.0,0.0,38.006547,0.7601309399999999,0.0
2023-05-26 22:45:00+02:00,0.0,0.0,0.0,38.006547,0.7601309399999999,0.0
2023-05-26 23:00:00+02:00,0.0,0.0,0.0,38.006547,0.7601309399999999,0.0
2023-05-26 23:15:00+02:00,0.0,0.0,0.0,38.006547,0.7601309399999999,0.0
2023-05-26 23:30:00+02:00,0.0,0.0,0.0,38.006547,0.7601309399999999,0.0
2023-05-26 23:45:00+02:00,0.0,0.0,0.0,38.006547,0.7601309399999999,0.0
2023-05-27 00:00:00+02:00,0.0,0.0,0.0,38.006547,0.7601309399999999,0.0
2023-05-27 00:15:00+02:00,0.0,0.0,0.0,38.006547,0.7601309399999999,0.0
2023-05-27 00:30:00+02:00,0.0,0.0,0.0,38.006547,0.7601309399999999,0.0
2023-05-27 00:45:00+02:00,0.0,0.0,0.0,38.006547,0.7601309399999999,0.0
2023-05-27 01:00:00+02:00,0.0,0.0,0.0,38.006547,0.7601309399999999,0.0
2023-05-27 01:15:00+02:00,0.0,0.0,0.0,38.006547,0.7601309399999999,0.0
2023-05-27 01:30:00+02:00,0.0,0.0,0.0,38.006547,0.7601309399999999,0.0
2023-05-27 01:45:00+02:00,0.0,0.0,0.0,38.006547,0.7601309399999999,0.0
2023-05-27 02:00:00+02:00,0.0,0.0,0.0,38.006547,0.7601309399999999,0.0
2023-05-27 02:15:00+02:00,0.0,0.0,0.0,38.006547,0.7601309399999999,0.0
2023-05-27 02:30:00+02:00,0.0,0.0,0.0,38.006547,0.7601309399999999,0.0
2023-05-27 02:45:00+02:00,0.0,0.0,0.0,38.006547,0.7601309399999999,0.0
2023-05-27 03:00:00+02:00,0.0,0.0,0.0,38.006547,0.7601309399999999,0.0
2023-05-27 03:15:00+02:00,0.0,0.0,0.0,38.006547,0.7601309399999999,0.0
2023-05-27 03:30:00+02:00,0.0,0.0,0.0,38.006547,0.7601309399999999,0.0
2023-05-27 03:45:00+02:00,0.0,0.0,0.0,38.006547,0.7601309399999999,0.0
2023-05-27 04:00:00+02:00,0.0,0.0,0.0,38.006547,0.7601309399999999,0.0
2023-05-27 04:15:00+02:00,0.0,0.0,0.0,38.006547,0.7601309399999999,0.0
2023-05-27 04:30:00+02:00,0.0,0.0,0.0,38.006547,0.7601309399999999,0.0
2023-05-27 04:45:00+02:00,0.0,0.0,0.0,38.006547,0.7601309399999999,0.0
2023-05-27 05:00:00+02:00,0.0047813574,0.0,0.0047813574,38.006547,0.7601536400000001,0.0
2023-05-27 05:15:00+02:00,0.10413761,0.0,0.10413761,38.007682,0.7606483,0.0
2023-05-27 05:30:00+02:00,0.26174854,0.0,0.26174854,38.032415,0.7618916,0.0
2023-05-27 05:45:00+02:00,0.46967366,0.0,0.46967366,38.09458,0.76412256,0.0
2023-05-27 06:00:00+02:00,0.85495474,0.0,0.85495474,38.206128,0.7681835800000001,0.0
2023-05-27 06:15:00+02:00,1.3287639,0.0,1.3287639,38.409179,0.77449522,0.0
2023-05-27 06:30:00+02:00,0.89939308,0.0,0.89939308,38.724761,0.77876734,0.0
2023-05-27 06:45:00+02:00,0.47353965,0.0,0.47353965,38.938367,0.78101664,0.0
2023-05-27 07:00:00+02:00,0.7102973,0.0,0.7102973,39.050832,0.78439056,0.0
2023-05-27 07:15:00+02:00,0.96499773,0.0,0.96499773,39.219528,0.7889743,0.0
2023-05-27 07:30:00+02:00,1.5322393,0.0,1.5322393,39.448715,0.79625244,0.0
2023-05-27 07:45:00+02:00,1.5610919,0.0,1.5610919,39.812622,0.8036676199999999,0.0
2023-05-27 08:00:00+02:00,4.3032005,0.0,4.3032005,40.183381,0.8241078199999999,0.0
2023-05-27 08:15:00+02:00,4.485077,0.0,4.485077,41.205391,0.8454119400000001,0.0
2023-05-27 08:30:00+02:00,5.2823018,0.0,5.2823018,42.270597,0.87050288,0.0
2023-05-27 08:45:00+02:00,5.5546609,0.0,5.5546609,43.525144,0.8968875199999999,0.0
2023-05-27 09:00:00+02:00,0.0,0.0,0.0,44.844376,0.8968875199999999,0.0
2023-05-27 09:15:00+02:00,0.0,0.0,0.0,44.844376,0.8968875199999999,0.0
2023-05-27 09:30:00+02:00,0.0,0.0,0.0,44.844376,0.8968875199999999,0.0
2023-05-27 09:45:00+02:00,0.0,0.0,0.0,44.844376,0.8968875199999999,0.0
2023-05-27 10:00:00+02:00,0.0,0.0,0.0,44.844376,0.8968875199999999,0.0
2023-05-27 10:15:00+02:00,0.0,0.0,0.0,44.844376,0.8968875199999999,0.0
2023-05-27 10:30:00+02:00,0.0,0.0,0.0,44.844376,0.8968875199999999,0.0
2023-05-27 10:45:00+02:00,0.0,0.0,0.0,44.844376,0.8968875199999999,0.0
2023-05-27 11:00:00+02:00,0.0,0.0,0.0,44.844376,0.8968875199999999,0.0
2023-05-27 11:15:00+02:00,0.0,0.0,0.0,44.844376,0.8968875199999999,0.0
2023-05-27 11:30:00+02:00,0.0,0.0,0.0,44.844376,0.8968875199999999,0.0
2023-05-27 11:45:00+02:00,0.0,0.0,0.0,44.844376,0.8968875199999999,0.0
2023-05-27 12:00:00+02:00,0.0,0.0,0.0,44.844376,0.8968875199999999,0.0
2023-05-27 12:15:00+02:00,0.0,0.0,0.0,44.844376,0.8968875199999999,0.0
2023-05-27 12:30:00+02:00,0.0,0.0,0.0,44.844376,0.8968875199999999,0.0
2023-05-27 12:45:00+02:00,0.0,0.0,0.0,44.844376,0.8968875199999999,0.0
2023-05-27 13:00:00+02:00,0.0,0.0,0.0,44.844376,0.8968875199999999,0.0
2023-05-27 13:15:00+02:00,0.0,0.0,0.0,44.844376,0.8968875199999999,0.0
2023-05-27 13:30:00+02:00,0.0,0.0,0.0,44.844376,0.8968875199999999,0.0
2023-05-27 13:45:00+02:00,0.0,0.0,0.0,44.844376,0.8968875199999999,0.0
2023-05-27 14:00:00+02:00,0.0,0.0,0.0,44.844376,0.8968875199999999,0.0
2023-05-27 14:15:00+02:00,0.0,0.0,0.0,44.844376,0.8968875199999999,0.0
2023-05-27 14:30:00+02:00,0.0,0.0,0.0,44.844376,0.8968875199999999,0.0
2023-05-27 14:45:00+02:00,0.0,0.0,0.0,44.844376,0.8968875199999999,0.0
2023-05-27 15:00:00+02:00,0.0,0.0,0.0,44.844376,0.8968875199999999,0.0
2023-05-27 15:15:00+02:00,0.0,0.0,0.0,44.844376,0.8968875199999999,0.0
2023-05-27 15:30:00+02:00,0.0,0.0,0.0,44.844376,0.8968875199999999,0.0
2023-05-27 15:45:00+02:00,0.0,0.0,0.0,44.844376,0.8968875199999999,0.0
2023-05-27 16:00:00+02:00,0.0,0.0,0.0,44.844376,0.8968875199999999,0.0
2023-05-27 16:15:00+02:00,0.0,0.0,0.0,44.844376,0.8968875199999999,0.0
2023-05-27 16:30:00+02:00,0.0,0.0,0.0,44.844376,0.8968875199999999,0.0
2023-05-27 16:45:00+02:00,0.0,0.0,0.0,44.844376,0.8968875199999999,0.0
2023-05-27 17:00:00+02:00,0.0,0.0,0.0,44.844376,0.8968875199999999,0.0
2023-05-27 17:15:00+02:00,0.0,0.0,0.0,44.844376,0.8968875199999999,0.0
2023-05-27 17:30:00+02:00,0.0,0.0,0.0,44.844376,0.8968875199999999,0.0
2023-05-27 17:45:00+02:00,0.0,0.0,0.0,44.844376,0.8968875199999999,0.0
2023-05-27 18:00:00+02:00,0.0,0.0,0.0,44.844376,0.8968875199999999,0.0
2023-05-27 18:15:00+02:00,0.0,0.0,0.0,44.844376,0.8968875199999999,0.0
2023-05-27 18:30:00+02:00,0.0,0.0,0.0,44.844376,0.8968875199999999,0.0
2023-05-27 18:45:00+02:00,0.0,0.0,0.0,44.844376,0.8968875199999999,0.0
2023-05-27 19:00:00+02:00,0.0,0.0,0.0,44.844376,0.78957864,5.365444096990824
2023-05-27 19:15:00+02:00,0.0,0.0,0.0,39.478932,0.78957864,0.0
2023-05-27 19:30:00+02:00,0.0,0.0,0.0,39.478932,0.78957864,0.0
2023-05-27 19:45:00+02:00,0.0,0.0,0.0,39.478932,0.78957864,0.0
2023-05-27 20:00:00+02:00,0.0,0.0,0.0,39.478932,0.78957864,0.0
2023-05-27 20:15:00+02:00,0.0,0.0,0.0,39.478932,0.78957864,0.0
2023-05-27 20:30:00+02:00,0.0,0.0,0.0,39.478932,0.78957864,0.0
2023-05-27 20:45:00+02:00,0.0,0.0,0.0,39.478932,0.78957864,0.0
2023-05-27 21:00:00+02:00,0.0,0.0,0.0,39.478932,0.78957864,0.0
2023-05-27 21:15:00+02:00,0.0,0.0,0.0,39.478932,0.78957864,0.0
2023-05-27 21:30:00+02:00,0.0,0.0,0.0,39.478932,0.78957864,0.0
2023-05-27 21:45:00+02:00,0.0,0.0,0.0,39.478932,0.78957864,0.0
2023-05-27 22:00:00+02:00,0.0,0.0,0.0,39.478932,0.78957864,0.0
2023-05-27 22:15:00+02:00,0.0,0.0,0.0,39.478932,0.78957864,0.0
2023-05-27 22:30:00+02:00,0.0,0.0,0.0,39.478932,0.78957864,0.0
2023-05-27 22:45:00+02:00,0.0,0.0,0.0,39.478932,0.78957864,0.0
2023-05-27 23:00:00+02:00,0.0,0.0,0.0,39.478932,0.78957864,0.0
2023-05-27 23:15:00+02:00,0.0,0.0,0.0,39.478932,0.78957864,0.0
2023-05-27 23:30:00+02:00,0.0,0.0,0.0,39.478932,0.78957864,0.0
2023-05-27 23:45:00+02:00,0.0,0.0,0.0,39.478932,0.78957864,0.0
2023-05-28 00:00:00+02:00,0.0,0.0,0.0,39.478932,0.78957864,0.0
2023-05-28 00:15:00+02:00,0.0,0.0,0.0,39.478932,0.78957864,0.0
2023-05-28 00:30:00+02:00,0.0,0.0,0.0,39.478932,0.78957864,0.0
2023-05-28 00:45:00+02:00,0.0,0.0,0.0,39.478932,0.78957864,0.0
2023-05-28 01:00:00+02:00,0.0,0.0,0.0,39.478932,0.78957864,0.0
2023-05-28 01:15:00+02:00,0.0,0.0,0.0,39.478932,0.78957864,0.0
2023-05-28 01:30:00+02:00,0.0,0.0,0.0,39.478932,0.78957864,0.0
2023-05-28 01:45:00+02:00,0.0,0.0,0.0,39.478932,0.78957864,0.0
2023-05-28 02:00:00+02:00,0.0,0.0,0.0,39.478932,0.78957864,0.0
2023-05-28 02:15:00+02:00,0.0,0.0,0.0,39.478932,0.78957864,0.0
2023-05-28 02:30:00+02:00,0.0,0.0,0.0,39.478932,0.78957864,0.0
2023-05-28 02:45:00+02:00,0.0,0.0,0.0,39.478932,0.78957864,0.0
2023-05-28 03:00:00+02:00,0.0,0.0,0.0,39.478932,0.78957864,0.0
2023-05-28 03:15:00+02:00,0.0,0.0,0.0,39.478932,0.78957864,0.0
2023-05-28 03:30:00+02:00,0.0,0.0,0.0,39.478932,0.78957864,0.0
2023-05-28 03:45:00+02:00,0.0,0.0,0.0,39.478932,0.78957864,0.0
2023-05-28 04:00:00+02:00,0.0,0.0,0.0,39.478932,0.78957864,0.0
2023-05-28 04:15:00+02:00,0.0,0.0,0.0,39.478932,0.78957864,0.0
2023-05-28 04:30:00+02:00,0.0,0.0,0.0,39.478932,0.78957864,0.0
2023-05-28 04:45:00+02:00,0.0,0.0,0.0,39.478932,0.78957864,0.0
2023-05-28 05:00:00+02:00,0.0,0.0,0.0,39.478932,0.78957864,0.0
2023-05-28 05:15:00+02:00,0.0,0.0,0.0,39.478932,0.78957864,0.0
2023-05-28 05:30:00+02:00,0.011891471,0.0,0.011891471,39.478932,0.7896351199999999,0.0
2023-05-28 05:45:00+02:00,0.12434746,0.0,0.12434746,39.481756,0.79022576,0.0
2023-05-28 06:00:00+02:00,0.30887512,0.0,0.30887512,39.511288,0.79169292,0.0
2023-05-28 06:15:00+02:00,0.10053538,0.0,0.10053538,39.584646,0.7921704599999999,0.0
2023-05-28 06:30:00+02:00,0.13382576,0.0,0.13382576,39.608523,0.79280614,0.0
2023-05-28 06:45:00+02:00,0.51671389,0.0,0.51671389,39.640307,0.79526052,0.0
2023-05-28 07:00:00+02:00,0.28567554,0.0,0.28567554,39.763026,0.79661748,0.0
2023-05-28 07:15:00+02:00,0.47926051,0.0,0.47926051,39.830874,0.79889398,0.0
2023-05-28 07:30:00+02:00,1.2001196,0.0,1.2001196,39.944699,0.80459454,0.0
2023-05-28 07:45:00+02:00,1.0009162,0.0,1.0009162,40.229727,0.8093488999999999,0.0
2023-05-28 08:00:00+02:00,1.5715446,0.0,1.5715446,40.467445,0.8168137400000001,0.0
2023-05-28 08:15:00+02:00,0.0,0.0,0.0,40.840687,0.8168137400000001,0.0
2023-05-28 08:30:00+02:00,0.0,0.0,0.0,40.840687,0.8168137400000001,0.0
2023-05-28 08:45:00+02:00,0.0,0.0,0.0,40.840687,0.8168137400000001,0.0
2023-05-28 09:00:00+02:00,0.0,0.0,0.0,40.840687,0.8168137400000001,0.0
2023-05-28 09:15:00+02:00,0.0,0.0,0.0,40.840687,0.8168137400000001,0.0
2023-05-28 09:30:00+02:00,0.0,0.0,0.0,40.840687,0.8168137400000001,0.0
2023-05-28 09:45:00+02:00,0.0,0.0,0.0,40.840687,0.8168137400000001,0.0
2023-05-28 10:00:00+02:00,0.0,0.0,0.0,40.840687,0.8168137400000001,0.0
2023-05-28 10:15:00+02:00,0.0,0.0,0.0,40.840687,0.8168137400000001,0.0
2023-05-28 10:30:00+02:00,0.0,0.0,0.0,40.840687,0.8168137400000001,0.0
2023-05-28 10:45:00+02:00,0.0,0.0,0.0,40.840687,0.8168137400000001,0.0
2023-05-28 11:00:00+02:00,0.0,0.0,0.0,40.840687,0.8168137400000001,0.0
2023-05-28 11:15:00+02:00,0.0,0.0,0.0,40.840687,0.8168137400000001,0.0
2023-05-28 11:30:00+02:00,0.0,0.0,0.0,40.840687,0.8168137400000001,0.0
2023-05-28 11:45:00+02:00,0.0,0.0,0.0,40.840687,0.8168137400000001,0.0
2023-05-28 12:00:00+02:00,0.0,0.0,0.0,40.840687,0.8168137400000001,0.0
2023-05-28 12:15:00+02:00,0.0,0.0,0.0,40.840687,0.8168137400000001,0.0
2023-05-28 12:30:00+02:00,0.0,0.0,0.0,40.840687,0.8168137400000001,0.0
2023-05-28 12:45:00+02:00,0.0,0.0,0.0,40.840687,0.8168137400000001,0.0
2023-05-28 13:00:00+02:00,0.0,0.0,0.0,40.840687,0.8168137400000001,0.0
2023-05-28 13:15:00+02:00,0.0,0.0,0.0,40.840687,0.8168137400000001,0.0
2023-05-28 13:30:00+02:00,0.0,0.0,0.0,40.840687,0.8168137400000001,0.0
2023-05-28 13:45:00+02:00,0.0,0.0,0.0,40.840687,0.8168137400000001,0.0
2023-05-28 14:00:00+02:00,0.0,0.0,0.0,40.840687,0.8168137400000001,0.0
2023-05-28 14:15:00+02:00,0.0,0.0,0.0,40.840687,0.8168137400000001,0.0
2023-05-28 14:30:00+02:00,0.0,0.0,0.0,40.840687,0.7296777400000001,4.3568
2023-05-28 14:45:00+02:00,0.24002795,0.0,0.24002795,36.483887,0.7308178599999999,0.0
2023-05-28 15:00:00+02:00,0.98651603,0.0,0.98651603,36.540893,0.73550382,0.0
2023-05-28 15:15:00+02:00,1.7168828,0.0,1.7168828,36.775191,0.743659,0.0
2023-05-28 15:30:00+02:00,0.38425927,0.0,0.38425927,37.18295,0.74548424,0.0
2023-05-28 15:45:00+02:00,3.0584306,0.0,3.0584306,37.274212,0.7600117799999999,0.0
2023-05-28 16:00:00+02:00,4.1017211,0.0,4.1017211,38.000589,0.77949496,0.0
2023-05-28 16:15:00+02:00,2.8995094,0.0,2.8995094,38.974748,0.7932676399999999,0.0
2023-05-28 16:30:00+02:00,2.3811336,0.0,2.3811336,39.663382,0.80457802,0.0
2023-05-28 16:45:00+02:00,2.7470289,0.0,2.7470289,40.228901,0.8176264000000001,0.0
2023-05-28 17:00:00+02:00,2.3081646,0.0,2.3081646,40.88132,0.8285901800000001,0.0
2023-05-28 17:15:00+02:00,1.5625671,0.0,1.5625671,41.429509,0.83601238,0.0
2023-05-28 17:30:00+02:00,1.2893651,0.0,1.2893651,41.800619,0.84213686,0.0
2023-05-28 17:45:00+02:00,1.086183,0.0,1.086183,42.106843,0.84729624,0.0
2023-05-28 18:00:00+02:00,0.77445235,0.0,0.77445235,42.364812,0.85097488,0.0
2023-05-28 18:15:00+02:00,0.49644949,0.0,0.49644949,42.548744,0.85333302,0.0
2023-05-28 18:30:00+02:00,0.43504926,0.0,0.43504926,42.666651,0.8553995000000001,0.0
2023-05-28 18:45:00+02:00,0.53445861,0.0,0.53445861,42.769975,0.85793818,0.0
2023-05-28 19:00:00+02:00,0.0,0.0,0.0,42.896909,0.85793818,0.0
2023-05-28 19:15:00+02:00,0.0,0.0,0.0,42.896909,0.85793818,0.0
2023-05-28 19:30:00+02:00,0.0,0.0,0.0,42.896909,0.85793818,0.0
2023-05-28 19:45:00+02:00,0.0,0.0,0.0,42.896909,0.85793818,0.0
2023-05-28 20:00:00+02:00,0.0,0.0,0.0,42.896909,0.85793818,0.0
2023-05-28 20:15:00+02:00,0.0,0.0,0.0,42.896909,0.85793818,0.0
2023-05-28 20:30:00+02:00,0.0,0.0,0.0,42.896909,0.85793818,0.0
2023-05-28 20:45:00+02:00,0.0,0.0,0.0,42.896909,0.85793818,0.0
2023-05-28 21:00:00+02:00,0.0,0.0,0.0,42.896909,0.85793818,0.0
2023-05-28 21:15:00+02:00,0.0,0.0,0.0,42.896909,0.85793818,0.0
2023-05-28 21:30:00+02:00,0.0,0.0,0.0,42.896909,0.85793818,0.0
2023-05-28 21:45:00+02:00,0.0,0.0,0.0,42.896909,0.85793818,0.0
2023-05-28 22:00:00+02:00,0.0,0.0,0.0,42.896909,0.85793818,0.0
2023-05-28 22:15:00+02:00,0.0,0.0,0.0,42.896909,0.85793818,0.0
2023-05-28 22:30:00+02:00,0.0,0.0,0.0,42.896909,0.85793818,0.0
2023-05-28 22:45:00+02:00,0.0,0.0,0.0,42.896909,0.85793818,0.0
2023-05-28 23:00:00+02:00,0.0,0.0,0.0,42.896909,0.85793818,0.0
2023-05-28 23:15:00+02:00,0.0,0.0,0.0,42.896909,0.85793818,0.0
2023-05-28 23:30:00+02:00,0.0,0.0,0.0,42.896909,0.85793818,0.0
2023-05-28 23:45:00+02:00,0.0,0.0,0.0,42.896909,0.85793818,0.0
2023-05-29 00:00:00+02:00,0.0,0.0,0.0,42.896909,0.85793818,0.0
2023-05-29 00:15:00+02:00,0.0,0.0,0.0,42.896909,0.85793818,0.0
2023-05-29 00:30:00+02:00,0.0,0.0,0.0,42.896909,0.85793818,0.0
2023-05-29 00:45:00+02:00,0.0,0.0,0.0,42.896909,0.85793818,0.0
2023-05-29 01:00:00+02:00,0.0,0.0,0.0,42.896909,0.85793818,0.0
2023-05-29 01:15:00+02:00,0.0,0.0,0.0,42.896909,0.85793818,0.0
2023-05-29 01:30:00+02:00,0.0,0.0,0.0,42.896909,0.85793818,0.0
2023-05-29 01:45:00+02:00,0.0,0.0,0.0,42.896909,0.85793818,0.0
2023-05-29 02:00:00+02:00,0.0,0.0,0.0,42.896909,0.85793818,0.0
2023-05-29 02:15:00+02:00,0.0,0.0,0.0,42.896909,0.85793818,0.0
2023-05-29 02:30:00+02:00,0.0,0.0,0.0,42.896909,0.85793818,0.0
2023-05-29 02:45:00+02:00,0.0,0.0,0.0,42.896909,0.85793818,0.0
2023-05-29 03:00:00+02:00,0.0,0.0,0.0,42.896909,0.85793818,0.0
2023-05-29 03:15:00+02:00,0.0,0.0,0.0,42.896909,0.85793818,0.0
2023-05-29 03:30:00+02:00,0.0,0.0,0.0,42.896909,0.85793818,0.0
2023-05-29 03:45:00+02:00,0.0,0.0,0.0,42.896909,0.85793818,0.0
2023-05-29 04:00:00+02:00,0.0,0.0,0.0,42.896909,0.85793818,0.0
2023-05-29 04:15:00+02:00,0.0,0.0,0.0,42.896909,0.85793818,0.0
2023-05-29 04:30:00+02:00,0.0,0.0,0.0,42.896909,0.85793818,0.0
2023-05-29 04:45:00+02:00,0.0,0.0,0.0,42.896909,0.85793818,0.0
2023-05-29 05:00:00+02:00,0.0,0.0,0.0,42.896909,0.85793818,0.0
2023-05-29 05:15:00+02:00,0.059105845,0.0,0.059105845,42.896909,0.8582189200000001,0.0
2023-05-29 05:30:00+02:00,0.14139838,0.0,0.14139838,42.910946,0.8588905800000001,0.0
2023-05-29 05:45:00+02:00,0.18104551,0.0,0.18104551,42.944529,0.85975054,0.0
2023-05-29 06:00:00+02:00,0.20066377,0.0,0.20066377,42.987527,0.8607037,0.0
2023-05-29 06:15:00+02:00,0.3544699,0.0,0.3544699,43.035185,0.86238742,0.0
2023-05-29 06:30:00+02:00,0.31459574,0.0,0.31459574,43.119371,0.86388176,0.0
2023-05-29 06:45:00+02:00,0.35770313,0.0,0.35770313,43.194088,0.8655808399999999,0.0
2023-05-29 07:00:00+02:00,0.39090042,0.0,0.39090042,43.279042,0.86743762,0.0
2023-05-29 07:15:00+02:00,0.69628384,0.0,0.69628384,43.371881,0.87074496,0.0
2023-05-29 07:30:00+02:00,1.1685172,0.0,1.1685172,43.537248,0.87629542,0.0
2023-05-29 07:45:00+02:00,2.2965048,0.0,2.2965048,43.814771,0.88720382,0.0
2023-05-29 08:00:00+02:00,2.856343,0.0,2.856343,44.360191,0.90077146,0.0
2023-05-29 08:15:00+02:00,3.2793195,0.0,3.2793195,45.038573,0.91634822,0.0
2023-05-29 08:30:00+02:00,0.0,0.0,0.0,45.817411,0.91634822,0.0
2023-05-29 08:45:00+02:00,0.0,0.0,0.0,45.817411,0.91634822,0.0
2023-05-29 09:00:00+02:00,0.0,0.0,0.0,45.817411,0.91634822,0.0
2023-05-29 09:15:00+02:00,0.0,0.0,0.0,45.817411,0.91634822,0.0
2023-05-29 09:30:00+02:00,0.0,0.0,0.0,45.817411,0.91634822,0.0
2023-05-29 09:45:00+02:00,0.0,0.0,0.0,45.817411,0.91634822,0.0
2023-05-29 10:00:00+02:00,0.0,0.0,0.0,45.817411,0.91634822,0.0
2023-05-29 10:15:00+02:00,0.0,0.0,0.0,45.817411,0.91634822,0.0
2023-05-29 10:30:00+02:00,0.0,0.0,0.0,45.817411,0.91634822,0.0
2023-05-29 10:45:00+02:00,0.0,0.0,0.0,45.817411,0.91634822,0.0
2023-05-29 11:00:00+02:00,0.0,0.0,0.0,45.817411,0.91634822,0.0
2023-05-29 11:15:00+02:00,0.0,0.0,0.0,45.817411,0.91634822,0.0
2023-05-29 11:30:00+02:00,0.0,0.0,0.0,45.817411,0.91634822,0.0
2023-05-29 11:45:00+02:00,0.0,0.0,0.0,45.817411,0.91634822,0.0
2023-05-29 12:00:00+02:00,0.0,0.0,0.0,45.817411,0.91634822,0.0
2023-05-29 12:15:00+02:00,0.0,0.0,0.0,45.817411,0.91634822,0.0
2023-05-29 12:30:00+02:00,0.0,0.0,0.0,45.817411,0.91634822,0.0
2023-05-29 12:45:00+02:00,0.0,0.0,0.0,45.817411,0.91634822,0.0
2023-05-29 13:00:00+02:00,0.0,0.0,0.0,45.817411,0.91634822,0.0
2023-05-29 13:15:00+02:00,0.0,0.0,0.0,45.817411,0.91634822,0.0
2023-05-29 13:30:00+02:00,0.0,0.0,0.0,45.817411,0.91634822,0.0
2023-05-29 13:45:00+02:00,0.0,0.0,0.0,45.817411,0.91634822,0.0
2023-05-29 14:00:00+02:00,0.0,0.0,0.0,45.817411,0.91634822,0.0
2023-05-29 14:15:00+02:00,0.0,0.0,0.0,45.817411,0.91634822,0.0
2023-05-29 14:30:00+02:00,0.0,0.0,0.0,45.817411,0.91634822,0.0
2023-05-29 14:45:00+02:00,0.0,0.0,0.0,45.817411,0.91634822,0.0
2023-05-29 15:00:00+02:00,0.0,0.0,0.0,45.817411,0.91634822,0.0
2023-05-29 15:15:00+02:00,0.0,0.0,0.0,45.817411,0.91634822,0.0
2023-05-29 15:30:00+02:00,0.0,0.0,0.0,45.817411,0.91634822,0.0
2023-05-29 15:45:00+02:00,0.0,0.0,0.0,45.817411,0.91634822,0.0
2023-05-29 16:00:00+02:00,0.0,0.0,0.0,45.817411,0.91634822,0.0
2023-05-29 16:15:00+02:00,0.0,0.0,0.0,45.817411,0.91634822,0.0
2023-05-29 16:30:00+02:00,0.0,0.0,0.0,45.817411,0.70412744,10.611039082783599
2023-05-29 16:45:00+02:00,2.8566048,0.0,2.8566048,35.206372,0.71769632,0.0
2023-05-29 17:00:00+02:00,2.6675062,0.0,2.6675062,35.884816,0.73036696,0.0
2023-05-29 17:15:00+02:00,1.8234145,0.0,1.8234145,36.518348,0.7390281799999999,0.0
2023-05-29 17:30:00+02:00,1.1653515,0.0,1.1653515,36.951409,0.7445636,0.0
2023-05-29 17:45:00+02:00,0.93217915,0.0,0.93217915,37.22818,0.74899146,0.0
2023-05-29 18:00:00+02:00,0.79805802,0.0,0.79805802,37.449573,0.75278222,0.0
2023-05-29 18:15:00+02:00,1.2463341,0.0,1.2463341,37.639111,0.75870232,0.0
2023-05-29 18:30:00+02:00,0.46099055,0.0,0.46099055,37.935116,0.76089202,0.0
2023-05-29 18:45:00+02:00,0.054512117,0.0,0.054512117,38.044601,0.7611509599999999,0.0
2023-05-29 19:00:00+02:00,0.0073433577,0.0,0.0073433577,38.057548,0.76118584,0.0
2023-05-29 19:15:00+02:00,0.0,0.0,0.0,38.059292,0.76118584,0.0
2023-05-29 19:30:00+02:00,0.0,0.0,0.0,38.059292,0.76118584,0.0
2023-05-29 19:45:00+02:00,0.0,0.0,0.0,38.059292,0.76118584,0.0
2023-05-29 20:00:00+02:00,0.0,0.0,0.0,38.059292,0.76118584,0.0
2023-05-29 20:15:00+02:00,0.0,0.0,0.0,38.059292,0.76118584,0.0
2023-05-29 20:30:00+02:00,0.0,0.0,0.0,38.059292,0.76118584,0.0
2023-05-29 20:45:00+02:00,0.0,0.0,0.0,38.059292,0.76118584,0.0
2023-05-29 21:00:00+02:00,0.0,0.0,0.0,38.059292,0.76118584,0.0
2023-05-29 21:15:00+02:00,0.0,0.0,0.0,38.059292,0.76118584,0.0
2023-05-29 21:30:00+02:00,0.0,0.0,0.0,38.059292,0.76118584,0.0
2023-05-29 21:45:00+02:00,0.0,0.0,0.0,38.059292,0.76118584,0.0
2023-05-29 22:00:00+02:00,0.0,0.0,0.0,38.059292,0.76118584,0.0
2023-05-29 22:15:00+02:00,0.0,0.0,0.0,38.059292,0.76118584,0.0
2023-05-29 22:30:00+02:00,0.0,0.0,0.0,38.059292,0.76118584,0.0
2023-05-29 22:45:00+02:00,0.0,0.0,0.0,38.059292,0.76118584,0.0
2023-05-29 23:00:00+02:00,0.0,0.0,0.0,38.059292,0.76118584,0.0
2023-05-29 23:15:00+02:00,0.0,0.0,0.0,38.059292,0.76118584,0.0
2023-05-29 23:30:00+02:00,0.0,0.0,0.0,38.059292,0.76118584,0.0
2023-05-29 23:45:00+02:00,0.0,0.0,0.0,38.059292,0.76118584,0.0
2023-05-30 00:00:00+02:00,0.0,0.0,0.0,38.059292,0.76118584,0.0
2023-05-30 00:15:00+02:00,0.0,0.0,0.0,38.059292,0.76118584,0.0
2023-05-30 00:30:00+02:00,0.0,0.0,0.0,38.059292,0.76118584,0.0
2023-05-30 00:45:00+02:00,0.0,0.0,0.0,38.059292,0.76118584,0.0
2023-05-30 01:00:00+02:00,0.0,0.0,0.0,38.059292,0.76118584,0.0
2023-05-30 01:15:00+02:00,0.0,0.0,0.0,38.059292,0.76118584,0.0
2023-05-30 01:30:00+02:00,0.0,0.0,0.0,38.059292,0.76118584,0.0
2023-05-30 01:45:00+02:00,0.0,0.0,0.0,38.059292,0.76118584,0.0
2023-05-30 02:00:00+02:00,0.0,0.0,0.0,38.059292,0.76118584,0.0
2023-05-30 02:15:00+02:00,0.0,0.0,0.0,38.059292,0.76118584,0.0
2023-05-30 02:30:00+02:00,0.0,0.0,0.0,38.059292,0.76118584,0.0
2023-05-30 02:45:00+02:00,0.0,0.0,0.0,38.059292,0.76118584,0.0
2023-05-30 03:00:00+02:00,0.0,0.0,0.0,38.059292,0.76118584,0.0
2023-05-30 03:15:00+02:00,0.0,0.0,0.0,38.059292,0.76118584,0.0
2023-05-30 03:30:00+02:00,0.0,0.0,0.0,38.059292,0.76118584,0.0
2023-05-30 03:45:00+02:00,0.0,0.0,0.0,38.059292,0.76118584,0.0
2023-05-30 04:00:00+02:00,0.0,0.0,0.0,38.059292,0.76118584,0.0
2023-05-30 04:15:00+02:00,0.0,0.0,0.0,38.059292,0.76118584,0.0
2023-05-30 04:30:00+02:00,0.0,0.0,0.0,38.059292,0.76118584,0.0
2023-05-30 04:45:00+02:00,0.0,0.0,0.0,38.059292,0.76118584,0.0
2023-05-30 05:00:00+02:00,0.0,0.0,0.0,38.059292,0.76118584,0.0
2023-05-30 05:15:00+02:00,0.0,0.0,0.0,38.059292,0.76118584,0.0
2023-05-30 05:30:00+02:00,0.011613551,0.0,0.011613551,38.059292,0.761241,0.0
2023-05-30 05:45:00+02:00,0.029682376,0.0,0.029682376,38.06205,0.761382,0.0
2023-05-30 06:00:00+02:00,0.10117339,0.0,0.10117339,38.0691,0.76186256,0.0
2023-05-30 06:15:00+02:00,0.23954433,0.0,0.23954433,38.093128,0.7630003999999999,0.0
2023-05-30 06:30:00+02:00,0.41345128,0.0,0.41345128,38.15002,0.7649643,0.0
2023-05-30 06:45:00+02:00,0.5978876,0.0,0.5978876,38.248215,0.76780426,0.0
2023-05-30 07:00:00+02:00,0.48470061,0.0,0.48470061,38.390213,0.7701065800000001,0.0
2023-05-30 07:15:00+02:00,0.49166527,0.0,0.49166527,38.505329,0.7724420000000001,0.0
2023-05-30 07:30:00+02:00,0.90629998,0.0,0.90629998,38.6221,0.7767469199999999,0.0
2023-05-30 07:45:00+02:00,1.7814125,0.0,1.7814125,38.837346,0.78520864,0.0
2023-05-30 08:00:00+02:00,1.0270087,0.0,1.0270087,39.260432,0.7900869199999999,0.0
2023-05-30 08:15:00+02:00,1.0154471,0.0,1.0154471,39.504346,0.7949103,0.0
2023-05-30 08:30:00+02:00,1.0715165,0.0,1.0715165,39.745515,0.8,0.0
2023-05-30 08:45:00+02:00,0.0,0.0,0.0,40.0,0.8,0.0
2023-05-30 09:00:00+02:00,0.0,0.0,0.0,40.0,0.8,0.0
2023-05-30 09:15:00+02:00,0.0,0.0,0.0,40.0,0.8,0.0
2023-05-30 09:30:00+02:00,0.0,0.0,0.0,40.0,0.8,0.0
2023-05-30 09:45:00+02:00,0.0,0.0,0.0,40.0,0.8,0.0
2023-05-30 10:00:00+02:00,0.0,0.0,0.0,40.0,0.8,0.0
2023-05-30 10:15:00+02:00,0.0,0.0,0.0,40.0,0.8,0.0
2023-05-30 10:30:00+02:00,0.0,0.0,0.0,40.0,0.8,0.0
2023-05-30 10:45:00+02:00,0.0,0.0,0.0,40.0,0.8,0.0
2023-05-30 11:00:00+02:00,0.0,0.0,0.0,40.0,0.8,0.0
2023-05-30 11:15:00+02:00,0.0,0.0,0.0,40.0,0.8,0.0
2023-05-30 11:30:00+02:00,0.0,0.0,0.0,40.0,0.8,0.0
2023-05-30 11:45:00+02:00,0.0,0.0,0.0,40.0,0.8,0.0
2023-05-30 12:00:00+02:00,0.0,0.0,0.0,40.0,0.8,0.0
2023-05-30 12:15:00+02:00,0.0,0.0,0.0,40.0,0.8,0.0
2023-05-30 12:30:00+02:00,0.0,0.0,0.0,40.0,0.8,0.0
2023-05-30 12:45:00+02:00,0.0,0.0,0.0,40.0,0.8,0.0
2023-05-30 13:00:00+02:00,0.0,0.0,0.0,40.0,0.8,0.0
2023-05-30 13:15:00+02:00,0.0,0.0,0.0,40.0,0.8,0.0
2023-05-30 13:30:00+02:00,0.0,0.0,0.0,40.0,0.8,0.0
2023-05-30 13:45:00+02:00,0.0,0.0,0.0,40.0,0.8,0.0
2023-05-30 14:00:00+02:00,0.0,0.0,0.0,40.0,0.8,0.0
2023-05-30 14:15:00+02:00,0.0,0.0,0.0,40.0,0.8,0.0
2023-05-30 14:30:00+02:00,0.0,0.0,0.0,40.0,0.8,0.0
2023-05-30 14:45:00+02:00,0.0,0.0,0.0,40.0,0.8,0.0
2023-05-30 15:00:00+02:00,0.0,0.0,0.0,40.0,0.8,0.0
2023-05-30 15:15:00+02:00,0.0,0.0,0.0,40.0,0.8,0.0
2023-05-30 15:30:00+02:00,0.0,0.0,0.0,40.0,0.8,0.0
2023-05-30 15:45:00+02:00,0.0,0.0,0.0,40.0,0.8,0.0
2023-05-30 16:00:00+02:00,0.0,0.0,0.0,40.0,0.8,0.0
2023-05-30 16:15:00+02:00,0.0,0.0,0.0,40.0,0.8,0.0
2023-05-30 16:30:00+02:00,0.0,0.0,0.0,40.0,0.8,0.0
2023-05-30 16:45:00+02:00,0.0,0.0,0.0,40.0,0.8,0.0
2023-05-30 17:00:00+02:00,0.0,0.0,0.0,40.0,0.8,0.0
2023-05-30 17:15:00+02:00,0.0,0.0,0.0,40.0,0.8,0.0
2023-05-30 17:30:00+02:00,0.0,0.0,0.0,40.0,0.8,0.0
2023-05-30 17:45:00+02:00,0.0,0.0,0.0,40.0,0.8,0.0
2023-05-30 18:00:00+02:00,0.0,0.0,0.0,40.0,0.5855360000000001,10.7232
2023-05-30 18:15:00+02:00,0.0,0.0,0.0,29.2768,0.5855360000000001,0.0
2023-05-30 18:30:00+02:00,0.0,0.0,0.0,29.2768,0.5855360000000001,0.0
2023-05-30 18:45:00+02:00,0.0,0.0,0.0,29.2768,0.5855360000000001,0.0
2023-05-30 19:00:00+02:00,0.0,0.0,0.0,29.2768,0.5855360000000001,0.0
2023-05-30 19:15:00+02:00,0.0,0.0,0.0,29.2768,0.5855360000000001,0.0
2023-05-30 19:30:00+02:00,0.0,0.0,0.0,29.2768,0.5855360000000001,0.0
2023-05-30 19:45:00+02:00,0.0,0.0,0.0,29.2768,0.5855360000000001,0.0
2023-05-30 20:00:00+02:00,0.0,0.0,0.0,29.2768,0.5855360000000001,0.0
2023-05-30 20:15:00+02:00,0.0,0.0,0.0,29.2768,0.5855360000000001,0.0
2023-05-30 20:30:00+02:00,0.0,0.0,0.0,29.2768,0.5855360000000001,0.0
2023-05-30 20:45:00+02:00,0.0,0.0,0.0,29.2768,0.5855360000000001,0.0
2023-05-30 21:00:00+02:00,0.0,0.0,0.0,29.2768,0.5855360000000001,0.0
2023-05-30 21:15:00+02:00,0.0,0.0,0.0,29.2768,0.5855360000000001,0.0
2023-05-30 21:30:00+02:00,0.0,0.0,0.0,29.2768,0.5855360000000001,0.0
2023-05-30 21:45:00+02:00,0.0,0.0,0.0,29.2768,0.5855360000000001,0.0
2023-05-30 22:00:00+02:00,0.0,0.0,0.0,29.2768,0.5855360000000001,0.0
2023-05-30 22:15:00+02:00,0.0,0.0,0.0,29.2768,0.5855360000000001,0.0
2023-05-30 22:30:00+02:00,0.0,0.0,0.0,29.2768,0.5855360000000001,0.0
2023-05-30 22:45:00+02:00,0.0,0.0,0.0,29.2768,0.5855360000000001,0.0
2023-05-30 23:00:00+02:00,0.0,0.0,0.0,29.2768,0.5855360000000001,0.0
2023-05-30 23:15:00+02:00,0.0,0.0,0.0,29.2768,0.5855360000000001,0.0
2023-05-30 23:30:00+02:00,0.0,0.0,0.0,29.2768,0.5855360000000001,0.0
2023-05-30 23:45:00+02:00,0.0,0.0,0.0,29.2768,0.5855360000000001,0.0
2023-05-31 00:00:00+02:00,0.0,0.0,0.0,29.2768,0.5855360000000001,0.0
2023-05-31 00:15:00+02:00,0.0,0.0,0.0,29.2768,0.5855360000000001,0.0
2023-05-31 00:30:00+02:00,0.0,0.0,0.0,29.2768,0.5855360000000001,0.0
2023-05-31 00:45:00+02:00,0.0,0.0,0.0,29.2768,0.5855360000000001,0.0
2023-05-31 01:00:00+02:00,0.0,0.0,0.0,29.2768,0.5855360000000001,0.0
2023-05-31 01:15:00+02:00,0.0,0.0,0.0,29.2768,0.5855360000000001,0.0
2023-05-31 01:30:00+02:00,0.0,0.0,0.0,29.2768,0.5855360000000001,0.0
2023-05-31 01:45:00+02:00,0.0,0.0,0.0,29.2768,0.5855360000000001,0.0
2023-05-31 02:00:00+02:00,0.0,0.0,0.0,29.2768,0.5855360000000001,0.0
2023-05-31 02:15:00+02:00,0.0,0.0,0.0,29.2768,0.5855360000000001,0.0
2023-05-31 02:30:00+02:00,0.0,0.0,0.0,29.2768,0.5855360000000001,0.0
2023-05-31 02:45:00+02:00,0.0,0.0,0.0,29.2768,0.5855360000000001,0.0
2023-05-31 03:00:00+02:00,0.0,0.0,0.0,29.2768,0.5855360000000001,0.0
2023-05-31 03:15:00+02:00,0.0,0.0,0.0,29.2768,0.5855360000000001,0.0
2023-05-31 03:30:00+02:00,0.0,0.0,0.0,29.2768,0.5855360000000001,0.0
2023-05-31 03:45:00+02:00,0.0,0.0,0.0,29.2768,0.5855360000000001,0.0
2023-05-31 04:00:00+02:00,0.0,0.0,0.0,29.2768,0.5855360000000001,0.0
2023-05-31 04:15:00+02:00,0.0,0.0,0.0,29.2768,0.5855360000000001,0.0
2023-05-31 04:30:00+02:00,0.0,0.0,0.0,29.2768,0.5855360000000001,0.0
2023-05-31 04:45:00+02:00,0.0,0.0,0.0,29.2768,0.5855360000000001,0.0
2023-05-31 05:00:00+02:00,0.0,0.0,0.0,29.2768,0.5855360000000001,0.0
2023-05-31 05:15:00+02:00,0.0,0.0,0.0,29.2768,0.5855360000000001,0.0
2023-05-31 05:30:00+02:00,0.0,0.0,0.0,29.2768,0.5855360000000001,0.0
2023-05-31 05:45:00+02:00,0.0,0.0,0.0,29.2768,0.5855360000000001,0.0
2023-05-31 06:00:00+02:00,0.0,0.0,0.0,29.2768,0.5855360000000001,0.0
2023-05-31 06:15:00+02:00,0.0,0.0,0.0,29.2768,0.5855360000000001,0.0
2023-05-31 06:30:00+02:00,0.0,0.0,0.0,29.2768,0.5855360000000001,0.0
2023-05-31 06:45:00+02:00,0.0,0.0,0.0,29.2768,0.5855360000000001,0.0
2023-05-31 07:00:00+02:00,0.0,0.0,0.0,29.2768,0.5855360000000001,0.0
2023-05-31 07:15:00+02:00,0.0,0.0,0.0,29.2768,0.5855360000000001,0.0
2023-05-31 07:30:00+02:00,0.0,0.0,0.0,29.2768,0.5855360000000001,0.0
2023-05-31 07:45:00+02:00,0.0,0.0,0.0,29.2768,0.5855360000000001,0.0
2023-05-31 08:00:00+02:00,0.0,0.0,0.0,29.2768,0.5855360000000001,0.0
2023-05-31 08:15:00+02:00,0.0,0.0,0.0,29.2768,0.5855360000000001,0.0
2023-05-31 08:30:00+02:00,0.0,0.0,0.0,29.2768,0.5855360000000001,0.0
2023-05-31 08:45:00+02:00,0.0,0.0,0.0,29.2768,0.5855360000000001,0.0
2023-05-31 09:00:00+02:00,0.0,0.0,0.0,29.2768,0.5855360000000001,0.0
2023-05-31 09:15:00+02:00,0.0,0.0,0.0,29.2768,0.5855360000000001,0.0
2023-05-31 09:30:00+02:00,0.0,0.0,0.0,29.2768,0.5855360000000001,0.0
2023-05-31 09:45:00+02:00,0.0,0.0,0.0,29.2768,0.5855360000000001,0.0
2023-05-31 10:00:00+02:00,0.0,0.0,0.0,29.2768,0.5855360000000001,0.0
2023-05-31 10:15:00+02:00,0.0,0.0,0.0,29.2768,0.5855360000000001,0.0
2023-05-31 10:30:00+02:00,0.0,0.0,0.0,29.2768,0.5855360000000001,0.0
2023-05-31 10:45:00+02:00,0.0,0.0,0.0,29.2768,0.5855360000000001,0.0
2023-05-31 11:00:00+02:00,0.0,0.0,0.0,29.2768,0.5855360000000001,0.0
2023-05-31 11:15:00+02:00,0.0,0.0,0.0,29.2768,0.5855360000000001,0.0
2023-05-31 11:30:00+02:00,0.0,0.0,0.0,29.2768,0.5855360000000001,0.0
2023-05-31 11:45:00+02:00,0.0,0.0,0.0,29.2768,0.5855360000000001,0.0
2023-05-31 12:00:00+02:00,0.0,0.0,0.0,29.2768,0.5855360000000001,0.0
2023-05-31 12:15:00+02:00,0.0,0.0,0.0,29.2768,0.5855360000000001,0.0
2023-05-31 12:30:00+02:00,0.0,0.0,0.0,29.2768,0.5855360000000001,0.0
2023-05-31 12:45:00+02:00,0.0,0.0,0.0,29.2768,0.5855360000000001,0.0
2023-05-31 13:00:00+02:00,0.0,0.0,0.0,29.2768,0.5855360000000001,0.0
2023-05-31 13:15:00+02:00,0.0,0.0,0.0,29.2768,0.5855360000000001,0.0
2023-05-31 13:30:00+02:00,0.0,0.0,0.0,29.2768,0.5855360000000001,0.0
2023-05-31 13:45:00+02:00,0.0,0.0,0.0,29.2768,0.5855360000000001,0.0
2023-05-31 14:00:00+02:00,0.0,0.0,0.0,29.2768,0.5855360000000001,0.0
2023-05-31 14:15:00+02:00,0.0,0.0,0.0,29.2768,0.5855360000000001,0.0
2023-05-31 14:30:00+02:00,0.0,0.0,0.0,29.2768,0.5855360000000001,0.0
2023-05-31 14:45:00+02:00,0.0,0.0,0.0,29.2768,0.5855360000000001,0.0
2023-05-31 15:00:00+02:00,0.0,0.0,0.0,29.2768,0.5855360000000001,0.0
2023-05-31 15:15:00+02:00,0.0,0.0,0.0,29.2768,0.5855360000000001,0.0
2023-05-31 15:30:00+02:00,0.0,0.0,0.0,29.2768,0.5855360000000001,0.0
2023-05-31 15:45:00+02:00,0.0,0.0,0.0,29.2768,0.5855360000000001,0.0
2023-05-31 16:00:00+02:00,0.0,0.0,0.0,29.2768,0.5855360000000001,0.0
2023-05-31 16:15:00+02:00,0.0,0.0,0.0,29.2768,0.5855360000000001,0.0
2023-05-31 16:30:00+02:00,0.0,0.0,0.0,29.2768,0.5855360000000001,0.0
2023-05-31 16:45:00+02:00,0.0,0.0,0.0,29.2768,0.5855360000000001,0.0
2023-05-31 17:00:00+02:00,0.0,0.0,0.0,29.2768,0.5855360000000001,0.0
2023-05-31 17:15:00+02:00,0.0,0.0,0.0,29.2768,0.5855360000000001,0.0
2023-05-31 17:30:00+02:00,0.0,0.0,0.0,29.2768,0.5855360000000001,0.0
2023-05-31 17:45:00+02:00,0.0,0.0,0.0,29.2768,0.5855360000000001,0.0
2023-05-31 18:00:00+02:00,0.0,0.0,0.0,29.2768,0.5855360000000001,0.0
2023-05-31 18:15:00+02:00,0.0,0.0,0.0,29.2768,0.5855360000000001,0.0
2023-05-31 18:30:00+02:00,0.0,0.0,0.0,29.2768,0.5855360000000001,0.0
2023-05-31 18:45:00+02:00,0.0,0.0,0.0,29.2768,0.5855360000000001,0.0
2023-05-31 19:00:00+02:00,0.0,0.0,0.0,29.2768,0.5855360000000001,0.0
2023-05-31 19:15:00+02:00,0.0,0.0,0.0,29.2768,0.5855360000000001,0.0
2023-05-31 19:30:00+02:00,0.0,0.0,0.0,29.2768,0.5855360000000001,0.0
2023-05-31 19:45:00+02:00,0.0,0.0,0.0,29.2768,0.5855360000000001,0.0
2023-05-31 20:00:00+02:00,0.0,0.0,0.0,29.2768,0.5855360000000001,0.0
2023-05-31 20:15:00+02:00,0.0,0.0,0.0,29.2768,0.5855360000000001,0.0
2023-05-31 20:30:00+02:00,0.0,0.0,0.0,29.2768,0.5855360000000001,0.0
2023-05-31 20:45:00+02:00,0.0,0.0,0.0,29.2768,0.5855360000000001,0.0
2023-05-31 21:00:00+02:00,0.0,0.0,0.0,29.2768,0.5855360000000001,0.0
2023-05-31 21:15:00+02:00,0.0,0.0,0.0,29.2768,0.5855360000000001,0.0
2023-05-31 21:30:00+02:00,0.0,0.0,0.0,29.2768,0.5855360000000001,0.0
2023-05-31 21:45:00+02:00,0.0,0.0,0.0,29.2768,0.5855360000000001,0.0
2023-05-31 22:00:00+02:00,0.0,0.0,0.0,29.2768,0.5855360000000001,0.0
2023-05-31 22:15:00+02:00,0.0,0.0,0.0,29.2768,0.5855360000000001,0.0
2023-05-31 22:30:00+02:00,0.0,0.0,0.0,29.2768,0.5855360000000001,0.0
2023-05-31 22:45:00+02:00,0.0,0.0,0.0,29.2768,0.5855360000000001,0.0
2023-05-31 23:00:00+02:00,0.0,0.0,0.0,29.2768,0.5855360000000001,0.0
2023-05-31 23:15:00+02:00,0.0,0.0,0.0,29.2768,0.5855360000000001,0.0
2023-05-31 23:30:00+02:00,0.0,0.0,0.0,29.2768,0.5855360000000001,0.0
2023-05-31 23:45:00+02:00,0.0,0.0,0.0,29.2768,0.5855360000000001,0.0
