timestep,time,golf_0
0,2023-04-01 00:00:00,0.8
1,2023-04-01 00:15:00,0.8
2,2023-04-01 00:30:00,0.8
3,2023-04-01 00:45:00,0.8
4,2023-04-01 01:00:00,0.8
5,2023-04-01 01:15:00,0.8
6,2023-04-01 01:30:00,0.8
7,2023-04-01 01:45:00,0.8
8,2023-04-01 02:00:00,0.8
9,2023-04-01 02:15:00,0.8
10,2023-04-01 02:30:00,0.8
11,2023-04-01 02:45:00,0.8
12,2023-04-01 03:00:00,0.8
13,2023-04-01 03:15:00,0.8
14,2023-04-01 03:30:00,0.8
15,2023-04-01 03:45:00,0.8
16,2023-04-01 04:00:00,0.8
17,2023-04-01 04:15:00,0.8
18,2023-04-01 04:30:00,0.8
19,2023-04-01 04:45:00,0.8
20,2023-04-01 05:00:00,0.8
21,2023-04-01 05:15:00,0.8
22,2023-04-01 05:30:00,0.8
23,2023-04-01 05:45:00,0.8
24,2023-04-01 06:00:00,0.8
25,2023-04-01 06:15:00,0.8
26,2023-04-01 06:30:00,0.8
27,2023-04-01 06:45:00,0.8
28,2023-04-01 07:00:00,0.8
29,2023-04-01 07:15:00,0.80050282
30,2023-04-01 07:30:00,0.80349682
31,2023-04-01 07:45:00,0.8091710999999999
32,2023-04-01 08:00:00,0.8176692
33,2023-04-01 08:15:00,0.82813278
34,2023-04-01 08:30:00,0.8413419000000001
35,2023-04-01 08:45:00,0.8570019600000001
36,2023-04-01 09:00:00,0.8751839800000001
37,2023-04-01 09:15:00,0.8714025619129927
38,2023-04-01 09:30:00,0.8676211438259853
39,2023-04-01 09:45:00,0.8638397257389779
40,2023-04-01 10:00:00,0.8600583076519706
41,2023-04-01 10:15:00,0.8562768895649632
42,2023-04-01 10:30:00,0.8524954714779558
43,2023-04-01 10:45:00,0.8487140533909484
44,2023-04-01 11:00:00,0.844932635303941
45,2023-04-01 11:15:00,0.8411512172169336
46,2023-04-01 11:30:00,0.8373697991299263
47,2023-04-01 11:45:00,0.8335883810429189
48,2023-04-01 12:00:00,0.8298069629559115
49,2023-04-01 12:15:00,0.8260255448689041
50,2023-04-01 12:30:00,0.8222441267818967
51,2023-04-01 12:45:00,0.8184627086948894
52,2023-04-01 13:00:00,0.814681290607882
53,2023-04-01 13:15:00,0.8108998725208746
54,2023-04-01 13:30:00,0.8071184544338672
55,2023-04-01 13:45:00,0.8033370363468599
56,2023-04-01 14:00:00,0.7995556182598524
57,2023-04-01 14:15:00,0.7957742001728452
58,2023-04-01 14:30:00,0.7919927820858377
59,2023-04-01 14:45:00,0.7882113639988304
60,2023-04-01 15:00:00,0.7844299459118229
61,2023-04-01 15:15:00,0.7806485278248156
62,2023-04-01 15:30:00,0.7768671097378083
63,2023-04-01 15:45:00,0.7730856916508009
64,2023-04-01 16:00:00,0.7693042735637935
65,2023-04-01 16:15:00,0.7655228554767861
66,2023-04-01 16:30:00,0.7617414373897787
67,2023-04-01 16:45:00,0.7579600193027713
68,2023-04-01 17:00:00,0.754178601215764
69,2023-04-01 17:15:00,0.7503971831287566
70,2023-04-01 17:30:00,0.7466157650417492
71,2023-04-01 17:45:00,0.7428343469547418
72,2023-04-01 18:00:00,0.7390529288677344
73,2023-04-01 18:15:00,0.7352715107807271
74,2023-04-01 18:30:00,0.7314900926937197
75,2023-04-01 18:45:00,0.7277086746067123
76,2023-04-01 19:00:00,0.7239272565197049
77,2023-04-01 19:15:00,0.7201458384326975
78,2023-04-01 19:30:00,0.7201458384326975
79,2023-04-01 19:45:00,0.7201458384326975
80,2023-04-01 20:00:00,0.7201458384326975
81,2023-04-01 20:15:00,0.7201458384326975
82,2023-04-01 20:30:00,0.7201458384326975
83,2023-04-01 20:45:00,0.7201458384326975
84,2023-04-01 21:00:00,0.7201458384326975
85,2023-04-01 21:15:00,0.7201458384326975
86,2023-04-01 21:30:00,0.7201458384326975
87,2023-04-01 21:45:00,0.7201458384326975
88,2023-04-01 22:00:00,0.7201458384326975
89,2023-04-01 22:15:00,0.7201458384326975
90,2023-04-01 22:30:00,0.7201458384326975
91,2023-04-01 22:45:00,0.7201458384326975
92,2023-04-01 23:00:00,0.7201458384326975
93,2023-04-01 23:15:00,0.7201458384326975
94,2023-04-01 23:30:00,0.7201458384326975
95,2023-04-01 23:45:00,0.7201458384326975
96,2023-04-02 00:00:00,0.7201458384326975
97,2023-04-02 00:15:00,0.7201458384326975
98,2023-04-02 00:30:00,0.7201458384326975
99,2023-04-02 00:45:00,0.7201458384326975
100,2023-04-02 01:00:00,0.7201458384326975
101,2023-04-02 01:15:00,0.7201458384326975
102,2023-04-02 01:30:00,0.7201458384326975
103,2023-04-02 01:45:00,0.7201458384326975
104,2023-04-02 02:00:00,0.7201458384326975
105,2023-04-02 02:15:00,0.7201458384326975
106,2023-04-02 02:30:00,0.7201458384326975
107,2023-04-02 02:45:00,0.7201458384326975
108,2023-04-02 03:00:00,0.7201458384326975
109,2023-04-02 03:15:00,0.7201458384326975
110,2023-04-02 03:30:00,0.7201458384326975
111,2023-04-02 03:45:00,0.7201458384326975
112,2023-04-02 04:00:00,0.7201458384326975
113,2023-04-02 04:15:00,0.7201458384326975
114,2023-04-02 04:30:00,0.7201458384326975
115,2023-04-02 04:45:00,0.7201458384326975
116,2023-04-02 05:00:00,0.7201458384326975
117,2023-04-02 05:15:00,0.7201458384326975
118,2023-04-02 05:30:00,0.7201458384326975
119,2023-04-02 05:45:00,0.7201458384326975
120,2023-04-02 06:00:00,0.7201458384326975
121,2023-04-02 06:15:00,0.7201458384326975
122,2023-04-02 06:30:00,0.7201458384326975
123,2023-04-02 06:45:00,0.7201458384326975
124,2023-04-02 07:00:00,0.73054234
125,2023-04-02 07:15:00,0.7530899200000001
126,2023-04-02 07:30:00,0.77610236
127,2023-04-02 07:45:00,0.8
128,2023-04-02 08:00:00,0.80183032
129,2023-04-02 08:15:00,0.7963728064525962
130,2023-04-02 08:30:00,0.7909152929051925
131,2023-04-02 08:45:00,0.7854577793577887
132,2023-04-02 09:00:00,0.780000265810385
133,2023-04-02 09:15:00,0.7745427522629812
134,2023-04-02 09:30:00,0.7690852387155774
135,2023-04-02 09:45:00,0.7636277251681737
136,2023-04-02 10:00:00,0.7581702116207699
137,2023-04-02 10:15:00,0.7527126980733662
138,2023-04-02 10:30:00,0.7472551845259624
139,2023-04-02 10:45:00,0.7417976709785586
140,2023-04-02 11:00:00,0.736340157431155
141,2023-04-02 11:15:00,0.7308826438837512
142,2023-04-02 11:30:00,0.7254251303363475
143,2023-04-02 11:45:00,0.7199676167889437
144,2023-04-02 12:00:00,0.71451010324154
145,2023-04-02 12:15:00,0.7090525896941362
146,2023-04-02 12:30:00,0.7035950761467324
147,2023-04-02 12:45:00,0.6981375625993287
148,2023-04-02 13:00:00,0.6926800490519249
149,2023-04-02 13:15:00,0.6872225355045212
150,2023-04-02 13:30:00,0.6817650219571174
151,2023-04-02 13:45:00,0.6763075084097137
152,2023-04-02 14:00:00,0.6708499948623099
153,2023-04-02 14:15:00,0.6653924813149061
154,2023-04-02 14:30:00,0.6599349677675024
155,2023-04-02 14:45:00,0.6544774542200986
156,2023-04-02 15:00:00,0.6490199406726949
157,2023-04-02 15:15:00,0.6793742399999999
158,2023-04-02 15:30:00,0.70704804
159,2023-04-02 15:45:00,0.73261186
160,2023-04-02 16:00:00,0.7555922599999999
161,2023-04-02 16:15:00,0.77554438
162,2023-04-02 16:30:00,0.7897820799999999
163,2023-04-02 16:45:00,0.7897820799999999
164,2023-04-02 17:00:00,0.7897820799999999
165,2023-04-02 17:15:00,0.7897820799999999
166,2023-04-02 17:30:00,0.7897820799999999
167,2023-04-02 17:45:00,0.7897820799999999
168,2023-04-02 18:00:00,0.7897820799999999
169,2023-04-02 18:15:00,0.7897820799999999
170,2023-04-02 18:30:00,0.7897820799999999
171,2023-04-02 18:45:00,0.7897820799999999
172,2023-04-02 19:00:00,0.7897820799999999
173,2023-04-02 19:15:00,0.7897820799999999
174,2023-04-02 19:30:00,0.7897820799999999
175,2023-04-02 19:45:00,0.7897820799999999
176,2023-04-02 20:00:00,0.7897820799999999
177,2023-04-02 20:15:00,0.7897820799999999
178,2023-04-02 20:30:00,0.7897820799999999
179,2023-04-02 20:45:00,0.7897820799999999
180,2023-04-02 21:00:00,0.7897820799999999
181,2023-04-02 21:15:00,0.7897820799999999
182,2023-04-02 21:30:00,0.7897820799999999
183,2023-04-02 21:45:00,0.7897820799999999
184,2023-04-02 22:00:00,0.7897820799999999
185,2023-04-02 22:15:00,0.7897820799999999
186,2023-04-02 22:30:00,0.7897820799999999
187,2023-04-02 22:45:00,0.7897820799999999
188,2023-04-02 23:00:00,0.7897820799999999
189,2023-04-02 23:15:00,0.7897820799999999
190,2023-04-02 23:30:00,0.7897820799999999
191,2023-04-02 23:45:00,0.7897820799999999
192,2023-04-03 00:00:00,0.7897820799999999
193,2023-04-03 00:15:00,0.7897820799999999
194,2023-04-03 00:30:00,0.7897820799999999
195,2023-04-03 00:45:00,0.7897820799999999
196,2023-04-03 01:00:00,0.7897820799999999
197,2023-04-03 01:15:00,0.7897820799999999
198,2023-04-03 01:30:00,0.7897820799999999
199,2023-04-03 01:45:00,0.7897820799999999
200,2023-04-03 02:00:00,0.7897820799999999
201,2023-04-03 02:15:00,0.7897820799999999
202,2023-04-03 02:30:00,0.7897820799999999
203,2023-04-03 02:45:00,0.7897820799999999
204,2023-04-03 03:00:00,0.7897820799999999
205,2023-04-03 03:15:00,0.7897820799999999
206,2023-04-03 03:30:00,0.7897820799999999
207,2023-04-03 03:45:00,0.7897820799999999
208,2023-04-03 04:00:00,0.7897820799999999
209,2023-04-03 04:15:00,0.7897820799999999
210,2023-04-03 04:30:00,0.7897820799999999
211,2023-04-03 04:45:00,0.7897820799999999
212,2023-04-03 05:00:00,0.7897820799999999
213,2023-04-03 05:15:00,0.7897820799999999
214,2023-04-03 05:30:00,0.7897820799999999
215,2023-04-03 05:45:00,0.7897820799999999
216,2023-04-03 06:00:00,0.7897820799999999
217,2023-04-03 06:15:00,0.7897820799999999
218,2023-04-03 06:30:00,0.7897820799999999
219,2023-04-03 06:45:00,0.7897820799999999
220,2023-04-03 07:00:00,0.7897820799999999
221,2023-04-03 07:15:00,0.79086196
222,2023-04-03 07:30:00,0.79428484
223,2023-04-03 07:45:00,0.8
224,2023-04-03 08:00:00,0.80879554
225,2023-04-03 08:15:00,0.8022554676528305
226,2023-04-03 08:30:00,0.7957153953056609
227,2023-04-03 08:45:00,0.7891753229584915
228,2023-04-03 09:00:00,0.7826352506113219
229,2023-04-03 09:15:00,0.7760951782641524
230,2023-04-03 09:30:00,0.7695551059169828
231,2023-04-03 09:45:00,0.7630150335698134
232,2023-04-03 10:00:00,0.7564749612226438
233,2023-04-03 10:15:00,0.7499348888754743
234,2023-04-03 10:30:00,0.7433948165283049
235,2023-04-03 10:45:00,0.7368547441811353
236,2023-04-03 11:00:00,0.7303146718339658
237,2023-04-03 11:15:00,0.7237745994867962
238,2023-04-03 11:30:00,0.7172345271396268
239,2023-04-03 11:45:00,0.7106944547924572
240,2023-04-03 12:00:00,0.7041543824452877
241,2023-04-03 12:15:00,0.6976143100981183
242,2023-04-03 12:30:00,0.6910742377509487
243,2023-04-03 12:45:00,0.6845341654037792
244,2023-04-03 13:00:00,0.6779940930566096
245,2023-04-03 13:15:00,0.6714540207094402
246,2023-04-03 13:30:00,0.6649139483622706
247,2023-04-03 13:45:00,0.6583738760151011
248,2023-04-03 14:00:00,0.6518338036679316
249,2023-04-03 14:15:00,0.6452937313207621
250,2023-04-03 14:30:00,0.6784427
251,2023-04-03 14:45:00,0.71036006
252,2023-04-03 15:00:00,0.74059842
253,2023-04-03 15:15:00,0.7674067800000001
254,2023-04-03 15:30:00,0.7704297
255,2023-04-03 15:45:00,0.7704297
256,2023-04-03 16:00:00,0.7704297
257,2023-04-03 16:15:00,0.7704297
258,2023-04-03 16:30:00,0.7704297
259,2023-04-03 16:45:00,0.7704297
260,2023-04-03 17:00:00,0.7704297
261,2023-04-03 17:15:00,0.7704297
262,2023-04-03 17:30:00,0.7704297
263,2023-04-03 17:45:00,0.7704297
264,2023-04-03 18:00:00,0.7704297
265,2023-04-03 18:15:00,0.7704297
266,2023-04-03 18:30:00,0.7704297
267,2023-04-03 18:45:00,0.7704297
268,2023-04-03 19:00:00,0.7704297
269,2023-04-03 19:15:00,0.7704297
270,2023-04-03 19:30:00,0.7704297
271,2023-04-03 19:45:00,0.7704297
272,2023-04-03 20:00:00,0.7704297
273,2023-04-03 20:15:00,0.7704297
274,2023-04-03 20:30:00,0.7704297
275,2023-04-03 20:45:00,0.7704297
276,2023-04-03 21:00:00,0.7704297
277,2023-04-03 21:15:00,0.7704297
278,2023-04-03 21:30:00,0.7704297
279,2023-04-03 21:45:00,0.7704297
280,2023-04-03 22:00:00,0.7704297
281,2023-04-03 22:15:00,0.7704297
282,2023-04-03 22:30:00,0.7704297
283,2023-04-03 22:45:00,0.7704297
284,2023-04-03 23:00:00,0.7704297
285,2023-04-03 23:15:00,0.7704297
286,2023-04-03 23:30:00,0.7704297
287,2023-04-03 23:45:00,0.7704297
288,2023-04-04 00:00:00,0.7704297
289,2023-04-04 00:15:00,0.7704297
290,2023-04-04 00:30:00,0.7704297
291,2023-04-04 00:45:00,0.7704297
292,2023-04-04 01:00:00,0.7704297
293,2023-04-04 01:15:00,0.7704297
294,2023-04-04 01:30:00,0.7704297
295,2023-04-04 01:45:00,0.7704297
296,2023-04-04 02:00:00,0.7704297
297,2023-04-04 02:15:00,0.7704297
298,2023-04-04 02:30:00,0.7704297
299,2023-04-04 02:45:00,0.7704297
300,2023-04-04 03:00:00,0.7704297
301,2023-04-04 03:15:00,0.7704297
302,2023-04-04 03:30:00,0.7704297
303,2023-04-04 03:45:00,0.7704297
304,2023-04-04 04:00:00,0.7704297
305,2023-04-04 04:15:00,0.7704297
306,2023-04-04 04:30:00,0.7704297
307,2023-04-04 04:45:00,0.7704297
308,2023-04-04 05:00:00,0.7704297
309,2023-04-04 05:15:00,0.7704297
310,2023-04-04 05:30:00,0.7704297
311,2023-04-04 05:45:00,0.7704297
312,2023-04-04 06:00:00,0.7704297
313,2023-04-04 06:15:00,0.7704297
314,2023-04-04 06:30:00,0.7704297
315,2023-04-04 06:45:00,0.7704297
316,2023-04-04 07:00:00,0.7704297
317,2023-04-04 07:15:00,0.77189982
318,2023-04-04 07:30:00,0.77518922
319,2023-04-04 07:45:00,0.7808165800000001
320,2023-04-04 08:00:00,0.7891732
321,2023-04-04 08:15:00,0.8
322,2023-04-04 08:30:00,0.8
323,2023-04-04 08:45:00,0.7974265672951908
324,2023-04-04 09:00:00,0.7948531345903814
325,2023-04-04 09:15:00,0.7922797018855722
326,2023-04-04 09:30:00,0.7897062691807628
327,2023-04-04 09:45:00,0.7871328364759536
328,2023-04-04 10:00:00,0.7845594037711442
329,2023-04-04 10:15:00,0.7819859710663349
330,2023-04-04 10:30:00,0.7794125383615256
331,2023-04-04 10:45:00,0.7768391056567163
332,2023-04-04 11:00:00,0.7742656729519071
333,2023-04-04 11:15:00,0.7716922402470977
334,2023-04-04 11:30:00,0.7691188075422885
335,2023-04-04 11:45:00,0.7665453748374791
336,2023-04-04 12:00:00,0.7639719421326698
337,2023-04-04 12:15:00,0.7613985094278605
338,2023-04-04 12:30:00,0.7588250767230512
339,2023-04-04 12:45:00,0.7562516440182419
340,2023-04-04 13:00:00,0.7536782113134326
341,2023-04-04 13:15:00,0.7511047786086233
342,2023-04-04 13:30:00,0.748531345903814
343,2023-04-04 13:45:00,0.7459579131990047
344,2023-04-04 14:00:00,0.7433844804941954
345,2023-04-04 14:15:00,0.7408110477893861
346,2023-04-04 14:30:00,0.7382376150845767
347,2023-04-04 14:45:00,0.7356641823797675
348,2023-04-04 15:00:00,0.7330907496749581
349,2023-04-04 15:15:00,0.7305173169701489
350,2023-04-04 15:30:00,0.7279438842653396
351,2023-04-04 15:45:00,0.7253704515605303
352,2023-04-04 16:00:00,0.722797018855721
353,2023-04-04 16:15:00,0.7202235861509116
354,2023-04-04 16:30:00,0.7176501534461024
355,2023-04-04 16:45:00,0.715076720741293
356,2023-04-04 17:00:00,0.7125032880364838
357,2023-04-04 17:15:00,0.7099298553316744
358,2023-04-04 17:30:00,0.7073564226268652
359,2023-04-04 17:45:00,0.7073564226268652
360,2023-04-04 18:00:00,0.7073564226268652
361,2023-04-04 18:15:00,0.7073564226268652
362,2023-04-04 18:30:00,0.7073564226268652
363,2023-04-04 18:45:00,0.7073564226268652
364,2023-04-04 19:00:00,0.7073564226268652
365,2023-04-04 19:15:00,0.7073564226268652
366,2023-04-04 19:30:00,0.7073564226268652
367,2023-04-04 19:45:00,0.7073564226268652
368,2023-04-04 20:00:00,0.7073564226268652
369,2023-04-04 20:15:00,0.7073564226268652
370,2023-04-04 20:30:00,0.7073564226268652
371,2023-04-04 20:45:00,0.7073564226268652
372,2023-04-04 21:00:00,0.7073564226268652
373,2023-04-04 21:15:00,0.7073564226268652
374,2023-04-04 21:30:00,0.7073564226268652
375,2023-04-04 21:45:00,0.7073564226268652
376,2023-04-04 22:00:00,0.7073564226268652
377,2023-04-04 22:15:00,0.7073564226268652
378,2023-04-04 22:30:00,0.7073564226268652
379,2023-04-04 22:45:00,0.7073564226268652
380,2023-04-04 23:00:00,0.7073564226268652
381,2023-04-04 23:15:00,0.7073564226268652
382,2023-04-04 23:30:00,0.7073564226268652
383,2023-04-04 23:45:00,0.7073564226268652
384,2023-04-05 00:00:00,0.7073564226268652
385,2023-04-05 00:15:00,0.7073564226268652
386,2023-04-05 00:30:00,0.7073564226268652
387,2023-04-05 00:45:00,0.7073564226268652
388,2023-04-05 01:00:00,0.7073564226268652
389,2023-04-05 01:15:00,0.7073564226268652
390,2023-04-05 01:30:00,0.7073564226268652
391,2023-04-05 01:45:00,0.7073564226268652
392,2023-04-05 02:00:00,0.7073564226268652
393,2023-04-05 02:15:00,0.7073564226268652
394,2023-04-05 02:30:00,0.7073564226268652
395,2023-04-05 02:45:00,0.7073564226268652
396,2023-04-05 03:00:00,0.7073564226268652
397,2023-04-05 03:15:00,0.7073564226268652
398,2023-04-05 03:30:00,0.7073564226268652
399,2023-04-05 03:45:00,0.7073564226268652
400,2023-04-05 04:00:00,0.7073564226268652
401,2023-04-05 04:15:00,0.7073564226268652
402,2023-04-05 04:30:00,0.7073564226268652
403,2023-04-05 04:45:00,0.7073564226268652
404,2023-04-05 05:00:00,0.7073564226268652
405,2023-04-05 05:15:00,0.7073564226268652
406,2023-04-05 05:30:00,0.7073564226268652
407,2023-04-05 05:45:00,0.7073564226268652
408,2023-04-05 06:00:00,0.7073564226268652
409,2023-04-05 06:15:00,0.7073564226268652
410,2023-04-05 06:30:00,0.7073564226268652
411,2023-04-05 06:45:00,0.7073564226268652
412,2023-04-05 07:00:00,0.7073564226268652
413,2023-04-05 07:15:00,0.7073564226268652
414,2023-04-05 07:30:00,0.7073564226268652
415,2023-04-05 07:45:00,0.70954146
416,2023-04-05 08:00:00,0.71315516
417,2023-04-05 08:15:00,0.71315516
418,2023-04-05 08:30:00,0.72082674
419,2023-04-05 08:45:00,0.72082674
420,2023-04-05 09:00:00,0.72953818
421,2023-04-05 09:15:00,0.7329234
422,2023-04-05 09:30:00,0.7329234
423,2023-04-05 09:45:00,0.7329234
424,2023-04-05 10:00:00,0.7356071
425,2023-04-05 10:15:00,0.7411757
426,2023-04-05 10:30:00,0.77736178
427,2023-04-05 10:45:00,0.77736178
428,2023-04-05 11:00:00,0.77736178
429,2023-04-05 11:15:00,0.7784644199999999
430,2023-04-05 11:30:00,0.8001578
431,2023-04-05 11:45:00,0.8001578
432,2023-04-05 12:00:00,0.8001578
433,2023-04-05 12:15:00,0.8399169999999999
434,2023-04-05 12:30:00,0.86953272
435,2023-04-05 12:45:00,0.91130954
436,2023-04-05 13:00:00,0.91130954
437,2023-04-05 13:15:00,0.9265834
438,2023-04-05 13:30:00,0.9448538999999999
439,2023-04-05 13:45:00,0.96839024
440,2023-04-05 14:00:00,0.96839024
441,2023-04-05 14:15:00,0.96839024
442,2023-04-05 14:30:00,0.96839024
443,2023-04-05 14:45:00,0.96839024
444,2023-04-05 15:00:00,0.97830066
445,2023-04-05 15:15:00,0.97830066
446,2023-04-05 15:30:00,0.97830066
447,2023-04-05 15:45:00,0.97830066
448,2023-04-05 16:00:00,0.97830066
449,2023-04-05 16:15:00,0.97830066
450,2023-04-05 16:30:00,0.97830066
451,2023-04-05 16:45:00,0.97830066
452,2023-04-05 17:00:00,0.97830066
453,2023-04-05 17:15:00,0.97830066
454,2023-04-05 17:30:00,0.97830066
455,2023-04-05 17:45:00,0.97830066
456,2023-04-05 18:00:00,0.97830066
457,2023-04-05 18:15:00,0.97830066
458,2023-04-05 18:30:00,0.97830066
459,2023-04-05 18:45:00,0.97830066
460,2023-04-05 19:00:00,0.97830066
461,2023-04-05 19:15:00,0.97830066
462,2023-04-05 19:30:00,0.97830066
463,2023-04-05 19:45:00,0.97830066
464,2023-04-05 20:00:00,0.97830066
465,2023-04-05 20:15:00,0.97830066
466,2023-04-05 20:30:00,0.97830066
467,2023-04-05 20:45:00,0.97830066
468,2023-04-05 21:00:00,0.97830066
469,2023-04-05 21:15:00,0.97830066
470,2023-04-05 21:30:00,0.97830066
471,2023-04-05 21:45:00,0.97830066
472,2023-04-05 22:00:00,0.97830066
473,2023-04-05 22:15:00,0.97830066
474,2023-04-05 22:30:00,0.97830066
475,2023-04-05 22:45:00,0.97830066
476,2023-04-05 23:00:00,0.97830066
477,2023-04-05 23:15:00,0.97830066
478,2023-04-05 23:30:00,0.97830066
479,2023-04-05 23:45:00,0.97830066
480,2023-04-06 00:00:00,0.97830066
481,2023-04-06 00:15:00,0.97830066
482,2023-04-06 00:30:00,0.97830066
483,2023-04-06 00:45:00,0.97830066
484,2023-04-06 01:00:00,0.97830066
485,2023-04-06 01:15:00,0.97830066
486,2023-04-06 01:30:00,0.97830066
487,2023-04-06 01:45:00,0.97830066
488,2023-04-06 02:00:00,0.97830066
489,2023-04-06 02:15:00,0.97830066
490,2023-04-06 02:30:00,0.97830066
491,2023-04-06 02:45:00,0.97830066
492,2023-04-06 03:00:00,0.97830066
493,2023-04-06 03:15:00,0.97830066
494,2023-04-06 03:30:00,0.97830066
495,2023-04-06 03:45:00,0.97830066
496,2023-04-06 04:00:00,0.97830066
497,2023-04-06 04:15:00,0.97830066
498,2023-04-06 04:30:00,0.97830066
499,2023-04-06 04:45:00,0.97830066
500,2023-04-06 05:00:00,0.97830066
501,2023-04-06 05:15:00,0.97830066
502,2023-04-06 05:30:00,0.97830066
503,2023-04-06 05:45:00,0.97830066
504,2023-04-06 06:00:00,0.97830066
505,2023-04-06 06:15:00,0.97830066
506,2023-04-06 06:30:00,0.97830066
507,2023-04-06 06:45:00,0.97830066
508,2023-04-06 07:00:00,0.97830066
509,2023-04-06 07:15:00,0.9811316600000001
510,2023-04-06 07:30:00,0.98459442
511,2023-04-06 07:45:00,0.99156204
512,2023-04-06 08:00:00,0.99156204
513,2023-04-06 08:15:00,1.0
514,2023-04-06 08:30:00,0.9973595151515151
515,2023-04-06 08:45:00,0.9947190303030303
516,2023-04-06 09:00:00,0.9920785454545454
517,2023-04-06 09:15:00,0.9894380606060607
518,2023-04-06 09:30:00,0.9867975757575758
519,2023-04-06 09:45:00,0.9841570909090909
520,2023-04-06 10:00:00,0.9815166060606061
521,2023-04-06 10:15:00,0.9788761212121212
522,2023-04-06 10:30:00,0.9762356363636364
523,2023-04-06 10:45:00,0.9735951515151515
524,2023-04-06 11:00:00,0.9709546666666666
525,2023-04-06 11:15:00,0.9683141818181819
526,2023-04-06 11:30:00,0.965673696969697
527,2023-04-06 11:45:00,0.9630332121212122
528,2023-04-06 12:00:00,0.9603927272727273
529,2023-04-06 12:15:00,0.9577522424242424
530,2023-04-06 12:30:00,0.9551117575757576
531,2023-04-06 12:45:00,0.9524712727272727
532,2023-04-06 13:00:00,0.9498307878787879
533,2023-04-06 13:15:00,0.947190303030303
534,2023-04-06 13:30:00,0.9445498181818182
535,2023-04-06 13:45:00,0.9419093333333334
536,2023-04-06 14:00:00,0.9392688484848485
537,2023-04-06 14:15:00,0.9366283636363637
538,2023-04-06 14:30:00,0.9339878787878788
539,2023-04-06 14:45:00,0.9313473939393939
540,2023-04-06 15:00:00,0.9287069090909091
541,2023-04-06 15:15:00,0.9260664242424242
542,2023-04-06 15:30:00,0.9234259393939395
543,2023-04-06 15:45:00,0.9207854545454546
544,2023-04-06 16:00:00,0.9181449696969697
545,2023-04-06 16:15:00,0.9155044848484849
546,2023-04-06 16:30:00,0.912864
547,2023-04-06 16:45:00,0.92785386
548,2023-04-06 17:00:00,0.9383602799999999
549,2023-04-06 17:15:00,0.9443123
550,2023-04-06 17:30:00,0.94650098
551,2023-04-06 17:45:00,0.94790008
552,2023-04-06 18:00:00,0.94844054
553,2023-04-06 18:15:00,0.94844054
554,2023-04-06 18:30:00,0.94844054
555,2023-04-06 18:45:00,0.94844054
556,2023-04-06 19:00:00,0.94844054
557,2023-04-06 19:15:00,0.94844054
558,2023-04-06 19:30:00,0.94844054
559,2023-04-06 19:45:00,0.94844054
560,2023-04-06 20:00:00,0.94844054
561,2023-04-06 20:15:00,0.94844054
562,2023-04-06 20:30:00,0.94844054
563,2023-04-06 20:45:00,0.94844054
564,2023-04-06 21:00:00,0.94844054
565,2023-04-06 21:15:00,0.94844054
566,2023-04-06 21:30:00,0.94844054
567,2023-04-06 21:45:00,0.94844054
568,2023-04-06 22:00:00,0.94844054
569,2023-04-06 22:15:00,0.94844054
570,2023-04-06 22:30:00,0.94844054
571,2023-04-06 22:45:00,0.94844054
572,2023-04-06 23:00:00,0.94844054
573,2023-04-06 23:15:00,0.94844054
574,2023-04-06 23:30:00,0.94844054
575,2023-04-06 23:45:00,0.94844054
576,2023-04-07 00:00:00,0.94844054
577,2023-04-07 00:15:00,0.94844054
578,2023-04-07 00:30:00,0.94844054
579,2023-04-07 00:45:00,0.94844054
580,2023-04-07 01:00:00,0.94844054
581,2023-04-07 01:15:00,0.94844054
582,2023-04-07 01:30:00,0.94844054
583,2023-04-07 01:45:00,0.94844054
584,2023-04-07 02:00:00,0.94844054
585,2023-04-07 02:15:00,0.94844054
586,2023-04-07 02:30:00,0.94844054
587,2023-04-07 02:45:00,0.94844054
588,2023-04-07 03:00:00,0.94844054
589,2023-04-07 03:15:00,0.94844054
590,2023-04-07 03:30:00,0.94844054
591,2023-04-07 03:45:00,0.94844054
592,2023-04-07 04:00:00,0.94844054
593,2023-04-07 04:15:00,0.94844054
594,2023-04-07 04:30:00,0.94844054
595,2023-04-07 04:45:00,0.94844054
596,2023-04-07 05:00:00,0.94844054
597,2023-04-07 05:15:00,0.94844054
598,2023-04-07 05:30:00,0.94844054
599,2023-04-07 05:45:00,0.94844054
600,2023-04-07 06:00:00,0.94844054
601,2023-04-07 06:15:00,0.94844054
602,2023-04-07 06:30:00,0.94844054
603,2023-04-07 06:45:00,0.94844054
604,2023-04-07 07:00:00,0.94853252
605,2023-04-07 07:15:00,0.9490048799999999
606,2023-04-07 07:30:00,0.94989408
607,2023-04-07 07:45:00,0.9512807999999999
608,2023-04-07 08:00:00,0.9531077
609,2023-04-07 08:15:00,0.97458528
610,2023-04-07 08:30:00,1.0
611,2023-04-07 08:45:00,0.9938724571428571
612,2023-04-07 09:00:00,0.9877449142857143
613,2023-04-07 09:15:00,0.9816173714285714
614,2023-04-07 09:30:00,0.9754898285714286
615,2023-04-07 09:45:00,0.9693622857142857
616,2023-04-07 10:00:00,0.9632347428571428
617,2023-04-07 10:15:00,0.9571072
618,2023-04-07 10:30:00,0.9509796571428571
619,2023-04-07 10:45:00,0.9448521142857143
620,2023-04-07 11:00:00,0.9387245714285715
621,2023-04-07 11:15:00,0.9325970285714286
622,2023-04-07 11:30:00,0.9264694857142857
623,2023-04-07 11:45:00,0.9203419428571429
624,2023-04-07 12:00:00,0.9142144
625,2023-04-07 12:15:00,0.9080868571428572
626,2023-04-07 12:30:00,0.9019593142857143
627,2023-04-07 12:45:00,0.8958317714285714
628,2023-04-07 13:00:00,0.8897042285714286
629,2023-04-07 13:15:00,0.8835766857142857
630,2023-04-07 13:30:00,0.8774491428571429
631,2023-04-07 13:45:00,0.8713216
632,2023-04-07 14:00:00,0.8651940571428571
633,2023-04-07 14:15:00,0.8590665142857143
634,2023-04-07 14:30:00,0.8529389714285714
635,2023-04-07 14:45:00,0.8468114285714285
636,2023-04-07 15:00:00,0.8406838857142858
637,2023-04-07 15:15:00,0.8345563428571429
638,2023-04-07 15:30:00,0.8284288
639,2023-04-07 15:45:00,0.8223012571428572
640,2023-04-07 16:00:00,0.8161737142857143
641,2023-04-07 16:15:00,0.8100461714285714
642,2023-04-07 16:30:00,0.8039186285714286
643,2023-04-07 16:45:00,0.7977910857142858
644,2023-04-07 17:00:00,0.7916635428571429
645,2023-04-07 17:15:00,0.785536
646,2023-04-07 17:30:00,0.78809618
647,2023-04-07 17:45:00,0.7893344999999999
648,2023-04-07 18:00:00,0.7893344999999999
649,2023-04-07 18:15:00,0.7893344999999999
650,2023-04-07 18:30:00,0.7893344999999999
651,2023-04-07 18:45:00,0.7893344999999999
652,2023-04-07 19:00:00,0.7893344999999999
653,2023-04-07 19:15:00,0.7893344999999999
654,2023-04-07 19:30:00,0.7893344999999999
655,2023-04-07 19:45:00,0.7893344999999999
656,2023-04-07 20:00:00,0.7893344999999999
657,2023-04-07 20:15:00,0.7893344999999999
658,2023-04-07 20:30:00,0.7893344999999999
659,2023-04-07 20:45:00,0.7893344999999999
660,2023-04-07 21:00:00,0.7893344999999999
661,2023-04-07 21:15:00,0.7893344999999999
662,2023-04-07 21:30:00,0.7893344999999999
663,2023-04-07 21:45:00,0.7893344999999999
664,2023-04-07 22:00:00,0.7893344999999999
665,2023-04-07 22:15:00,0.7893344999999999
666,2023-04-07 22:30:00,0.7893344999999999
667,2023-04-07 22:45:00,0.7893344999999999
668,2023-04-07 23:00:00,0.7893344999999999
669,2023-04-07 23:15:00,0.7893344999999999
670,2023-04-07 23:30:00,0.7893344999999999
671,2023-04-07 23:45:00,0.7893344999999999
672,2023-04-08 00:00:00,0.7893344999999999
673,2023-04-08 00:15:00,0.7893344999999999
674,2023-04-08 00:30:00,0.7893344999999999
675,2023-04-08 00:45:00,0.7893344999999999
676,2023-04-08 01:00:00,0.7893344999999999
677,2023-04-08 01:15:00,0.7893344999999999
678,2023-04-08 01:30:00,0.7893344999999999
679,2023-04-08 01:45:00,0.7893344999999999
680,2023-04-08 02:00:00,0.7893344999999999
681,2023-04-08 02:15:00,0.7893344999999999
682,2023-04-08 02:30:00,0.7893344999999999
683,2023-04-08 02:45:00,0.7893344999999999
684,2023-04-08 03:00:00,0.7893344999999999
685,2023-04-08 03:15:00,0.7893344999999999
686,2023-04-08 03:30:00,0.7893344999999999
687,2023-04-08 03:45:00,0.7893344999999999
688,2023-04-08 04:00:00,0.7893344999999999
689,2023-04-08 04:15:00,0.8092524400000001
690,2023-04-08 04:30:00,0.8092524400000001
691,2023-04-08 04:45:00,0.8092524400000001
692,2023-04-08 05:00:00,0.8092524400000001
693,2023-04-08 05:15:00,0.8092524400000001
694,2023-04-08 05:30:00,0.8092524400000001
695,2023-04-08 05:45:00,0.8092524400000001
696,2023-04-08 06:00:00,0.8092524400000001
697,2023-04-08 06:15:00,0.8092524400000001
698,2023-04-08 06:30:00,0.8092524400000001
699,2023-04-08 06:45:00,0.80936398
700,2023-04-08 07:00:00,0.8140105400000001
701,2023-04-08 07:15:00,0.8347335800000001
702,2023-04-08 07:30:00,0.8577619400000001
703,2023-04-08 07:45:00,0.8822346400000001
704,2023-04-08 08:00:00,0.90789216
705,2023-04-08 08:15:00,0.93480908
706,2023-04-08 08:30:00,0.9633167
707,2023-04-08 08:45:00,0.9566147
708,2023-04-08 09:00:00,0.9499127
709,2023-04-08 09:15:00,0.9432107000000001
710,2023-04-08 09:30:00,0.9365087000000001
711,2023-04-08 09:45:00,0.9298067
712,2023-04-08 10:00:00,0.9231047
713,2023-04-08 10:15:00,0.9164027
714,2023-04-08 10:30:00,0.9097007
715,2023-04-08 10:45:00,0.9029987
716,2023-04-08 11:00:00,0.8962967000000001
717,2023-04-08 11:15:00,0.8895947000000001
718,2023-04-08 11:30:00,0.8828927
719,2023-04-08 11:45:00,0.8761907
720,2023-04-08 12:00:00,0.8694887
721,2023-04-08 12:15:00,0.8627867
722,2023-04-08 12:30:00,0.8560847
723,2023-04-08 12:45:00,0.8493827
724,2023-04-08 13:00:00,0.8426807000000001
725,2023-04-08 13:15:00,0.8359787000000001
726,2023-04-08 13:30:00,0.8292767000000001
727,2023-04-08 13:45:00,0.8225747000000001
728,2023-04-08 14:00:00,0.8158727
729,2023-04-08 14:15:00,0.8091707
730,2023-04-08 14:30:00,0.8024687
731,2023-04-08 14:45:00,0.7957667
732,2023-04-08 15:00:00,0.7890647000000001
733,2023-04-08 15:15:00,0.7823627
734,2023-04-08 15:30:00,0.7756607
735,2023-04-08 15:45:00,0.7689587
736,2023-04-08 16:00:00,0.7622567
737,2023-04-08 16:15:00,0.7555547
738,2023-04-08 16:30:00,0.7488527
739,2023-04-08 16:45:00,0.7654985999999999
740,2023-04-08 17:00:00,0.77726658
741,2023-04-08 17:15:00,0.7833179199999999
742,2023-04-08 17:30:00,0.78731026
743,2023-04-08 17:45:00,0.7898428599999999
744,2023-04-08 18:00:00,0.7898428599999999
745,2023-04-08 18:15:00,0.7898428599999999
746,2023-04-08 18:30:00,0.7898428599999999
747,2023-04-08 18:45:00,0.7898428599999999
748,2023-04-08 19:00:00,0.7898428599999999
749,2023-04-08 19:15:00,0.7898428599999999
750,2023-04-08 19:30:00,0.7898428599999999
751,2023-04-08 19:45:00,0.7898428599999999
752,2023-04-08 20:00:00,0.7898428599999999
753,2023-04-08 20:15:00,0.7898428599999999
754,2023-04-08 20:30:00,0.7898428599999999
755,2023-04-08 20:45:00,0.7898428599999999
756,2023-04-08 21:00:00,0.7898428599999999
757,2023-04-08 21:15:00,0.7898428599999999
758,2023-04-08 21:30:00,0.7898428599999999
759,2023-04-08 21:45:00,0.7898428599999999
760,2023-04-08 22:00:00,0.7898428599999999
761,2023-04-08 22:15:00,0.7898428599999999
762,2023-04-08 22:30:00,0.7898428599999999
763,2023-04-08 22:45:00,0.7898428599999999
764,2023-04-08 23:00:00,0.7898428599999999
765,2023-04-08 23:15:00,0.7898428599999999
766,2023-04-08 23:30:00,0.7898428599999999
767,2023-04-08 23:45:00,0.7898428599999999
768,2023-04-09 00:00:00,0.7898428599999999
769,2023-04-09 00:15:00,0.7898428599999999
770,2023-04-09 00:30:00,0.7898428599999999
771,2023-04-09 00:45:00,0.7898428599999999
772,2023-04-09 01:00:00,0.7898428599999999
773,2023-04-09 01:15:00,0.7898428599999999
774,2023-04-09 01:30:00,0.7898428599999999
775,2023-04-09 01:45:00,0.7898428599999999
776,2023-04-09 02:00:00,0.7898428599999999
777,2023-04-09 02:15:00,0.7898428599999999
778,2023-04-09 02:30:00,0.7898428599999999
779,2023-04-09 02:45:00,0.7898428599999999
780,2023-04-09 03:00:00,0.7898428599999999
781,2023-04-09 03:15:00,0.7898428599999999
782,2023-04-09 03:30:00,0.7898428599999999
783,2023-04-09 03:45:00,0.7898428599999999
784,2023-04-09 04:00:00,0.7898428599999999
785,2023-04-09 04:15:00,0.7898428599999999
786,2023-04-09 04:30:00,0.7898428599999999
787,2023-04-09 04:45:00,0.7898428599999999
788,2023-04-09 05:00:00,0.7898428599999999
789,2023-04-09 05:15:00,0.7898428599999999
790,2023-04-09 05:30:00,0.7898428599999999
791,2023-04-09 05:45:00,0.7898428599999999
792,2023-04-09 06:00:00,0.7898428599999999
793,2023-04-09 06:15:00,0.7898428599999999
794,2023-04-09 06:30:00,0.7898428599999999
795,2023-04-09 06:45:00,0.7898428599999999
796,2023-04-09 07:00:00,0.7900676799999999
797,2023-04-09 07:15:00,0.7904208199999999
798,2023-04-09 07:30:00,0.7909463800000001
799,2023-04-09 07:45:00,0.79233482
800,2023-04-09 08:00:00,0.79414728
801,2023-04-09 08:15:00,0.8
802,2023-04-09 08:30:00,0.80107116
803,2023-04-09 08:45:00,0.7977145853015044
804,2023-04-09 09:00:00,0.7943580106030088
805,2023-04-09 09:15:00,0.7910014359045132
806,2023-04-09 09:30:00,0.7876448612060176
807,2023-04-09 09:45:00,0.784288286507522
808,2023-04-09 10:00:00,0.7809317118090264
809,2023-04-09 10:15:00,0.7775751371105308
810,2023-04-09 10:30:00,0.7742185624120352
811,2023-04-09 10:45:00,0.7708619877135396
812,2023-04-09 11:00:00,0.767505413015044
813,2023-04-09 11:15:00,0.7641488383165485
814,2023-04-09 11:30:00,0.7607922636180529
815,2023-04-09 11:45:00,0.7574356889195573
816,2023-04-09 12:00:00,0.7540791142210617
817,2023-04-09 12:15:00,0.7507225395225661
818,2023-04-09 12:30:00,0.7473659648240705
819,2023-04-09 12:45:00,0.7440093901255749
820,2023-04-09 13:00:00,0.7406528154270793
821,2023-04-09 13:15:00,0.7372962407285837
822,2023-04-09 13:30:00,0.7339396660300881
823,2023-04-09 13:45:00,0.7305830913315924
824,2023-04-09 14:00:00,0.7272265166330968
825,2023-04-09 14:15:00,0.7238699419346012
826,2023-04-09 14:30:00,0.7205133672361056
827,2023-04-09 14:45:00,0.71715679253761
828,2023-04-09 15:00:00,0.7138002178391144
829,2023-04-09 15:15:00,0.7104436431406188
830,2023-04-09 15:30:00,0.7070870684421232
831,2023-04-09 15:45:00,0.7037304937436276
832,2023-04-09 16:00:00,0.700373919045132
833,2023-04-09 16:15:00,0.6970173443466364
834,2023-04-09 16:30:00,0.6936607696481408
835,2023-04-09 16:45:00,0.6903041949496452
836,2023-04-09 17:00:00,0.6869476202511496
837,2023-04-09 17:15:00,0.683591045552654
838,2023-04-09 17:30:00,0.6802344708541584
839,2023-04-09 17:45:00,0.6768778961556629
840,2023-04-09 18:00:00,0.6735213214571673
841,2023-04-09 18:15:00,0.6735213214571673
842,2023-04-09 18:30:00,0.6735213214571673
843,2023-04-09 18:45:00,0.6735213214571673
844,2023-04-09 19:00:00,0.6735213214571673
845,2023-04-09 19:15:00,0.6735213214571673
846,2023-04-09 19:30:00,0.6735213214571673
847,2023-04-09 19:45:00,0.6735213214571673
848,2023-04-09 20:00:00,0.6735213214571673
849,2023-04-09 20:15:00,0.6735213214571673
850,2023-04-09 20:30:00,0.6735213214571673
851,2023-04-09 20:45:00,0.6735213214571673
852,2023-04-09 21:00:00,0.6735213214571673
853,2023-04-09 21:15:00,0.6735213214571673
854,2023-04-09 21:30:00,0.6735213214571673
855,2023-04-09 21:45:00,0.6735213214571673
856,2023-04-09 22:00:00,0.6735213214571673
857,2023-04-09 22:15:00,0.6735213214571673
858,2023-04-09 22:30:00,0.6735213214571673
859,2023-04-09 22:45:00,0.6735213214571673
860,2023-04-09 23:00:00,0.6735213214571673
861,2023-04-09 23:15:00,0.6735213214571673
862,2023-04-09 23:30:00,0.6735213214571673
863,2023-04-09 23:45:00,0.6735213214571673
864,2023-04-10 00:00:00,0.6735213214571673
865,2023-04-10 00:15:00,0.6735213214571673
866,2023-04-10 00:30:00,0.6735213214571673
867,2023-04-10 00:45:00,0.6735213214571673
868,2023-04-10 01:00:00,0.6735213214571673
869,2023-04-10 01:15:00,0.6735213214571673
870,2023-04-10 01:30:00,0.6735213214571673
871,2023-04-10 01:45:00,0.6735213214571673
872,2023-04-10 02:00:00,0.6735213214571673
873,2023-04-10 02:15:00,0.6735213214571673
874,2023-04-10 02:30:00,0.6735213214571673
875,2023-04-10 02:45:00,0.6735213214571673
876,2023-04-10 03:00:00,0.6735213214571673
877,2023-04-10 03:15:00,0.6735213214571673
878,2023-04-10 03:30:00,0.6735213214571673
879,2023-04-10 03:45:00,0.6735213214571673
880,2023-04-10 04:00:00,0.6735213214571673
881,2023-04-10 04:15:00,0.6735213214571673
882,2023-04-10 04:30:00,0.6735213214571673
883,2023-04-10 04:45:00,0.6735213214571673
884,2023-04-10 05:00:00,0.6735213214571673
885,2023-04-10 05:15:00,0.68547612
886,2023-04-10 05:30:00,0.70761904
887,2023-04-10 05:45:00,0.7302426599999999
888,2023-04-10 06:00:00,0.7528267
889,2023-04-10 06:15:00,0.7528267
890,2023-04-10 06:30:00,0.7528267
891,2023-04-10 06:45:00,0.79571088
892,2023-04-10 07:00:00,0.7958413
893,2023-04-10 07:15:00,0.7961183
894,2023-04-10 07:30:00,0.79655714
895,2023-04-10 07:45:00,0.7972711800000001
896,2023-04-10 08:00:00,0.79840822
897,2023-04-10 08:15:00,0.8
898,2023-04-10 08:30:00,0.80256626
899,2023-04-10 08:45:00,0.7975629079362798
900,2023-04-10 09:00:00,0.7925595558725597
901,2023-04-10 09:15:00,0.7875562038088395
902,2023-04-10 09:30:00,0.7825528517451193
903,2023-04-10 09:45:00,0.7775494996813992
904,2023-04-10 10:00:00,0.772546147617679
905,2023-04-10 10:15:00,0.7675427955539589
906,2023-04-10 10:30:00,0.7625394434902387
907,2023-04-10 10:45:00,0.7575360914265186
908,2023-04-10 11:00:00,0.7525327393627984
909,2023-04-10 11:15:00,0.7475293872990783
910,2023-04-10 11:30:00,0.7425260352353581
911,2023-04-10 11:45:00,0.7375226831716379
912,2023-04-10 12:00:00,0.7325193311079178
913,2023-04-10 12:15:00,0.7275159790441976
914,2023-04-10 12:30:00,0.7225126269804775
915,2023-04-10 12:45:00,0.7175092749167573
916,2023-04-10 13:00:00,0.7125059228530372
917,2023-04-10 13:15:00,0.707502570789317
918,2023-04-10 13:30:00,0.7024992187255968
919,2023-04-10 13:45:00,0.6974958666618767
920,2023-04-10 14:00:00,0.6924925145981565
921,2023-04-10 14:15:00,0.6874891625344364
922,2023-04-10 14:30:00,0.6824858104707162
923,2023-04-10 14:45:00,0.6774824584069961
924,2023-04-10 15:00:00,0.6724791063432759
925,2023-04-10 15:15:00,0.6674757542795557
926,2023-04-10 15:30:00,0.6624724022158356
927,2023-04-10 15:45:00,0.6574690501521154
928,2023-04-10 16:00:00,0.6524656980883953
929,2023-04-10 16:15:00,0.6474623460246751
930,2023-04-10 16:30:00,0.642458993960955
931,2023-04-10 16:45:00,0.6374556418972348
932,2023-04-10 17:00:00,0.6324522898335146
933,2023-04-10 17:15:00,0.6274489377697945
934,2023-04-10 17:30:00,0.6224455857060743
935,2023-04-10 17:45:00,0.6174422336423542
936,2023-04-10 18:00:00,0.612438881578634
937,2023-04-10 18:15:00,0.6074355295149139
938,2023-04-10 18:30:00,0.6074355295149139
939,2023-04-10 18:45:00,0.6074355295149139
940,2023-04-10 19:00:00,0.6074355295149139
941,2023-04-10 19:15:00,0.6074355295149139
942,2023-04-10 19:30:00,0.6074355295149139
943,2023-04-10 19:45:00,0.6074355295149139
944,2023-04-10 20:00:00,0.6074355295149139
945,2023-04-10 20:15:00,0.6074355295149139
946,2023-04-10 20:30:00,0.6074355295149139
947,2023-04-10 20:45:00,0.6074355295149139
948,2023-04-10 21:00:00,0.6074355295149139
949,2023-04-10 21:15:00,0.6074355295149139
950,2023-04-10 21:30:00,0.6074355295149139
951,2023-04-10 21:45:00,0.6074355295149139
952,2023-04-10 22:00:00,0.6074355295149139
953,2023-04-10 22:15:00,0.6074355295149139
954,2023-04-10 22:30:00,0.6074355295149139
955,2023-04-10 22:45:00,0.6074355295149139
956,2023-04-10 23:00:00,0.6074355295149139
957,2023-04-10 23:15:00,0.6074355295149139
958,2023-04-10 23:30:00,0.6074355295149139
959,2023-04-10 23:45:00,0.6074355295149139
960,2023-04-11 00:00:00,0.6074355295149139
961,2023-04-11 00:15:00,0.6074355295149139
962,2023-04-11 00:30:00,0.6074355295149139
963,2023-04-11 00:45:00,0.6074355295149139
964,2023-04-11 01:00:00,0.6074355295149139
965,2023-04-11 01:15:00,0.6074355295149139
966,2023-04-11 01:30:00,0.6074355295149139
967,2023-04-11 01:45:00,0.6074355295149139
968,2023-04-11 02:00:00,0.6074355295149139
969,2023-04-11 02:15:00,0.6074355295149139
970,2023-04-11 02:30:00,0.6074355295149139
971,2023-04-11 02:45:00,0.6074355295149139
972,2023-04-11 03:00:00,0.6074355295149139
973,2023-04-11 03:15:00,0.6074355295149139
974,2023-04-11 03:30:00,0.6074355295149139
975,2023-04-11 03:45:00,0.6074355295149139
976,2023-04-11 04:00:00,0.6074355295149139
977,2023-04-11 04:15:00,0.6074355295149139
978,2023-04-11 04:30:00,0.6074355295149139
979,2023-04-11 04:45:00,0.6074355295149139
980,2023-04-11 05:00:00,0.6074355295149139
981,2023-04-11 05:15:00,0.7099863000000001
982,2023-04-11 05:30:00,0.7099863000000001
983,2023-04-11 05:45:00,0.7099863000000001
984,2023-04-11 06:00:00,0.7099863000000001
985,2023-04-11 06:15:00,0.7099863000000001
986,2023-04-11 06:30:00,0.7099863000000001
987,2023-04-11 06:45:00,0.7099863000000001
988,2023-04-11 07:00:00,0.7104145
989,2023-04-11 07:15:00,0.71129986
990,2023-04-11 07:30:00,0.7270365200000001
991,2023-04-11 07:45:00,0.7511013599999999
992,2023-04-11 08:00:00,0.77486868
993,2023-04-11 08:15:00,0.8
994,2023-04-11 08:30:00,0.8
995,2023-04-11 08:45:00,0.7933646860975099
996,2023-04-11 09:00:00,0.7867293721950196
997,2023-04-11 09:15:00,0.7800940582925294
998,2023-04-11 09:30:00,0.7734587443900391
999,2023-04-11 09:45:00,0.766823430487549
1000,2023-04-11 10:00:00,0.7601881165850587
1001,2023-04-11 10:15:00,0.7535528026825685
1002,2023-04-11 10:30:00,0.7469174887800782
1003,2023-04-11 10:45:00,0.7402821748775881
1004,2023-04-11 11:00:00,0.7336468609750978
1005,2023-04-11 11:15:00,0.7270115470726076
1006,2023-04-11 11:30:00,0.7203762331701173
1007,2023-04-11 11:45:00,0.7137409192676272
1008,2023-04-11 12:00:00,0.7071056053651369
1009,2023-04-11 12:15:00,0.7004702914626467
1010,2023-04-11 12:30:00,0.6938349775601564
1011,2023-04-11 12:45:00,0.6871996636576663
1012,2023-04-11 13:00:00,0.680564349755176
1013,2023-04-11 13:15:00,0.6739290358526858
1014,2023-04-11 13:30:00,0.6672937219501955
1015,2023-04-11 13:45:00,0.6606584080477054
1016,2023-04-11 14:00:00,0.6540230941452151
1017,2023-04-11 14:15:00,0.6473877802427249
1018,2023-04-11 14:30:00,0.6407524663402346
1019,2023-04-11 14:45:00,0.6341171524377445
1020,2023-04-11 15:00:00,0.6274818385352543
1021,2023-04-11 15:15:00,0.620846524632764
1022,2023-04-11 15:30:00,0.620846524632764
1023,2023-04-11 15:45:00,0.620846524632764
1024,2023-04-11 16:00:00,0.620846524632764
1025,2023-04-11 16:15:00,0.620846524632764
1026,2023-04-11 16:30:00,0.620846524632764
1027,2023-04-11 16:45:00,0.620846524632764
1028,2023-04-11 17:00:00,0.620846524632764
1029,2023-04-11 17:15:00,0.620846524632764
1030,2023-04-11 17:30:00,0.620846524632764
1031,2023-04-11 17:45:00,0.620846524632764
1032,2023-04-11 18:00:00,0.620846524632764
1033,2023-04-11 18:15:00,0.620846524632764
1034,2023-04-11 18:30:00,0.620846524632764
1035,2023-04-11 18:45:00,0.620846524632764
1036,2023-04-11 19:00:00,0.620846524632764
1037,2023-04-11 19:15:00,0.620846524632764
1038,2023-04-11 19:30:00,0.620846524632764
1039,2023-04-11 19:45:00,0.620846524632764
1040,2023-04-11 20:00:00,0.620846524632764
1041,2023-04-11 20:15:00,0.620846524632764
1042,2023-04-11 20:30:00,0.620846524632764
1043,2023-04-11 20:45:00,0.620846524632764
1044,2023-04-11 21:00:00,0.620846524632764
1045,2023-04-11 21:15:00,0.620846524632764
1046,2023-04-11 21:30:00,0.620846524632764
1047,2023-04-11 21:45:00,0.620846524632764
1048,2023-04-11 22:00:00,0.620846524632764
1049,2023-04-11 22:15:00,0.620846524632764
1050,2023-04-11 22:30:00,0.620846524632764
1051,2023-04-11 22:45:00,0.620846524632764
1052,2023-04-11 23:00:00,0.620846524632764
1053,2023-04-11 23:15:00,0.620846524632764
1054,2023-04-11 23:30:00,0.620846524632764
1055,2023-04-11 23:45:00,0.620846524632764
1056,2023-04-12 00:00:00,0.620846524632764
1057,2023-04-12 00:15:00,0.620846524632764
1058,2023-04-12 00:30:00,0.620846524632764
1059,2023-04-12 00:45:00,0.620846524632764
1060,2023-04-12 01:00:00,0.620846524632764
1061,2023-04-12 01:15:00,0.620846524632764
1062,2023-04-12 01:30:00,0.620846524632764
1063,2023-04-12 01:45:00,0.620846524632764
1064,2023-04-12 02:00:00,0.620846524632764
1065,2023-04-12 02:15:00,0.620846524632764
1066,2023-04-12 02:30:00,0.620846524632764
1067,2023-04-12 02:45:00,0.620846524632764
1068,2023-04-12 03:00:00,0.620846524632764
1069,2023-04-12 03:15:00,0.620846524632764
1070,2023-04-12 03:30:00,0.620846524632764
1071,2023-04-12 03:45:00,0.620846524632764
1072,2023-04-12 04:00:00,0.620846524632764
1073,2023-04-12 04:15:00,0.620846524632764
1074,2023-04-12 04:30:00,0.620846524632764
1075,2023-04-12 04:45:00,0.620846524632764
1076,2023-04-12 05:00:00,0.620846524632764
1077,2023-04-12 05:15:00,0.620846524632764
1078,2023-04-12 05:30:00,0.620846524632764
1079,2023-04-12 05:45:00,0.620846524632764
1080,2023-04-12 06:00:00,0.620846524632764
1081,2023-04-12 06:15:00,0.620846524632764
1082,2023-04-12 06:30:00,0.620846524632764
1083,2023-04-12 06:45:00,0.620846524632764
1084,2023-04-12 07:00:00,0.620846524632764
1085,2023-04-12 07:15:00,0.620846524632764
1086,2023-04-12 07:30:00,0.62136842
1087,2023-04-12 07:45:00,0.62136842
1088,2023-04-12 08:00:00,0.62502832
1089,2023-04-12 08:15:00,0.62502832
1090,2023-04-12 08:30:00,0.6302312400000001
1091,2023-04-12 08:45:00,0.6387149200000001
1092,2023-04-12 09:00:00,0.65262084
1093,2023-04-12 09:15:00,0.65262084
1094,2023-04-12 09:30:00,0.6669935800000001
1095,2023-04-12 09:45:00,0.6669935800000001
1096,2023-04-12 10:00:00,0.67718644
1097,2023-04-12 10:15:00,0.68864068
1098,2023-04-12 10:30:00,0.68864068
1099,2023-04-12 10:45:00,0.69398158
1100,2023-04-12 11:00:00,0.69398158
1101,2023-04-12 11:15:00,0.70131934
1102,2023-04-12 11:30:00,0.7111452
1103,2023-04-12 11:45:00,0.7178528799999999
1104,2023-04-12 12:00:00,0.7178528799999999
1105,2023-04-12 12:15:00,0.7178528799999999
1106,2023-04-12 12:30:00,0.72947686
1107,2023-04-12 12:45:00,0.7442283399999999
1108,2023-04-12 13:00:00,0.7624871799999999
1109,2023-04-12 13:15:00,0.79599026
1110,2023-04-12 13:30:00,0.82240664
1111,2023-04-12 13:45:00,0.82240664
1112,2023-04-12 14:00:00,0.85703654
1113,2023-04-12 14:15:00,0.8902416200000001
1114,2023-04-12 14:30:00,0.92190968
1115,2023-04-12 14:45:00,0.95230596
1116,2023-04-12 15:00:00,0.95230596
1117,2023-04-12 15:15:00,0.9554814
1118,2023-04-12 15:30:00,0.9571111000000001
1119,2023-04-12 15:45:00,0.9571111000000001
1120,2023-04-12 16:00:00,0.9571111000000001
1121,2023-04-12 16:15:00,0.9571111000000001
1122,2023-04-12 16:30:00,0.9571111000000001
1123,2023-04-12 16:45:00,0.9571111000000001
1124,2023-04-12 17:00:00,0.9571111000000001
1125,2023-04-12 17:15:00,0.9571111000000001
1126,2023-04-12 17:30:00,0.9571111000000001
1127,2023-04-12 17:45:00,0.9571111000000001
1128,2023-04-12 18:00:00,0.9571111000000001
1129,2023-04-12 18:15:00,0.9571111000000001
1130,2023-04-12 18:30:00,0.9571111000000001
1131,2023-04-12 18:45:00,0.9571111000000001
1132,2023-04-12 19:00:00,0.9571111000000001
1133,2023-04-12 19:15:00,0.9571111000000001
1134,2023-04-12 19:30:00,0.9571111000000001
1135,2023-04-12 19:45:00,0.9571111000000001
1136,2023-04-12 20:00:00,0.9571111000000001
1137,2023-04-12 20:15:00,0.9571111000000001
1138,2023-04-12 20:30:00,0.9571111000000001
1139,2023-04-12 20:45:00,0.9571111000000001
1140,2023-04-12 21:00:00,0.9571111000000001
1141,2023-04-12 21:15:00,0.9571111000000001
1142,2023-04-12 21:30:00,0.9571111000000001
1143,2023-04-12 21:45:00,0.9571111000000001
1144,2023-04-12 22:00:00,0.9571111000000001
1145,2023-04-12 22:15:00,0.9571111000000001
1146,2023-04-12 22:30:00,0.9571111000000001
1147,2023-04-12 22:45:00,0.9571111000000001
1148,2023-04-12 23:00:00,0.9571111000000001
1149,2023-04-12 23:15:00,0.9571111000000001
1150,2023-04-12 23:30:00,0.9571111000000001
1151,2023-04-12 23:45:00,0.9571111000000001
1152,2023-04-13 00:00:00,0.9571111000000001
1153,2023-04-13 00:15:00,0.9571111000000001
1154,2023-04-13 00:30:00,0.9571111000000001
1155,2023-04-13 00:45:00,0.9571111000000001
1156,2023-04-13 01:00:00,0.9571111000000001
1157,2023-04-13 01:15:00,0.9571111000000001
1158,2023-04-13 01:30:00,0.9571111000000001
1159,2023-04-13 01:45:00,0.9571111000000001
1160,2023-04-13 02:00:00,0.9571111000000001
1161,2023-04-13 02:15:00,0.9571111000000001
1162,2023-04-13 02:30:00,0.9571111000000001
1163,2023-04-13 02:45:00,0.9571111000000001
1164,2023-04-13 03:00:00,0.9571111000000001
1165,2023-04-13 03:15:00,0.9571111000000001
1166,2023-04-13 03:30:00,0.9571111000000001
1167,2023-04-13 03:45:00,0.9571111000000001
1168,2023-04-13 04:00:00,0.9571111000000001
1169,2023-04-13 04:15:00,0.9571111000000001
1170,2023-04-13 04:30:00,0.9571111000000001
1171,2023-04-13 04:45:00,0.9571111000000001
1172,2023-04-13 05:00:00,0.9571111000000001
1173,2023-04-13 05:15:00,0.9571111000000001
1174,2023-04-13 05:30:00,0.9571111000000001
1175,2023-04-13 05:45:00,0.9571111000000001
1176,2023-04-13 06:00:00,0.9571111000000001
1177,2023-04-13 06:15:00,0.9571111000000001
1178,2023-04-13 06:30:00,0.9571111000000001
1179,2023-04-13 06:45:00,0.9571111000000001
1180,2023-04-13 07:00:00,0.95724162
1181,2023-04-13 07:15:00,0.95724162
1182,2023-04-13 07:30:00,0.96267426
1183,2023-04-13 07:45:00,0.9711172
1184,2023-04-13 08:00:00,0.98227272
1185,2023-04-13 08:15:00,0.98227272
1186,2023-04-13 08:30:00,1.0
1187,2023-04-13 08:45:00,0.9955519244858081
1188,2023-04-13 09:00:00,0.9911038489716163
1189,2023-04-13 09:15:00,0.9866557734574244
1190,2023-04-13 09:30:00,0.9822076979432325
1191,2023-04-13 09:45:00,0.9777596224290407
1192,2023-04-13 10:00:00,0.9733115469148488
1193,2023-04-13 10:15:00,0.9688634714006569
1194,2023-04-13 10:30:00,0.9644153958864651
1195,2023-04-13 10:45:00,0.9599673203722732
1196,2023-04-13 11:00:00,0.9555192448580814
1197,2023-04-13 11:15:00,0.9510711693438895
1198,2023-04-13 11:30:00,0.9466230938296976
1199,2023-04-13 11:45:00,0.9421750183155058
1200,2023-04-13 12:00:00,0.9377269428013139
1201,2023-04-13 12:15:00,0.933278867287122
1202,2023-04-13 12:30:00,0.9288307917729302
1203,2023-04-13 12:45:00,0.9243827162587382
1204,2023-04-13 13:00:00,0.9199346407445463
1205,2023-04-13 13:15:00,0.9154865652303545
1206,2023-04-13 13:30:00,0.9110384897161626
1207,2023-04-13 13:45:00,0.9065904142019707
1208,2023-04-13 14:00:00,0.9021423386877789
1209,2023-04-13 14:15:00,0.897694263173587
1210,2023-04-13 14:30:00,0.8932461876593951
1211,2023-04-13 14:45:00,0.8887981121452033
1212,2023-04-13 15:00:00,0.8843500366310114
1213,2023-04-13 15:15:00,0.8799019611168195
1214,2023-04-13 15:30:00,0.8754538856026277
1215,2023-04-13 15:45:00,0.8710058100884358
1216,2023-04-13 16:00:00,0.8665577345742439
1217,2023-04-13 16:15:00,0.8621096590600521
1218,2023-04-13 16:30:00,0.8576615835458602
1219,2023-04-13 16:45:00,0.8532135080316683
1220,2023-04-13 17:00:00,0.8487654325174765
1221,2023-04-13 17:15:00,0.8443173570032846
1222,2023-04-13 17:30:00,0.8398692814890928
1223,2023-04-13 17:45:00,0.8354212059749009
1224,2023-04-13 18:00:00,0.8354212059749009
1225,2023-04-13 18:15:00,0.8354212059749009
1226,2023-04-13 18:30:00,0.8354212059749009
1227,2023-04-13 18:45:00,0.8354212059749009
1228,2023-04-13 19:00:00,0.8354212059749009
1229,2023-04-13 19:15:00,0.8354212059749009
1230,2023-04-13 19:30:00,0.8354212059749009
1231,2023-04-13 19:45:00,0.8354212059749009
1232,2023-04-13 20:00:00,0.8354212059749009
1233,2023-04-13 20:15:00,0.8354212059749009
1234,2023-04-13 20:30:00,0.8354212059749009
1235,2023-04-13 20:45:00,0.8354212059749009
1236,2023-04-13 21:00:00,0.8354212059749009
1237,2023-04-13 21:15:00,0.8354212059749009
1238,2023-04-13 21:30:00,0.8354212059749009
1239,2023-04-13 21:45:00,0.8354212059749009
1240,2023-04-13 22:00:00,0.8354212059749009
1241,2023-04-13 22:15:00,0.8354212059749009
1242,2023-04-13 22:30:00,0.8354212059749009
1243,2023-04-13 22:45:00,0.8354212059749009
1244,2023-04-13 23:00:00,0.8354212059749009
1245,2023-04-13 23:15:00,0.8354212059749009
1246,2023-04-13 23:30:00,0.8354212059749009
1247,2023-04-13 23:45:00,0.8354212059749009
1248,2023-04-14 00:00:00,0.8354212059749009
1249,2023-04-14 00:15:00,0.8354212059749009
1250,2023-04-14 00:30:00,0.8354212059749009
1251,2023-04-14 00:45:00,0.8354212059749009
1252,2023-04-14 01:00:00,0.8354212059749009
1253,2023-04-14 01:15:00,0.8354212059749009
1254,2023-04-14 01:30:00,0.8354212059749009
1255,2023-04-14 01:45:00,0.8354212059749009
1256,2023-04-14 02:00:00,0.8354212059749009
1257,2023-04-14 02:15:00,0.8354212059749009
1258,2023-04-14 02:30:00,0.8354212059749009
1259,2023-04-14 02:45:00,0.8354212059749009
1260,2023-04-14 03:00:00,0.8354212059749009
1261,2023-04-14 03:15:00,0.8354212059749009
1262,2023-04-14 03:30:00,0.8354212059749009
1263,2023-04-14 03:45:00,0.8354212059749009
1264,2023-04-14 04:00:00,0.8354212059749009
1265,2023-04-14 04:15:00,0.8354212059749009
1266,2023-04-14 04:30:00,0.8354212059749009
1267,2023-04-14 04:45:00,0.8354212059749009
1268,2023-04-14 05:00:00,0.8354212059749009
1269,2023-04-14 05:15:00,0.8354212059749009
1270,2023-04-14 05:30:00,0.8354212059749009
1271,2023-04-14 05:45:00,0.8354212059749009
1272,2023-04-14 06:00:00,0.8354212059749009
1273,2023-04-14 06:15:00,0.8354212059749009
1274,2023-04-14 06:30:00,0.83547234
1275,2023-04-14 06:45:00,0.8361252
1276,2023-04-14 07:00:00,0.8369968
1277,2023-04-14 07:15:00,0.8383207
1278,2023-04-14 07:30:00,0.8430081199999999
1279,2023-04-14 07:45:00,0.8495324599999999
1280,2023-04-14 08:00:00,0.87377806
1281,2023-04-14 08:15:00,0.9099680600000001
1282,2023-04-14 08:30:00,0.9474503599999999
1283,2023-04-14 08:45:00,0.98674538
1284,2023-04-14 09:00:00,0.9817856645910322
1285,2023-04-14 09:15:00,0.9768259491820646
1286,2023-04-14 09:30:00,0.9718662337730968
1287,2023-04-14 09:45:00,0.9669065183641291
1288,2023-04-14 10:00:00,0.9619468029551613
1289,2023-04-14 10:15:00,0.9569870875461937
1290,2023-04-14 10:30:00,0.9520273721372259
1291,2023-04-14 10:45:00,0.9470676567282582
1292,2023-04-14 11:00:00,0.9421079413192904
1293,2023-04-14 11:15:00,0.9371482259103228
1294,2023-04-14 11:30:00,0.932188510501355
1295,2023-04-14 11:45:00,0.9272287950923872
1296,2023-04-14 12:00:00,0.9222690796834195
1297,2023-04-14 12:15:00,0.9173093642744518
1298,2023-04-14 12:30:00,0.9123496488654841
1299,2023-04-14 12:45:00,0.9073899334565163
1300,2023-04-14 13:00:00,0.9024302180475486
1301,2023-04-14 13:15:00,0.8974705026385809
1302,2023-04-14 13:30:00,0.8925107872296132
1303,2023-04-14 13:45:00,0.8875510718206454
1304,2023-04-14 14:00:00,0.8825913564116776
1305,2023-04-14 14:15:00,0.87763164100271
1306,2023-04-14 14:30:00,0.8726719255937422
1307,2023-04-14 14:45:00,0.8677122101847745
1308,2023-04-14 15:00:00,0.8627524947758067
1309,2023-04-14 15:15:00,0.8577927793668391
1310,2023-04-14 15:30:00,0.8528330639578713
1311,2023-04-14 15:45:00,0.8478733485489036
1312,2023-04-14 16:00:00,0.8429136331399358
1313,2023-04-14 16:15:00,0.8379539177309681
1314,2023-04-14 16:30:00,0.8329942023220004
1315,2023-04-14 16:45:00,0.8280344869130327
1316,2023-04-14 17:00:00,0.8230747715040649
1317,2023-04-14 17:15:00,0.8306803600000001
1318,2023-04-14 17:30:00,0.8357026000000001
1319,2023-04-14 17:45:00,0.8379900600000001
1320,2023-04-14 18:00:00,0.83896168
1321,2023-04-14 18:15:00,0.83896168
1322,2023-04-14 18:30:00,0.83896168
1323,2023-04-14 18:45:00,0.83896168
1324,2023-04-14 19:00:00,0.83896168
1325,2023-04-14 19:15:00,0.83896168
1326,2023-04-14 19:30:00,0.83896168
1327,2023-04-14 19:45:00,0.83896168
1328,2023-04-14 20:00:00,0.83896168
1329,2023-04-14 20:15:00,0.83896168
1330,2023-04-14 20:30:00,0.83896168
1331,2023-04-14 20:45:00,0.83896168
1332,2023-04-14 21:00:00,0.83896168
1333,2023-04-14 21:15:00,0.83896168
1334,2023-04-14 21:30:00,0.83896168
1335,2023-04-14 21:45:00,0.83896168
1336,2023-04-14 22:00:00,0.83896168
1337,2023-04-14 22:15:00,0.83896168
1338,2023-04-14 22:30:00,0.83896168
1339,2023-04-14 22:45:00,0.83896168
1340,2023-04-14 23:00:00,0.83896168
1341,2023-04-14 23:15:00,0.83896168
1342,2023-04-14 23:30:00,0.83896168
1343,2023-04-14 23:45:00,0.83896168
1344,2023-04-15 00:00:00,0.83896168
1345,2023-04-15 00:15:00,0.83896168
1346,2023-04-15 00:30:00,0.83896168
1347,2023-04-15 00:45:00,0.83896168
1348,2023-04-15 01:00:00,0.83896168
1349,2023-04-15 01:15:00,0.83896168
1350,2023-04-15 01:30:00,0.83896168
1351,2023-04-15 01:45:00,0.83896168
1352,2023-04-15 02:00:00,0.83896168
1353,2023-04-15 02:15:00,0.83896168
1354,2023-04-15 02:30:00,0.83896168
1355,2023-04-15 02:45:00,0.83896168
1356,2023-04-15 03:00:00,0.83896168
1357,2023-04-15 03:15:00,0.83896168
1358,2023-04-15 03:30:00,0.83896168
1359,2023-04-15 03:45:00,0.83896168
1360,2023-04-15 04:00:00,0.83896168
1361,2023-04-15 04:15:00,0.83896168
1362,2023-04-15 04:30:00,0.83896168
1363,2023-04-15 04:45:00,0.83896168
1364,2023-04-15 05:00:00,0.83896168
1365,2023-04-15 05:15:00,0.83896168
1366,2023-04-15 05:30:00,0.83896168
1367,2023-04-15 05:45:00,0.83896168
1368,2023-04-15 06:00:00,0.83896168
1369,2023-04-15 06:15:00,0.83896168
1370,2023-04-15 06:30:00,0.8390629
1371,2023-04-15 06:45:00,0.83984334
1372,2023-04-15 07:00:00,0.84265222
1373,2023-04-15 07:15:00,0.8471860200000001
1374,2023-04-15 07:30:00,0.85333306
1375,2023-04-15 07:45:00,0.8628199200000001
1376,2023-04-15 08:00:00,0.87488214
1377,2023-04-15 08:15:00,0.8892007
1378,2023-04-15 08:30:00,0.92887802
1379,2023-04-15 08:45:00,0.9709403600000001
1380,2023-04-15 09:00:00,0.96630142934197
1381,2023-04-15 09:15:00,0.9616624986839402
1382,2023-04-15 09:30:00,0.9570235680259102
1383,2023-04-15 09:45:00,0.9523846373678803
1384,2023-04-15 10:00:00,0.9477457067098503
1385,2023-04-15 10:15:00,0.9431067760518204
1386,2023-04-15 10:30:00,0.9384678453937904
1387,2023-04-15 10:45:00,0.9338289147357605
1388,2023-04-15 11:00:00,0.9291899840777305
1389,2023-04-15 11:15:00,0.9245510534197005
1390,2023-04-15 11:30:00,0.9199121227616706
1391,2023-04-15 11:45:00,0.9152731921036406
1392,2023-04-15 12:00:00,0.9106342614456107
1393,2023-04-15 12:15:00,0.9059953307875807
1394,2023-04-15 12:30:00,0.9013564001295508
1395,2023-04-15 12:45:00,0.8967174694715208
1396,2023-04-15 13:00:00,0.8920785388134909
1397,2023-04-15 13:15:00,0.8874396081554609
1398,2023-04-15 13:30:00,0.8828006774974309
1399,2023-04-15 13:45:00,0.878161746839401
1400,2023-04-15 14:00:00,0.873522816181371
1401,2023-04-15 14:15:00,0.8688838855233411
1402,2023-04-15 14:30:00,0.864244954865311
1403,2023-04-15 14:45:00,0.8596060242072812
1404,2023-04-15 15:00:00,0.8549670935492512
1405,2023-04-15 15:15:00,0.8503281628912213
1406,2023-04-15 15:30:00,0.8456892322331913
1407,2023-04-15 15:45:00,0.8519808799999999
1408,2023-04-15 16:00:00,0.85657252
1409,2023-04-15 16:15:00,0.8623586
1410,2023-04-15 16:30:00,0.86647092
1411,2023-04-15 16:45:00,0.87006688
1412,2023-04-15 17:00:00,0.87218294
1413,2023-04-15 17:15:00,0.87499038
1414,2023-04-15 17:30:00,0.8758376800000001
1415,2023-04-15 17:45:00,0.8761592400000001
1416,2023-04-15 18:00:00,0.8769666599999999
1417,2023-04-15 18:15:00,0.87738536
1418,2023-04-15 18:30:00,0.87738536
1419,2023-04-15 18:45:00,0.87738536
1420,2023-04-15 19:00:00,0.87738536
1421,2023-04-15 19:15:00,0.87738536
1422,2023-04-15 19:30:00,0.87738536
1423,2023-04-15 19:45:00,0.87738536
1424,2023-04-15 20:00:00,0.87738536
1425,2023-04-15 20:15:00,0.87738536
1426,2023-04-15 20:30:00,0.87738536
1427,2023-04-15 20:45:00,0.87738536
1428,2023-04-15 21:00:00,0.87738536
1429,2023-04-15 21:15:00,0.87738536
1430,2023-04-15 21:30:00,0.87738536
1431,2023-04-15 21:45:00,0.87738536
1432,2023-04-15 22:00:00,0.87738536
1433,2023-04-15 22:15:00,0.87738536
1434,2023-04-15 22:30:00,0.87738536
1435,2023-04-15 22:45:00,0.87738536
1436,2023-04-15 23:00:00,0.87738536
1437,2023-04-15 23:15:00,0.87738536
1438,2023-04-15 23:30:00,0.87738536
1439,2023-04-15 23:45:00,0.87738536
1440,2023-04-16 00:00:00,0.87738536
1441,2023-04-16 00:15:00,0.87738536
1442,2023-04-16 00:30:00,0.87738536
1443,2023-04-16 00:45:00,0.87738536
1444,2023-04-16 01:00:00,0.87738536
1445,2023-04-16 01:15:00,0.87738536
1446,2023-04-16 01:30:00,0.87738536
1447,2023-04-16 01:45:00,0.87738536
1448,2023-04-16 02:00:00,0.87738536
1449,2023-04-16 02:15:00,0.87738536
1450,2023-04-16 02:30:00,0.87738536
1451,2023-04-16 02:45:00,0.87738536
1452,2023-04-16 03:00:00,0.87738536
1453,2023-04-16 03:15:00,0.87738536
1454,2023-04-16 03:30:00,0.87738536
1455,2023-04-16 03:45:00,0.87738536
1456,2023-04-16 04:00:00,0.87738536
1457,2023-04-16 04:15:00,0.87738536
1458,2023-04-16 04:30:00,0.87738536
1459,2023-04-16 04:45:00,0.87738536
1460,2023-04-16 05:00:00,0.87738536
1461,2023-04-16 05:15:00,0.87738536
1462,2023-04-16 05:30:00,0.87738536
1463,2023-04-16 05:45:00,0.87738536
1464,2023-04-16 06:00:00,0.87738536
1465,2023-04-16 06:15:00,0.87738536
1466,2023-04-16 06:30:00,0.87738536
1467,2023-04-16 06:45:00,0.87763524
1468,2023-04-16 07:00:00,0.87926054
1469,2023-04-16 07:15:00,0.88361164
1470,2023-04-16 07:30:00,0.89004688
1471,2023-04-16 07:45:00,0.898783
1472,2023-04-16 08:00:00,0.91011792
1473,2023-04-16 08:15:00,0.9435636599999999
1474,2023-04-16 08:30:00,0.9402703527774763
1475,2023-04-16 08:45:00,0.9369770455549525
1476,2023-04-16 09:00:00,0.9336837383324289
1477,2023-04-16 09:15:00,0.9303904311099053
1478,2023-04-16 09:30:00,0.9270971238873815
1479,2023-04-16 09:45:00,0.9238038166648579
1480,2023-04-16 10:00:00,0.9205105094423343
1481,2023-04-16 10:15:00,0.9172172022198105
1482,2023-04-16 10:30:00,0.9139238949972869
1483,2023-04-16 10:45:00,0.9106305877747632
1484,2023-04-16 11:00:00,0.9073372805522395
1485,2023-04-16 11:15:00,0.9040439733297159
1486,2023-04-16 11:30:00,0.9007506661071922
1487,2023-04-16 11:45:00,0.8974573588846685
1488,2023-04-16 12:00:00,0.8941640516621449
1489,2023-04-16 12:15:00,0.8908707444396212
1490,2023-04-16 12:30:00,0.8875774372170975
1491,2023-04-16 12:45:00,0.8842841299945738
1492,2023-04-16 13:00:00,0.8809908227720502
1493,2023-04-16 13:15:00,0.8776975155495265
1494,2023-04-16 13:30:00,0.8744042083270028
1495,2023-04-16 13:45:00,0.8711109011044791
1496,2023-04-16 14:00:00,0.8678175938819555
1497,2023-04-16 14:15:00,0.8645242866594318
1498,2023-04-16 14:30:00,0.8612309794369082
1499,2023-04-16 14:45:00,0.8579376722143844
1500,2023-04-16 15:00:00,0.8546443649918608
1501,2023-04-16 15:15:00,0.8513510577693371
1502,2023-04-16 15:30:00,0.8480577505468134
1503,2023-04-16 15:45:00,0.8447644433242898
1504,2023-04-16 16:00:00,0.8414711361017662
1505,2023-04-16 16:15:00,0.8381778288792424
1506,2023-04-16 16:30:00,0.8348845216567188
1507,2023-04-16 16:45:00,0.831591214434195
1508,2023-04-16 17:00:00,0.8282979072116714
1509,2023-04-16 17:15:00,0.8250045999891478
1510,2023-04-16 17:30:00,0.821711292766624
1511,2023-04-16 17:45:00,0.8184179855441004
1512,2023-04-16 18:00:00,0.8151246783215768
1513,2023-04-16 18:15:00,0.811831371099053
1514,2023-04-16 18:30:00,0.8085380638765294
1515,2023-04-16 18:45:00,0.8052447566540057
1516,2023-04-16 19:00:00,0.8019514494314821
1517,2023-04-16 19:15:00,0.7986581422089584
1518,2023-04-16 19:30:00,0.7986581422089584
1519,2023-04-16 19:45:00,0.7986581422089584
1520,2023-04-16 20:00:00,0.7986581422089584
1521,2023-04-16 20:15:00,0.7986581422089584
1522,2023-04-16 20:30:00,0.7986581422089584
1523,2023-04-16 20:45:00,0.7986581422089584
1524,2023-04-16 21:00:00,0.7986581422089584
1525,2023-04-16 21:15:00,0.7986581422089584
1526,2023-04-16 21:30:00,0.7986581422089584
1527,2023-04-16 21:45:00,0.7986581422089584
1528,2023-04-16 22:00:00,0.7986581422089584
1529,2023-04-16 22:15:00,0.7986581422089584
1530,2023-04-16 22:30:00,0.7986581422089584
1531,2023-04-16 22:45:00,0.7986581422089584
1532,2023-04-16 23:00:00,0.7986581422089584
1533,2023-04-16 23:15:00,0.7986581422089584
1534,2023-04-16 23:30:00,0.7986581422089584
1535,2023-04-16 23:45:00,0.7986581422089584
1536,2023-04-17 00:00:00,0.7986581422089584
1537,2023-04-17 00:15:00,0.7986581422089584
1538,2023-04-17 00:30:00,0.7986581422089584
1539,2023-04-17 00:45:00,0.7986581422089584
1540,2023-04-17 01:00:00,0.7986581422089584
1541,2023-04-17 01:15:00,0.7986581422089584
1542,2023-04-17 01:30:00,0.7986581422089584
1543,2023-04-17 01:45:00,0.7986581422089584
1544,2023-04-17 02:00:00,0.7986581422089584
1545,2023-04-17 02:15:00,0.7986581422089584
1546,2023-04-17 02:30:00,0.7986581422089584
1547,2023-04-17 02:45:00,0.7986581422089584
1548,2023-04-17 03:00:00,0.7986581422089584
1549,2023-04-17 03:15:00,0.7986581422089584
1550,2023-04-17 03:30:00,0.7986581422089584
1551,2023-04-17 03:45:00,0.7986581422089584
1552,2023-04-17 04:00:00,0.7986581422089584
1553,2023-04-17 04:15:00,0.7986581422089584
1554,2023-04-17 04:30:00,0.7986581422089584
1555,2023-04-17 04:45:00,0.7986581422089584
1556,2023-04-17 05:00:00,0.7986581422089584
1557,2023-04-17 05:15:00,0.7986581422089584
1558,2023-04-17 05:30:00,0.7986581422089584
1559,2023-04-17 05:45:00,0.7986581422089584
1560,2023-04-17 06:00:00,0.7986581422089584
1561,2023-04-17 06:15:00,0.7986581422089584
1562,2023-04-17 06:30:00,0.79884006
1563,2023-04-17 06:45:00,0.7995308799999999
1564,2023-04-17 07:00:00,0.80050738
1565,2023-04-17 07:15:00,0.80224392
1566,2023-04-17 07:30:00,0.8058008
1567,2023-04-17 07:45:00,0.8168162
1568,2023-04-17 08:00:00,0.8496713
1569,2023-04-17 08:15:00,0.87554194
1570,2023-04-17 08:30:00,0.90599498
1571,2023-04-17 08:45:00,0.93293896
1572,2023-04-17 09:00:00,0.929246210891237
1573,2023-04-17 09:15:00,0.9255534617824742
1574,2023-04-17 09:30:00,0.9218607126737113
1575,2023-04-17 09:45:00,0.9181679635649483
1576,2023-04-17 10:00:00,0.9144752144561854
1577,2023-04-17 10:15:00,0.9107824653474226
1578,2023-04-17 10:30:00,0.9070897162386596
1579,2023-04-17 10:45:00,0.9033969671298967
1580,2023-04-17 11:00:00,0.8997042180211339
1581,2023-04-17 11:15:00,0.8960114689123709
1582,2023-04-17 11:30:00,0.892318719803608
1583,2023-04-17 11:45:00,0.8886259706948451
1584,2023-04-17 12:00:00,0.8849332215860822
1585,2023-04-17 12:15:00,0.8812404724773193
1586,2023-04-17 12:30:00,0.8775477233685564
1587,2023-04-17 12:45:00,0.8738549742597934
1588,2023-04-17 13:00:00,0.8701622251510306
1589,2023-04-17 13:15:00,0.8664694760422677
1590,2023-04-17 13:30:00,0.8627767269335047
1591,2023-04-17 13:45:00,0.8590839778247419
1592,2023-04-17 14:00:00,0.855391228715979
1593,2023-04-17 14:15:00,0.851698479607216
1594,2023-04-17 14:30:00,0.8480057304984531
1595,2023-04-17 14:45:00,0.8443129813896902
1596,2023-04-17 15:00:00,0.8406202322809273
1597,2023-04-17 15:15:00,0.8369274831721644
1598,2023-04-17 15:30:00,0.8332347340634014
1599,2023-04-17 15:45:00,0.8295419849546386
1600,2023-04-17 16:00:00,0.8258492358458757
1601,2023-04-17 16:15:00,0.8221564867371127
1602,2023-04-17 16:30:00,0.8184637376283499
1603,2023-04-17 16:45:00,0.814770988519587
1604,2023-04-17 17:00:00,0.811078239410824
1605,2023-04-17 17:15:00,0.8073854903020612
1606,2023-04-17 17:30:00,0.8036927411932983
1607,2023-04-17 17:45:00,0.7999999920845353
1608,2023-04-17 18:00:00,0.7999999920845353
1609,2023-04-17 18:15:00,0.7999999920845353
1610,2023-04-17 18:30:00,0.7999999920845353
1611,2023-04-17 18:45:00,0.7999999920845353
1612,2023-04-17 19:00:00,0.7999999920845353
1613,2023-04-17 19:15:00,0.7999999920845353
1614,2023-04-17 19:30:00,0.7999999920845353
1615,2023-04-17 19:45:00,0.7999999920845353
1616,2023-04-17 20:00:00,0.7999999920845353
1617,2023-04-17 20:15:00,0.7999999920845353
1618,2023-04-17 20:30:00,0.7999999920845353
1619,2023-04-17 20:45:00,0.7999999920845353
1620,2023-04-17 21:00:00,0.7999999920845353
1621,2023-04-17 21:15:00,0.7999999920845353
1622,2023-04-17 21:30:00,0.7999999920845353
1623,2023-04-17 21:45:00,0.7999999920845353
1624,2023-04-17 22:00:00,0.7999999920845353
1625,2023-04-17 22:15:00,0.7999999920845353
1626,2023-04-17 22:30:00,0.7999999920845353
1627,2023-04-17 22:45:00,0.7999999920845353
1628,2023-04-17 23:00:00,0.7999999920845353
1629,2023-04-17 23:15:00,0.7999999920845353
1630,2023-04-17 23:30:00,0.7999999920845353
1631,2023-04-17 23:45:00,0.7999999920845353
1632,2023-04-18 00:00:00,0.7999999920845353
1633,2023-04-18 00:15:00,0.7999999920845353
1634,2023-04-18 00:30:00,0.7999999920845353
1635,2023-04-18 00:45:00,0.7999999920845353
1636,2023-04-18 01:00:00,0.7999999920845353
1637,2023-04-18 01:15:00,0.7999999920845353
1638,2023-04-18 01:30:00,0.7999999920845353
1639,2023-04-18 01:45:00,0.7999999920845353
1640,2023-04-18 02:00:00,0.7999999920845353
1641,2023-04-18 02:15:00,0.7999999920845353
1642,2023-04-18 02:30:00,0.7999999920845353
1643,2023-04-18 02:45:00,0.7999999920845353
1644,2023-04-18 03:00:00,0.7999999920845353
1645,2023-04-18 03:15:00,0.7999999920845353
1646,2023-04-18 03:30:00,0.7999999920845353
1647,2023-04-18 03:45:00,0.7999999920845353
1648,2023-04-18 04:00:00,0.7999999920845353
1649,2023-04-18 04:15:00,0.7999999920845353
1650,2023-04-18 04:30:00,0.7999999920845353
1651,2023-04-18 04:45:00,0.7999999920845353
1652,2023-04-18 05:00:00,0.7999999920845353
1653,2023-04-18 05:15:00,0.7999999920845353
1654,2023-04-18 05:30:00,0.7999999920845353
1655,2023-04-18 05:45:00,0.7999999920845353
1656,2023-04-18 06:00:00,0.7999999920845353
1657,2023-04-18 06:15:00,0.7999999920845353
1658,2023-04-18 06:30:00,0.7999999920845353
1659,2023-04-18 06:45:00,0.7999999920845353
1660,2023-04-18 07:00:00,0.7999999920845353
1661,2023-04-18 07:15:00,0.7999999920845353
1662,2023-04-18 07:30:00,0.7999999920845353
1663,2023-04-18 07:45:00,0.7999999920845353
1664,2023-04-18 08:00:00,0.7967131831370498
1665,2023-04-18 08:15:00,0.7934263741895642
1666,2023-04-18 08:30:00,0.7901395652420786
1667,2023-04-18 08:45:00,0.7868527562945931
1668,2023-04-18 09:00:00,0.7835659473471075
1669,2023-04-18 09:15:00,0.7802791383996219
1670,2023-04-18 09:30:00,0.7769923294521364
1671,2023-04-18 09:45:00,0.7737055205046508
1672,2023-04-18 10:00:00,0.7704187115571652
1673,2023-04-18 10:15:00,0.7671319026096797
1674,2023-04-18 10:30:00,0.763845093662194
1675,2023-04-18 10:45:00,0.7605582847147084
1676,2023-04-18 11:00:00,0.7572714757672229
1677,2023-04-18 11:15:00,0.7539846668197373
1678,2023-04-18 11:30:00,0.7506978578722517
1679,2023-04-18 11:45:00,0.7474110489247662
1680,2023-04-18 12:00:00,0.7441242399772806
1681,2023-04-18 12:15:00,0.740837431029795
1682,2023-04-18 12:30:00,0.7375506220823095
1683,2023-04-18 12:45:00,0.7342638131348239
1684,2023-04-18 13:00:00,0.7309770041873384
1685,2023-04-18 13:15:00,0.7276901952398528
1686,2023-04-18 13:30:00,0.7244033862923672
1687,2023-04-18 13:45:00,0.7211165773448817
1688,2023-04-18 14:00:00,0.7178297683973961
1689,2023-04-18 14:15:00,0.7145429594499105
1690,2023-04-18 14:30:00,0.711256150502425
1691,2023-04-18 14:45:00,0.7079693415549394
1692,2023-04-18 15:00:00,0.7046825326074537
1693,2023-04-18 15:15:00,0.7013957236599682
1694,2023-04-18 15:30:00,0.6981089147124826
1695,2023-04-18 15:45:00,0.694822105764997
1696,2023-04-18 16:00:00,0.6915352968175115
1697,2023-04-18 16:15:00,0.6882484878700259
1698,2023-04-18 16:30:00,0.6849616789225403
1699,2023-04-18 16:45:00,0.6816748699750548
1700,2023-04-18 17:00:00,0.6783880610275692
1701,2023-04-18 17:15:00,0.6751012520800836
1702,2023-04-18 17:30:00,0.6751012520800836
1703,2023-04-18 17:45:00,0.6751012520800836
1704,2023-04-18 18:00:00,0.6751012520800836
1705,2023-04-18 18:15:00,0.6751012520800836
1706,2023-04-18 18:30:00,0.6751012520800836
1707,2023-04-18 18:45:00,0.6751012520800836
1708,2023-04-18 19:00:00,0.6751012520800836
1709,2023-04-18 19:15:00,0.6751012520800836
1710,2023-04-18 19:30:00,0.6751012520800836
1711,2023-04-18 19:45:00,0.6751012520800836
1712,2023-04-18 20:00:00,0.6751012520800836
1713,2023-04-18 20:15:00,0.6751012520800836
1714,2023-04-18 20:30:00,0.6751012520800836
1715,2023-04-18 20:45:00,0.6751012520800836
1716,2023-04-18 21:00:00,0.6751012520800836
1717,2023-04-18 21:15:00,0.6751012520800836
1718,2023-04-18 21:30:00,0.6751012520800836
1719,2023-04-18 21:45:00,0.6751012520800836
1720,2023-04-18 22:00:00,0.6751012520800836
1721,2023-04-18 22:15:00,0.6751012520800836
1722,2023-04-18 22:30:00,0.6751012520800836
1723,2023-04-18 22:45:00,0.6751012520800836
1724,2023-04-18 23:00:00,0.6751012520800836
1725,2023-04-18 23:15:00,0.6751012520800836
1726,2023-04-18 23:30:00,0.6751012520800836
1727,2023-04-18 23:45:00,0.6751012520800836
1728,2023-04-19 00:00:00,0.6751012520800836
1729,2023-04-19 00:15:00,0.6751012520800836
1730,2023-04-19 00:30:00,0.6751012520800836
1731,2023-04-19 00:45:00,0.6751012520800836
1732,2023-04-19 01:00:00,0.6751012520800836
1733,2023-04-19 01:15:00,0.6751012520800836
1734,2023-04-19 01:30:00,0.6751012520800836
1735,2023-04-19 01:45:00,0.6751012520800836
1736,2023-04-19 02:00:00,0.6751012520800836
1737,2023-04-19 02:15:00,0.6751012520800836
1738,2023-04-19 02:30:00,0.6751012520800836
1739,2023-04-19 02:45:00,0.6751012520800836
1740,2023-04-19 03:00:00,0.6751012520800836
1741,2023-04-19 03:15:00,0.6751012520800836
1742,2023-04-19 03:30:00,0.6751012520800836
1743,2023-04-19 03:45:00,0.6751012520800836
1744,2023-04-19 04:00:00,0.6751012520800836
1745,2023-04-19 04:15:00,0.6751012520800836
1746,2023-04-19 04:30:00,0.6751012520800836
1747,2023-04-19 04:45:00,0.6751012520800836
1748,2023-04-19 05:00:00,0.6751012520800836
1749,2023-04-19 05:15:00,0.6751012520800836
1750,2023-04-19 05:30:00,0.6751012520800836
1751,2023-04-19 05:45:00,0.6751012520800836
1752,2023-04-19 06:00:00,0.6751012520800836
1753,2023-04-19 06:15:00,0.6751012520800836
1754,2023-04-19 06:30:00,0.6751012520800836
1755,2023-04-19 06:45:00,0.6751012520800836
1756,2023-04-19 07:00:00,0.6751012520800836
1757,2023-04-19 07:15:00,0.6751012520800836
1758,2023-04-19 07:30:00,0.6751012520800836
1759,2023-04-19 07:45:00,0.6751012520800836
1760,2023-04-19 08:00:00,0.6751012520800836
1761,2023-04-19 08:15:00,0.6753726
1762,2023-04-19 08:30:00,0.67660014
1763,2023-04-19 08:45:00,0.67869242
1764,2023-04-19 09:00:00,0.68270598
1765,2023-04-19 09:15:00,0.6873033599999999
1766,2023-04-19 09:30:00,0.69324776
1767,2023-04-19 09:45:00,0.70259624
1768,2023-04-19 10:00:00,0.7116070999999999
1769,2023-04-19 10:15:00,0.7166638000000001
1770,2023-04-19 10:30:00,0.7231933600000001
1771,2023-04-19 10:45:00,0.73054482
1772,2023-04-19 11:00:00,0.73542656
1773,2023-04-19 11:15:00,0.74584102
1774,2023-04-19 11:30:00,0.75125836
1775,2023-04-19 11:45:00,0.7538711600000001
1776,2023-04-19 12:00:00,0.7564768399999999
1777,2023-04-19 12:15:00,0.7564768399999999
1778,2023-04-19 12:30:00,0.7569017800000001
1779,2023-04-19 12:45:00,0.7595175999999999
1780,2023-04-19 13:00:00,0.76410788
1781,2023-04-19 13:15:00,0.76410788
1782,2023-04-19 13:30:00,0.7662658600000001
1783,2023-04-19 13:45:00,0.7696550999999999
1784,2023-04-19 14:00:00,0.77621392
1785,2023-04-19 14:15:00,0.77621392
1786,2023-04-19 14:30:00,0.77621392
1787,2023-04-19 14:45:00,0.77621392
1788,2023-04-19 15:00:00,0.77621392
1789,2023-04-19 15:15:00,0.77621392
1790,2023-04-19 15:30:00,0.77621392
1791,2023-04-19 15:45:00,0.77621392
1792,2023-04-19 16:00:00,0.77621392
1793,2023-04-19 16:15:00,0.77621392
1794,2023-04-19 16:30:00,0.77621392
1795,2023-04-19 16:45:00,0.77621392
1796,2023-04-19 17:00:00,0.77621392
1797,2023-04-19 17:15:00,0.77621392
1798,2023-04-19 17:30:00,0.77621392
1799,2023-04-19 17:45:00,0.77621392
1800,2023-04-19 18:00:00,0.77621392
1801,2023-04-19 18:15:00,0.77621392
1802,2023-04-19 18:30:00,0.77621392
1803,2023-04-19 18:45:00,0.77621392
1804,2023-04-19 19:00:00,0.77621392
1805,2023-04-19 19:15:00,0.77621392
1806,2023-04-19 19:30:00,0.77621392
1807,2023-04-19 19:45:00,0.77621392
1808,2023-04-19 20:00:00,0.77621392
1809,2023-04-19 20:15:00,0.77621392
1810,2023-04-19 20:30:00,0.77621392
1811,2023-04-19 20:45:00,0.77621392
1812,2023-04-19 21:00:00,0.77621392
1813,2023-04-19 21:15:00,0.77621392
1814,2023-04-19 21:30:00,0.77621392
1815,2023-04-19 21:45:00,0.77621392
1816,2023-04-19 22:00:00,0.77621392
1817,2023-04-19 22:15:00,0.77621392
1818,2023-04-19 22:30:00,0.77621392
1819,2023-04-19 22:45:00,0.77621392
1820,2023-04-19 23:00:00,0.77621392
1821,2023-04-19 23:15:00,0.77621392
1822,2023-04-19 23:30:00,0.77621392
1823,2023-04-19 23:45:00,0.77621392
1824,2023-04-20 00:00:00,0.77621392
1825,2023-04-20 00:15:00,0.77621392
1826,2023-04-20 00:30:00,0.77621392
1827,2023-04-20 00:45:00,0.77621392
1828,2023-04-20 01:00:00,0.77621392
1829,2023-04-20 01:15:00,0.77621392
1830,2023-04-20 01:30:00,0.77621392
1831,2023-04-20 01:45:00,0.77621392
1832,2023-04-20 02:00:00,0.77621392
1833,2023-04-20 02:15:00,0.77621392
1834,2023-04-20 02:30:00,0.77621392
1835,2023-04-20 02:45:00,0.77621392
1836,2023-04-20 03:00:00,0.77621392
1837,2023-04-20 03:15:00,0.77621392
1838,2023-04-20 03:30:00,0.77621392
1839,2023-04-20 03:45:00,0.77621392
1840,2023-04-20 04:00:00,0.77621392
1841,2023-04-20 04:15:00,0.77621392
1842,2023-04-20 04:30:00,0.77621392
1843,2023-04-20 04:45:00,0.77621392
1844,2023-04-20 05:00:00,0.77621392
1845,2023-04-20 05:15:00,0.77621392
1846,2023-04-20 05:30:00,0.77621392
1847,2023-04-20 05:45:00,0.77621392
1848,2023-04-20 06:00:00,0.77621392
1849,2023-04-20 06:15:00,0.77621392
1850,2023-04-20 06:30:00,0.77621392
1851,2023-04-20 06:45:00,0.77621392
1852,2023-04-20 07:00:00,0.77621392
1853,2023-04-20 07:15:00,0.77770066
1854,2023-04-20 07:30:00,0.78075644
1855,2023-04-20 07:45:00,0.78554314
1856,2023-04-20 08:00:00,0.7974043199999999
1857,2023-04-20 08:15:00,0.8130428999999999
1858,2023-04-20 08:30:00,0.83059494
1859,2023-04-20 08:45:00,0.8498492799999999
1860,2023-04-20 09:00:00,0.8451208470042066
1861,2023-04-20 09:15:00,0.8403924140084135
1862,2023-04-20 09:30:00,0.8356639810126202
1863,2023-04-20 09:45:00,0.830935548016827
1864,2023-04-20 10:00:00,0.8262071150210337
1865,2023-04-20 10:15:00,0.8214786820252404
1866,2023-04-20 10:30:00,0.8167502490294473
1867,2023-04-20 10:45:00,0.812021816033654
1868,2023-04-20 11:00:00,0.8072933830378607
1869,2023-04-20 11:15:00,0.8025649500420675
1870,2023-04-20 11:30:00,0.7978365170462742
1871,2023-04-20 11:45:00,0.793108084050481
1872,2023-04-20 12:00:00,0.7883796510546878
1873,2023-04-20 12:15:00,0.7836512180588945
1874,2023-04-20 12:30:00,0.7789227850631013
1875,2023-04-20 12:45:00,0.774194352067308
1876,2023-04-20 13:00:00,0.7694659190715147
1877,2023-04-20 13:15:00,0.7647374860757216
1878,2023-04-20 13:30:00,0.7600090530799283
1879,2023-04-20 13:45:00,0.7552806200841351
1880,2023-04-20 14:00:00,0.7505521870883418
1881,2023-04-20 14:15:00,0.7458237540925485
1882,2023-04-20 14:30:00,0.7410953210967554
1883,2023-04-20 14:45:00,0.7363668881009621
1884,2023-04-20 15:00:00,0.7316384551051689
1885,2023-04-20 15:15:00,0.7269100221093756
1886,2023-04-20 15:30:00,0.75551384
1887,2023-04-20 15:45:00,0.7813308000000001
1888,2023-04-20 16:00:00,0.80491014
1889,2023-04-20 16:15:00,0.8255408599999999
1890,2023-04-20 16:30:00,0.8406197799999999
1891,2023-04-20 16:45:00,0.8485615400000001
1892,2023-04-20 17:00:00,0.85177346
1893,2023-04-20 17:15:00,0.8554824600000001
1894,2023-04-20 17:30:00,0.85905524
1895,2023-04-20 17:45:00,0.8612689
1896,2023-04-20 18:00:00,0.86319638
1897,2023-04-20 18:15:00,0.86319638
1898,2023-04-20 18:30:00,0.86319638
1899,2023-04-20 18:45:00,0.86319638
1900,2023-04-20 19:00:00,0.86319638
1901,2023-04-20 19:15:00,0.86319638
1902,2023-04-20 19:30:00,0.86319638
1903,2023-04-20 19:45:00,0.86319638
1904,2023-04-20 20:00:00,0.86319638
1905,2023-04-20 20:15:00,0.86319638
1906,2023-04-20 20:30:00,0.86319638
1907,2023-04-20 20:45:00,0.86319638
1908,2023-04-20 21:00:00,0.86319638
1909,2023-04-20 21:15:00,0.86319638
1910,2023-04-20 21:30:00,0.86319638
1911,2023-04-20 21:45:00,0.86319638
1912,2023-04-20 22:00:00,0.86319638
1913,2023-04-20 22:15:00,0.86319638
1914,2023-04-20 22:30:00,0.86319638
1915,2023-04-20 22:45:00,0.86319638
1916,2023-04-20 23:00:00,0.86319638
1917,2023-04-20 23:15:00,0.86319638
1918,2023-04-20 23:30:00,0.86319638
1919,2023-04-20 23:45:00,0.86319638
1920,2023-04-21 00:00:00,0.86319638
1921,2023-04-21 00:15:00,0.86319638
1922,2023-04-21 00:30:00,0.86319638
1923,2023-04-21 00:45:00,0.86319638
1924,2023-04-21 01:00:00,0.86319638
1925,2023-04-21 01:15:00,0.86319638
1926,2023-04-21 01:30:00,0.86319638
1927,2023-04-21 01:45:00,0.86319638
1928,2023-04-21 02:00:00,0.86319638
1929,2023-04-21 02:15:00,0.86319638
1930,2023-04-21 02:30:00,0.86319638
1931,2023-04-21 02:45:00,0.86319638
1932,2023-04-21 03:00:00,0.86319638
1933,2023-04-21 03:15:00,0.86319638
1934,2023-04-21 03:30:00,0.86319638
1935,2023-04-21 03:45:00,0.86319638
1936,2023-04-21 04:00:00,0.86319638
1937,2023-04-21 04:15:00,0.86319638
1938,2023-04-21 04:30:00,0.86319638
1939,2023-04-21 04:45:00,0.86319638
1940,2023-04-21 05:00:00,0.86319638
1941,2023-04-21 05:15:00,0.86319638
1942,2023-04-21 05:30:00,0.86319638
1943,2023-04-21 05:45:00,0.86319638
1944,2023-04-21 06:00:00,0.86319638
1945,2023-04-21 06:15:00,0.86319638
1946,2023-04-21 06:30:00,0.86319638
1947,2023-04-21 06:45:00,0.86319638
1948,2023-04-21 07:00:00,0.86319638
1949,2023-04-21 07:15:00,0.86319638
1950,2023-04-21 07:30:00,0.863514
1951,2023-04-21 07:45:00,0.86449516
1952,2023-04-21 08:00:00,0.86716696
1953,2023-04-21 08:15:00,0.86882136
1954,2023-04-21 08:30:00,0.87267826
1955,2023-04-21 08:45:00,0.87724662
1956,2023-04-21 09:00:00,0.88417622
1957,2023-04-21 09:15:00,0.8820509517073171
1958,2023-04-21 09:30:00,0.8799256834146341
1959,2023-04-21 09:45:00,0.8778004151219512
1960,2023-04-21 10:00:00,0.8756751468292683
1961,2023-04-21 10:15:00,0.8735498785365853
1962,2023-04-21 10:30:00,0.8714246102439024
1963,2023-04-21 10:45:00,0.8692993419512195
1964,2023-04-21 11:00:00,0.8671740736585365
1965,2023-04-21 11:15:00,0.8650488053658536
1966,2023-04-21 11:30:00,0.8629235370731707
1967,2023-04-21 11:45:00,0.8607982687804878
1968,2023-04-21 12:00:00,0.8586730004878048
1969,2023-04-21 12:15:00,0.8565477321951219
1970,2023-04-21 12:30:00,0.854422463902439
1971,2023-04-21 12:45:00,0.852297195609756
1972,2023-04-21 13:00:00,0.8501719273170731
1973,2023-04-21 13:15:00,0.8480466590243902
1974,2023-04-21 13:30:00,0.8459213907317072
1975,2023-04-21 13:45:00,0.8437961224390244
1976,2023-04-21 14:00:00,0.8416708541463415
1977,2023-04-21 14:15:00,0.8395455858536585
1978,2023-04-21 14:30:00,0.8374203175609756
1979,2023-04-21 14:45:00,0.8352950492682927
1980,2023-04-21 15:00:00,0.8331697809756097
1981,2023-04-21 15:15:00,0.8310445126829268
1982,2023-04-21 15:30:00,0.8289192443902439
1983,2023-04-21 15:45:00,0.8267939760975609
1984,2023-04-21 16:00:00,0.824668707804878
1985,2023-04-21 16:15:00,0.8225434395121951
1986,2023-04-21 16:30:00,0.8204181712195122
1987,2023-04-21 16:45:00,0.8182929029268292
1988,2023-04-21 17:00:00,0.8161676346341463
1989,2023-04-21 17:15:00,0.8140423663414633
1990,2023-04-21 17:30:00,0.8119170980487804
1991,2023-04-21 17:45:00,0.8097918297560975
1992,2023-04-21 18:00:00,0.8076665614634146
1993,2023-04-21 18:15:00,0.8055412931707316
1994,2023-04-21 18:30:00,0.8034160248780488
1995,2023-04-21 18:45:00,0.8012907565853659
1996,2023-04-21 19:00:00,0.7991654882926829
1997,2023-04-21 19:15:00,0.79704022
1998,2023-04-21 19:30:00,0.79704022
1999,2023-04-21 19:45:00,0.79704022
2000,2023-04-21 20:00:00,0.79704022
2001,2023-04-21 20:15:00,0.79704022
2002,2023-04-21 20:30:00,0.79704022
2003,2023-04-21 20:45:00,0.79704022
2004,2023-04-21 21:00:00,0.79704022
2005,2023-04-21 21:15:00,0.79704022
2006,2023-04-21 21:30:00,0.79704022
2007,2023-04-21 21:45:00,0.79704022
2008,2023-04-21 22:00:00,0.79704022
2009,2023-04-21 22:15:00,0.79704022
2010,2023-04-21 22:30:00,0.79704022
2011,2023-04-21 22:45:00,0.79704022
2012,2023-04-21 23:00:00,0.79704022
2013,2023-04-21 23:15:00,0.79704022
2014,2023-04-21 23:30:00,0.79704022
2015,2023-04-21 23:45:00,0.79704022
2016,2023-04-22 00:00:00,0.79704022
2017,2023-04-22 00:15:00,0.79704022
2018,2023-04-22 00:30:00,0.79704022
2019,2023-04-22 00:45:00,0.79704022
2020,2023-04-22 01:00:00,0.79704022
2021,2023-04-22 01:15:00,0.79704022
2022,2023-04-22 01:30:00,0.79704022
2023,2023-04-22 01:45:00,0.79704022
2024,2023-04-22 02:00:00,0.79704022
2025,2023-04-22 02:15:00,0.79704022
2026,2023-04-22 02:30:00,0.79704022
2027,2023-04-22 02:45:00,0.79704022
2028,2023-04-22 03:00:00,0.79704022
2029,2023-04-22 03:15:00,0.79704022
2030,2023-04-22 03:30:00,0.79704022
2031,2023-04-22 03:45:00,0.79704022
2032,2023-04-22 04:00:00,0.79704022
2033,2023-04-22 04:15:00,0.79704022
2034,2023-04-22 04:30:00,0.79704022
2035,2023-04-22 04:45:00,0.79704022
2036,2023-04-22 05:00:00,0.79704022
2037,2023-04-22 05:15:00,0.79704022
2038,2023-04-22 05:30:00,0.79704022
2039,2023-04-22 05:45:00,0.79704022
2040,2023-04-22 06:00:00,0.79704022
2041,2023-04-22 06:15:00,0.79704022
2042,2023-04-22 06:30:00,0.79767204
2043,2023-04-22 06:45:00,0.79969392
2044,2023-04-22 07:00:00,0.8048724
2045,2023-04-22 07:15:00,0.82345634
2046,2023-04-22 07:30:00,0.8479762399999999
2047,2023-04-22 07:45:00,0.8808235600000001
2048,2023-04-22 08:00:00,0.8748487992804064
2049,2023-04-22 08:15:00,0.8688740385608128
2050,2023-04-22 08:30:00,0.8628992778412191
2051,2023-04-22 08:45:00,0.8569245171216255
2052,2023-04-22 09:00:00,0.8509497564020319
2053,2023-04-22 09:15:00,0.8449749956824383
2054,2023-04-22 09:30:00,0.8390002349628446
2055,2023-04-22 09:45:00,0.833025474243251
2056,2023-04-22 10:00:00,0.8270507135236573
2057,2023-04-22 10:15:00,0.8210759528040638
2058,2023-04-22 10:30:00,0.8151011920844701
2059,2023-04-22 10:45:00,0.8091264313648765
2060,2023-04-22 11:00:00,0.8031516706452828
2061,2023-04-22 11:15:00,0.7971769099256892
2062,2023-04-22 11:30:00,0.7912021492060956
2063,2023-04-22 11:45:00,0.785227388486502
2064,2023-04-22 12:00:00,0.7792526277669083
2065,2023-04-22 12:15:00,0.7732778670473147
2066,2023-04-22 12:30:00,0.767303106327721
2067,2023-04-22 12:45:00,0.7613283456081275
2068,2023-04-22 13:00:00,0.7553535848885338
2069,2023-04-22 13:15:00,0.7493788241689402
2070,2023-04-22 13:30:00,0.7434040634493465
2071,2023-04-22 13:45:00,0.7374293027297529
2072,2023-04-22 14:00:00,0.7314545420101592
2073,2023-04-22 14:15:00,0.7254797812905656
2074,2023-04-22 14:30:00,0.719505020570972
2075,2023-04-22 14:45:00,0.7135302598513784
2076,2023-04-22 15:00:00,0.7075554991317847
2077,2023-04-22 15:15:00,0.701580738412191
2078,2023-04-22 15:30:00,0.6956059776925975
2079,2023-04-22 15:45:00,0.6896312169730039
2080,2023-04-22 16:00:00,0.6836564562534102
2081,2023-04-22 16:15:00,0.69628486
2082,2023-04-22 16:30:00,0.7034147199999999
2083,2023-04-22 16:45:00,0.7090115
2084,2023-04-22 17:00:00,0.7134884800000001
2085,2023-04-22 17:15:00,0.71759048
2086,2023-04-22 17:30:00,0.7224181199999999
2087,2023-04-22 17:45:00,0.72447766
2088,2023-04-22 18:00:00,0.72447766
2089,2023-04-22 18:15:00,0.72447766
2090,2023-04-22 18:30:00,0.72447766
2091,2023-04-22 18:45:00,0.72447766
2092,2023-04-22 19:00:00,0.72447766
2093,2023-04-22 19:15:00,0.72447766
2094,2023-04-22 19:30:00,0.72447766
2095,2023-04-22 19:45:00,0.72447766
2096,2023-04-22 20:00:00,0.72447766
2097,2023-04-22 20:15:00,0.72447766
2098,2023-04-22 20:30:00,0.72447766
2099,2023-04-22 20:45:00,0.72447766
2100,2023-04-22 21:00:00,0.72447766
2101,2023-04-22 21:15:00,0.72447766
2102,2023-04-22 21:30:00,0.72447766
2103,2023-04-22 21:45:00,0.72447766
2104,2023-04-22 22:00:00,0.72447766
2105,2023-04-22 22:15:00,0.72447766
2106,2023-04-22 22:30:00,0.72447766
2107,2023-04-22 22:45:00,0.72447766
2108,2023-04-22 23:00:00,0.72447766
2109,2023-04-22 23:15:00,0.72447766
2110,2023-04-22 23:30:00,0.72447766
2111,2023-04-22 23:45:00,0.72447766
2112,2023-04-23 00:00:00,0.72447766
2113,2023-04-23 00:15:00,0.72447766
2114,2023-04-23 00:30:00,0.72447766
2115,2023-04-23 00:45:00,0.72447766
2116,2023-04-23 01:00:00,0.72447766
2117,2023-04-23 01:15:00,0.72447766
2118,2023-04-23 01:30:00,0.72447766
2119,2023-04-23 01:45:00,0.72447766
2120,2023-04-23 02:00:00,0.72447766
2121,2023-04-23 02:15:00,0.72447766
2122,2023-04-23 02:30:00,0.72447766
2123,2023-04-23 02:45:00,0.72447766
2124,2023-04-23 03:00:00,0.72447766
2125,2023-04-23 03:15:00,0.72447766
2126,2023-04-23 03:30:00,0.72447766
2127,2023-04-23 03:45:00,0.72447766
2128,2023-04-23 04:00:00,0.72447766
2129,2023-04-23 04:15:00,0.72447766
2130,2023-04-23 04:30:00,0.72447766
2131,2023-04-23 04:45:00,0.72447766
2132,2023-04-23 05:00:00,0.72447766
2133,2023-04-23 05:15:00,0.72447766
2134,2023-04-23 05:30:00,0.72447766
2135,2023-04-23 05:45:00,0.72447766
2136,2023-04-23 06:00:00,0.72447766
2137,2023-04-23 06:15:00,0.72472512
2138,2023-04-23 06:30:00,0.72534498
2139,2023-04-23 06:45:00,0.72758088
2140,2023-04-23 07:00:00,0.7319089200000001
2141,2023-04-23 07:15:00,0.73817582
2142,2023-04-23 07:30:00,0.74621514
2143,2023-04-23 07:45:00,0.75612204
2144,2023-04-23 08:00:00,0.76876976
2145,2023-04-23 08:15:00,0.8
2146,2023-04-23 08:30:00,0.81526816
2147,2023-04-23 08:45:00,0.8127573445936225
2148,2023-04-23 09:00:00,0.8102465291872448
2149,2023-04-23 09:15:00,0.8077357137808673
2150,2023-04-23 09:30:00,0.8052248983744896
2151,2023-04-23 09:45:00,0.8027140829681121
2152,2023-04-23 10:00:00,0.8002032675617344
2153,2023-04-23 10:15:00,0.7976924521553569
2154,2023-04-23 10:30:00,0.7951816367489792
2155,2023-04-23 10:45:00,0.7926708213426017
2156,2023-04-23 11:00:00,0.790160005936224
2157,2023-04-23 11:15:00,0.7876491905298465
2158,2023-04-23 11:30:00,0.7851383751234688
2159,2023-04-23 11:45:00,0.7826275597170913
2160,2023-04-23 12:00:00,0.7801167443107137
2161,2023-04-23 12:15:00,0.7776059289043361
2162,2023-04-23 12:30:00,0.7750951134979585
2163,2023-04-23 12:45:00,0.7725842980915809
2164,2023-04-23 13:00:00,0.7700734826852033
2165,2023-04-23 13:15:00,0.7675626672788257
2166,2023-04-23 13:30:00,0.7650518518724481
2167,2023-04-23 13:45:00,0.7625410364660705
2168,2023-04-23 14:00:00,0.7600302210596929
2169,2023-04-23 14:15:00,0.7575194056533153
2170,2023-04-23 14:30:00,0.7550085902469377
2171,2023-04-23 14:45:00,0.7524977748405601
2172,2023-04-23 15:00:00,0.7499869594341825
2173,2023-04-23 15:15:00,0.7474761440278049
2174,2023-04-23 15:30:00,0.7449653286214273
2175,2023-04-23 15:45:00,0.7424545132150497
2176,2023-04-23 16:00:00,0.7399436978086722
2177,2023-04-23 16:15:00,0.7374328824022945
2178,2023-04-23 16:30:00,0.7349220669959169
2179,2023-04-23 16:45:00,0.7324112515895393
2180,2023-04-23 17:00:00,0.7299004361831618
2181,2023-04-23 17:15:00,0.7273896207767842
2182,2023-04-23 17:30:00,0.7320847
2183,2023-04-23 17:45:00,0.7340365799999999
2184,2023-04-23 18:00:00,0.73495354
2185,2023-04-23 18:15:00,0.734991
2186,2023-04-23 18:30:00,0.734991
2187,2023-04-23 18:45:00,0.734991
2188,2023-04-23 19:00:00,0.734991
2189,2023-04-23 19:15:00,0.734991
2190,2023-04-23 19:30:00,0.734991
2191,2023-04-23 19:45:00,0.734991
2192,2023-04-23 20:00:00,0.734991
2193,2023-04-23 20:15:00,0.734991
2194,2023-04-23 20:30:00,0.734991
2195,2023-04-23 20:45:00,0.734991
2196,2023-04-23 21:00:00,0.734991
2197,2023-04-23 21:15:00,0.734991
2198,2023-04-23 21:30:00,0.734991
2199,2023-04-23 21:45:00,0.734991
2200,2023-04-23 22:00:00,0.734991
2201,2023-04-23 22:15:00,0.734991
2202,2023-04-23 22:30:00,0.734991
2203,2023-04-23 22:45:00,0.734991
2204,2023-04-23 23:00:00,0.734991
2205,2023-04-23 23:15:00,0.734991
2206,2023-04-23 23:30:00,0.734991
2207,2023-04-23 23:45:00,0.734991
2208,2023-04-24 00:00:00,0.734991
2209,2023-04-24 00:15:00,0.734991
2210,2023-04-24 00:30:00,0.734991
2211,2023-04-24 00:45:00,0.734991
2212,2023-04-24 01:00:00,0.734991
2213,2023-04-24 01:15:00,0.734991
2214,2023-04-24 01:30:00,0.734991
2215,2023-04-24 01:45:00,0.734991
2216,2023-04-24 02:00:00,0.734991
2217,2023-04-24 02:15:00,0.734991
2218,2023-04-24 02:30:00,0.734991
2219,2023-04-24 02:45:00,0.734991
2220,2023-04-24 03:00:00,0.734991
2221,2023-04-24 03:15:00,0.734991
2222,2023-04-24 03:30:00,0.734991
2223,2023-04-24 03:45:00,0.734991
2224,2023-04-24 04:00:00,0.734991
2225,2023-04-24 04:15:00,0.734991
2226,2023-04-24 04:30:00,0.734991
2227,2023-04-24 04:45:00,0.734991
2228,2023-04-24 05:00:00,0.734991
2229,2023-04-24 05:15:00,0.734991
2230,2023-04-24 05:30:00,0.734991
2231,2023-04-24 05:45:00,0.734991
2232,2023-04-24 06:00:00,0.734991
2233,2023-04-24 06:15:00,0.73557272
2234,2023-04-24 06:30:00,0.7371796
2235,2023-04-24 06:45:00,0.73992756
2236,2023-04-24 07:00:00,0.74550096
2237,2023-04-24 07:15:00,0.74942924
2238,2023-04-24 07:30:00,0.75524268
2239,2023-04-24 07:45:00,0.7638562400000001
2240,2023-04-24 08:00:00,0.77389248
2241,2023-04-24 08:15:00,0.8
2242,2023-04-24 08:30:00,0.82428584
2243,2023-04-24 08:45:00,0.8212086821142759
2244,2023-04-24 09:00:00,0.8181315242285518
2245,2023-04-24 09:15:00,0.8150543663428277
2246,2023-04-24 09:30:00,0.8119772084571035
2247,2023-04-24 09:45:00,0.8089000505713794
2248,2023-04-24 10:00:00,0.8058228926856553
2249,2023-04-24 10:15:00,0.8027457347999312
2250,2023-04-24 10:30:00,0.799668576914207
2251,2023-04-24 10:45:00,0.7965914190284828
2252,2023-04-24 11:00:00,0.7935142611427588
2253,2023-04-24 11:15:00,0.7904371032570346
2254,2023-04-24 11:30:00,0.7873599453713105
2255,2023-04-24 11:45:00,0.7842827874855864
2256,2023-04-24 12:00:00,0.7812056295998623
2257,2023-04-24 12:15:00,0.7781284717141381
2258,2023-04-24 12:30:00,0.775051313828414
2259,2023-04-24 12:45:00,0.7719741559426899
2260,2023-04-24 13:00:00,0.7688969980569658
2261,2023-04-24 13:15:00,0.7658198401712416
2262,2023-04-24 13:30:00,0.7627426822855174
2263,2023-04-24 13:45:00,0.7596655243997934
2264,2023-04-24 14:00:00,0.7565883665140692
2265,2023-04-24 14:15:00,0.7535112086283451
2266,2023-04-24 14:30:00,0.750434050742621
2267,2023-04-24 14:45:00,0.7473568928568969
2268,2023-04-24 15:00:00,0.7442797349711727
2269,2023-04-24 15:15:00,0.7412025770854486
2270,2023-04-24 15:30:00,0.7381254191997245
2271,2023-04-24 15:45:00,0.7350482613140004
2272,2023-04-24 16:00:00,0.7319711034282762
2273,2023-04-24 16:15:00,0.728893945542552
2274,2023-04-24 16:30:00,0.725816787656828
2275,2023-04-24 16:45:00,0.7227396297711038
2276,2023-04-24 17:00:00,0.7196624718853797
2277,2023-04-24 17:15:00,0.7165853139996556
2278,2023-04-24 17:30:00,0.7135081561139315
2279,2023-04-24 17:45:00,0.7104309982282073
2280,2023-04-24 18:00:00,0.7073538403424832
2281,2023-04-24 18:15:00,0.7042766824567591
2282,2023-04-24 18:30:00,0.701199524571035
2283,2023-04-24 18:45:00,0.701199524571035
2284,2023-04-24 19:00:00,0.701199524571035
2285,2023-04-24 19:15:00,0.701199524571035
2286,2023-04-24 19:30:00,0.701199524571035
2287,2023-04-24 19:45:00,0.701199524571035
2288,2023-04-24 20:00:00,0.701199524571035
2289,2023-04-24 20:15:00,0.701199524571035
2290,2023-04-24 20:30:00,0.701199524571035
2291,2023-04-24 20:45:00,0.701199524571035
2292,2023-04-24 21:00:00,0.701199524571035
2293,2023-04-24 21:15:00,0.701199524571035
2294,2023-04-24 21:30:00,0.701199524571035
2295,2023-04-24 21:45:00,0.701199524571035
2296,2023-04-24 22:00:00,0.701199524571035
2297,2023-04-24 22:15:00,0.701199524571035
2298,2023-04-24 22:30:00,0.701199524571035
2299,2023-04-24 22:45:00,0.701199524571035
2300,2023-04-24 23:00:00,0.701199524571035
2301,2023-04-24 23:15:00,0.701199524571035
2302,2023-04-24 23:30:00,0.701199524571035
2303,2023-04-24 23:45:00,0.701199524571035
2304,2023-04-25 00:00:00,0.701199524571035
2305,2023-04-25 00:15:00,0.701199524571035
2306,2023-04-25 00:30:00,0.701199524571035
2307,2023-04-25 00:45:00,0.701199524571035
2308,2023-04-25 01:00:00,0.701199524571035
2309,2023-04-25 01:15:00,0.701199524571035
2310,2023-04-25 01:30:00,0.701199524571035
2311,2023-04-25 01:45:00,0.701199524571035
2312,2023-04-25 02:00:00,0.701199524571035
2313,2023-04-25 02:15:00,0.701199524571035
2314,2023-04-25 02:30:00,0.701199524571035
2315,2023-04-25 02:45:00,0.701199524571035
2316,2023-04-25 03:00:00,0.701199524571035
2317,2023-04-25 03:15:00,0.701199524571035
2318,2023-04-25 03:30:00,0.701199524571035
2319,2023-04-25 03:45:00,0.701199524571035
2320,2023-04-25 04:00:00,0.701199524571035
2321,2023-04-25 04:15:00,0.701199524571035
2322,2023-04-25 04:30:00,0.701199524571035
2323,2023-04-25 04:45:00,0.701199524571035
2324,2023-04-25 05:00:00,0.701199524571035
2325,2023-04-25 05:15:00,0.701199524571035
2326,2023-04-25 05:30:00,0.701199524571035
2327,2023-04-25 05:45:00,0.701199524571035
2328,2023-04-25 06:00:00,0.701199524571035
2329,2023-04-25 06:15:00,0.701199524571035
2330,2023-04-25 06:30:00,0.70330174
2331,2023-04-25 06:45:00,0.7267734
2332,2023-04-25 07:00:00,0.7510630399999999
2333,2023-04-25 07:15:00,0.77538498
2334,2023-04-25 07:30:00,0.8
2335,2023-04-25 07:45:00,0.8
2336,2023-04-25 08:00:00,0.7931277928015341
2337,2023-04-25 08:15:00,0.7862555856030682
2338,2023-04-25 08:30:00,0.7793833784046023
2339,2023-04-25 08:45:00,0.7725111712061363
2340,2023-04-25 09:00:00,0.7656389640076704
2341,2023-04-25 09:15:00,0.7587667568092044
2342,2023-04-25 09:30:00,0.7518945496107384
2343,2023-04-25 09:45:00,0.7450223424122725
2344,2023-04-25 10:00:00,0.7381501352138066
2345,2023-04-25 10:15:00,0.7312779280153406
2346,2023-04-25 10:30:00,0.7244057208168747
2347,2023-04-25 10:45:00,0.7175335136184088
2348,2023-04-25 11:00:00,0.7106613064199429
2349,2023-04-25 11:15:00,0.7037890992214769
2350,2023-04-25 11:30:00,0.6969168920230109
2351,2023-04-25 11:45:00,0.690044684824545
2352,2023-04-25 12:00:00,0.683172477626079
2353,2023-04-25 12:15:00,0.6763002704276131
2354,2023-04-25 12:30:00,0.6694280632291472
2355,2023-04-25 12:45:00,0.6625558560306812
2356,2023-04-25 13:00:00,0.6556836488322153
2357,2023-04-25 13:15:00,0.6488114416337494
2358,2023-04-25 13:30:00,0.6419392344352834
2359,2023-04-25 13:45:00,0.6350670272368175
2360,2023-04-25 14:00:00,0.6281948200383516
2361,2023-04-25 14:15:00,0.6213226128398855
2362,2023-04-25 14:30:00,0.6144504056414196
2363,2023-04-25 14:45:00,0.6075781984429537
2364,2023-04-25 15:00:00,0.6007059912444878
2365,2023-04-25 15:15:00,0.6007059912444878
2366,2023-04-25 15:30:00,0.6007059912444878
2367,2023-04-25 15:45:00,0.6007059912444878
2368,2023-04-25 16:00:00,0.6007059912444878
2369,2023-04-25 16:15:00,0.6007059912444878
2370,2023-04-25 16:30:00,0.6007059912444878
2371,2023-04-25 16:45:00,0.6007059912444878
2372,2023-04-25 17:00:00,0.6007059912444878
2373,2023-04-25 17:15:00,0.6007059912444878
2374,2023-04-25 17:30:00,0.6007059912444878
2375,2023-04-25 17:45:00,0.6007059912444878
2376,2023-04-25 18:00:00,0.6007059912444878
2377,2023-04-25 18:15:00,0.6007059912444878
2378,2023-04-25 18:30:00,0.6007059912444878
2379,2023-04-25 18:45:00,0.6007059912444878
2380,2023-04-25 19:00:00,0.6007059912444878
2381,2023-04-25 19:15:00,0.6007059912444878
2382,2023-04-25 19:30:00,0.6007059912444878
2383,2023-04-25 19:45:00,0.6007059912444878
2384,2023-04-25 20:00:00,0.6007059912444878
2385,2023-04-25 20:15:00,0.6007059912444878
2386,2023-04-25 20:30:00,0.6007059912444878
2387,2023-04-25 20:45:00,0.6007059912444878
2388,2023-04-25 21:00:00,0.6007059912444878
2389,2023-04-25 21:15:00,0.6007059912444878
2390,2023-04-25 21:30:00,0.6007059912444878
2391,2023-04-25 21:45:00,0.6007059912444878
2392,2023-04-25 22:00:00,0.6007059912444878
2393,2023-04-25 22:15:00,0.6007059912444878
2394,2023-04-25 22:30:00,0.6007059912444878
2395,2023-04-25 22:45:00,0.6007059912444878
2396,2023-04-25 23:00:00,0.6007059912444878
2397,2023-04-25 23:15:00,0.6007059912444878
2398,2023-04-25 23:30:00,0.6007059912444878
2399,2023-04-25 23:45:00,0.6007059912444878
2400,2023-04-26 00:00:00,0.6007059912444878
2401,2023-04-26 00:15:00,0.6007059912444878
2402,2023-04-26 00:30:00,0.6007059912444878
2403,2023-04-26 00:45:00,0.6007059912444878
2404,2023-04-26 01:00:00,0.6007059912444878
2405,2023-04-26 01:15:00,0.6007059912444878
2406,2023-04-26 01:30:00,0.6007059912444878
2407,2023-04-26 01:45:00,0.6007059912444878
2408,2023-04-26 02:00:00,0.6007059912444878
2409,2023-04-26 02:15:00,0.6007059912444878
2410,2023-04-26 02:30:00,0.6007059912444878
2411,2023-04-26 02:45:00,0.6007059912444878
2412,2023-04-26 03:00:00,0.6007059912444878
2413,2023-04-26 03:15:00,0.6007059912444878
2414,2023-04-26 03:30:00,0.6007059912444878
2415,2023-04-26 03:45:00,0.6007059912444878
2416,2023-04-26 04:00:00,0.6007059912444878
2417,2023-04-26 04:15:00,0.6007059912444878
2418,2023-04-26 04:30:00,0.6007059912444878
2419,2023-04-26 04:45:00,0.6007059912444878
2420,2023-04-26 05:00:00,0.6007059912444878
2421,2023-04-26 05:15:00,0.6007059912444878
2422,2023-04-26 05:30:00,0.6007059912444878
2423,2023-04-26 05:45:00,0.6007059912444878
2424,2023-04-26 06:00:00,0.6007059912444878
2425,2023-04-26 06:15:00,0.6007059912444878
2426,2023-04-26 06:30:00,0.6007059912444878
2427,2023-04-26 06:45:00,0.6007059912444878
2428,2023-04-26 07:00:00,0.6007059912444878
2429,2023-04-26 07:15:00,0.60786892
2430,2023-04-26 07:30:00,0.6173702200000001
2431,2023-04-26 07:45:00,0.62933648
2432,2023-04-26 08:00:00,0.62933648
2433,2023-04-26 08:15:00,0.62933648
2434,2023-04-26 08:30:00,0.62933648
2435,2023-04-26 08:45:00,0.6515029800000001
2436,2023-04-26 09:00:00,0.6754640399999999
2437,2023-04-26 09:15:00,0.70174524
2438,2023-04-26 09:30:00,0.70174524
2439,2023-04-26 09:45:00,0.73271568
2440,2023-04-26 10:00:00,0.73271568
2441,2023-04-26 10:15:00,0.7666222399999999
2442,2023-04-26 10:30:00,0.7666222399999999
2443,2023-04-26 10:45:00,0.7666222399999999
2444,2023-04-26 11:00:00,0.7666222399999999
2445,2023-04-26 11:15:00,0.7987415400000001
2446,2023-04-26 11:30:00,0.7987415400000001
2447,2023-04-26 11:45:00,0.7987415400000001
2448,2023-04-26 12:00:00,0.7987415400000001
2449,2023-04-26 12:15:00,0.7987415400000001
2450,2023-04-26 12:30:00,0.7987415400000001
2451,2023-04-26 12:45:00,0.8394980599999999
2452,2023-04-26 13:00:00,0.87962764
2453,2023-04-26 13:15:00,0.9170288999999999
2454,2023-04-26 13:30:00,0.9170288999999999
2455,2023-04-26 13:45:00,0.9537407
2456,2023-04-26 14:00:00,0.9537407
2457,2023-04-26 14:15:00,0.9537407
2458,2023-04-26 14:30:00,0.9537407
2459,2023-04-26 14:45:00,0.9867205800000001
2460,2023-04-26 15:00:00,0.9867205800000001
2461,2023-04-26 15:15:00,0.9867205800000001
2462,2023-04-26 15:30:00,0.9867205800000001
2463,2023-04-26 15:45:00,0.9867205800000001
2464,2023-04-26 16:00:00,0.9867205800000001
2465,2023-04-26 16:15:00,0.9867205800000001
2466,2023-04-26 16:30:00,0.9867205800000001
2467,2023-04-26 16:45:00,0.9867205800000001
2468,2023-04-26 17:00:00,0.9867205800000001
2469,2023-04-26 17:15:00,0.9867205800000001
2470,2023-04-26 17:30:00,0.9867205800000001
2471,2023-04-26 17:45:00,0.9867205800000001
2472,2023-04-26 18:00:00,0.9867205800000001
2473,2023-04-26 18:15:00,0.9867205800000001
2474,2023-04-26 18:30:00,0.9867205800000001
2475,2023-04-26 18:45:00,0.9867205800000001
2476,2023-04-26 19:00:00,0.9867205800000001
2477,2023-04-26 19:15:00,0.9867205800000001
2478,2023-04-26 19:30:00,0.9867205800000001
2479,2023-04-26 19:45:00,0.9867205800000001
2480,2023-04-26 20:00:00,0.9867205800000001
2481,2023-04-26 20:15:00,0.9867205800000001
2482,2023-04-26 20:30:00,0.9867205800000001
2483,2023-04-26 20:45:00,0.9867205800000001
2484,2023-04-26 21:00:00,0.9867205800000001
2485,2023-04-26 21:15:00,0.9867205800000001
2486,2023-04-26 21:30:00,0.9867205800000001
2487,2023-04-26 21:45:00,0.9867205800000001
2488,2023-04-26 22:00:00,0.9867205800000001
2489,2023-04-26 22:15:00,0.9867205800000001
2490,2023-04-26 22:30:00,0.9867205800000001
2491,2023-04-26 22:45:00,0.9867205800000001
2492,2023-04-26 23:00:00,0.9867205800000001
2493,2023-04-26 23:15:00,0.9867205800000001
2494,2023-04-26 23:30:00,0.9867205800000001
2495,2023-04-26 23:45:00,0.9867205800000001
2496,2023-04-27 00:00:00,0.9867205800000001
2497,2023-04-27 00:15:00,0.9867205800000001
2498,2023-04-27 00:30:00,0.9867205800000001
2499,2023-04-27 00:45:00,0.9867205800000001
2500,2023-04-27 01:00:00,0.9867205800000001
2501,2023-04-27 01:15:00,0.9867205800000001
2502,2023-04-27 01:30:00,0.9867205800000001
2503,2023-04-27 01:45:00,0.9867205800000001
2504,2023-04-27 02:00:00,0.9867205800000001
2505,2023-04-27 02:15:00,0.9867205800000001
2506,2023-04-27 02:30:00,0.9867205800000001
2507,2023-04-27 02:45:00,0.9867205800000001
2508,2023-04-27 03:00:00,0.9867205800000001
2509,2023-04-27 03:15:00,0.9867205800000001
2510,2023-04-27 03:30:00,0.9867205800000001
2511,2023-04-27 03:45:00,0.9867205800000001
2512,2023-04-27 04:00:00,0.9867205800000001
2513,2023-04-27 04:15:00,0.9867205800000001
2514,2023-04-27 04:30:00,0.9867205800000001
2515,2023-04-27 04:45:00,0.9867205800000001
2516,2023-04-27 05:00:00,0.9867205800000001
2517,2023-04-27 05:15:00,0.9867205800000001
2518,2023-04-27 05:30:00,0.9867205800000001
2519,2023-04-27 05:45:00,0.9867205800000001
2520,2023-04-27 06:00:00,0.9867205800000001
2521,2023-04-27 06:15:00,0.9867205800000001
2522,2023-04-27 06:30:00,0.9867205800000001
2523,2023-04-27 06:45:00,0.9867205800000001
2524,2023-04-27 07:00:00,0.98806118
2525,2023-04-27 07:15:00,0.98806118
2526,2023-04-27 07:30:00,0.98806118
2527,2023-04-27 07:45:00,1.0
2528,2023-04-27 08:00:00,0.9972581154791544
2529,2023-04-27 08:15:00,0.9945162309583088
2530,2023-04-27 08:30:00,0.9917743464374632
2531,2023-04-27 08:45:00,0.9890324619166175
2532,2023-04-27 09:00:00,0.986290577395772
2533,2023-04-27 09:15:00,0.9835486928749263
2534,2023-04-27 09:30:00,0.9808068083540807
2535,2023-04-27 09:45:00,0.9780649238332351
2536,2023-04-27 10:00:00,0.9753230393123895
2537,2023-04-27 10:15:00,0.9725811547915438
2538,2023-04-27 10:30:00,0.9698392702706983
2539,2023-04-27 10:45:00,0.9670973857498526
2540,2023-04-27 11:00:00,0.964355501229007
2541,2023-04-27 11:15:00,0.9616136167081614
2542,2023-04-27 11:30:00,0.9588717321873158
2543,2023-04-27 11:45:00,0.9561298476664701
2544,2023-04-27 12:00:00,0.9533879631456246
2545,2023-04-27 12:15:00,0.950646078624779
2546,2023-04-27 12:30:00,0.9479041941039333
2547,2023-04-27 12:45:00,0.9451623095830878
2548,2023-04-27 13:00:00,0.9424204250622421
2549,2023-04-27 13:15:00,0.9396785405413965
2550,2023-04-27 13:30:00,0.9369366560205509
2551,2023-04-27 13:45:00,0.9341947714997053
2552,2023-04-27 14:00:00,0.9314528869788596
2553,2023-04-27 14:15:00,0.9287110024580141
2554,2023-04-27 14:30:00,0.9259691179371684
2555,2023-04-27 14:45:00,0.9232272334163228
2556,2023-04-27 15:00:00,0.9204853488954772
2557,2023-04-27 15:15:00,0.9177434643746316
2558,2023-04-27 15:30:00,0.915001579853786
2559,2023-04-27 15:45:00,0.9122596953329404
2560,2023-04-27 16:00:00,0.93468816
2561,2023-04-27 16:15:00,0.93632094
2562,2023-04-27 16:30:00,0.93632094
2563,2023-04-27 16:45:00,0.93632094
2564,2023-04-27 17:00:00,0.93632094
2565,2023-04-27 17:15:00,0.93632094
2566,2023-04-27 17:30:00,0.93632094
2567,2023-04-27 17:45:00,0.93632094
2568,2023-04-27 18:00:00,0.93632094
2569,2023-04-27 18:15:00,0.93632094
2570,2023-04-27 18:30:00,0.93632094
2571,2023-04-27 18:45:00,0.93632094
2572,2023-04-27 19:00:00,0.93632094
2573,2023-04-27 19:15:00,0.93632094
2574,2023-04-27 19:30:00,0.93632094
2575,2023-04-27 19:45:00,0.93632094
2576,2023-04-27 20:00:00,0.93632094
2577,2023-04-27 20:15:00,0.93632094
2578,2023-04-27 20:30:00,0.93632094
2579,2023-04-27 20:45:00,0.93632094
2580,2023-04-27 21:00:00,0.93632094
2581,2023-04-27 21:15:00,0.93632094
2582,2023-04-27 21:30:00,0.93632094
2583,2023-04-27 21:45:00,0.93632094
2584,2023-04-27 22:00:00,0.93632094
2585,2023-04-27 22:15:00,0.93632094
2586,2023-04-27 22:30:00,0.93632094
2587,2023-04-27 22:45:00,0.93632094
2588,2023-04-27 23:00:00,0.93632094
2589,2023-04-27 23:15:00,0.93632094
2590,2023-04-27 23:30:00,0.93632094
2591,2023-04-27 23:45:00,0.93632094
2592,2023-04-28 00:00:00,0.93632094
2593,2023-04-28 00:15:00,0.93632094
2594,2023-04-28 00:30:00,0.93632094
2595,2023-04-28 00:45:00,0.93632094
2596,2023-04-28 01:00:00,0.93632094
2597,2023-04-28 01:15:00,0.93632094
2598,2023-04-28 01:30:00,0.93632094
2599,2023-04-28 01:45:00,0.93632094
2600,2023-04-28 02:00:00,0.93632094
2601,2023-04-28 02:15:00,0.93632094
2602,2023-04-28 02:30:00,0.93632094
2603,2023-04-28 02:45:00,0.93632094
2604,2023-04-28 03:00:00,0.93632094
2605,2023-04-28 03:15:00,0.93632094
2606,2023-04-28 03:30:00,0.93632094
2607,2023-04-28 03:45:00,0.93632094
2608,2023-04-28 04:00:00,0.93632094
2609,2023-04-28 04:15:00,0.93632094
2610,2023-04-28 04:30:00,0.93632094
2611,2023-04-28 04:45:00,0.93632094
2612,2023-04-28 05:00:00,0.93632094
2613,2023-04-28 05:15:00,0.93632094
2614,2023-04-28 05:30:00,0.93632094
2615,2023-04-28 05:45:00,0.93632094
2616,2023-04-28 06:00:00,0.93632094
2617,2023-04-28 06:15:00,0.93676676
2618,2023-04-28 06:30:00,0.93854662
2619,2023-04-28 06:45:00,0.93879308
2620,2023-04-28 07:00:00,0.94051744
2621,2023-04-28 07:15:00,0.9476933
2622,2023-04-28 07:30:00,0.9572718
2623,2023-04-28 07:45:00,0.9691907999999999
2624,2023-04-28 08:00:00,0.98262812
2625,2023-04-28 08:15:00,1.0
2626,2023-04-28 08:30:00,0.9952554608580714
2627,2023-04-28 08:45:00,0.9905109217161427
2628,2023-04-28 09:00:00,0.9857663825742141
2629,2023-04-28 09:15:00,0.9810218434322855
2630,2023-04-28 09:30:00,0.9762773042903569
2631,2023-04-28 09:45:00,0.9715327651484282
2632,2023-04-28 10:00:00,0.9667882260064996
2633,2023-04-28 10:15:00,0.962043686864571
2634,2023-04-28 10:30:00,0.9572991477226422
2635,2023-04-28 10:45:00,0.9525546085807136
2636,2023-04-28 11:00:00,0.947810069438785
2637,2023-04-28 11:15:00,0.9430655302968564
2638,2023-04-28 11:30:00,0.9383209911549277
2639,2023-04-28 11:45:00,0.9335764520129991
2640,2023-04-28 12:00:00,0.9288319128710705
2641,2023-04-28 12:15:00,0.9240873737291418
2642,2023-04-28 12:30:00,0.9193428345872132
2643,2023-04-28 12:45:00,0.9145982954452846
2644,2023-04-28 13:00:00,0.909853756303356
2645,2023-04-28 13:15:00,0.9051092171614273
2646,2023-04-28 13:30:00,0.9003646780194987
2647,2023-04-28 13:45:00,0.8956201388775701
2648,2023-04-28 14:00:00,0.8908755997356415
2649,2023-04-28 14:15:00,0.8861310605937127
2650,2023-04-28 14:30:00,0.8813865214517842
2651,2023-04-28 14:45:00,0.8766419823098555
2652,2023-04-28 15:00:00,0.8718974431679268
2653,2023-04-28 15:15:00,0.8671529040259982
2654,2023-04-28 15:30:00,0.8624083648840696
2655,2023-04-28 15:45:00,0.857663825742141
2656,2023-04-28 16:00:00,0.8529192866002123
2657,2023-04-28 16:15:00,0.8481747474582837
2658,2023-04-28 16:30:00,0.8659794
2659,2023-04-28 16:45:00,0.8802107800000001
2660,2023-04-28 17:00:00,0.8805092999999999
2661,2023-04-28 17:15:00,0.8805092999999999
2662,2023-04-28 17:30:00,0.8805092999999999
2663,2023-04-28 17:45:00,0.8805092999999999
2664,2023-04-28 18:00:00,0.8805092999999999
2665,2023-04-28 18:15:00,0.8805092999999999
2666,2023-04-28 18:30:00,0.8805092999999999
2667,2023-04-28 18:45:00,0.8805092999999999
2668,2023-04-28 19:00:00,0.8805092999999999
2669,2023-04-28 19:15:00,0.8805092999999999
2670,2023-04-28 19:30:00,0.8805092999999999
2671,2023-04-28 19:45:00,0.8805092999999999
2672,2023-04-28 20:00:00,0.8805092999999999
2673,2023-04-28 20:15:00,0.8805092999999999
2674,2023-04-28 20:30:00,0.8805092999999999
2675,2023-04-28 20:45:00,0.8805092999999999
2676,2023-04-28 21:00:00,0.8805092999999999
2677,2023-04-28 21:15:00,0.8805092999999999
2678,2023-04-28 21:30:00,0.8805092999999999
2679,2023-04-28 21:45:00,0.8805092999999999
2680,2023-04-28 22:00:00,0.8805092999999999
2681,2023-04-28 22:15:00,0.8805092999999999
2682,2023-04-28 22:30:00,0.8805092999999999
2683,2023-04-28 22:45:00,0.8805092999999999
2684,2023-04-28 23:00:00,0.8805092999999999
2685,2023-04-28 23:15:00,0.8805092999999999
2686,2023-04-28 23:30:00,0.8805092999999999
2687,2023-04-28 23:45:00,0.8805092999999999
2688,2023-04-29 00:00:00,0.8805092999999999
2689,2023-04-29 00:15:00,0.8805092999999999
2690,2023-04-29 00:30:00,0.8805092999999999
2691,2023-04-29 00:45:00,0.8805092999999999
2692,2023-04-29 01:00:00,0.8805092999999999
2693,2023-04-29 01:15:00,0.8805092999999999
2694,2023-04-29 01:30:00,0.8805092999999999
2695,2023-04-29 01:45:00,0.8805092999999999
2696,2023-04-29 02:00:00,0.8805092999999999
2697,2023-04-29 02:15:00,0.8805092999999999
2698,2023-04-29 02:30:00,0.8805092999999999
2699,2023-04-29 02:45:00,0.8805092999999999
2700,2023-04-29 03:00:00,0.8805092999999999
2701,2023-04-29 03:15:00,0.8805092999999999
2702,2023-04-29 03:30:00,0.8805092999999999
2703,2023-04-29 03:45:00,0.8805092999999999
2704,2023-04-29 04:00:00,0.8805092999999999
2705,2023-04-29 04:15:00,0.8805092999999999
2706,2023-04-29 04:30:00,0.8805092999999999
2707,2023-04-29 04:45:00,0.8805092999999999
2708,2023-04-29 05:00:00,0.8805092999999999
2709,2023-04-29 05:15:00,0.8805092999999999
2710,2023-04-29 05:30:00,0.8805092999999999
2711,2023-04-29 05:45:00,0.8805092999999999
2712,2023-04-29 06:00:00,0.8805092999999999
2713,2023-04-29 06:15:00,0.8805092999999999
2714,2023-04-29 06:30:00,0.88149176
2715,2023-04-29 06:45:00,0.88350538
2716,2023-04-29 07:00:00,0.88350538
2717,2023-04-29 07:15:00,0.8888282599999999
2718,2023-04-29 07:30:00,0.89766976
2719,2023-04-29 07:45:00,0.90906474
2720,2023-04-29 08:00:00,0.9224178399999999
2721,2023-04-29 08:15:00,0.9387727800000001
2722,2023-04-29 08:30:00,0.95629986
2723,2023-04-29 08:45:00,0.9764183599999999
2724,2023-04-29 09:00:00,1.0
2725,2023-04-29 09:15:00,0.9938724571428571
2726,2023-04-29 09:30:00,0.9877449142857143
2727,2023-04-29 09:45:00,0.9816173714285714
2728,2023-04-29 10:00:00,0.9754898285714286
2729,2023-04-29 10:15:00,0.9693622857142857
2730,2023-04-29 10:30:00,0.9632347428571428
2731,2023-04-29 10:45:00,0.9571072
2732,2023-04-29 11:00:00,0.9509796571428571
2733,2023-04-29 11:15:00,0.9448521142857143
2734,2023-04-29 11:30:00,0.9387245714285715
2735,2023-04-29 11:45:00,0.9325970285714286
2736,2023-04-29 12:00:00,0.9264694857142857
2737,2023-04-29 12:15:00,0.9203419428571429
2738,2023-04-29 12:30:00,0.9142144
2739,2023-04-29 12:45:00,0.9080868571428572
2740,2023-04-29 13:00:00,0.9019593142857143
2741,2023-04-29 13:15:00,0.8958317714285714
2742,2023-04-29 13:30:00,0.8897042285714286
2743,2023-04-29 13:45:00,0.8835766857142857
2744,2023-04-29 14:00:00,0.8774491428571429
2745,2023-04-29 14:15:00,0.8713216
2746,2023-04-29 14:30:00,0.8651940571428571
2747,2023-04-29 14:45:00,0.8590665142857143
2748,2023-04-29 15:00:00,0.8529389714285714
2749,2023-04-29 15:15:00,0.8468114285714285
2750,2023-04-29 15:30:00,0.8406838857142858
2751,2023-04-29 15:45:00,0.8345563428571429
2752,2023-04-29 16:00:00,0.8284288
2753,2023-04-29 16:15:00,0.8223012571428572
2754,2023-04-29 16:30:00,0.8161737142857143
2755,2023-04-29 16:45:00,0.8100461714285714
2756,2023-04-29 17:00:00,0.8039186285714286
2757,2023-04-29 17:15:00,0.7977910857142858
2758,2023-04-29 17:30:00,0.7916635428571429
2759,2023-04-29 17:45:00,0.785536
2760,2023-04-29 18:00:00,0.7897333799999999
2761,2023-04-29 18:15:00,0.7897587
2762,2023-04-29 18:30:00,0.7897587
2763,2023-04-29 18:45:00,0.7897587
2764,2023-04-29 19:00:00,0.7897587
2765,2023-04-29 19:15:00,0.7897587
2766,2023-04-29 19:30:00,0.7897587
2767,2023-04-29 19:45:00,0.7897587
2768,2023-04-29 20:00:00,0.7897587
2769,2023-04-29 20:15:00,0.7897587
2770,2023-04-29 20:30:00,0.7897587
2771,2023-04-29 20:45:00,0.7897587
2772,2023-04-29 21:00:00,0.7897587
2773,2023-04-29 21:15:00,0.7897587
2774,2023-04-29 21:30:00,0.7897587
2775,2023-04-29 21:45:00,0.7897587
2776,2023-04-29 22:00:00,0.7897587
2777,2023-04-29 22:15:00,0.7897587
2778,2023-04-29 22:30:00,0.7897587
2779,2023-04-29 22:45:00,0.7897587
2780,2023-04-29 23:00:00,0.7897587
2781,2023-04-29 23:15:00,0.7897587
2782,2023-04-29 23:30:00,0.7897587
2783,2023-04-29 23:45:00,0.7897587
2784,2023-04-30 00:00:00,0.7897587
2785,2023-04-30 00:15:00,0.7897587
2786,2023-04-30 00:30:00,0.7897587
2787,2023-04-30 00:45:00,0.7897587
2788,2023-04-30 01:00:00,0.7897587
2789,2023-04-30 01:15:00,0.7897587
2790,2023-04-30 01:30:00,0.7897587
2791,2023-04-30 01:45:00,0.7897587
2792,2023-04-30 02:00:00,0.7897587
2793,2023-04-30 02:15:00,0.7897587
2794,2023-04-30 02:30:00,0.7897587
2795,2023-04-30 02:45:00,0.7897587
2796,2023-04-30 03:00:00,0.7897587
2797,2023-04-30 03:15:00,0.7897587
2798,2023-04-30 03:30:00,0.7897587
2799,2023-04-30 03:45:00,0.7897587
2800,2023-04-30 04:00:00,0.7897587
2801,2023-04-30 04:15:00,0.7897587
2802,2023-04-30 04:30:00,0.7897587
2803,2023-04-30 04:45:00,0.7897587
2804,2023-04-30 05:00:00,0.7897587
2805,2023-04-30 05:15:00,0.7897587
2806,2023-04-30 05:30:00,0.7897587
2807,2023-04-30 05:45:00,0.7897587
2808,2023-04-30 06:00:00,0.7897587
2809,2023-04-30 06:15:00,0.7897587
2810,2023-04-30 06:30:00,0.7897587
2811,2023-04-30 06:45:00,0.79093026
2812,2023-04-30 07:00:00,0.79093026
2813,2023-04-30 07:15:00,0.79093026
2814,2023-04-30 07:30:00,0.7923414200000001
2815,2023-04-30 07:45:00,0.7956469800000001
2816,2023-04-30 08:00:00,0.8
2817,2023-04-30 08:15:00,0.8104072600000001
2818,2023-04-30 08:30:00,0.8047644685180625
2819,2023-04-30 08:45:00,0.7991216770361249
2820,2023-04-30 09:00:00,0.7934788855541872
2821,2023-04-30 09:15:00,0.7878360940722496
2822,2023-04-30 09:30:00,0.7821933025903121
2823,2023-04-30 09:45:00,0.7765505111083745
2824,2023-04-30 10:00:00,0.7709077196264369
2825,2023-04-30 10:15:00,0.7652649281444992
2826,2023-04-30 10:30:00,0.7596221366625616
2827,2023-04-30 10:45:00,0.753979345180624
2828,2023-04-30 11:00:00,0.7483365536986865
2829,2023-04-30 11:15:00,0.7426937622167489
2830,2023-04-30 11:30:00,0.7370509707348112
2831,2023-04-30 11:45:00,0.7314081792528736
2832,2023-04-30 12:00:00,0.725765387770936
2833,2023-04-30 12:15:00,0.7201225962889984
2834,2023-04-30 12:30:00,0.7144798048070609
2835,2023-04-30 12:45:00,0.7088370133251232
2836,2023-04-30 13:00:00,0.7031942218431856
2837,2023-04-30 13:15:00,0.697551430361248
2838,2023-04-30 13:30:00,0.6919086388793104
2839,2023-04-30 13:45:00,0.6862658473973728
2840,2023-04-30 14:00:00,0.6806230559154351
2841,2023-04-30 14:15:00,0.6749802644334976
2842,2023-04-30 14:30:00,0.66933747295156
2843,2023-04-30 14:45:00,0.6636946814696224
2844,2023-04-30 15:00:00,0.6580518899876848
2845,2023-04-30 15:15:00,0.6524090985057471
2846,2023-04-30 15:30:00,0.6467663070238096
2847,2023-04-30 15:45:00,0.641123515541872
2848,2023-04-30 16:00:00,0.6354807240599344
2849,2023-04-30 16:15:00,0.6547835399999999
2850,2023-04-30 16:30:00,0.6721936599999999
2851,2023-04-30 16:45:00,0.6865616400000001
2852,2023-04-30 17:00:00,0.6974562799999999
2853,2023-04-30 17:15:00,0.7044554599999999
2854,2023-04-30 17:30:00,0.70832474
2855,2023-04-30 17:45:00,0.71071294
2856,2023-04-30 18:00:00,0.7131569600000001
2857,2023-04-30 18:15:00,0.7153733
2858,2023-04-30 18:30:00,0.7154954600000001
2859,2023-04-30 18:45:00,0.7154954600000001
2860,2023-04-30 19:00:00,0.7154954600000001
2861,2023-04-30 19:15:00,0.7154954600000001
2862,2023-04-30 19:30:00,0.7154954600000001
2863,2023-04-30 19:45:00,0.7154954600000001
2864,2023-04-30 20:00:00,0.7154954600000001
2865,2023-04-30 20:15:00,0.7154954600000001
2866,2023-04-30 20:30:00,0.7154954600000001
2867,2023-04-30 20:45:00,0.7154954600000001
2868,2023-04-30 21:00:00,0.7154954600000001
2869,2023-04-30 21:15:00,0.7154954600000001
2870,2023-04-30 21:30:00,0.7154954600000001
2871,2023-04-30 21:45:00,0.7154954600000001
2872,2023-04-30 22:00:00,0.7154954600000001
2873,2023-04-30 22:15:00,0.7154954600000001
2874,2023-04-30 22:30:00,0.7154954600000001
2875,2023-04-30 22:45:00,0.7154954600000001
2876,2023-04-30 23:00:00,0.7154954600000001
2877,2023-04-30 23:15:00,0.7154954600000001
2878,2023-04-30 23:30:00,0.7154954600000001
2879,2023-04-30 23:45:00,0.7154954600000001
2880,2023-05-01 00:00:00,0.7154954600000001
2881,2023-05-01 00:15:00,0.7154954600000001
2882,2023-05-01 00:30:00,0.7154954600000001
2883,2023-05-01 00:45:00,0.7154954600000001
2884,2023-05-01 01:00:00,0.7154954600000001
2885,2023-05-01 01:15:00,0.7154954600000001
2886,2023-05-01 01:30:00,0.7154954600000001
2887,2023-05-01 01:45:00,0.7154954600000001
2888,2023-05-01 02:00:00,0.7154954600000001
2889,2023-05-01 02:15:00,0.7154954600000001
2890,2023-05-01 02:30:00,0.7154954600000001
2891,2023-05-01 02:45:00,0.7154954600000001
2892,2023-05-01 03:00:00,0.7154954600000001
2893,2023-05-01 03:15:00,0.7154954600000001
2894,2023-05-01 03:30:00,0.7154954600000001
2895,2023-05-01 03:45:00,0.7154954600000001
2896,2023-05-01 04:00:00,0.7154954600000001
2897,2023-05-01 04:15:00,0.7154954600000001
2898,2023-05-01 04:30:00,0.7154954600000001
2899,2023-05-01 04:45:00,0.7154954600000001
2900,2023-05-01 05:00:00,0.7154954600000001
2901,2023-05-01 05:15:00,0.7154954600000001
2902,2023-05-01 05:30:00,0.7154954600000001
2903,2023-05-01 05:45:00,0.7154954600000001
2904,2023-05-01 06:00:00,0.7157970400000001
2905,2023-05-01 06:15:00,0.71745762
2906,2023-05-01 06:30:00,0.7431756
2907,2023-05-01 06:45:00,0.77051498
2908,2023-05-01 07:00:00,0.8
2909,2023-05-01 07:15:00,0.8086134
2910,2023-05-01 07:30:00,0.8037342943413619
2911,2023-05-01 07:45:00,0.7988551886827236
2912,2023-05-01 08:00:00,0.7939760830240855
2913,2023-05-01 08:15:00,0.7890969773654473
2914,2023-05-01 08:30:00,0.7842178717068091
2915,2023-05-01 08:45:00,0.7793387660481709
2916,2023-05-01 09:00:00,0.7744596603895327
2917,2023-05-01 09:15:00,0.7695805547308946
2918,2023-05-01 09:30:00,0.7647014490722563
2919,2023-05-01 09:45:00,0.7598223434136182
2920,2023-05-01 10:00:00,0.75494323775498
2921,2023-05-01 10:15:00,0.7500641320963418
2922,2023-05-01 10:30:00,0.7451850264377036
2923,2023-05-01 10:45:00,0.7403059207790654
2924,2023-05-01 11:00:00,0.7354268151204273
2925,2023-05-01 11:15:00,0.730547709461789
2926,2023-05-01 11:30:00,0.7256686038031509
2927,2023-05-01 11:45:00,0.7207894981445127
2928,2023-05-01 12:00:00,0.7159103924858745
2929,2023-05-01 12:15:00,0.7110312868272364
2930,2023-05-01 12:30:00,0.7061521811685981
2931,2023-05-01 12:45:00,0.70127307550996
2932,2023-05-01 13:00:00,0.6963939698513217
2933,2023-05-01 13:15:00,0.6915148641926836
2934,2023-05-01 13:30:00,0.6866357585340455
2935,2023-05-01 13:45:00,0.6817566528754072
2936,2023-05-01 14:00:00,0.676877547216769
2937,2023-05-01 14:15:00,0.6719984415581308
2938,2023-05-01 14:30:00,0.6671193358994927
2939,2023-05-01 14:45:00,0.6622402302408544
2940,2023-05-01 15:00:00,0.6573611245822163
2941,2023-05-01 15:15:00,0.652482018923578
2942,2023-05-01 15:30:00,0.6476029132649399
2943,2023-05-01 15:45:00,0.6737748
2944,2023-05-01 16:00:00,0.6960372800000001
2945,2023-05-01 16:15:00,0.7173799599999999
2946,2023-05-01 16:30:00,0.735389
2947,2023-05-01 16:45:00,0.74961382
2948,2023-05-01 17:00:00,0.7601328599999999
2949,2023-05-01 17:15:00,0.76682152
2950,2023-05-01 17:30:00,0.77048196
2951,2023-05-01 17:45:00,0.77253428
2952,2023-05-01 18:00:00,0.77432028
2953,2023-05-01 18:15:00,0.77584012
2954,2023-05-01 18:30:00,0.7768975
2955,2023-05-01 18:45:00,0.7772340400000001
2956,2023-05-01 19:00:00,0.7772340400000001
2957,2023-05-01 19:15:00,0.7772340400000001
2958,2023-05-01 19:30:00,0.7772340400000001
2959,2023-05-01 19:45:00,0.7772340400000001
2960,2023-05-01 20:00:00,0.7772340400000001
2961,2023-05-01 20:15:00,0.7772340400000001
2962,2023-05-01 20:30:00,0.7772340400000001
2963,2023-05-01 20:45:00,0.7772340400000001
2964,2023-05-01 21:00:00,0.7772340400000001
2965,2023-05-01 21:15:00,0.7772340400000001
2966,2023-05-01 21:30:00,0.7772340400000001
2967,2023-05-01 21:45:00,0.7772340400000001
2968,2023-05-01 22:00:00,0.7772340400000001
2969,2023-05-01 22:15:00,0.7772340400000001
2970,2023-05-01 22:30:00,0.7772340400000001
2971,2023-05-01 22:45:00,0.7772340400000001
2972,2023-05-01 23:00:00,0.7772340400000001
2973,2023-05-01 23:15:00,0.7772340400000001
2974,2023-05-01 23:30:00,0.7772340400000001
2975,2023-05-01 23:45:00,0.7772340400000001
2976,2023-05-02 00:00:00,0.7772340400000001
2977,2023-05-02 00:15:00,0.7772340400000001
2978,2023-05-02 00:30:00,0.7772340400000001
2979,2023-05-02 00:45:00,0.7772340400000001
2980,2023-05-02 01:00:00,0.7772340400000001
2981,2023-05-02 01:15:00,0.7772340400000001
2982,2023-05-02 01:30:00,0.7772340400000001
2983,2023-05-02 01:45:00,0.7772340400000001
2984,2023-05-02 02:00:00,0.7772340400000001
2985,2023-05-02 02:15:00,0.7772340400000001
2986,2023-05-02 02:30:00,0.7772340400000001
2987,2023-05-02 02:45:00,0.7772340400000001
2988,2023-05-02 03:00:00,0.7772340400000001
2989,2023-05-02 03:15:00,0.7772340400000001
2990,2023-05-02 03:30:00,0.7772340400000001
2991,2023-05-02 03:45:00,0.7772340400000001
2992,2023-05-02 04:00:00,0.7772340400000001
2993,2023-05-02 04:15:00,0.7772340400000001
2994,2023-05-02 04:30:00,0.7772340400000001
2995,2023-05-02 04:45:00,0.7772340400000001
2996,2023-05-02 05:00:00,0.7772340400000001
2997,2023-05-02 05:15:00,0.7772340400000001
2998,2023-05-02 05:30:00,0.7772340400000001
2999,2023-05-02 05:45:00,0.7772340400000001
3000,2023-05-02 06:00:00,0.77724904
3001,2023-05-02 06:15:00,0.77809424
3002,2023-05-02 06:30:00,0.7787272000000001
3003,2023-05-02 06:45:00,0.7797584999999999
3004,2023-05-02 07:00:00,0.7815896800000001
3005,2023-05-02 07:15:00,0.7889874
3006,2023-05-02 07:30:00,0.8
3007,2023-05-02 07:45:00,0.8
3008,2023-05-02 08:00:00,0.7967994114807168
3009,2023-05-02 08:15:00,0.7935988229614335
3010,2023-05-02 08:30:00,0.7903982344421503
3011,2023-05-02 08:45:00,0.787197645922867
3012,2023-05-02 09:00:00,0.7839970574035837
3013,2023-05-02 09:15:00,0.7807964688843004
3014,2023-05-02 09:30:00,0.7775958803650171
3015,2023-05-02 09:45:00,0.7743952918457339
3016,2023-05-02 10:00:00,0.7711947033264506
3017,2023-05-02 10:15:00,0.7679941148071674
3018,2023-05-02 10:30:00,0.7647935262878841
3019,2023-05-02 10:45:00,0.7615929377686008
3020,2023-05-02 11:00:00,0.7583923492493175
3021,2023-05-02 11:15:00,0.7551917607300342
3022,2023-05-02 11:30:00,0.7519911722107511
3023,2023-05-02 11:45:00,0.7487905836914678
3024,2023-05-02 12:00:00,0.7455899951721845
3025,2023-05-02 12:15:00,0.7423894066529012
3026,2023-05-02 12:30:00,0.7391888181336179
3027,2023-05-02 12:45:00,0.7359882296143346
3028,2023-05-02 13:00:00,0.7327876410950513
3029,2023-05-02 13:15:00,0.7295870525757682
3030,2023-05-02 13:30:00,0.7263864640564849
3031,2023-05-02 13:45:00,0.7231858755372016
3032,2023-05-02 14:00:00,0.7199852870179183
3033,2023-05-02 14:15:00,0.716784698498635
3034,2023-05-02 14:30:00,0.7135841099793518
3035,2023-05-02 14:45:00,0.7103835214600686
3036,2023-05-02 15:00:00,0.7071829329407853
3037,2023-05-02 15:15:00,0.703982344421502
3038,2023-05-02 15:30:00,0.7007817559022187
3039,2023-05-02 15:45:00,0.6975811673829354
3040,2023-05-02 16:00:00,0.6943805788636521
3041,2023-05-02 16:15:00,0.6911799903443689
3042,2023-05-02 16:30:00,0.6879794018250857
3043,2023-05-02 16:45:00,0.6847788133058024
3044,2023-05-02 17:00:00,0.6847788133058024
3045,2023-05-02 17:15:00,0.6847788133058024
3046,2023-05-02 17:30:00,0.6847788133058024
3047,2023-05-02 17:45:00,0.6847788133058024
3048,2023-05-02 18:00:00,0.6847788133058024
3049,2023-05-02 18:15:00,0.6847788133058024
3050,2023-05-02 18:30:00,0.6847788133058024
3051,2023-05-02 18:45:00,0.6847788133058024
3052,2023-05-02 19:00:00,0.6847788133058024
3053,2023-05-02 19:15:00,0.6847788133058024
3054,2023-05-02 19:30:00,0.6847788133058024
3055,2023-05-02 19:45:00,0.6847788133058024
3056,2023-05-02 20:00:00,0.6847788133058024
3057,2023-05-02 20:15:00,0.6847788133058024
3058,2023-05-02 20:30:00,0.6847788133058024
3059,2023-05-02 20:45:00,0.6847788133058024
3060,2023-05-02 21:00:00,0.6847788133058024
3061,2023-05-02 21:15:00,0.6847788133058024
3062,2023-05-02 21:30:00,0.6847788133058024
3063,2023-05-02 21:45:00,0.6847788133058024
3064,2023-05-02 22:00:00,0.6847788133058024
3065,2023-05-02 22:15:00,0.6847788133058024
3066,2023-05-02 22:30:00,0.6847788133058024
3067,2023-05-02 22:45:00,0.6847788133058024
3068,2023-05-02 23:00:00,0.6847788133058024
3069,2023-05-02 23:15:00,0.6847788133058024
3070,2023-05-02 23:30:00,0.6847788133058024
3071,2023-05-02 23:45:00,0.6847788133058024
3072,2023-05-03 00:00:00,0.6847788133058024
3073,2023-05-03 00:15:00,0.6847788133058024
3074,2023-05-03 00:30:00,0.6847788133058024
3075,2023-05-03 00:45:00,0.6847788133058024
3076,2023-05-03 01:00:00,0.6847788133058024
3077,2023-05-03 01:15:00,0.6847788133058024
3078,2023-05-03 01:30:00,0.6847788133058024
3079,2023-05-03 01:45:00,0.6847788133058024
3080,2023-05-03 02:00:00,0.6847788133058024
3081,2023-05-03 02:15:00,0.6847788133058024
3082,2023-05-03 02:30:00,0.6847788133058024
3083,2023-05-03 02:45:00,0.6847788133058024
3084,2023-05-03 03:00:00,0.6847788133058024
3085,2023-05-03 03:15:00,0.6847788133058024
3086,2023-05-03 03:30:00,0.6847788133058024
3087,2023-05-03 03:45:00,0.6847788133058024
3088,2023-05-03 04:00:00,0.6847788133058024
3089,2023-05-03 04:15:00,0.6847788133058024
3090,2023-05-03 04:30:00,0.6847788133058024
3091,2023-05-03 04:45:00,0.6847788133058024
3092,2023-05-03 05:00:00,0.6847788133058024
3093,2023-05-03 05:15:00,0.6847788133058024
3094,2023-05-03 05:30:00,0.6847788133058024
3095,2023-05-03 05:45:00,0.6847788133058024
3096,2023-05-03 06:00:00,0.6847788133058024
3097,2023-05-03 06:15:00,0.6847788133058024
3098,2023-05-03 06:30:00,0.6853722600000001
3099,2023-05-03 06:45:00,0.6873767
3100,2023-05-03 07:00:00,0.6917129
3101,2023-05-03 07:15:00,0.6917129
3102,2023-05-03 07:30:00,0.6967729199999999
3103,2023-05-03 07:45:00,0.6967729199999999
3104,2023-05-03 08:00:00,0.7090450199999999
3105,2023-05-03 08:15:00,0.72371144
3106,2023-05-03 08:30:00,0.7420413600000001
3107,2023-05-03 08:45:00,0.7628800200000001
3108,2023-05-03 09:00:00,0.7628800200000001
3109,2023-05-03 09:15:00,0.7628800200000001
3110,2023-05-03 09:30:00,0.78915452
3111,2023-05-03 09:45:00,0.81796338
3112,2023-05-03 10:00:00,0.81796338
3113,2023-05-03 10:15:00,0.8505664799999999
3114,2023-05-03 10:30:00,0.87286668
3115,2023-05-03 10:45:00,0.87286668
3116,2023-05-03 11:00:00,0.87286668
3117,2023-05-03 11:15:00,0.87286668
3118,2023-05-03 11:30:00,0.87286668
3119,2023-05-03 11:45:00,0.9118266800000001
3120,2023-05-03 12:00:00,0.9118266800000001
3121,2023-05-03 12:15:00,0.9118266800000001
3122,2023-05-03 12:30:00,0.93625498
3123,2023-05-03 12:45:00,0.9578158999999999
3124,2023-05-03 13:00:00,1.0
3125,2023-05-03 13:15:00,1.0
3126,2023-05-03 13:30:00,1.0
3127,2023-05-03 13:45:00,1.0
3128,2023-05-03 14:00:00,1.0
3129,2023-05-03 14:15:00,1.0
3130,2023-05-03 14:30:00,1.0
3131,2023-05-03 14:45:00,1.0
3132,2023-05-03 15:00:00,1.0
3133,2023-05-03 15:15:00,1.0
3134,2023-05-03 15:30:00,1.0
3135,2023-05-03 15:45:00,1.0
3136,2023-05-03 16:00:00,1.0
3137,2023-05-03 16:15:00,1.0
3138,2023-05-03 16:30:00,1.0
3139,2023-05-03 16:45:00,1.0
3140,2023-05-03 17:00:00,1.0
3141,2023-05-03 17:15:00,1.0
3142,2023-05-03 17:30:00,1.0
3143,2023-05-03 17:45:00,1.0
3144,2023-05-03 18:00:00,1.0
3145,2023-05-03 18:15:00,1.0
3146,2023-05-03 18:30:00,1.0
3147,2023-05-03 18:45:00,1.0
3148,2023-05-03 19:00:00,1.0
3149,2023-05-03 19:15:00,1.0
3150,2023-05-03 19:30:00,1.0
3151,2023-05-03 19:45:00,1.0
3152,2023-05-03 20:00:00,1.0
3153,2023-05-03 20:15:00,1.0
3154,2023-05-03 20:30:00,1.0
3155,2023-05-03 20:45:00,1.0
3156,2023-05-03 21:00:00,1.0
3157,2023-05-03 21:15:00,1.0
3158,2023-05-03 21:30:00,1.0
3159,2023-05-03 21:45:00,1.0
3160,2023-05-03 22:00:00,1.0
3161,2023-05-03 22:15:00,1.0
3162,2023-05-03 22:30:00,1.0
3163,2023-05-03 22:45:00,1.0
3164,2023-05-03 23:00:00,1.0
3165,2023-05-03 23:15:00,1.0
3166,2023-05-03 23:30:00,1.0
3167,2023-05-03 23:45:00,1.0
3168,2023-05-04 00:00:00,1.0
3169,2023-05-04 00:15:00,1.0
3170,2023-05-04 00:30:00,1.0
3171,2023-05-04 00:45:00,1.0
3172,2023-05-04 01:00:00,1.0
3173,2023-05-04 01:15:00,1.0
3174,2023-05-04 01:30:00,1.0
3175,2023-05-04 01:45:00,1.0
3176,2023-05-04 02:00:00,1.0
3177,2023-05-04 02:15:00,1.0
3178,2023-05-04 02:30:00,1.0
3179,2023-05-04 02:45:00,1.0
3180,2023-05-04 03:00:00,1.0
3181,2023-05-04 03:15:00,1.0
3182,2023-05-04 03:30:00,1.0
3183,2023-05-04 03:45:00,1.0
3184,2023-05-04 04:00:00,1.0
3185,2023-05-04 04:15:00,1.0
3186,2023-05-04 04:30:00,1.0
3187,2023-05-04 04:45:00,1.0
3188,2023-05-04 05:00:00,1.0
3189,2023-05-04 05:15:00,1.0
3190,2023-05-04 05:30:00,1.0
3191,2023-05-04 05:45:00,1.0
3192,2023-05-04 06:00:00,1.0
3193,2023-05-04 06:15:00,1.0
3194,2023-05-04 06:30:00,1.0
3195,2023-05-04 06:45:00,1.0
3196,2023-05-04 07:00:00,1.0
3197,2023-05-04 07:15:00,1.0
3198,2023-05-04 07:30:00,0.9972339241854062
3199,2023-05-04 07:45:00,0.9944678483708126
3200,2023-05-04 08:00:00,0.9917017725562189
3201,2023-05-04 08:15:00,0.9889356967416252
3202,2023-05-04 08:30:00,0.9861696209270314
3203,2023-05-04 08:45:00,0.9834035451124378
3204,2023-05-04 09:00:00,0.9806374692978441
3205,2023-05-04 09:15:00,0.9778713934832504
3206,2023-05-04 09:30:00,0.9751053176686566
3207,2023-05-04 09:45:00,0.972339241854063
3208,2023-05-04 10:00:00,0.9695731660394693
3209,2023-05-04 10:15:00,0.9668070902248755
3210,2023-05-04 10:30:00,0.9640410144102818
3211,2023-05-04 10:45:00,0.9612749385956881
3212,2023-05-04 11:00:00,0.9585088627810945
3213,2023-05-04 11:15:00,0.9557427869665007
3214,2023-05-04 11:30:00,0.952976711151907
3215,2023-05-04 11:45:00,0.9502106353373133
3216,2023-05-04 12:00:00,0.9474445595227197
3217,2023-05-04 12:15:00,0.9446784837081259
3218,2023-05-04 12:30:00,0.9419124078935321
3219,2023-05-04 12:45:00,0.9391463320789385
3220,2023-05-04 13:00:00,0.9363802562643448
3221,2023-05-04 13:15:00,0.9336141804497511
3222,2023-05-04 13:30:00,0.9308481046351573
3223,2023-05-04 13:45:00,0.9280820288205637
3224,2023-05-04 14:00:00,0.92531595300597
3225,2023-05-04 14:15:00,0.9225498771913763
3226,2023-05-04 14:30:00,0.9197838013767825
3227,2023-05-04 14:45:00,0.9170177255621889
3228,2023-05-04 15:00:00,0.9142516497475952
3229,2023-05-04 15:15:00,0.9114855739330014
3230,2023-05-04 15:30:00,0.91781294
3231,2023-05-04 15:45:00,0.92761174
3232,2023-05-04 16:00:00,0.93503658
3233,2023-05-04 16:15:00,0.9468519999999999
3234,2023-05-04 16:30:00,0.9588049399999999
3235,2023-05-04 16:45:00,0.9727332599999999
3236,2023-05-04 17:00:00,0.9803872800000001
3237,2023-05-04 17:15:00,0.9852946
3238,2023-05-04 17:30:00,0.9893895
3239,2023-05-04 17:45:00,0.9903322
3240,2023-05-04 18:00:00,0.9903322
3241,2023-05-04 18:15:00,0.9903322
3242,2023-05-04 18:30:00,0.9903322
3243,2023-05-04 18:45:00,0.9903322
3244,2023-05-04 19:00:00,0.9903322
3245,2023-05-04 19:15:00,0.9903322
3246,2023-05-04 19:30:00,0.9903322
3247,2023-05-04 19:45:00,0.9903322
3248,2023-05-04 20:00:00,0.9903322
3249,2023-05-04 20:15:00,0.9903322
3250,2023-05-04 20:30:00,0.9903322
3251,2023-05-04 20:45:00,0.9903322
3252,2023-05-04 21:00:00,0.9903322
3253,2023-05-04 21:15:00,0.9903322
3254,2023-05-04 21:30:00,0.9903322
3255,2023-05-04 21:45:00,0.9903322
3256,2023-05-04 22:00:00,0.9903322
3257,2023-05-04 22:15:00,0.9903322
3258,2023-05-04 22:30:00,0.9903322
3259,2023-05-04 22:45:00,0.9903322
3260,2023-05-04 23:00:00,0.9903322
3261,2023-05-04 23:15:00,0.9903322
3262,2023-05-04 23:30:00,0.9903322
3263,2023-05-04 23:45:00,0.9903322
3264,2023-05-05 00:00:00,0.9903322
3265,2023-05-05 00:15:00,0.9903322
3266,2023-05-05 00:30:00,0.9903322
3267,2023-05-05 00:45:00,0.9903322
3268,2023-05-05 01:00:00,0.9903322
3269,2023-05-05 01:15:00,0.9903322
3270,2023-05-05 01:30:00,0.9903322
3271,2023-05-05 01:45:00,0.9903322
3272,2023-05-05 02:00:00,0.9903322
3273,2023-05-05 02:15:00,0.9903322
3274,2023-05-05 02:30:00,0.9903322
3275,2023-05-05 02:45:00,0.9903322
3276,2023-05-05 03:00:00,0.9903322
3277,2023-05-05 03:15:00,0.9903322
3278,2023-05-05 03:30:00,0.9903322
3279,2023-05-05 03:45:00,0.9903322
3280,2023-05-05 04:00:00,0.9903322
3281,2023-05-05 04:15:00,0.9903322
3282,2023-05-05 04:30:00,0.9903322
3283,2023-05-05 04:45:00,0.9903322
3284,2023-05-05 05:00:00,0.9903322
3285,2023-05-05 05:15:00,0.9903322
3286,2023-05-05 05:30:00,0.9903322
3287,2023-05-05 05:45:00,0.9903322
3288,2023-05-05 06:00:00,0.9903322
3289,2023-05-05 06:15:00,0.99118746
3290,2023-05-05 06:30:00,0.99267278
3291,2023-05-05 06:45:00,0.99267278
3292,2023-05-05 07:00:00,0.99267278
3293,2023-05-05 07:15:00,0.99267278
3294,2023-05-05 07:30:00,0.99267278
3295,2023-05-05 07:45:00,0.99267278
3296,2023-05-05 08:00:00,0.99489664
3297,2023-05-05 08:15:00,1.0
3298,2023-05-05 08:30:00,0.993298
3299,2023-05-05 08:45:00,0.986596
3300,2023-05-05 09:00:00,0.979894
3301,2023-05-05 09:15:00,0.9731920000000001
3302,2023-05-05 09:30:00,0.96649
3303,2023-05-05 09:45:00,0.959788
3304,2023-05-05 10:00:00,0.953086
3305,2023-05-05 10:15:00,0.946384
3306,2023-05-05 10:30:00,0.939682
3307,2023-05-05 10:45:00,0.93298
3308,2023-05-05 11:00:00,0.926278
3309,2023-05-05 11:15:00,0.919576
3310,2023-05-05 11:30:00,0.912874
3311,2023-05-05 11:45:00,0.906172
3312,2023-05-05 12:00:00,0.89947
3313,2023-05-05 12:15:00,0.892768
3314,2023-05-05 12:30:00,0.886066
3315,2023-05-05 12:45:00,0.879364
3316,2023-05-05 13:00:00,0.872662
3317,2023-05-05 13:15:00,0.8659600000000001
3318,2023-05-05 13:30:00,0.8592580000000001
3319,2023-05-05 13:45:00,0.852556
3320,2023-05-05 14:00:00,0.845854
3321,2023-05-05 14:15:00,0.839152
3322,2023-05-05 14:30:00,0.83245
3323,2023-05-05 14:45:00,0.825748
3324,2023-05-05 15:00:00,0.8190459999999999
3325,2023-05-05 15:15:00,0.812344
3326,2023-05-05 15:30:00,0.805642
3327,2023-05-05 15:45:00,0.79894
3328,2023-05-05 16:00:00,0.792238
3329,2023-05-05 16:15:00,0.785536
3330,2023-05-05 16:30:00,0.8084684599999999
3331,2023-05-05 16:45:00,0.82460494
3332,2023-05-05 17:00:00,0.83636336
3333,2023-05-05 17:15:00,0.84360592
3334,2023-05-05 17:30:00,0.8482907799999999
3335,2023-05-05 17:45:00,0.85075716
3336,2023-05-05 18:00:00,0.85375682
3337,2023-05-05 18:15:00,0.8541376599999999
3338,2023-05-05 18:30:00,0.8541376599999999
3339,2023-05-05 18:45:00,0.8541376599999999
3340,2023-05-05 19:00:00,0.8541376599999999
3341,2023-05-05 19:15:00,0.8541376599999999
3342,2023-05-05 19:30:00,0.8541376599999999
3343,2023-05-05 19:45:00,0.8541376599999999
3344,2023-05-05 20:00:00,0.8541376599999999
3345,2023-05-05 20:15:00,0.8541376599999999
3346,2023-05-05 20:30:00,0.8541376599999999
3347,2023-05-05 20:45:00,0.8541376599999999
3348,2023-05-05 21:00:00,0.8541376599999999
3349,2023-05-05 21:15:00,0.8541376599999999
3350,2023-05-05 21:30:00,0.8541376599999999
3351,2023-05-05 21:45:00,0.8541376599999999
3352,2023-05-05 22:00:00,0.8541376599999999
3353,2023-05-05 22:15:00,0.8541376599999999
3354,2023-05-05 22:30:00,0.8541376599999999
3355,2023-05-05 22:45:00,0.8541376599999999
3356,2023-05-05 23:00:00,0.8541376599999999
3357,2023-05-05 23:15:00,0.8541376599999999
3358,2023-05-05 23:30:00,0.8541376599999999
3359,2023-05-05 23:45:00,0.8541376599999999
3360,2023-05-06 00:00:00,0.8541376599999999
3361,2023-05-06 00:15:00,0.8541376599999999
3362,2023-05-06 00:30:00,0.8541376599999999
3363,2023-05-06 00:45:00,0.8541376599999999
3364,2023-05-06 01:00:00,0.8541376599999999
3365,2023-05-06 01:15:00,0.8541376599999999
3366,2023-05-06 01:30:00,0.8541376599999999
3367,2023-05-06 01:45:00,0.8541376599999999
3368,2023-05-06 02:00:00,0.8541376599999999
3369,2023-05-06 02:15:00,0.8541376599999999
3370,2023-05-06 02:30:00,0.8541376599999999
3371,2023-05-06 02:45:00,0.8541376599999999
3372,2023-05-06 03:00:00,0.8541376599999999
3373,2023-05-06 03:15:00,0.8541376599999999
3374,2023-05-06 03:30:00,0.8541376599999999
3375,2023-05-06 03:45:00,0.8541376599999999
3376,2023-05-06 04:00:00,0.8541376599999999
3377,2023-05-06 04:15:00,0.8541376599999999
3378,2023-05-06 04:30:00,0.8541376599999999
3379,2023-05-06 04:45:00,0.8541376599999999
3380,2023-05-06 05:00:00,0.8541376599999999
3381,2023-05-06 05:15:00,0.8541376599999999
3382,2023-05-06 05:30:00,0.8541376599999999
3383,2023-05-06 05:45:00,0.8541376599999999
3384,2023-05-06 06:00:00,0.8541376599999999
3385,2023-05-06 06:15:00,0.8552519599999999
3386,2023-05-06 06:30:00,0.8577604999999999
3387,2023-05-06 06:45:00,0.8626183000000001
3388,2023-05-06 07:00:00,0.8638321000000001
3389,2023-05-06 07:15:00,0.87196094
3390,2023-05-06 07:30:00,0.8834556
3391,2023-05-06 07:45:00,0.8971537399999999
3392,2023-05-06 08:00:00,0.91344758
3393,2023-05-06 08:15:00,0.93158072
3394,2023-05-06 08:30:00,0.9520808599999999
3395,2023-05-06 08:45:00,0.9467603947551447
3396,2023-05-06 09:00:00,0.9414399295102895
3397,2023-05-06 09:15:00,0.9361194642654342
3398,2023-05-06 09:30:00,0.930798999020579
3399,2023-05-06 09:45:00,0.9254785337757239
3400,2023-05-06 10:00:00,0.9201580685308687
3401,2023-05-06 10:15:00,0.9148376032860135
3402,2023-05-06 10:30:00,0.9095171380411583
3403,2023-05-06 10:45:00,0.904196672796303
3404,2023-05-06 11:00:00,0.8988762075514478
3405,2023-05-06 11:15:00,0.8935557423065926
3406,2023-05-06 11:30:00,0.8882352770617374
3407,2023-05-06 11:45:00,0.8829148118168823
3408,2023-05-06 12:00:00,0.8775943465720271
3409,2023-05-06 12:15:00,0.8722738813271718
3410,2023-05-06 12:30:00,0.8669534160823166
3411,2023-05-06 12:45:00,0.8616329508374614
3412,2023-05-06 13:00:00,0.8563124855926062
3413,2023-05-06 13:15:00,0.850992020347751
3414,2023-05-06 13:30:00,0.8456715551028957
3415,2023-05-06 13:45:00,0.8403510898580405
3416,2023-05-06 14:00:00,0.8350306246131853
3417,2023-05-06 14:15:00,0.8297101593683301
3418,2023-05-06 14:30:00,0.824389694123475
3419,2023-05-06 14:45:00,0.8190692288786197
3420,2023-05-06 15:00:00,0.8137487636337645
3421,2023-05-06 15:15:00,0.8084282983889093
3422,2023-05-06 15:30:00,0.8031078331440541
3423,2023-05-06 15:45:00,0.7977873678991989
3424,2023-05-06 16:00:00,0.7924669026543436
3425,2023-05-06 16:15:00,0.7871464374094885
3426,2023-05-06 16:30:00,0.7818259721646332
3427,2023-05-06 16:45:00,0.776505506919778
3428,2023-05-06 17:00:00,0.78231302
3429,2023-05-06 17:15:00,0.78804656
3430,2023-05-06 17:30:00,0.7938816
3431,2023-05-06 17:45:00,0.80043458
3432,2023-05-06 18:00:00,0.8053834000000001
3433,2023-05-06 18:15:00,0.80631652
3434,2023-05-06 18:30:00,0.80631652
3435,2023-05-06 18:45:00,0.80631652
3436,2023-05-06 19:00:00,0.80631652
3437,2023-05-06 19:15:00,0.80631652
3438,2023-05-06 19:30:00,0.80631652
3439,2023-05-06 19:45:00,0.80631652
3440,2023-05-06 20:00:00,0.80631652
3441,2023-05-06 20:15:00,0.80631652
3442,2023-05-06 20:30:00,0.80631652
3443,2023-05-06 20:45:00,0.80631652
3444,2023-05-06 21:00:00,0.80631652
3445,2023-05-06 21:15:00,0.80631652
3446,2023-05-06 21:30:00,0.80631652
3447,2023-05-06 21:45:00,0.80631652
3448,2023-05-06 22:00:00,0.80631652
3449,2023-05-06 22:15:00,0.80631652
3450,2023-05-06 22:30:00,0.80631652
3451,2023-05-06 22:45:00,0.80631652
3452,2023-05-06 23:00:00,0.80631652
3453,2023-05-06 23:15:00,0.80631652
3454,2023-05-06 23:30:00,0.80631652
3455,2023-05-06 23:45:00,0.80631652
3456,2023-05-07 00:00:00,0.80631652
3457,2023-05-07 00:15:00,0.80631652
3458,2023-05-07 00:30:00,0.80631652
3459,2023-05-07 00:45:00,0.80631652
3460,2023-05-07 01:00:00,0.80631652
3461,2023-05-07 01:15:00,0.80631652
3462,2023-05-07 01:30:00,0.80631652
3463,2023-05-07 01:45:00,0.80631652
3464,2023-05-07 02:00:00,0.80631652
3465,2023-05-07 02:15:00,0.80631652
3466,2023-05-07 02:30:00,0.80631652
3467,2023-05-07 02:45:00,0.80631652
3468,2023-05-07 03:00:00,0.80631652
3469,2023-05-07 03:15:00,0.80631652
3470,2023-05-07 03:30:00,0.80631652
3471,2023-05-07 03:45:00,0.80631652
3472,2023-05-07 04:00:00,0.80631652
3473,2023-05-07 04:15:00,0.80631652
3474,2023-05-07 04:30:00,0.80631652
3475,2023-05-07 04:45:00,0.80631652
3476,2023-05-07 05:00:00,0.80631652
3477,2023-05-07 05:15:00,0.80631652
3478,2023-05-07 05:30:00,0.80631652
3479,2023-05-07 05:45:00,0.80631652
3480,2023-05-07 06:00:00,0.80631652
3481,2023-05-07 06:15:00,0.8064193000000001
3482,2023-05-07 06:30:00,0.8064193000000001
3483,2023-05-07 06:45:00,0.8065003199999999
3484,2023-05-07 07:00:00,0.80704658
3485,2023-05-07 07:15:00,0.80966478
3486,2023-05-07 07:30:00,0.8145505
3487,2023-05-07 07:45:00,0.8123720999999999
3488,2023-05-07 08:00:00,0.8101936999999999
3489,2023-05-07 08:15:00,0.8080153
3490,2023-05-07 08:30:00,0.8058369
3491,2023-05-07 08:45:00,0.8036584999999999
3492,2023-05-07 09:00:00,0.8014800999999999
3493,2023-05-07 09:15:00,0.7993017
3494,2023-05-07 09:30:00,0.7971233
3495,2023-05-07 09:45:00,0.7949449
3496,2023-05-07 10:00:00,0.7927664999999999
3497,2023-05-07 10:15:00,0.7905880999999999
3498,2023-05-07 10:30:00,0.7884097
3499,2023-05-07 10:45:00,0.7862313
3500,2023-05-07 11:00:00,0.7840528999999999
3501,2023-05-07 11:15:00,0.7818744999999999
3502,2023-05-07 11:30:00,0.7796961
3503,2023-05-07 11:45:00,0.7775177
3504,2023-05-07 12:00:00,0.7753393
3505,2023-05-07 12:15:00,0.7731608999999999
3506,2023-05-07 12:30:00,0.7709824999999999
3507,2023-05-07 12:45:00,0.7688041
3508,2023-05-07 13:00:00,0.7666257
3509,2023-05-07 13:15:00,0.7644472999999999
3510,2023-05-07 13:30:00,0.7622688999999999
3511,2023-05-07 13:45:00,0.7600905
3512,2023-05-07 14:00:00,0.7579121
3513,2023-05-07 14:15:00,0.7557337
3514,2023-05-07 14:30:00,0.7535552999999999
3515,2023-05-07 14:45:00,0.7513769
3516,2023-05-07 15:00:00,0.7491985
3517,2023-05-07 15:15:00,0.7470201
3518,2023-05-07 15:30:00,0.7448416999999999
3519,2023-05-07 15:45:00,0.7426633
3520,2023-05-07 16:00:00,0.7404849
3521,2023-05-07 16:15:00,0.7383065
3522,2023-05-07 16:30:00,0.7361281
3523,2023-05-07 16:45:00,0.7339496999999999
3524,2023-05-07 17:00:00,0.7317713
3525,2023-05-07 17:15:00,0.7295929
3526,2023-05-07 17:30:00,0.7274145
3527,2023-05-07 17:45:00,0.73266802
3528,2023-05-07 18:00:00,0.73485022
3529,2023-05-07 18:15:00,0.73747862
3530,2023-05-07 18:30:00,0.73747862
3531,2023-05-07 18:45:00,0.73747862
3532,2023-05-07 19:00:00,0.73747862
3533,2023-05-07 19:15:00,0.73747862
3534,2023-05-07 19:30:00,0.73747862
3535,2023-05-07 19:45:00,0.73747862
3536,2023-05-07 20:00:00,0.73747862
3537,2023-05-07 20:15:00,0.73747862
3538,2023-05-07 20:30:00,0.73747862
3539,2023-05-07 20:45:00,0.73747862
3540,2023-05-07 21:00:00,0.73747862
3541,2023-05-07 21:15:00,0.73747862
3542,2023-05-07 21:30:00,0.73747862
3543,2023-05-07 21:45:00,0.73747862
3544,2023-05-07 22:00:00,0.73747862
3545,2023-05-07 22:15:00,0.73747862
3546,2023-05-07 22:30:00,0.73747862
3547,2023-05-07 22:45:00,0.73747862
3548,2023-05-07 23:00:00,0.73747862
3549,2023-05-07 23:15:00,0.73747862
3550,2023-05-07 23:30:00,0.73747862
3551,2023-05-07 23:45:00,0.73747862
3552,2023-05-08 00:00:00,0.73747862
3553,2023-05-08 00:15:00,0.73747862
3554,2023-05-08 00:30:00,0.73747862
3555,2023-05-08 00:45:00,0.73747862
3556,2023-05-08 01:00:00,0.73747862
3557,2023-05-08 01:15:00,0.73747862
3558,2023-05-08 01:30:00,0.73747862
3559,2023-05-08 01:45:00,0.73747862
3560,2023-05-08 02:00:00,0.73747862
3561,2023-05-08 02:15:00,0.73747862
3562,2023-05-08 02:30:00,0.73747862
3563,2023-05-08 02:45:00,0.73747862
3564,2023-05-08 03:00:00,0.73747862
3565,2023-05-08 03:15:00,0.73747862
3566,2023-05-08 03:30:00,0.73747862
3567,2023-05-08 03:45:00,0.73747862
3568,2023-05-08 04:00:00,0.73747862
3569,2023-05-08 04:15:00,0.73747862
3570,2023-05-08 04:30:00,0.73747862
3571,2023-05-08 04:45:00,0.73747862
3572,2023-05-08 05:00:00,0.73747862
3573,2023-05-08 05:15:00,0.73747862
3574,2023-05-08 05:30:00,0.73747862
3575,2023-05-08 05:45:00,0.73747862
3576,2023-05-08 06:00:00,0.73747862
3577,2023-05-08 06:15:00,0.7376249
3578,2023-05-08 06:30:00,0.73813098
3579,2023-05-08 06:45:00,0.74348466
3580,2023-05-08 07:00:00,0.7507993999999999
3581,2023-05-08 07:15:00,0.7601244
3582,2023-05-08 07:30:00,0.7719517
3583,2023-05-08 07:45:00,0.7829705
3584,2023-05-08 08:00:00,0.79135696
3585,2023-05-08 08:15:00,0.8
3586,2023-05-08 08:30:00,0.8109035
3587,2023-05-08 08:45:00,0.8076196237217318
3588,2023-05-08 09:00:00,0.8043357474434635
3589,2023-05-08 09:15:00,0.8010518711651953
3590,2023-05-08 09:30:00,0.797767994886927
3591,2023-05-08 09:45:00,0.7944841186086588
3592,2023-05-08 10:00:00,0.7912002423303904
3593,2023-05-08 10:15:00,0.7879163660521222
3594,2023-05-08 10:30:00,0.7846324897738539
3595,2023-05-08 10:45:00,0.7813486134955857
3596,2023-05-08 11:00:00,0.7780647372173175
3597,2023-05-08 11:15:00,0.7747808609390492
3598,2023-05-08 11:30:00,0.771496984660781
3599,2023-05-08 11:45:00,0.7682131083825127
3600,2023-05-08 12:00:00,0.7649292321042445
3601,2023-05-08 12:15:00,0.7616453558259761
3602,2023-05-08 12:30:00,0.7583614795477079
3603,2023-05-08 12:45:00,0.7550776032694396
3604,2023-05-08 13:00:00,0.7517937269911714
3605,2023-05-08 13:15:00,0.7485098507129032
3606,2023-05-08 13:30:00,0.7452259744346349
3607,2023-05-08 13:45:00,0.7419420981563667
3608,2023-05-08 14:00:00,0.7386582218780984
3609,2023-05-08 14:15:00,0.7353743455998302
3610,2023-05-08 14:30:00,0.7320904693215619
3611,2023-05-08 14:45:00,0.7288065930432936
3612,2023-05-08 15:00:00,0.7255227167650253
3613,2023-05-08 15:15:00,0.7222388404867571
3614,2023-05-08 15:30:00,0.7285627800000001
3615,2023-05-08 15:45:00,0.7446250000000001
3616,2023-05-08 16:00:00,0.74806876
3617,2023-05-08 16:15:00,0.74806876
3618,2023-05-08 16:30:00,0.74880442
3619,2023-05-08 16:45:00,0.74880442
3620,2023-05-08 17:00:00,0.74880442
3621,2023-05-08 17:15:00,0.74880442
3622,2023-05-08 17:30:00,0.74880442
3623,2023-05-08 17:45:00,0.74880442
3624,2023-05-08 18:00:00,0.74880442
3625,2023-05-08 18:15:00,0.74880442
3626,2023-05-08 18:30:00,0.74880442
3627,2023-05-08 18:45:00,0.74880442
3628,2023-05-08 19:00:00,0.74880442
3629,2023-05-08 19:15:00,0.74880442
3630,2023-05-08 19:30:00,0.74880442
3631,2023-05-08 19:45:00,0.74880442
3632,2023-05-08 20:00:00,0.74880442
3633,2023-05-08 20:15:00,0.74880442
3634,2023-05-08 20:30:00,0.74880442
3635,2023-05-08 20:45:00,0.74880442
3636,2023-05-08 21:00:00,0.74880442
3637,2023-05-08 21:15:00,0.74880442
3638,2023-05-08 21:30:00,0.74880442
3639,2023-05-08 21:45:00,0.74880442
3640,2023-05-08 22:00:00,0.74880442
3641,2023-05-08 22:15:00,0.74880442
3642,2023-05-08 22:30:00,0.74880442
3643,2023-05-08 22:45:00,0.74880442
3644,2023-05-08 23:00:00,0.74880442
3645,2023-05-08 23:15:00,0.74880442
3646,2023-05-08 23:30:00,0.74880442
3647,2023-05-08 23:45:00,0.74880442
3648,2023-05-09 00:00:00,0.74880442
3649,2023-05-09 00:15:00,0.74880442
3650,2023-05-09 00:30:00,0.74880442
3651,2023-05-09 00:45:00,0.74880442
3652,2023-05-09 01:00:00,0.74880442
3653,2023-05-09 01:15:00,0.74880442
3654,2023-05-09 01:30:00,0.74880442
3655,2023-05-09 01:45:00,0.74880442
3656,2023-05-09 02:00:00,0.74880442
3657,2023-05-09 02:15:00,0.74880442
3658,2023-05-09 02:30:00,0.74880442
3659,2023-05-09 02:45:00,0.74880442
3660,2023-05-09 03:00:00,0.74880442
3661,2023-05-09 03:15:00,0.74880442
3662,2023-05-09 03:30:00,0.74880442
3663,2023-05-09 03:45:00,0.74880442
3664,2023-05-09 04:00:00,0.74880442
3665,2023-05-09 04:15:00,0.74880442
3666,2023-05-09 04:30:00,0.74880442
3667,2023-05-09 04:45:00,0.74880442
3668,2023-05-09 05:00:00,0.74880442
3669,2023-05-09 05:15:00,0.74880442
3670,2023-05-09 05:30:00,0.74880442
3671,2023-05-09 05:45:00,0.74880442
3672,2023-05-09 06:00:00,0.74880442
3673,2023-05-09 06:15:00,0.74880442
3674,2023-05-09 06:30:00,0.74978436
3675,2023-05-09 06:45:00,0.7520211
3676,2023-05-09 07:00:00,0.75424368
3677,2023-05-09 07:15:00,0.7583547199999999
3678,2023-05-09 07:30:00,0.7702584400000001
3679,2023-05-09 07:45:00,0.78407556
3680,2023-05-09 08:00:00,0.8
3681,2023-05-09 08:15:00,0.8
3682,2023-05-09 08:30:00,0.7954599780017431
3683,2023-05-09 08:45:00,0.7909199560034861
3684,2023-05-09 09:00:00,0.7863799340052291
3685,2023-05-09 09:15:00,0.7818399120069722
3686,2023-05-09 09:30:00,0.7772998900087152
3687,2023-05-09 09:45:00,0.7727598680104583
3688,2023-05-09 10:00:00,0.7682198460122013
3689,2023-05-09 10:15:00,0.7636798240139443
3690,2023-05-09 10:30:00,0.7591398020156873
3691,2023-05-09 10:45:00,0.7545997800174303
3692,2023-05-09 11:00:00,0.7500597580191735
3693,2023-05-09 11:15:00,0.7455197360209165
3694,2023-05-09 11:30:00,0.7409797140226595
3695,2023-05-09 11:45:00,0.7364396920244025
3696,2023-05-09 12:00:00,0.7318996700261455
3697,2023-05-09 12:15:00,0.7273596480278886
3698,2023-05-09 12:30:00,0.7228196260296316
3699,2023-05-09 12:45:00,0.7182796040313746
3700,2023-05-09 13:00:00,0.7137395820331177
3701,2023-05-09 13:15:00,0.7091995600348607
3702,2023-05-09 13:30:00,0.7046595380366037
3703,2023-05-09 13:45:00,0.7001195160383468
3704,2023-05-09 14:00:00,0.6955794940400898
3705,2023-05-09 14:15:00,0.6910394720418328
3706,2023-05-09 14:30:00,0.6864994500435759
3707,2023-05-09 14:45:00,0.681959428045319
3708,2023-05-09 15:00:00,0.677419406047062
3709,2023-05-09 15:15:00,0.672879384048805
3710,2023-05-09 15:30:00,0.668339362050548
3711,2023-05-09 15:45:00,0.663799340052291
3712,2023-05-09 16:00:00,0.659259318054034
3713,2023-05-09 16:15:00,0.6547192960557771
3714,2023-05-09 16:30:00,0.6501792740575202
3715,2023-05-09 16:45:00,0.6456392520592632
3716,2023-05-09 17:00:00,0.6410992300610062
3717,2023-05-09 17:15:00,0.6365592080627492
3718,2023-05-09 17:30:00,0.6320191860644923
3719,2023-05-09 17:45:00,0.6274791640662353
3720,2023-05-09 18:00:00,0.6229391420679784
3721,2023-05-09 18:15:00,0.6183991200697214
3722,2023-05-09 18:30:00,0.6138590980714644
3723,2023-05-09 18:45:00,0.6093190760732075
3724,2023-05-09 19:00:00,0.6047790540749505
3725,2023-05-09 19:15:00,0.6047790540749505
3726,2023-05-09 19:30:00,0.6047790540749505
3727,2023-05-09 19:45:00,0.6047790540749505
3728,2023-05-09 20:00:00,0.6047790540749505
3729,2023-05-09 20:15:00,0.6047790540749505
3730,2023-05-09 20:30:00,0.6047790540749505
3731,2023-05-09 20:45:00,0.6047790540749505
3732,2023-05-09 21:00:00,0.6047790540749505
3733,2023-05-09 21:15:00,0.6047790540749505
3734,2023-05-09 21:30:00,0.6047790540749505
3735,2023-05-09 21:45:00,0.6047790540749505
3736,2023-05-09 22:00:00,0.6047790540749505
3737,2023-05-09 22:15:00,0.6047790540749505
3738,2023-05-09 22:30:00,0.6047790540749505
3739,2023-05-09 22:45:00,0.6047790540749505
3740,2023-05-09 23:00:00,0.6047790540749505
3741,2023-05-09 23:15:00,0.6047790540749505
3742,2023-05-09 23:30:00,0.6047790540749505
3743,2023-05-09 23:45:00,0.6047790540749505
3744,2023-05-10 00:00:00,0.6047790540749505
3745,2023-05-10 00:15:00,0.6047790540749505
3746,2023-05-10 00:30:00,0.6047790540749505
3747,2023-05-10 00:45:00,0.6047790540749505
3748,2023-05-10 01:00:00,0.6047790540749505
3749,2023-05-10 01:15:00,0.6047790540749505
3750,2023-05-10 01:30:00,0.6047790540749505
3751,2023-05-10 01:45:00,0.6047790540749505
3752,2023-05-10 02:00:00,0.6047790540749505
3753,2023-05-10 02:15:00,0.6047790540749505
3754,2023-05-10 02:30:00,0.6047790540749505
3755,2023-05-10 02:45:00,0.6047790540749505
3756,2023-05-10 03:00:00,0.6047790540749505
3757,2023-05-10 03:15:00,0.6047790540749505
3758,2023-05-10 03:30:00,0.6047790540749505
3759,2023-05-10 03:45:00,0.6047790540749505
3760,2023-05-10 04:00:00,0.6047790540749505
3761,2023-05-10 04:15:00,0.6047790540749505
3762,2023-05-10 04:30:00,0.6047790540749505
3763,2023-05-10 04:45:00,0.6047790540749505
3764,2023-05-10 05:00:00,0.6047790540749505
3765,2023-05-10 05:15:00,0.6047790540749505
3766,2023-05-10 05:30:00,0.6047790540749505
3767,2023-05-10 05:45:00,0.6047790540749505
3768,2023-05-10 06:00:00,0.6047790540749505
3769,2023-05-10 06:15:00,0.60522198
3770,2023-05-10 06:30:00,0.60707888
3771,2023-05-10 06:45:00,0.6104769999999999
3772,2023-05-10 07:00:00,0.6104769999999999
3773,2023-05-10 07:15:00,0.6104769999999999
3774,2023-05-10 07:30:00,0.6163190199999999
3775,2023-05-10 07:45:00,0.62029712
3776,2023-05-10 08:00:00,0.62694244
3777,2023-05-10 08:15:00,0.6364582999999999
3778,2023-05-10 08:30:00,0.65479878
3779,2023-05-10 08:45:00,0.6706827
3780,2023-05-10 09:00:00,0.69036226
3781,2023-05-10 09:15:00,0.69036226
3782,2023-05-10 09:30:00,0.70466988
3783,2023-05-10 09:45:00,0.7146886600000001
3784,2023-05-10 10:00:00,0.7276597800000001
3785,2023-05-10 10:15:00,0.7276597800000001
3786,2023-05-10 10:30:00,0.7410214399999999
3787,2023-05-10 10:45:00,0.75356404
3788,2023-05-10 11:00:00,0.76919786
3789,2023-05-10 11:15:00,0.78255298
3790,2023-05-10 11:30:00,0.80423652
3791,2023-05-10 11:45:00,0.80423652
3792,2023-05-10 12:00:00,0.80423652
3793,2023-05-10 12:15:00,0.80423652
3794,2023-05-10 12:30:00,0.8147803
3795,2023-05-10 12:45:00,0.82375778
3796,2023-05-10 13:00:00,0.8372672
3797,2023-05-10 13:15:00,0.84682056
3798,2023-05-10 13:30:00,0.85540706
3799,2023-05-10 13:45:00,0.86868044
3800,2023-05-10 14:00:00,0.88016386
3801,2023-05-10 14:15:00,0.89200394
3802,2023-05-10 14:30:00,0.90747612
3803,2023-05-10 14:45:00,0.92662094
3804,2023-05-10 15:00:00,0.9451528
3805,2023-05-10 15:15:00,0.9718941200000001
3806,2023-05-10 15:30:00,0.9718941200000001
3807,2023-05-10 15:45:00,0.98031348
3808,2023-05-10 16:00:00,0.98031348
3809,2023-05-10 16:15:00,0.98031348
3810,2023-05-10 16:30:00,0.98031348
3811,2023-05-10 16:45:00,0.98031348
3812,2023-05-10 17:00:00,0.98031348
3813,2023-05-10 17:15:00,0.98031348
3814,2023-05-10 17:30:00,0.98031348
3815,2023-05-10 17:45:00,0.98031348
3816,2023-05-10 18:00:00,0.98031348
3817,2023-05-10 18:15:00,0.98031348
3818,2023-05-10 18:30:00,0.98031348
3819,2023-05-10 18:45:00,0.98031348
3820,2023-05-10 19:00:00,0.98031348
3821,2023-05-10 19:15:00,0.98031348
3822,2023-05-10 19:30:00,0.98031348
3823,2023-05-10 19:45:00,0.98031348
3824,2023-05-10 20:00:00,0.98031348
3825,2023-05-10 20:15:00,0.98031348
3826,2023-05-10 20:30:00,0.98031348
3827,2023-05-10 20:45:00,0.98031348
3828,2023-05-10 21:00:00,0.98031348
3829,2023-05-10 21:15:00,0.98031348
3830,2023-05-10 21:30:00,0.98031348
3831,2023-05-10 21:45:00,0.98031348
3832,2023-05-10 22:00:00,0.98031348
3833,2023-05-10 22:15:00,0.98031348
3834,2023-05-10 22:30:00,0.98031348
3835,2023-05-10 22:45:00,0.98031348
3836,2023-05-10 23:00:00,0.98031348
3837,2023-05-10 23:15:00,0.98031348
3838,2023-05-10 23:30:00,0.98031348
3839,2023-05-10 23:45:00,0.98031348
3840,2023-05-11 00:00:00,0.98031348
3841,2023-05-11 00:15:00,0.98031348
3842,2023-05-11 00:30:00,0.98031348
3843,2023-05-11 00:45:00,0.98031348
3844,2023-05-11 01:00:00,0.98031348
3845,2023-05-11 01:15:00,0.98031348
3846,2023-05-11 01:30:00,0.98031348
3847,2023-05-11 01:45:00,0.98031348
3848,2023-05-11 02:00:00,0.98031348
3849,2023-05-11 02:15:00,0.98031348
3850,2023-05-11 02:30:00,0.98031348
3851,2023-05-11 02:45:00,0.98031348
3852,2023-05-11 03:00:00,0.98031348
3853,2023-05-11 03:15:00,0.98031348
3854,2023-05-11 03:30:00,0.98031348
3855,2023-05-11 03:45:00,0.98031348
3856,2023-05-11 04:00:00,0.98031348
3857,2023-05-11 04:15:00,0.98031348
3858,2023-05-11 04:30:00,0.98031348
3859,2023-05-11 04:45:00,0.98031348
3860,2023-05-11 05:00:00,0.98031348
3861,2023-05-11 05:15:00,0.98031348
3862,2023-05-11 05:30:00,0.98031348
3863,2023-05-11 05:45:00,0.98031348
3864,2023-05-11 06:00:00,0.98031348
3865,2023-05-11 06:15:00,0.98031348
3866,2023-05-11 06:30:00,0.98031348
3867,2023-05-11 06:45:00,0.98031348
3868,2023-05-11 07:00:00,0.98031348
3869,2023-05-11 07:15:00,0.98273872
3870,2023-05-11 07:30:00,0.9873492
3871,2023-05-11 07:45:00,0.99321028
3872,2023-05-11 08:00:00,0.9984200400000001
3873,2023-05-11 08:15:00,0.99569704
3874,2023-05-11 08:30:00,0.9929740400000001
3875,2023-05-11 08:45:00,0.9902510400000001
3876,2023-05-11 09:00:00,0.98752804
3877,2023-05-11 09:15:00,0.98480504
3878,2023-05-11 09:30:00,0.9820820400000001
3879,2023-05-11 09:45:00,0.9793590400000001
3880,2023-05-11 10:00:00,0.97663604
3881,2023-05-11 10:15:00,0.9739130400000001
3882,2023-05-11 10:30:00,0.9711900400000001
3883,2023-05-11 10:45:00,0.9684670400000001
3884,2023-05-11 11:00:00,0.96574404
3885,2023-05-11 11:15:00,0.9630210400000001
3886,2023-05-11 11:30:00,0.9602980400000001
3887,2023-05-11 11:45:00,0.95757504
3888,2023-05-11 12:00:00,0.95485204
3889,2023-05-11 12:15:00,0.9521290400000001
3890,2023-05-11 12:30:00,0.9494060400000001
3891,2023-05-11 12:45:00,0.94668304
3892,2023-05-11 13:00:00,0.9439600400000001
3893,2023-05-11 13:15:00,0.9412370400000001
3894,2023-05-11 13:30:00,0.93851404
3895,2023-05-11 13:45:00,0.93579104
3896,2023-05-11 14:00:00,0.9330680400000001
3897,2023-05-11 14:15:00,0.9303450400000001
3898,2023-05-11 14:30:00,0.92762204
3899,2023-05-11 14:45:00,0.9248990400000001
3900,2023-05-11 15:00:00,0.9221760400000001
3901,2023-05-11 15:15:00,0.91945304
3902,2023-05-11 15:30:00,0.91673004
3903,2023-05-11 15:45:00,0.9140070400000001
3904,2023-05-11 16:00:00,0.9112840400000001
3905,2023-05-11 16:15:00,0.92910258
3906,2023-05-11 16:30:00,0.92910258
3907,2023-05-11 16:45:00,0.92910258
3908,2023-05-11 17:00:00,0.92910258
3909,2023-05-11 17:15:00,0.92910258
3910,2023-05-11 17:30:00,0.92910258
3911,2023-05-11 17:45:00,0.92910258
3912,2023-05-11 18:00:00,0.92910258
3913,2023-05-11 18:15:00,0.92910258
3914,2023-05-11 18:30:00,0.92910258
3915,2023-05-11 18:45:00,0.92910258
3916,2023-05-11 19:00:00,0.92910258
3917,2023-05-11 19:15:00,0.92910258
3918,2023-05-11 19:30:00,0.92910258
3919,2023-05-11 19:45:00,0.92910258
3920,2023-05-11 20:00:00,0.92910258
3921,2023-05-11 20:15:00,0.92910258
3922,2023-05-11 20:30:00,0.92910258
3923,2023-05-11 20:45:00,0.92910258
3924,2023-05-11 21:00:00,0.92910258
3925,2023-05-11 21:15:00,0.92910258
3926,2023-05-11 21:30:00,0.92910258
3927,2023-05-11 21:45:00,0.92910258
3928,2023-05-11 22:00:00,0.92910258
3929,2023-05-11 22:15:00,0.92910258
3930,2023-05-11 22:30:00,0.92910258
3931,2023-05-11 22:45:00,0.92910258
3932,2023-05-11 23:00:00,0.92910258
3933,2023-05-11 23:15:00,0.92910258
3934,2023-05-11 23:30:00,0.92910258
3935,2023-05-11 23:45:00,0.92910258
3936,2023-05-12 00:00:00,0.92910258
3937,2023-05-12 00:15:00,0.92910258
3938,2023-05-12 00:30:00,0.92910258
3939,2023-05-12 00:45:00,0.92910258
3940,2023-05-12 01:00:00,0.92910258
3941,2023-05-12 01:15:00,0.92910258
3942,2023-05-12 01:30:00,0.92910258
3943,2023-05-12 01:45:00,0.92910258
3944,2023-05-12 02:00:00,0.92910258
3945,2023-05-12 02:15:00,0.92910258
3946,2023-05-12 02:30:00,0.92910258
3947,2023-05-12 02:45:00,0.92910258
3948,2023-05-12 03:00:00,0.92910258
3949,2023-05-12 03:15:00,0.92910258
3950,2023-05-12 03:30:00,0.92910258
3951,2023-05-12 03:45:00,0.92910258
3952,2023-05-12 04:00:00,0.92910258
3953,2023-05-12 04:15:00,0.92910258
3954,2023-05-12 04:30:00,0.92910258
3955,2023-05-12 04:45:00,0.92910258
3956,2023-05-12 05:00:00,0.92910258
3957,2023-05-12 05:15:00,0.92910258
3958,2023-05-12 05:30:00,0.92910258
3959,2023-05-12 05:45:00,0.92910258
3960,2023-05-12 06:00:00,0.929303
3961,2023-05-12 06:15:00,0.93099914
3962,2023-05-12 06:30:00,0.93173542
3963,2023-05-12 06:45:00,0.93173542
3964,2023-05-12 07:00:00,0.93173542
3965,2023-05-12 07:15:00,0.9374904399999999
3966,2023-05-12 07:30:00,0.94973262
3967,2023-05-12 07:45:00,0.9643474000000001
3968,2023-05-12 08:00:00,0.9812887
3969,2023-05-12 08:15:00,1.0
3970,2023-05-12 08:30:00,0.9936528154443008
3971,2023-05-12 08:45:00,0.9873056308886018
3972,2023-05-12 09:00:00,0.9809584463329026
3973,2023-05-12 09:15:00,0.9746112617772036
3974,2023-05-12 09:30:00,0.9682640772215044
3975,2023-05-12 09:45:00,0.9619168926658054
3976,2023-05-12 10:00:00,0.9555697081101062
3977,2023-05-12 10:15:00,0.9492225235544072
3978,2023-05-12 10:30:00,0.942875338998708
3979,2023-05-12 10:45:00,0.936528154443009
3980,2023-05-12 11:00:00,0.9301809698873098
3981,2023-05-12 11:15:00,0.9238337853316108
3982,2023-05-12 11:30:00,0.9174866007759116
3983,2023-05-12 11:45:00,0.9111394162202126
3984,2023-05-12 12:00:00,0.9047922316645134
3985,2023-05-12 12:15:00,0.8984450471088143
3986,2023-05-12 12:30:00,0.8920978625531152
3987,2023-05-12 12:45:00,0.8857506779974161
3988,2023-05-12 13:00:00,0.879403493441717
3989,2023-05-12 13:15:00,0.8730563088860179
3990,2023-05-12 13:30:00,0.8667091243303188
3991,2023-05-12 13:45:00,0.8603619397746197
3992,2023-05-12 14:00:00,0.8540147552189206
3993,2023-05-12 14:15:00,0.8476675706632215
3994,2023-05-12 14:30:00,0.8413203861075224
3995,2023-05-12 14:45:00,0.8349732015518232
3996,2023-05-12 15:00:00,0.8286260169961241
3997,2023-05-12 15:15:00,0.8222788324404251
3998,2023-05-12 15:30:00,0.8159316478847259
3999,2023-05-12 15:45:00,0.8095844633290268
4000,2023-05-12 16:00:00,0.8032372787733277
4001,2023-05-12 16:15:00,0.82694042
4002,2023-05-12 16:30:00,0.84573514
4003,2023-05-12 16:45:00,0.85364622
4004,2023-05-12 17:00:00,0.86812888
4005,2023-05-12 17:15:00,0.87777978
4006,2023-05-12 17:30:00,0.88239672
4007,2023-05-12 17:45:00,0.8881497199999999
4008,2023-05-12 18:00:00,0.89149252
4009,2023-05-12 18:15:00,0.8926181
4010,2023-05-12 18:30:00,0.89308844
4011,2023-05-12 18:45:00,0.89308844
4012,2023-05-12 19:00:00,0.89308844
4013,2023-05-12 19:15:00,0.89308844
4014,2023-05-12 19:30:00,0.89308844
4015,2023-05-12 19:45:00,0.89308844
4016,2023-05-12 20:00:00,0.89308844
4017,2023-05-12 20:15:00,0.89308844
4018,2023-05-12 20:30:00,0.89308844
4019,2023-05-12 20:45:00,0.89308844
4020,2023-05-12 21:00:00,0.89308844
4021,2023-05-12 21:15:00,0.89308844
4022,2023-05-12 21:30:00,0.89308844
4023,2023-05-12 21:45:00,0.89308844
4024,2023-05-12 22:00:00,0.89308844
4025,2023-05-12 22:15:00,0.89308844
4026,2023-05-12 22:30:00,0.89308844
4027,2023-05-12 22:45:00,0.89308844
4028,2023-05-12 23:00:00,0.89308844
4029,2023-05-12 23:15:00,0.89308844
4030,2023-05-12 23:30:00,0.89308844
4031,2023-05-12 23:45:00,0.89308844
4032,2023-05-13 00:00:00,0.89308844
4033,2023-05-13 00:15:00,0.89308844
4034,2023-05-13 00:30:00,0.89308844
4035,2023-05-13 00:45:00,0.89308844
4036,2023-05-13 01:00:00,0.89308844
4037,2023-05-13 01:15:00,0.89308844
4038,2023-05-13 01:30:00,0.89308844
4039,2023-05-13 01:45:00,0.89308844
4040,2023-05-13 02:00:00,0.89308844
4041,2023-05-13 02:15:00,0.89308844
4042,2023-05-13 02:30:00,0.89308844
4043,2023-05-13 02:45:00,0.89308844
4044,2023-05-13 03:00:00,0.89308844
4045,2023-05-13 03:15:00,0.89308844
4046,2023-05-13 03:30:00,0.89308844
4047,2023-05-13 03:45:00,0.89308844
4048,2023-05-13 04:00:00,0.89308844
4049,2023-05-13 04:15:00,0.89308844
4050,2023-05-13 04:30:00,0.89308844
4051,2023-05-13 04:45:00,0.89308844
4052,2023-05-13 05:00:00,0.89308844
4053,2023-05-13 05:15:00,0.89308844
4054,2023-05-13 05:30:00,0.89308844
4055,2023-05-13 05:45:00,0.89308844
4056,2023-05-13 06:00:00,0.8931448799999999
4057,2023-05-13 06:15:00,0.89468116
4058,2023-05-13 06:30:00,0.89795752
4059,2023-05-13 06:45:00,0.9031641399999999
4060,2023-05-13 07:00:00,0.9104684000000001
4061,2023-05-13 07:15:00,0.91936874
4062,2023-05-13 07:30:00,0.9298286
4063,2023-05-13 07:45:00,0.94237138
4064,2023-05-13 08:00:00,0.9393331350991726
4065,2023-05-13 08:15:00,0.9362948901983453
4066,2023-05-13 08:30:00,0.933256645297518
4067,2023-05-13 08:45:00,0.9302184003966906
4068,2023-05-13 09:00:00,0.9271801554958633
4069,2023-05-13 09:15:00,0.9241419105950359
4070,2023-05-13 09:30:00,0.9211036656942085
4071,2023-05-13 09:45:00,0.9180654207933813
4072,2023-05-13 10:00:00,0.9150271758925539
4073,2023-05-13 10:15:00,0.9119889309917265
4074,2023-05-13 10:30:00,0.9089506860908992
4075,2023-05-13 10:45:00,0.9059124411900719
4076,2023-05-13 11:00:00,0.9028741962892446
4077,2023-05-13 11:15:00,0.8998359513884172
4078,2023-05-13 11:30:00,0.8967977064875898
4079,2023-05-13 11:45:00,0.8937594615867626
4080,2023-05-13 12:00:00,0.8907212166859352
4081,2023-05-13 12:15:00,0.8876829717851078
4082,2023-05-13 12:30:00,0.8846447268842805
4083,2023-05-13 12:45:00,0.8816064819834531
4084,2023-05-13 13:00:00,0.8785682370826258
4085,2023-05-13 13:15:00,0.8755299921817985
4086,2023-05-13 13:30:00,0.8724917472809711
4087,2023-05-13 13:45:00,0.8694535023801437
4088,2023-05-13 14:00:00,0.8664152574793165
4089,2023-05-13 14:15:00,0.8633770125784891
4090,2023-05-13 14:30:00,0.8603387676776617
4091,2023-05-13 14:45:00,0.8573005227768344
4092,2023-05-13 15:00:00,0.8542622778760071
4093,2023-05-13 15:15:00,0.8512240329751797
4094,2023-05-13 15:30:00,0.8481857880743524
4095,2023-05-13 15:45:00,0.845147543173525
4096,2023-05-13 16:00:00,0.86958952
4097,2023-05-13 16:15:00,0.89109722
4098,2023-05-13 16:30:00,0.9094949
4099,2023-05-13 16:45:00,0.92465074
4100,2023-05-13 17:00:00,0.93635248
4101,2023-05-13 17:15:00,0.9443440200000001
4102,2023-05-13 17:30:00,0.9490907
4103,2023-05-13 17:45:00,0.9506317599999999
4104,2023-05-13 18:00:00,0.9522016000000001
4105,2023-05-13 18:15:00,0.9535716999999999
4106,2023-05-13 18:30:00,0.9535716999999999
4107,2023-05-13 18:45:00,0.9535716999999999
4108,2023-05-13 19:00:00,0.9535716999999999
4109,2023-05-13 19:15:00,0.9535716999999999
4110,2023-05-13 19:30:00,0.9535716999999999
4111,2023-05-13 19:45:00,0.9535716999999999
4112,2023-05-13 20:00:00,0.9535716999999999
4113,2023-05-13 20:15:00,0.9535716999999999
4114,2023-05-13 20:30:00,0.9535716999999999
4115,2023-05-13 20:45:00,0.9535716999999999
4116,2023-05-13 21:00:00,0.9535716999999999
4117,2023-05-13 21:15:00,0.9535716999999999
4118,2023-05-13 21:30:00,0.9535716999999999
4119,2023-05-13 21:45:00,0.9535716999999999
4120,2023-05-13 22:00:00,0.9535716999999999
4121,2023-05-13 22:15:00,0.9535716999999999
4122,2023-05-13 22:30:00,0.9535716999999999
4123,2023-05-13 22:45:00,0.9535716999999999
4124,2023-05-13 23:00:00,0.9535716999999999
4125,2023-05-13 23:15:00,0.9535716999999999
4126,2023-05-13 23:30:00,0.9535716999999999
4127,2023-05-13 23:45:00,0.9535716999999999
4128,2023-05-14 00:00:00,0.9535716999999999
4129,2023-05-14 00:15:00,0.9535716999999999
4130,2023-05-14 00:30:00,0.9535716999999999
4131,2023-05-14 00:45:00,0.9535716999999999
4132,2023-05-14 01:00:00,0.9535716999999999
4133,2023-05-14 01:15:00,0.9535716999999999
4134,2023-05-14 01:30:00,0.9535716999999999
4135,2023-05-14 01:45:00,0.9535716999999999
4136,2023-05-14 02:00:00,0.9535716999999999
4137,2023-05-14 02:15:00,0.9535716999999999
4138,2023-05-14 02:30:00,0.9535716999999999
4139,2023-05-14 02:45:00,0.9535716999999999
4140,2023-05-14 03:00:00,0.9535716999999999
4141,2023-05-14 03:15:00,0.9535716999999999
4142,2023-05-14 03:30:00,0.9535716999999999
4143,2023-05-14 03:45:00,0.9535716999999999
4144,2023-05-14 04:00:00,0.9535716999999999
4145,2023-05-14 04:15:00,0.9535716999999999
4146,2023-05-14 04:30:00,0.9535716999999999
4147,2023-05-14 04:45:00,0.9535716999999999
4148,2023-05-14 05:00:00,0.9535716999999999
4149,2023-05-14 05:15:00,0.9535716999999999
4150,2023-05-14 05:30:00,0.9535716999999999
4151,2023-05-14 05:45:00,0.9535716999999999
4152,2023-05-14 06:00:00,0.9535716999999999
4153,2023-05-14 06:15:00,0.9535716999999999
4154,2023-05-14 06:30:00,0.9539517
4155,2023-05-14 06:45:00,0.9560523000000001
4156,2023-05-14 07:00:00,0.95889664
4157,2023-05-14 07:15:00,0.9626252599999999
4158,2023-05-14 07:30:00,0.9705417199999999
4159,2023-05-14 07:45:00,0.9849227399999999
4160,2023-05-14 08:00:00,1.0
4161,2023-05-14 08:15:00,0.9957066186848627
4162,2023-05-14 08:30:00,0.9914132373697252
4163,2023-05-14 08:45:00,0.9871198560545879
4164,2023-05-14 09:00:00,0.9828264747394504
4165,2023-05-14 09:15:00,0.978533093424313
4166,2023-05-14 09:30:00,0.9742397121091756
4167,2023-05-14 09:45:00,0.9699463307940382
4168,2023-05-14 10:00:00,0.9656529494789008
4169,2023-05-14 10:15:00,0.9613595681637634
4170,2023-05-14 10:30:00,0.957066186848626
4171,2023-05-14 10:45:00,0.9527728055334886
4172,2023-05-14 11:00:00,0.9484794242183512
4173,2023-05-14 11:15:00,0.9441860429032138
4174,2023-05-14 11:30:00,0.9398926615880764
4175,2023-05-14 11:45:00,0.935599280272939
4176,2023-05-14 12:00:00,0.9313058989578016
4177,2023-05-14 12:15:00,0.9270125176426642
4178,2023-05-14 12:30:00,0.9227191363275268
4179,2023-05-14 12:45:00,0.9184257550123894
4180,2023-05-14 13:00:00,0.914132373697252
4181,2023-05-14 13:15:00,0.9098389923821146
4182,2023-05-14 13:30:00,0.9055456110669772
4183,2023-05-14 13:45:00,0.9012522297518398
4184,2023-05-14 14:00:00,0.8969588484367024
4185,2023-05-14 14:15:00,0.892665467121565
4186,2023-05-14 14:30:00,0.8883720858064276
4187,2023-05-14 14:45:00,0.8840787044912902
4188,2023-05-14 15:00:00,0.8797853231761528
4189,2023-05-14 15:15:00,0.8754919418610154
4190,2023-05-14 15:30:00,0.8711985605458781
4191,2023-05-14 15:45:00,0.8669051792307406
4192,2023-05-14 16:00:00,0.8626117979156032
4193,2023-05-14 16:15:00,0.8583184166004658
4194,2023-05-14 16:30:00,0.8540250352853285
4195,2023-05-14 16:45:00,0.849731653970191
4196,2023-05-14 17:00:00,0.8454382726550536
4197,2023-05-14 17:15:00,0.8411448913399162
4198,2023-05-14 17:30:00,0.8482301800000001
4199,2023-05-14 17:45:00,0.85331394
4200,2023-05-14 18:00:00,0.85654032
4201,2023-05-14 18:15:00,0.8593383400000001
4202,2023-05-14 18:30:00,0.86272844
4203,2023-05-14 18:45:00,0.8663641200000001
4204,2023-05-14 19:00:00,0.8663641200000001
4205,2023-05-14 19:15:00,0.8663641200000001
4206,2023-05-14 19:30:00,0.8663641200000001
4207,2023-05-14 19:45:00,0.8663641200000001
4208,2023-05-14 20:00:00,0.8663641200000001
4209,2023-05-14 20:15:00,0.8663641200000001
4210,2023-05-14 20:30:00,0.8663641200000001
4211,2023-05-14 20:45:00,0.8663641200000001
4212,2023-05-14 21:00:00,0.8663641200000001
4213,2023-05-14 21:15:00,0.8663641200000001
4214,2023-05-14 21:30:00,0.8663641200000001
4215,2023-05-14 21:45:00,0.8663641200000001
4216,2023-05-14 22:00:00,0.8663641200000001
4217,2023-05-14 22:15:00,0.8663641200000001
4218,2023-05-14 22:30:00,0.8663641200000001
4219,2023-05-14 22:45:00,0.8663641200000001
4220,2023-05-14 23:00:00,0.8663641200000001
4221,2023-05-14 23:15:00,0.8663641200000001
4222,2023-05-14 23:30:00,0.8663641200000001
4223,2023-05-14 23:45:00,0.8663641200000001
4224,2023-05-15 00:00:00,0.8663641200000001
4225,2023-05-15 00:15:00,0.8663641200000001
4226,2023-05-15 00:30:00,0.8663641200000001
4227,2023-05-15 00:45:00,0.8663641200000001
4228,2023-05-15 01:00:00,0.8663641200000001
4229,2023-05-15 01:15:00,0.8663641200000001
4230,2023-05-15 01:30:00,0.8663641200000001
4231,2023-05-15 01:45:00,0.8663641200000001
4232,2023-05-15 02:00:00,0.8663641200000001
4233,2023-05-15 02:15:00,0.8663641200000001
4234,2023-05-15 02:30:00,0.8663641200000001
4235,2023-05-15 02:45:00,0.8663641200000001
4236,2023-05-15 03:00:00,0.8663641200000001
4237,2023-05-15 03:15:00,0.8663641200000001
4238,2023-05-15 03:30:00,0.8663641200000001
4239,2023-05-15 03:45:00,0.8663641200000001
4240,2023-05-15 04:00:00,0.8663641200000001
4241,2023-05-15 04:15:00,0.8663641200000001
4242,2023-05-15 04:30:00,0.8663641200000001
4243,2023-05-15 04:45:00,0.8663641200000001
4244,2023-05-15 05:00:00,0.8663641200000001
4245,2023-05-15 05:15:00,0.8663641200000001
4246,2023-05-15 05:30:00,0.8664311600000001
4247,2023-05-15 05:45:00,0.86709036
4248,2023-05-15 06:00:00,0.8688174200000001
4249,2023-05-15 06:15:00,0.8718498
4250,2023-05-15 06:30:00,0.87649574
4251,2023-05-15 06:45:00,0.8832267
4252,2023-05-15 07:00:00,0.8921368
4253,2023-05-15 07:15:00,0.90336586
4254,2023-05-15 07:30:00,0.9169106600000001
4255,2023-05-15 07:45:00,0.9328597399999999
4256,2023-05-15 08:00:00,0.9474731599999999
4257,2023-05-15 08:15:00,0.96631742
4258,2023-05-15 08:30:00,0.9876210799999999
4259,2023-05-15 08:45:00,0.98225948
4260,2023-05-15 09:00:00,0.9768978799999999
4261,2023-05-15 09:15:00,0.9715362799999999
4262,2023-05-15 09:30:00,0.96617468
4263,2023-05-15 09:45:00,0.9608130799999999
4264,2023-05-15 10:00:00,0.9554514799999999
4265,2023-05-15 10:15:00,0.9500898799999999
4266,2023-05-15 10:30:00,0.94472828
4267,2023-05-15 10:45:00,0.9393666799999999
4268,2023-05-15 11:00:00,0.9340050799999999
4269,2023-05-15 11:15:00,0.92864348
4270,2023-05-15 11:30:00,0.92328188
4271,2023-05-15 11:45:00,0.9179202799999999
4272,2023-05-15 12:00:00,0.91255868
4273,2023-05-15 12:15:00,0.90719708
4274,2023-05-15 12:30:00,0.9018354799999999
4275,2023-05-15 12:45:00,0.89647388
4276,2023-05-15 13:00:00,0.89111228
4277,2023-05-15 13:15:00,0.8857506799999999
4278,2023-05-15 13:30:00,0.8803890799999999
4279,2023-05-15 13:45:00,0.87502748
4280,2023-05-15 14:00:00,0.8696658799999999
4281,2023-05-15 14:15:00,0.8643042799999999
4282,2023-05-15 14:30:00,0.85894268
4283,2023-05-15 14:45:00,0.8535810799999999
4284,2023-05-15 15:00:00,0.8482194799999999
4285,2023-05-15 15:15:00,0.84285788
4286,2023-05-15 15:30:00,0.83749628
4287,2023-05-15 15:45:00,0.83213468
4288,2023-05-15 16:00:00,0.8267730799999999
4289,2023-05-15 16:15:00,0.82141148
4290,2023-05-15 16:30:00,0.81604988
4291,2023-05-15 16:45:00,0.8106882799999999
4292,2023-05-15 17:00:00,0.80532668
4293,2023-05-15 17:15:00,0.79996508
4294,2023-05-15 17:30:00,0.7946034799999999
4295,2023-05-15 17:45:00,0.78924188
4296,2023-05-15 18:00:00,0.78388028
4297,2023-05-15 18:15:00,0.7785186799999999
4298,2023-05-15 18:30:00,0.7731570799999999
4299,2023-05-15 18:45:00,0.77449122
4300,2023-05-15 19:00:00,0.7747289
4301,2023-05-15 19:15:00,0.7747289
4302,2023-05-15 19:30:00,0.7747289
4303,2023-05-15 19:45:00,0.7747289
4304,2023-05-15 20:00:00,0.7747289
4305,2023-05-15 20:15:00,0.7747289
4306,2023-05-15 20:30:00,0.7747289
4307,2023-05-15 20:45:00,0.7747289
4308,2023-05-15 21:00:00,0.7747289
4309,2023-05-15 21:15:00,0.7747289
4310,2023-05-15 21:30:00,0.7747289
4311,2023-05-15 21:45:00,0.7747289
4312,2023-05-15 22:00:00,0.7747289
4313,2023-05-15 22:15:00,0.7747289
4314,2023-05-15 22:30:00,0.7747289
4315,2023-05-15 22:45:00,0.7747289
4316,2023-05-15 23:00:00,0.7747289
4317,2023-05-15 23:15:00,0.7747289
4318,2023-05-15 23:30:00,0.7747289
4319,2023-05-15 23:45:00,0.7747289
4320,2023-05-16 00:00:00,0.7747289
4321,2023-05-16 00:15:00,0.7747289
4322,2023-05-16 00:30:00,0.7747289
4323,2023-05-16 00:45:00,0.7747289
4324,2023-05-16 01:00:00,0.7747289
4325,2023-05-16 01:15:00,0.7747289
4326,2023-05-16 01:30:00,0.7747289
4327,2023-05-16 01:45:00,0.7747289
4328,2023-05-16 02:00:00,0.7747289
4329,2023-05-16 02:15:00,0.7747289
4330,2023-05-16 02:30:00,0.7747289
4331,2023-05-16 02:45:00,0.7747289
4332,2023-05-16 03:00:00,0.7747289
4333,2023-05-16 03:15:00,0.7747289
4334,2023-05-16 03:30:00,0.7747289
4335,2023-05-16 03:45:00,0.7747289
4336,2023-05-16 04:00:00,0.7747289
4337,2023-05-16 04:15:00,0.7747289
4338,2023-05-16 04:30:00,0.7747289
4339,2023-05-16 04:45:00,0.7747289
4340,2023-05-16 05:00:00,0.7747289
4341,2023-05-16 05:15:00,0.7747289
4342,2023-05-16 05:30:00,0.7747289
4343,2023-05-16 05:45:00,0.77516252
4344,2023-05-16 06:00:00,0.7758952600000001
4345,2023-05-16 06:15:00,0.7772283799999999
4346,2023-05-16 06:30:00,0.77923806
4347,2023-05-16 06:45:00,0.78339
4348,2023-05-16 07:00:00,0.7873066799999999
4349,2023-05-16 07:15:00,0.79012496
4350,2023-05-16 07:30:00,0.8
4351,2023-05-16 07:45:00,0.8
4352,2023-05-16 08:00:00,0.7975795555555556
4353,2023-05-16 08:15:00,0.7951591111111111
4354,2023-05-16 08:30:00,0.7927386666666667
4355,2023-05-16 08:45:00,0.7903182222222223
4356,2023-05-16 09:00:00,0.7878977777777778
4357,2023-05-16 09:15:00,0.7854773333333334
4358,2023-05-16 09:30:00,0.7830568888888889
4359,2023-05-16 09:45:00,0.7806364444444445
4360,2023-05-16 10:00:00,0.778216
4361,2023-05-16 10:15:00,0.7757955555555556
4362,2023-05-16 10:30:00,0.7733751111111111
4363,2023-05-16 10:45:00,0.7709546666666667
4364,2023-05-16 11:00:00,0.7685342222222222
4365,2023-05-16 11:15:00,0.7661137777777778
4366,2023-05-16 11:30:00,0.7636933333333333
4367,2023-05-16 11:45:00,0.7612728888888889
4368,2023-05-16 12:00:00,0.7588524444444444
4369,2023-05-16 12:15:00,0.756432
4370,2023-05-16 12:30:00,0.7540115555555555
4371,2023-05-16 12:45:00,0.7515911111111112
4372,2023-05-16 13:00:00,0.7491706666666668
4373,2023-05-16 13:15:00,0.7467502222222223
4374,2023-05-16 13:30:00,0.7443297777777779
4375,2023-05-16 13:45:00,0.7419093333333334
4376,2023-05-16 14:00:00,0.739488888888889
4377,2023-05-16 14:15:00,0.7370684444444445
4378,2023-05-16 14:30:00,0.7346480000000001
4379,2023-05-16 14:45:00,0.7322275555555556
4380,2023-05-16 15:00:00,0.7298071111111112
4381,2023-05-16 15:15:00,0.7273866666666667
4382,2023-05-16 15:30:00,0.7249662222222223
4383,2023-05-16 15:45:00,0.7225457777777778
4384,2023-05-16 16:00:00,0.7201253333333334
4385,2023-05-16 16:15:00,0.717704888888889
4386,2023-05-16 16:30:00,0.7152844444444445
4387,2023-05-16 16:45:00,0.712864
4388,2023-05-16 17:00:00,0.712864
4389,2023-05-16 17:15:00,0.712864
4390,2023-05-16 17:30:00,0.712864
4391,2023-05-16 17:45:00,0.712864
4392,2023-05-16 18:00:00,0.712864
4393,2023-05-16 18:15:00,0.712864
4394,2023-05-16 18:30:00,0.712864
4395,2023-05-16 18:45:00,0.712864
4396,2023-05-16 19:00:00,0.712864
4397,2023-05-16 19:15:00,0.712864
4398,2023-05-16 19:30:00,0.712864
4399,2023-05-16 19:45:00,0.712864
4400,2023-05-16 20:00:00,0.712864
4401,2023-05-16 20:15:00,0.712864
4402,2023-05-16 20:30:00,0.712864
4403,2023-05-16 20:45:00,0.712864
4404,2023-05-16 21:00:00,0.712864
4405,2023-05-16 21:15:00,0.712864
4406,2023-05-16 21:30:00,0.712864
4407,2023-05-16 21:45:00,0.712864
4408,2023-05-16 22:00:00,0.712864
4409,2023-05-16 22:15:00,0.712864
4410,2023-05-16 22:30:00,0.712864
4411,2023-05-16 22:45:00,0.712864
4412,2023-05-16 23:00:00,0.712864
4413,2023-05-16 23:15:00,0.712864
4414,2023-05-16 23:30:00,0.712864
4415,2023-05-16 23:45:00,0.712864
4416,2023-05-17 00:00:00,0.712864
4417,2023-05-17 00:15:00,0.712864
4418,2023-05-17 00:30:00,0.712864
4419,2023-05-17 00:45:00,0.712864
4420,2023-05-17 01:00:00,0.712864
4421,2023-05-17 01:15:00,0.712864
4422,2023-05-17 01:30:00,0.712864
4423,2023-05-17 01:45:00,0.712864
4424,2023-05-17 02:00:00,0.712864
4425,2023-05-17 02:15:00,0.712864
4426,2023-05-17 02:30:00,0.712864
4427,2023-05-17 02:45:00,0.712864
4428,2023-05-17 03:00:00,0.712864
4429,2023-05-17 03:15:00,0.712864
4430,2023-05-17 03:30:00,0.712864
4431,2023-05-17 03:45:00,0.712864
4432,2023-05-17 04:00:00,0.712864
4433,2023-05-17 04:15:00,0.712864
4434,2023-05-17 04:30:00,0.712864
4435,2023-05-17 04:45:00,0.712864
4436,2023-05-17 05:00:00,0.712864
4437,2023-05-17 05:15:00,0.712864
4438,2023-05-17 05:30:00,0.712864
4439,2023-05-17 05:45:00,0.712864
4440,2023-05-17 06:00:00,0.712864
4441,2023-05-17 06:15:00,0.712864
4442,2023-05-17 06:30:00,0.712864
4443,2023-05-17 06:45:00,0.712864
4444,2023-05-17 07:00:00,0.712864
4445,2023-05-17 07:15:00,0.72354138
4446,2023-05-17 07:30:00,0.72753006
4447,2023-05-17 07:45:00,0.7348804
4448,2023-05-17 08:00:00,0.75601508
4449,2023-05-17 08:15:00,0.7756556600000001
4450,2023-05-17 08:30:00,0.7941684999999999
4451,2023-05-17 08:45:00,0.81890574
4452,2023-05-17 09:00:00,0.8401555399999999
4453,2023-05-17 09:15:00,0.84912648
4454,2023-05-17 09:30:00,0.86668424
4455,2023-05-17 09:45:00,0.89199202
4456,2023-05-17 10:00:00,0.9111047800000001
4457,2023-05-17 10:15:00,0.92803994
4458,2023-05-17 10:30:00,0.9394171
4459,2023-05-17 10:45:00,0.94690218
4460,2023-05-17 11:00:00,0.94951158
4461,2023-05-17 11:15:00,0.94951158
4462,2023-05-17 11:30:00,0.94951158
4463,2023-05-17 11:45:00,0.94951158
4464,2023-05-17 12:00:00,0.94951158
4465,2023-05-17 12:15:00,0.94951158
4466,2023-05-17 12:30:00,0.9541085800000001
4467,2023-05-17 12:45:00,0.9706990000000001
4468,2023-05-17 13:00:00,0.99383688
4469,2023-05-17 13:15:00,0.9953174199999999
4470,2023-05-17 13:30:00,0.9953174199999999
4471,2023-05-17 13:45:00,0.9953174199999999
4472,2023-05-17 14:00:00,0.9953174199999999
4473,2023-05-17 14:15:00,0.9953174199999999
4474,2023-05-17 14:30:00,0.9953174199999999
4475,2023-05-17 14:45:00,0.9953174199999999
4476,2023-05-17 15:00:00,0.9953174199999999
4477,2023-05-17 15:15:00,0.9953174199999999
4478,2023-05-17 15:30:00,0.9953174199999999
4479,2023-05-17 15:45:00,0.9953174199999999
4480,2023-05-17 16:00:00,0.9953174199999999
4481,2023-05-17 16:15:00,0.9953174199999999
4482,2023-05-17 16:30:00,0.9953174199999999
4483,2023-05-17 16:45:00,0.9953174199999999
4484,2023-05-17 17:00:00,0.9953174199999999
4485,2023-05-17 17:15:00,0.9953174199999999
4486,2023-05-17 17:30:00,0.9953174199999999
4487,2023-05-17 17:45:00,0.9953174199999999
4488,2023-05-17 18:00:00,0.9953174199999999
4489,2023-05-17 18:15:00,0.9953174199999999
4490,2023-05-17 18:30:00,0.9953174199999999
4491,2023-05-17 18:45:00,0.9953174199999999
4492,2023-05-17 19:00:00,0.9953174199999999
4493,2023-05-17 19:15:00,0.9953174199999999
4494,2023-05-17 19:30:00,0.9953174199999999
4495,2023-05-17 19:45:00,0.9953174199999999
4496,2023-05-17 20:00:00,0.9953174199999999
4497,2023-05-17 20:15:00,0.9953174199999999
4498,2023-05-17 20:30:00,0.9953174199999999
4499,2023-05-17 20:45:00,0.9953174199999999
4500,2023-05-17 21:00:00,0.9953174199999999
4501,2023-05-17 21:15:00,0.9953174199999999
4502,2023-05-17 21:30:00,0.9953174199999999
4503,2023-05-17 21:45:00,0.9953174199999999
4504,2023-05-17 22:00:00,0.9953174199999999
4505,2023-05-17 22:15:00,0.9953174199999999
4506,2023-05-17 22:30:00,0.9953174199999999
4507,2023-05-17 22:45:00,0.9953174199999999
4508,2023-05-17 23:00:00,0.9953174199999999
4509,2023-05-17 23:15:00,0.9953174199999999
4510,2023-05-17 23:30:00,0.9953174199999999
4511,2023-05-17 23:45:00,0.9953174199999999
4512,2023-05-18 00:00:00,0.9953174199999999
4513,2023-05-18 00:15:00,0.9953174199999999
4514,2023-05-18 00:30:00,0.9953174199999999
4515,2023-05-18 00:45:00,0.9953174199999999
4516,2023-05-18 01:00:00,0.9953174199999999
4517,2023-05-18 01:15:00,0.9953174199999999
4518,2023-05-18 01:30:00,0.9953174199999999
4519,2023-05-18 01:45:00,0.9953174199999999
4520,2023-05-18 02:00:00,0.9953174199999999
4521,2023-05-18 02:15:00,0.9953174199999999
4522,2023-05-18 02:30:00,0.9953174199999999
4523,2023-05-18 02:45:00,0.9953174199999999
4524,2023-05-18 03:00:00,0.9953174199999999
4525,2023-05-18 03:15:00,0.9953174199999999
4526,2023-05-18 03:30:00,0.9953174199999999
4527,2023-05-18 03:45:00,0.9953174199999999
4528,2023-05-18 04:00:00,0.9953174199999999
4529,2023-05-18 04:15:00,0.9953174199999999
4530,2023-05-18 04:30:00,0.9953174199999999
4531,2023-05-18 04:45:00,0.9953174199999999
4532,2023-05-18 05:00:00,0.9953174199999999
4533,2023-05-18 05:15:00,0.9953174199999999
4534,2023-05-18 05:30:00,0.9953174199999999
4535,2023-05-18 05:45:00,0.9953174199999999
4536,2023-05-18 06:00:00,0.9953174199999999
4537,2023-05-18 06:15:00,0.9953174199999999
4538,2023-05-18 06:30:00,0.9953174199999999
4539,2023-05-18 06:45:00,0.9953174199999999
4540,2023-05-18 07:00:00,0.9953174199999999
4541,2023-05-18 07:15:00,0.9953174199999999
4542,2023-05-18 07:30:00,0.9953174199999999
4543,2023-05-18 07:45:00,0.9967978200000001
4544,2023-05-18 08:00:00,0.9974093
4545,2023-05-18 08:15:00,1.0
4546,2023-05-18 08:30:00,0.9968524995972072
4547,2023-05-18 08:45:00,0.9937049991944145
4548,2023-05-18 09:00:00,0.9905574987916217
4549,2023-05-18 09:15:00,0.9874099983888288
4550,2023-05-18 09:30:00,0.984262497986036
4551,2023-05-18 09:45:00,0.9811149975832433
4552,2023-05-18 10:00:00,0.9779674971804505
4553,2023-05-18 10:15:00,0.9748199967776577
4554,2023-05-18 10:30:00,0.971672496374865
4555,2023-05-18 10:45:00,0.9685249959720722
4556,2023-05-18 11:00:00,0.9653774955692793
4557,2023-05-18 11:15:00,0.9622299951664866
4558,2023-05-18 11:30:00,0.9590824947636938
4559,2023-05-18 11:45:00,0.955934994360901
4560,2023-05-18 12:00:00,0.9527874939581082
4561,2023-05-18 12:15:00,0.9496399935553155
4562,2023-05-18 12:30:00,0.9464924931525227
4563,2023-05-18 12:45:00,0.9433449927497299
4564,2023-05-18 13:00:00,0.9401974923469371
4565,2023-05-18 13:15:00,0.9370499919441443
4566,2023-05-18 13:30:00,0.9339024915413515
4567,2023-05-18 13:45:00,0.9307549911385588
4568,2023-05-18 14:00:00,0.927607490735766
4569,2023-05-18 14:15:00,0.9244599903329732
4570,2023-05-18 14:30:00,0.9213124899301804
4571,2023-05-18 14:45:00,0.9181649895273876
4572,2023-05-18 15:00:00,0.9150174891245948
4573,2023-05-18 15:15:00,0.911869988721802
4574,2023-05-18 15:30:00,0.9087224883190093
4575,2023-05-18 15:45:00,0.9055749879162165
4576,2023-05-18 16:00:00,0.9024274875134237
4577,2023-05-18 16:15:00,0.899279987110631
4578,2023-05-18 16:30:00,0.8961324867078382
4579,2023-05-18 16:45:00,0.8929849863050453
4580,2023-05-18 17:00:00,0.8898374859022525
4581,2023-05-18 17:15:00,0.8866899854994598
4582,2023-05-18 17:30:00,0.883542485096667
4583,2023-05-18 17:45:00,0.8803949846938742
4584,2023-05-18 18:00:00,0.8772474842910815
4585,2023-05-18 18:15:00,0.8740999838882886
4586,2023-05-18 18:30:00,0.8709524834854958
4587,2023-05-18 18:45:00,0.867804983082703
4588,2023-05-18 19:00:00,0.8646574826799103
4589,2023-05-18 19:15:00,0.8615099822771175
4590,2023-05-18 19:30:00,0.8615099822771175
4591,2023-05-18 19:45:00,0.8615099822771175
4592,2023-05-18 20:00:00,0.8615099822771175
4593,2023-05-18 20:15:00,0.8615099822771175
4594,2023-05-18 20:30:00,0.8615099822771175
4595,2023-05-18 20:45:00,0.8615099822771175
4596,2023-05-18 21:00:00,0.8615099822771175
4597,2023-05-18 21:15:00,0.8615099822771175
4598,2023-05-18 21:30:00,0.8615099822771175
4599,2023-05-18 21:45:00,0.8615099822771175
4600,2023-05-18 22:00:00,0.8615099822771175
4601,2023-05-18 22:15:00,0.8615099822771175
4602,2023-05-18 22:30:00,0.8615099822771175
4603,2023-05-18 22:45:00,0.8615099822771175
4604,2023-05-18 23:00:00,0.8615099822771175
4605,2023-05-18 23:15:00,0.8615099822771175
4606,2023-05-18 23:30:00,0.8615099822771175
4607,2023-05-18 23:45:00,0.8615099822771175
4608,2023-05-19 00:00:00,0.8615099822771175
4609,2023-05-19 00:15:00,0.8615099822771175
4610,2023-05-19 00:30:00,0.8615099822771175
4611,2023-05-19 00:45:00,0.8615099822771175
4612,2023-05-19 01:00:00,0.8615099822771175
4613,2023-05-19 01:15:00,0.8615099822771175
4614,2023-05-19 01:30:00,0.8615099822771175
4615,2023-05-19 01:45:00,0.8615099822771175
4616,2023-05-19 02:00:00,0.8615099822771175
4617,2023-05-19 02:15:00,0.8615099822771175
4618,2023-05-19 02:30:00,0.8615099822771175
4619,2023-05-19 02:45:00,0.8615099822771175
4620,2023-05-19 03:00:00,0.8615099822771175
4621,2023-05-19 03:15:00,0.8615099822771175
4622,2023-05-19 03:30:00,0.8615099822771175
4623,2023-05-19 03:45:00,0.8615099822771175
4624,2023-05-19 04:00:00,0.8615099822771175
4625,2023-05-19 04:15:00,0.8615099822771175
4626,2023-05-19 04:30:00,0.8615099822771175
4627,2023-05-19 04:45:00,0.8615099822771175
4628,2023-05-19 05:00:00,0.8615099822771175
4629,2023-05-19 05:15:00,0.8615099822771175
4630,2023-05-19 05:30:00,0.8615099822771175
4631,2023-05-19 05:45:00,0.8615099822771175
4632,2023-05-19 06:00:00,0.8615545400000001
4633,2023-05-19 06:15:00,0.8615545400000001
4634,2023-05-19 06:30:00,0.86158406
4635,2023-05-19 06:45:00,0.8618725
4636,2023-05-19 07:00:00,0.8620825999999999
4637,2023-05-19 07:15:00,0.86227812
4638,2023-05-19 07:30:00,0.86354178
4639,2023-05-19 07:45:00,0.8667672399999999
4640,2023-05-19 08:00:00,0.87129092
4641,2023-05-19 08:15:00,0.87525716
4642,2023-05-19 08:30:00,0.8707878332871796
4643,2023-05-19 08:45:00,0.8663185065743592
4644,2023-05-19 09:00:00,0.8618491798615388
4645,2023-05-19 09:15:00,0.8573798531487183
4646,2023-05-19 09:30:00,0.8529105264358979
4647,2023-05-19 09:45:00,0.8484411997230776
4648,2023-05-19 10:00:00,0.8439718730102572
4649,2023-05-19 10:15:00,0.8395025462974368
4650,2023-05-19 10:30:00,0.8350332195846164
4651,2023-05-19 10:45:00,0.830563892871796
4652,2023-05-19 11:00:00,0.8260945661589756
4653,2023-05-19 11:15:00,0.8216252394461552
4654,2023-05-19 11:30:00,0.8171559127333348
4655,2023-05-19 11:45:00,0.8126865860205144
4656,2023-05-19 12:00:00,0.808217259307694
4657,2023-05-19 12:15:00,0.8037479325948735
4658,2023-05-19 12:30:00,0.7992786058820531
4659,2023-05-19 12:45:00,0.7948092791692327
4660,2023-05-19 13:00:00,0.7903399524564124
4661,2023-05-19 13:15:00,0.785870625743592
4662,2023-05-19 13:30:00,0.7814012990307716
4663,2023-05-19 13:45:00,0.7769319723179512
4664,2023-05-19 14:00:00,0.7724626456051308
4665,2023-05-19 14:15:00,0.7679933188923104
4666,2023-05-19 14:30:00,0.76352399217949
4667,2023-05-19 14:45:00,0.7590546654666696
4668,2023-05-19 15:00:00,0.7545853387538491
4669,2023-05-19 15:15:00,0.7501160120410288
4670,2023-05-19 15:30:00,0.7456466853282084
4671,2023-05-19 15:45:00,0.741177358615388
4672,2023-05-19 16:00:00,0.7367080319025676
4673,2023-05-19 16:15:00,0.7322387051897472
4674,2023-05-19 16:30:00,0.7277693784769268
4675,2023-05-19 16:45:00,0.7233000517641064
4676,2023-05-19 17:00:00,0.73082846
4677,2023-05-19 17:15:00,0.7360671999999999
4678,2023-05-19 17:30:00,0.7401485
4679,2023-05-19 17:45:00,0.7424583199999999
4680,2023-05-19 18:00:00,0.7442515000000001
4681,2023-05-19 18:15:00,0.7442515000000001
4682,2023-05-19 18:30:00,0.7442515000000001
4683,2023-05-19 18:45:00,0.7442515000000001
4684,2023-05-19 19:00:00,0.7442515000000001
4685,2023-05-19 19:15:00,0.7442515000000001
4686,2023-05-19 19:30:00,0.7442515000000001
4687,2023-05-19 19:45:00,0.7442515000000001
4688,2023-05-19 20:00:00,0.7442515000000001
4689,2023-05-19 20:15:00,0.7442515000000001
4690,2023-05-19 20:30:00,0.7442515000000001
4691,2023-05-19 20:45:00,0.7442515000000001
4692,2023-05-19 21:00:00,0.7442515000000001
4693,2023-05-19 21:15:00,0.7442515000000001
4694,2023-05-19 21:30:00,0.7442515000000001
4695,2023-05-19 21:45:00,0.7442515000000001
4696,2023-05-19 22:00:00,0.7442515000000001
4697,2023-05-19 22:15:00,0.7442515000000001
4698,2023-05-19 22:30:00,0.7442515000000001
4699,2023-05-19 22:45:00,0.7442515000000001
4700,2023-05-19 23:00:00,0.7442515000000001
4701,2023-05-19 23:15:00,0.7442515000000001
4702,2023-05-19 23:30:00,0.7442515000000001
4703,2023-05-19 23:45:00,0.7442515000000001
4704,2023-05-20 00:00:00,0.7442515000000001
4705,2023-05-20 00:15:00,0.7442515000000001
4706,2023-05-20 00:30:00,0.7442515000000001
4707,2023-05-20 00:45:00,0.7442515000000001
4708,2023-05-20 01:00:00,0.7442515000000001
4709,2023-05-20 01:15:00,0.7442515000000001
4710,2023-05-20 01:30:00,0.7442515000000001
4711,2023-05-20 01:45:00,0.7442515000000001
4712,2023-05-20 02:00:00,0.7442515000000001
4713,2023-05-20 02:15:00,0.7442515000000001
4714,2023-05-20 02:30:00,0.7442515000000001
4715,2023-05-20 02:45:00,0.7442515000000001
4716,2023-05-20 03:00:00,0.7442515000000001
4717,2023-05-20 03:15:00,0.7442515000000001
4718,2023-05-20 03:30:00,0.7442515000000001
4719,2023-05-20 03:45:00,0.7442515000000001
4720,2023-05-20 04:00:00,0.7442515000000001
4721,2023-05-20 04:15:00,0.7442515000000001
4722,2023-05-20 04:30:00,0.7442515000000001
4723,2023-05-20 04:45:00,0.7442515000000001
4724,2023-05-20 05:00:00,0.7442515000000001
4725,2023-05-20 05:15:00,0.7442515000000001
4726,2023-05-20 05:30:00,0.7442515000000001
4727,2023-05-20 05:45:00,0.7443603
4728,2023-05-20 06:00:00,0.7453596400000001
4729,2023-05-20 06:15:00,0.74755158
4730,2023-05-20 06:30:00,0.7510680999999999
4731,2023-05-20 06:45:00,0.75630038
4732,2023-05-20 07:00:00,0.76107696
4733,2023-05-20 07:15:00,0.7685025
4734,2023-05-20 07:30:00,0.77936944
4735,2023-05-20 07:45:00,0.79305268
4736,2023-05-20 08:00:00,0.80908688
4737,2023-05-20 08:15:00,0.8273512599999999
4738,2023-05-20 08:30:00,0.82020246
4739,2023-05-20 08:45:00,0.8130536599999999
4740,2023-05-20 09:00:00,0.80590486
4741,2023-05-20 09:15:00,0.7987560599999999
4742,2023-05-20 09:30:00,0.7916072599999999
4743,2023-05-20 09:45:00,0.78445846
4744,2023-05-20 10:00:00,0.7773096599999999
4745,2023-05-20 10:15:00,0.77016086
4746,2023-05-20 10:30:00,0.7630120599999999
4747,2023-05-20 10:45:00,0.7558632599999999
4748,2023-05-20 11:00:00,0.74871446
4749,2023-05-20 11:15:00,0.7415656599999999
4750,2023-05-20 11:30:00,0.73441686
4751,2023-05-20 11:45:00,0.7272680599999999
4752,2023-05-20 12:00:00,0.7201192599999999
4753,2023-05-20 12:15:00,0.71297046
4754,2023-05-20 12:30:00,0.7058216599999999
4755,2023-05-20 12:45:00,0.69867286
4756,2023-05-20 13:00:00,0.6915240599999999
4757,2023-05-20 13:15:00,0.6843752599999999
4758,2023-05-20 13:30:00,0.67722646
4759,2023-05-20 13:45:00,0.6700776599999999
4760,2023-05-20 14:00:00,0.66292886
4761,2023-05-20 14:15:00,0.6557800599999999
4762,2023-05-20 14:30:00,0.6486312599999999
4763,2023-05-20 14:45:00,0.64148246
4764,2023-05-20 15:00:00,0.6343336599999999
4765,2023-05-20 15:15:00,0.62718486
4766,2023-05-20 15:30:00,0.6200360599999999
4767,2023-05-20 15:45:00,0.6128872599999999
4768,2023-05-20 16:00:00,0.63300706
4769,2023-05-20 16:15:00,0.65105898
4770,2023-05-20 16:30:00,0.67141936
4771,2023-05-20 16:45:00,0.68418868
4772,2023-05-20 17:00:00,0.6892780999999999
4773,2023-05-20 17:15:00,0.69656474
4774,2023-05-20 17:30:00,0.7025487800000001
4775,2023-05-20 17:45:00,0.70643576
4776,2023-05-20 18:00:00,0.71067752
4777,2023-05-20 18:15:00,0.7133711599999999
4778,2023-05-20 18:30:00,0.71567032
4779,2023-05-20 18:45:00,0.7174345200000001
4780,2023-05-20 19:00:00,0.7183572599999999
4781,2023-05-20 19:15:00,0.7183572599999999
4782,2023-05-20 19:30:00,0.7183572599999999
4783,2023-05-20 19:45:00,0.7183572599999999
4784,2023-05-20 20:00:00,0.7183572599999999
4785,2023-05-20 20:15:00,0.7183572599999999
4786,2023-05-20 20:30:00,0.7183572599999999
4787,2023-05-20 20:45:00,0.7183572599999999
4788,2023-05-20 21:00:00,0.7183572599999999
4789,2023-05-20 21:15:00,0.7183572599999999
4790,2023-05-20 21:30:00,0.7183572599999999
4791,2023-05-20 21:45:00,0.7183572599999999
4792,2023-05-20 22:00:00,0.7183572599999999
4793,2023-05-20 22:15:00,0.7183572599999999
4794,2023-05-20 22:30:00,0.7183572599999999
4795,2023-05-20 22:45:00,0.7183572599999999
4796,2023-05-20 23:00:00,0.7183572599999999
4797,2023-05-20 23:15:00,0.7183572599999999
4798,2023-05-20 23:30:00,0.7183572599999999
4799,2023-05-20 23:45:00,0.7183572599999999
4800,2023-05-21 00:00:00,0.7183572599999999
4801,2023-05-21 00:15:00,0.7183572599999999
4802,2023-05-21 00:30:00,0.7183572599999999
4803,2023-05-21 00:45:00,0.7183572599999999
4804,2023-05-21 01:00:00,0.7183572599999999
4805,2023-05-21 01:15:00,0.7183572599999999
4806,2023-05-21 01:30:00,0.7183572599999999
4807,2023-05-21 01:45:00,0.7183572599999999
4808,2023-05-21 02:00:00,0.7183572599999999
4809,2023-05-21 02:15:00,0.7183572599999999
4810,2023-05-21 02:30:00,0.7183572599999999
4811,2023-05-21 02:45:00,0.7183572599999999
4812,2023-05-21 03:00:00,0.7183572599999999
4813,2023-05-21 03:15:00,0.7183572599999999
4814,2023-05-21 03:30:00,0.7183572599999999
4815,2023-05-21 03:45:00,0.7183572599999999
4816,2023-05-21 04:00:00,0.7183572599999999
4817,2023-05-21 04:15:00,0.7183572599999999
4818,2023-05-21 04:30:00,0.7183572599999999
4819,2023-05-21 04:45:00,0.7183572599999999
4820,2023-05-21 05:00:00,0.7183572599999999
4821,2023-05-21 05:15:00,0.7183572599999999
4822,2023-05-21 05:30:00,0.71869574
4823,2023-05-21 05:45:00,0.7197970599999999
4824,2023-05-21 06:00:00,0.72106994
4825,2023-05-21 06:15:00,0.7222997800000001
4826,2023-05-21 06:30:00,0.7231287000000001
4827,2023-05-21 06:45:00,0.7238978199999999
4828,2023-05-21 07:00:00,0.7243831199999999
4829,2023-05-21 07:15:00,0.7256713
4830,2023-05-21 07:30:00,0.7279956799999999
4831,2023-05-21 07:45:00,0.73167166
4832,2023-05-21 08:00:00,0.7406840800000001
4833,2023-05-21 08:15:00,0.7609109
4834,2023-05-21 08:30:00,0.8
4835,2023-05-21 08:45:00,0.82223034
4836,2023-05-21 09:00:00,0.8168913319928841
4837,2023-05-21 09:15:00,0.8115523239857683
4838,2023-05-21 09:30:00,0.8062133159786523
4839,2023-05-21 09:45:00,0.8008743079715365
4840,2023-05-21 10:00:00,0.7955352999644206
4841,2023-05-21 10:15:00,0.7901962919573047
4842,2023-05-21 10:30:00,0.7848572839501888
4843,2023-05-21 10:45:00,0.779518275943073
4844,2023-05-21 11:00:00,0.7741792679359571
4845,2023-05-21 11:15:00,0.7688402599288413
4846,2023-05-21 11:30:00,0.7635012519217254
4847,2023-05-21 11:45:00,0.7581622439146095
4848,2023-05-21 12:00:00,0.7528232359074937
4849,2023-05-21 12:15:00,0.7474842279003777
4850,2023-05-21 12:30:00,0.7421452198932619
4851,2023-05-21 12:45:00,0.736806211886146
4852,2023-05-21 13:00:00,0.7314672038790302
4853,2023-05-21 13:15:00,0.7261281958719144
4854,2023-05-21 13:30:00,0.7207891878647984
4855,2023-05-21 13:45:00,0.7154501798576826
4856,2023-05-21 14:00:00,0.7101111718505667
4857,2023-05-21 14:15:00,0.7047721638434508
4858,2023-05-21 14:30:00,0.6994331558363349
4859,2023-05-21 14:45:00,0.6940941478292191
4860,2023-05-21 15:00:00,0.6887551398221032
4861,2023-05-21 15:15:00,0.6834161318149874
4862,2023-05-21 15:30:00,0.6780771238078714
4863,2023-05-21 15:45:00,0.6727381158007556
4864,2023-05-21 16:00:00,0.6673991077936398
4865,2023-05-21 16:15:00,0.6620600997865238
4866,2023-05-21 16:30:00,0.656721091779408
4867,2023-05-21 16:45:00,0.6513820837722921
4868,2023-05-21 17:00:00,0.6639053800000001
4869,2023-05-21 17:15:00,0.6734036999999999
4870,2023-05-21 17:30:00,0.6799927
4871,2023-05-21 17:45:00,0.6846045599999999
4872,2023-05-21 18:00:00,0.6890069400000001
4873,2023-05-21 18:15:00,0.6933807799999999
4874,2023-05-21 18:30:00,0.6972453000000001
4875,2023-05-21 18:45:00,0.69963372
4876,2023-05-21 19:00:00,0.70020054
4877,2023-05-21 19:15:00,0.70020054
4878,2023-05-21 19:30:00,0.70020054
4879,2023-05-21 19:45:00,0.70020054
4880,2023-05-21 20:00:00,0.70020054
4881,2023-05-21 20:15:00,0.70020054
4882,2023-05-21 20:30:00,0.70020054
4883,2023-05-21 20:45:00,0.70020054
4884,2023-05-21 21:00:00,0.70020054
4885,2023-05-21 21:15:00,0.70020054
4886,2023-05-21 21:30:00,0.70020054
4887,2023-05-21 21:45:00,0.70020054
4888,2023-05-21 22:00:00,0.70020054
4889,2023-05-21 22:15:00,0.70020054
4890,2023-05-21 22:30:00,0.70020054
4891,2023-05-21 22:45:00,0.70020054
4892,2023-05-21 23:00:00,0.70020054
4893,2023-05-21 23:15:00,0.70020054
4894,2023-05-21 23:30:00,0.70020054
4895,2023-05-21 23:45:00,0.70020054
4896,2023-05-22 00:00:00,0.70020054
4897,2023-05-22 00:15:00,0.70020054
4898,2023-05-22 00:30:00,0.70020054
4899,2023-05-22 00:45:00,0.70020054
4900,2023-05-22 01:00:00,0.70020054
4901,2023-05-22 01:15:00,0.70020054
4902,2023-05-22 01:30:00,0.70020054
4903,2023-05-22 01:45:00,0.70020054
4904,2023-05-22 02:00:00,0.70020054
4905,2023-05-22 02:15:00,0.70020054
4906,2023-05-22 02:30:00,0.70020054
4907,2023-05-22 02:45:00,0.70020054
4908,2023-05-22 03:00:00,0.70020054
4909,2023-05-22 03:15:00,0.70020054
4910,2023-05-22 03:30:00,0.70020054
4911,2023-05-22 03:45:00,0.70020054
4912,2023-05-22 04:00:00,0.70020054
4913,2023-05-22 04:15:00,0.70020054
4914,2023-05-22 04:30:00,0.70020054
4915,2023-05-22 04:45:00,0.70020054
4916,2023-05-22 05:00:00,0.70020054
4917,2023-05-22 05:15:00,0.70020054
4918,2023-05-22 05:30:00,0.70020054
4919,2023-05-22 05:45:00,0.70044986
4920,2023-05-22 06:00:00,0.70110112
4921,2023-05-22 06:15:00,0.70253378
4922,2023-05-22 06:30:00,0.704928
4923,2023-05-22 06:45:00,0.70858202
4924,2023-05-22 07:00:00,0.71295932
4925,2023-05-22 07:15:00,0.7177891599999999
4926,2023-05-22 07:30:00,0.7226434
4927,2023-05-22 07:45:00,0.7284767200000001
4928,2023-05-22 08:00:00,0.73865508
4929,2023-05-22 08:15:00,0.76821158
4930,2023-05-22 08:30:00,0.8
4931,2023-05-22 08:45:00,0.82310052
4932,2023-05-22 09:00:00,0.8184738350241396
4933,2023-05-22 09:15:00,0.8138471500482792
4934,2023-05-22 09:30:00,0.809220465072419
4935,2023-05-22 09:45:00,0.8045937800965586
4936,2023-05-22 10:00:00,0.7999670951206982
4937,2023-05-22 10:15:00,0.7953404101448378
4938,2023-05-22 10:30:00,0.7907137251689775
4939,2023-05-22 10:45:00,0.7860870401931171
4940,2023-05-22 11:00:00,0.7814603552172568
4941,2023-05-22 11:15:00,0.7768336702413964
4942,2023-05-22 11:30:00,0.7722069852655361
4943,2023-05-22 11:45:00,0.7675803002896757
4944,2023-05-22 12:00:00,0.7629536153138153
4945,2023-05-22 12:15:00,0.758326930337955
4946,2023-05-22 12:30:00,0.7537002453620947
4947,2023-05-22 12:45:00,0.7490735603862343
4948,2023-05-22 13:00:00,0.7444468754103739
4949,2023-05-22 13:15:00,0.7398201904345135
4950,2023-05-22 13:30:00,0.7351935054586531
4951,2023-05-22 13:45:00,0.7305668204827929
4952,2023-05-22 14:00:00,0.7259401355069325
4953,2023-05-22 14:15:00,0.7213134505310721
4954,2023-05-22 14:30:00,0.7166867655552117
4955,2023-05-22 14:45:00,0.7120600805793514
4956,2023-05-22 15:00:00,0.707433395603491
4957,2023-05-22 15:15:00,0.7028067106276307
4958,2023-05-22 15:30:00,0.6981800256517703
4959,2023-05-22 15:45:00,0.69355334067591
4960,2023-05-22 16:00:00,0.6889266557000496
4961,2023-05-22 16:15:00,0.6842999707241892
4962,2023-05-22 16:30:00,0.6796732857483289
4963,2023-05-22 16:45:00,0.6750466007724685
4964,2023-05-22 17:00:00,0.6704199157966082
4965,2023-05-22 17:15:00,0.6657932308207478
4966,2023-05-22 17:30:00,0.6611665458448874
4967,2023-05-22 17:45:00,0.6565398608690272
4968,2023-05-22 18:00:00,0.6519131758931668
4969,2023-05-22 18:15:00,0.6472864909173064
4970,2023-05-22 18:30:00,0.65092152
4971,2023-05-22 18:45:00,0.6529073200000001
4972,2023-05-22 19:00:00,0.6540601599999999
4973,2023-05-22 19:15:00,0.6540601599999999
4974,2023-05-22 19:30:00,0.6540601599999999
4975,2023-05-22 19:45:00,0.6540601599999999
4976,2023-05-22 20:00:00,0.6540601599999999
4977,2023-05-22 20:15:00,0.6540601599999999
4978,2023-05-22 20:30:00,0.6540601599999999
4979,2023-05-22 20:45:00,0.6540601599999999
4980,2023-05-22 21:00:00,0.6540601599999999
4981,2023-05-22 21:15:00,0.6540601599999999
4982,2023-05-22 21:30:00,0.6540601599999999
4983,2023-05-22 21:45:00,0.6540601599999999
4984,2023-05-22 22:00:00,0.6540601599999999
4985,2023-05-22 22:15:00,0.6540601599999999
4986,2023-05-22 22:30:00,0.6540601599999999
4987,2023-05-22 22:45:00,0.6540601599999999
4988,2023-05-22 23:00:00,0.6540601599999999
4989,2023-05-22 23:15:00,0.6540601599999999
4990,2023-05-22 23:30:00,0.6540601599999999
4991,2023-05-22 23:45:00,0.6540601599999999
4992,2023-05-23 00:00:00,0.6540601599999999
4993,2023-05-23 00:15:00,0.6540601599999999
4994,2023-05-23 00:30:00,0.6540601599999999
4995,2023-05-23 00:45:00,0.6540601599999999
4996,2023-05-23 01:00:00,0.6540601599999999
4997,2023-05-23 01:15:00,0.6540601599999999
4998,2023-05-23 01:30:00,0.6540601599999999
4999,2023-05-23 01:45:00,0.6540601599999999
5000,2023-05-23 02:00:00,0.6540601599999999
5001,2023-05-23 02:15:00,0.6540601599999999
5002,2023-05-23 02:30:00,0.6540601599999999
5003,2023-05-23 02:45:00,0.6540601599999999
5004,2023-05-23 03:00:00,0.6540601599999999
5005,2023-05-23 03:15:00,0.6540601599999999
5006,2023-05-23 03:30:00,0.6540601599999999
5007,2023-05-23 03:45:00,0.6540601599999999
5008,2023-05-23 04:00:00,0.6540601599999999
5009,2023-05-23 04:15:00,0.6540601599999999
5010,2023-05-23 04:30:00,0.6540601599999999
5011,2023-05-23 04:45:00,0.6540601599999999
5012,2023-05-23 05:00:00,0.6540601599999999
5013,2023-05-23 05:15:00,0.6540601599999999
5014,2023-05-23 05:30:00,0.65451386
5015,2023-05-23 05:45:00,0.65549618
5016,2023-05-23 06:00:00,0.6575792800000001
5017,2023-05-23 06:15:00,0.66137616
5018,2023-05-23 06:30:00,0.66692514
5019,2023-05-23 06:45:00,0.67448518
5020,2023-05-23 07:00:00,0.6840978
5021,2023-05-23 07:15:00,0.69581458
5022,2023-05-23 07:30:00,0.7098679
5023,2023-05-23 07:45:00,0.72631106
5024,2023-05-23 08:00:00,0.74511314
5025,2023-05-23 08:15:00,0.7662455
5026,2023-05-23 08:30:00,0.8
5027,2023-05-23 08:45:00,0.8
5028,2023-05-23 09:00:00,0.7971891612903226
5029,2023-05-23 09:15:00,0.7943783225806452
5030,2023-05-23 09:30:00,0.7915674838709678
5031,2023-05-23 09:45:00,0.7887566451612904
5032,2023-05-23 10:00:00,0.7859458064516129
5033,2023-05-23 10:15:00,0.7831349677419355
5034,2023-05-23 10:30:00,0.7803241290322581
5035,2023-05-23 10:45:00,0.7775132903225807
5036,2023-05-23 11:00:00,0.7747024516129033
5037,2023-05-23 11:15:00,0.7718916129032258
5038,2023-05-23 11:30:00,0.7690807741935485
5039,2023-05-23 11:45:00,0.766269935483871
5040,2023-05-23 12:00:00,0.7634590967741935
5041,2023-05-23 12:15:00,0.7606482580645162
5042,2023-05-23 12:30:00,0.7578374193548387
5043,2023-05-23 12:45:00,0.7550265806451614
5044,2023-05-23 13:00:00,0.7522157419354839
5045,2023-05-23 13:15:00,0.7494049032258066
5046,2023-05-23 13:30:00,0.7465940645161291
5047,2023-05-23 13:45:00,0.7437832258064516
5048,2023-05-23 14:00:00,0.7409723870967743
5049,2023-05-23 14:15:00,0.7381615483870968
5050,2023-05-23 14:30:00,0.7353507096774194
5051,2023-05-23 14:45:00,0.732539870967742
5052,2023-05-23 15:00:00,0.7297290322580645
5053,2023-05-23 15:15:00,0.7269181935483872
5054,2023-05-23 15:30:00,0.7241073548387097
5055,2023-05-23 15:45:00,0.7212965161290323
5056,2023-05-23 16:00:00,0.7184856774193549
5057,2023-05-23 16:15:00,0.7156748387096774
5058,2023-05-23 16:30:00,0.712864
5059,2023-05-23 16:45:00,0.712864
5060,2023-05-23 17:00:00,0.712864
5061,2023-05-23 17:15:00,0.712864
5062,2023-05-23 17:30:00,0.712864
5063,2023-05-23 17:45:00,0.712864
5064,2023-05-23 18:00:00,0.712864
5065,2023-05-23 18:15:00,0.712864
5066,2023-05-23 18:30:00,0.712864
5067,2023-05-23 18:45:00,0.712864
5068,2023-05-23 19:00:00,0.712864
5069,2023-05-23 19:15:00,0.712864
5070,2023-05-23 19:30:00,0.712864
5071,2023-05-23 19:45:00,0.712864
5072,2023-05-23 20:00:00,0.712864
5073,2023-05-23 20:15:00,0.712864
5074,2023-05-23 20:30:00,0.712864
5075,2023-05-23 20:45:00,0.712864
5076,2023-05-23 21:00:00,0.712864
5077,2023-05-23 21:15:00,0.712864
5078,2023-05-23 21:30:00,0.712864
5079,2023-05-23 21:45:00,0.712864
5080,2023-05-23 22:00:00,0.712864
5081,2023-05-23 22:15:00,0.712864
5082,2023-05-23 22:30:00,0.712864
5083,2023-05-23 22:45:00,0.712864
5084,2023-05-23 23:00:00,0.712864
5085,2023-05-23 23:15:00,0.712864
5086,2023-05-23 23:30:00,0.712864
5087,2023-05-23 23:45:00,0.712864
5088,2023-05-24 00:00:00,0.712864
5089,2023-05-24 00:15:00,0.712864
5090,2023-05-24 00:30:00,0.712864
5091,2023-05-24 00:45:00,0.712864
5092,2023-05-24 01:00:00,0.712864
5093,2023-05-24 01:15:00,0.712864
5094,2023-05-24 01:30:00,0.712864
5095,2023-05-24 01:45:00,0.712864
5096,2023-05-24 02:00:00,0.712864
5097,2023-05-24 02:15:00,0.712864
5098,2023-05-24 02:30:00,0.712864
5099,2023-05-24 02:45:00,0.712864
5100,2023-05-24 03:00:00,0.712864
5101,2023-05-24 03:15:00,0.712864
5102,2023-05-24 03:30:00,0.712864
5103,2023-05-24 03:45:00,0.712864
5104,2023-05-24 04:00:00,0.712864
5105,2023-05-24 04:15:00,0.712864
5106,2023-05-24 04:30:00,0.712864
5107,2023-05-24 04:45:00,0.712864
5108,2023-05-24 05:00:00,0.712864
5109,2023-05-24 05:15:00,0.712864
5110,2023-05-24 05:30:00,0.712864
5111,2023-05-24 05:45:00,0.712864
5112,2023-05-24 06:00:00,0.712864
5113,2023-05-24 06:15:00,0.71390816
5114,2023-05-24 06:30:00,0.71390816
5115,2023-05-24 06:45:00,0.7193313
5116,2023-05-24 07:00:00,0.7193313
5117,2023-05-24 07:15:00,0.7193313
5118,2023-05-24 07:30:00,0.7193313
5119,2023-05-24 07:45:00,0.7193313
5120,2023-05-24 08:00:00,0.72877944
5121,2023-05-24 08:15:00,0.7433434800000001
5122,2023-05-24 08:30:00,0.7643175
5123,2023-05-24 08:45:00,0.7858918
5124,2023-05-24 09:00:00,0.80907
5125,2023-05-24 09:15:00,0.80907
5126,2023-05-24 09:30:00,0.80907
5127,2023-05-24 09:45:00,0.80907
5128,2023-05-24 10:00:00,0.8290395599999999
5129,2023-05-24 10:15:00,0.8290395599999999
5130,2023-05-24 10:30:00,0.84261506
5131,2023-05-24 10:45:00,0.84261506
5132,2023-05-24 11:00:00,0.84261506
5133,2023-05-24 11:15:00,0.8660174399999999
5134,2023-05-24 11:30:00,0.88968216
5135,2023-05-24 11:45:00,0.8912455
5136,2023-05-24 12:00:00,0.8912455
5137,2023-05-24 12:15:00,0.91068356
5138,2023-05-24 12:30:00,0.9196911
5139,2023-05-24 12:45:00,0.9196911
5140,2023-05-24 13:00:00,0.9196911
5141,2023-05-24 13:15:00,0.9196911
5142,2023-05-24 13:30:00,0.9372694
5143,2023-05-24 13:45:00,0.9707271199999999
5144,2023-05-24 14:00:00,0.9707271199999999
5145,2023-05-24 14:15:00,0.9831810799999999
5146,2023-05-24 14:30:00,0.9831810799999999
5147,2023-05-24 14:45:00,0.9831810799999999
5148,2023-05-24 15:00:00,0.9831810799999999
5149,2023-05-24 15:15:00,0.9831810799999999
5150,2023-05-24 15:30:00,0.9861526399999999
5151,2023-05-24 15:45:00,0.9861526399999999
5152,2023-05-24 16:00:00,0.9861526399999999
5153,2023-05-24 16:15:00,0.9861526399999999
5154,2023-05-24 16:30:00,0.9861526399999999
5155,2023-05-24 16:45:00,0.9861526399999999
5156,2023-05-24 17:00:00,0.9861526399999999
5157,2023-05-24 17:15:00,0.9861526399999999
5158,2023-05-24 17:30:00,0.9861526399999999
5159,2023-05-24 17:45:00,0.9861526399999999
5160,2023-05-24 18:00:00,0.9861526399999999
5161,2023-05-24 18:15:00,0.9861526399999999
5162,2023-05-24 18:30:00,0.9861526399999999
5163,2023-05-24 18:45:00,0.9861526399999999
5164,2023-05-24 19:00:00,0.9861526399999999
5165,2023-05-24 19:15:00,0.9861526399999999
5166,2023-05-24 19:30:00,0.9861526399999999
5167,2023-05-24 19:45:00,0.9861526399999999
5168,2023-05-24 20:00:00,0.9861526399999999
5169,2023-05-24 20:15:00,0.9861526399999999
5170,2023-05-24 20:30:00,0.9861526399999999
5171,2023-05-24 20:45:00,0.9861526399999999
5172,2023-05-24 21:00:00,0.9861526399999999
5173,2023-05-24 21:15:00,0.9861526399999999
5174,2023-05-24 21:30:00,0.9861526399999999
5175,2023-05-24 21:45:00,0.9861526399999999
5176,2023-05-24 22:00:00,0.9861526399999999
5177,2023-05-24 22:15:00,0.9861526399999999
5178,2023-05-24 22:30:00,0.9861526399999999
5179,2023-05-24 22:45:00,0.9861526399999999
5180,2023-05-24 23:00:00,0.9861526399999999
5181,2023-05-24 23:15:00,0.9861526399999999
5182,2023-05-24 23:30:00,0.9861526399999999
5183,2023-05-24 23:45:00,0.9861526399999999
5184,2023-05-25 00:00:00,0.9861526399999999
5185,2023-05-25 00:15:00,0.9861526399999999
5186,2023-05-25 00:30:00,0.9861526399999999
5187,2023-05-25 00:45:00,0.9861526399999999
5188,2023-05-25 01:00:00,0.9861526399999999
5189,2023-05-25 01:15:00,0.9861526399999999
5190,2023-05-25 01:30:00,0.9861526399999999
5191,2023-05-25 01:45:00,0.9861526399999999
5192,2023-05-25 02:00:00,0.9861526399999999
5193,2023-05-25 02:15:00,0.9861526399999999
5194,2023-05-25 02:30:00,0.9861526399999999
5195,2023-05-25 02:45:00,0.9861526399999999
5196,2023-05-25 03:00:00,0.9861526399999999
5197,2023-05-25 03:15:00,0.9861526399999999
5198,2023-05-25 03:30:00,0.9861526399999999
5199,2023-05-25 03:45:00,0.9861526399999999
5200,2023-05-25 04:00:00,0.9861526399999999
5201,2023-05-25 04:15:00,0.9861526399999999
5202,2023-05-25 04:30:00,0.9861526399999999
5203,2023-05-25 04:45:00,0.9861526399999999
5204,2023-05-25 05:00:00,0.9861526399999999
5205,2023-05-25 05:15:00,0.9861526399999999
5206,2023-05-25 05:30:00,0.9861526399999999
5207,2023-05-25 05:45:00,0.9861526399999999
5208,2023-05-25 06:00:00,0.9861526399999999
5209,2023-05-25 06:15:00,0.9861526399999999
5210,2023-05-25 06:30:00,0.9861526399999999
5211,2023-05-25 06:45:00,0.9861526399999999
5212,2023-05-25 07:00:00,0.9861526399999999
5213,2023-05-25 07:15:00,0.98895054
5214,2023-05-25 07:30:00,0.98895054
5215,2023-05-25 07:45:00,0.9933131000000001
5216,2023-05-25 08:00:00,0.9933131000000001
5217,2023-05-25 08:15:00,1.0
5218,2023-05-25 08:30:00,0.9943935239195077
5219,2023-05-25 08:45:00,0.9887870478390154
5220,2023-05-25 09:00:00,0.9831805717585231
5221,2023-05-25 09:15:00,0.9775740956780309
5222,2023-05-25 09:30:00,0.9719676195975385
5223,2023-05-25 09:45:00,0.9663611435170463
5224,2023-05-25 10:00:00,0.9607546674365539
5225,2023-05-25 10:15:00,0.9551481913560617
5226,2023-05-25 10:30:00,0.9495417152755694
5227,2023-05-25 10:45:00,0.943935239195077
5228,2023-05-25 11:00:00,0.9383287631145848
5229,2023-05-25 11:15:00,0.9327222870340925
5230,2023-05-25 11:30:00,0.9271158109536002
5231,2023-05-25 11:45:00,0.9215093348731079
5232,2023-05-25 12:00:00,0.9159028587926157
5233,2023-05-25 12:15:00,0.9102963827121233
5234,2023-05-25 12:30:00,0.9046899066316311
5235,2023-05-25 12:45:00,0.8990834305511387
5236,2023-05-25 13:00:00,0.8934769544706465
5237,2023-05-25 13:15:00,0.8878704783901542
5238,2023-05-25 13:30:00,0.8822640023096618
5239,2023-05-25 13:45:00,0.8766575262291696
5240,2023-05-25 14:00:00,0.8710510501486772
5241,2023-05-25 14:15:00,0.865444574068185
5242,2023-05-25 14:30:00,0.8598380979876927
5243,2023-05-25 14:45:00,0.8542316219072004
5244,2023-05-25 15:00:00,0.8486251458267081
5245,2023-05-25 15:15:00,0.8430186697462159
5246,2023-05-25 15:30:00,0.8374121936657235
5247,2023-05-25 15:45:00,0.8318057175852313
5248,2023-05-25 16:00:00,0.826199241504739
5249,2023-05-25 16:15:00,0.8205927654242466
5250,2023-05-25 16:30:00,0.8149862893437544
5251,2023-05-25 16:45:00,0.8093798132632621
5252,2023-05-25 17:00:00,0.8037733371827698
5253,2023-05-25 17:15:00,0.7981668611022775
5254,2023-05-25 17:30:00,0.7925603850217853
5255,2023-05-25 17:45:00,0.7869539089412929
5256,2023-05-25 18:00:00,0.79148456
5257,2023-05-25 18:15:00,0.7944644
5258,2023-05-25 18:30:00,0.79635468
5259,2023-05-25 18:45:00,0.79774852
5260,2023-05-25 19:00:00,0.79877432
5261,2023-05-25 19:15:00,0.79877432
5262,2023-05-25 19:30:00,0.79877432
5263,2023-05-25 19:45:00,0.79877432
5264,2023-05-25 20:00:00,0.79877432
5265,2023-05-25 20:15:00,0.79877432
5266,2023-05-25 20:30:00,0.79877432
5267,2023-05-25 20:45:00,0.79877432
5268,2023-05-25 21:00:00,0.79877432
5269,2023-05-25 21:15:00,0.79877432
5270,2023-05-25 21:30:00,0.79877432
5271,2023-05-25 21:45:00,0.79877432
5272,2023-05-25 22:00:00,0.79877432
5273,2023-05-25 22:15:00,0.79877432
5274,2023-05-25 22:30:00,0.79877432
5275,2023-05-25 22:45:00,0.79877432
5276,2023-05-25 23:00:00,0.79877432
5277,2023-05-25 23:15:00,0.79877432
5278,2023-05-25 23:30:00,0.79877432
5279,2023-05-25 23:45:00,0.79877432
5280,2023-05-26 00:00:00,0.79877432
5281,2023-05-26 00:15:00,0.79877432
5282,2023-05-26 00:30:00,0.79877432
5283,2023-05-26 00:45:00,0.79877432
5284,2023-05-26 01:00:00,0.79877432
5285,2023-05-26 01:15:00,0.79877432
5286,2023-05-26 01:30:00,0.79877432
5287,2023-05-26 01:45:00,0.79877432
5288,2023-05-26 02:00:00,0.79877432
5289,2023-05-26 02:15:00,0.79877432
5290,2023-05-26 02:30:00,0.79877432
5291,2023-05-26 02:45:00,0.79877432
5292,2023-05-26 03:00:00,0.79877432
5293,2023-05-26 03:15:00,0.79877432
5294,2023-05-26 03:30:00,0.79877432
5295,2023-05-26 03:45:00,0.79877432
5296,2023-05-26 04:00:00,0.79877432
5297,2023-05-26 04:15:00,0.79877432
5298,2023-05-26 04:30:00,0.79877432
5299,2023-05-26 04:45:00,0.79877432
5300,2023-05-26 05:00:00,0.79877432
5301,2023-05-26 05:15:00,0.79877432
5302,2023-05-26 05:30:00,0.7988468799999999
5303,2023-05-26 05:45:00,0.79939386
5304,2023-05-26 06:00:00,0.80076378
5305,2023-05-26 06:15:00,0.80308738
5306,2023-05-26 06:30:00,0.80558802
5307,2023-05-26 06:45:00,0.80735006
5308,2023-05-26 07:00:00,0.8093038
5309,2023-05-26 07:15:00,0.81211482
5310,2023-05-26 07:30:00,0.81211482
5311,2023-05-26 07:45:00,0.81211482
5312,2023-05-26 08:00:00,0.81582486
5313,2023-05-26 08:15:00,0.82367764
5314,2023-05-26 08:30:00,0.82955398
5315,2023-05-26 08:45:00,0.8238740097885442
5316,2023-05-26 09:00:00,0.8181940395770885
5317,2023-05-26 09:15:00,0.8125140693656326
5318,2023-05-26 09:30:00,0.8068340991541769
5319,2023-05-26 09:45:00,0.8011541289427211
5320,2023-05-26 10:00:00,0.7954741587312654
5321,2023-05-26 10:15:00,0.7897941885198095
5322,2023-05-26 10:30:00,0.7841142183083538
5323,2023-05-26 10:45:00,0.778434248096898
5324,2023-05-26 11:00:00,0.7727542778854423
5325,2023-05-26 11:15:00,0.7670743076739864
5326,2023-05-26 11:30:00,0.7613943374625307
5327,2023-05-26 11:45:00,0.7557143672510749
5328,2023-05-26 12:00:00,0.750034397039619
5329,2023-05-26 12:15:00,0.7443544268281633
5330,2023-05-26 12:30:00,0.7386744566167076
5331,2023-05-26 12:45:00,0.7329944864052518
5332,2023-05-26 13:00:00,0.727314516193796
5333,2023-05-26 13:15:00,0.7216345459823402
5334,2023-05-26 13:30:00,0.7159545757708844
5335,2023-05-26 13:45:00,0.7102746055594287
5336,2023-05-26 14:00:00,0.7045946353479728
5337,2023-05-26 14:15:00,0.6989146651365171
5338,2023-05-26 14:30:00,0.6932346949250613
5339,2023-05-26 14:45:00,0.6875547247136056
5340,2023-05-26 15:00:00,0.6818747545021497
5341,2023-05-26 15:15:00,0.676194784290694
5342,2023-05-26 15:30:00,0.6705148140792382
5343,2023-05-26 15:45:00,0.6648348438677825
5344,2023-05-26 16:00:00,0.6591548736563266
5345,2023-05-26 16:15:00,0.67826546
5346,2023-05-26 16:30:00,0.69498772
5347,2023-05-26 16:45:00,0.7122802
5348,2023-05-26 17:00:00,0.72519394
5349,2023-05-26 17:15:00,0.73550516
5350,2023-05-26 17:30:00,0.7423571
5351,2023-05-26 17:45:00,0.748116
5352,2023-05-26 18:00:00,0.75233086
5353,2023-05-26 18:15:00,0.75485492
5354,2023-05-26 18:30:00,0.75674158
5355,2023-05-26 18:45:00,0.7585031
5356,2023-05-26 19:00:00,0.75946708
5357,2023-05-26 19:15:00,0.7601309399999999
5358,2023-05-26 19:30:00,0.7601309399999999
5359,2023-05-26 19:45:00,0.7601309399999999
5360,2023-05-26 20:00:00,0.7601309399999999
5361,2023-05-26 20:15:00,0.7601309399999999
5362,2023-05-26 20:30:00,0.7601309399999999
5363,2023-05-26 20:45:00,0.7601309399999999
5364,2023-05-26 21:00:00,0.7601309399999999
5365,2023-05-26 21:15:00,0.7601309399999999
5366,2023-05-26 21:30:00,0.7601309399999999
5367,2023-05-26 21:45:00,0.7601309399999999
5368,2023-05-26 22:00:00,0.7601309399999999
5369,2023-05-26 22:15:00,0.7601309399999999
5370,2023-05-26 22:30:00,0.7601309399999999
5371,2023-05-26 22:45:00,0.7601309399999999
5372,2023-05-26 23:00:00,0.7601309399999999
5373,2023-05-26 23:15:00,0.7601309399999999
5374,2023-05-26 23:30:00,0.7601309399999999
5375,2023-05-26 23:45:00,0.7601309399999999
5376,2023-05-27 00:00:00,0.7601309399999999
5377,2023-05-27 00:15:00,0.7601309399999999
5378,2023-05-27 00:30:00,0.7601309399999999
5379,2023-05-27 00:45:00,0.7601309399999999
5380,2023-05-27 01:00:00,0.7601309399999999
5381,2023-05-27 01:15:00,0.7601309399999999
5382,2023-05-27 01:30:00,0.7601309399999999
5383,2023-05-27 01:45:00,0.7601309399999999
5384,2023-05-27 02:00:00,0.7601309399999999
5385,2023-05-27 02:15:00,0.7601309399999999
5386,2023-05-27 02:30:00,0.7601309399999999
5387,2023-05-27 02:45:00,0.7601309399999999
5388,2023-05-27 03:00:00,0.7601309399999999
5389,2023-05-27 03:15:00,0.7601309399999999
5390,2023-05-27 03:30:00,0.7601309399999999
5391,2023-05-27 03:45:00,0.7601309399999999
5392,2023-05-27 04:00:00,0.7601309399999999
5393,2023-05-27 04:15:00,0.7601309399999999
5394,2023-05-27 04:30:00,0.7601309399999999
5395,2023-05-27 04:45:00,0.7601309399999999
5396,2023-05-27 05:00:00,0.7601309399999999
5397,2023-05-27 05:15:00,0.7601536400000001
5398,2023-05-27 05:30:00,0.7606483
5399,2023-05-27 05:45:00,0.7618916
5400,2023-05-27 06:00:00,0.76412256
5401,2023-05-27 06:15:00,0.7681835800000001
5402,2023-05-27 06:30:00,0.77449522
5403,2023-05-27 06:45:00,0.77876734
5404,2023-05-27 07:00:00,0.78101664
5405,2023-05-27 07:15:00,0.78439056
5406,2023-05-27 07:30:00,0.7889743
5407,2023-05-27 07:45:00,0.79625244
5408,2023-05-27 08:00:00,0.8036676199999999
5409,2023-05-27 08:15:00,0.8241078199999999
5410,2023-05-27 08:30:00,0.8454119400000001
5411,2023-05-27 08:45:00,0.87050288
5412,2023-05-27 09:00:00,0.8968875199999999
5413,2023-05-27 09:15:00,0.8942702301965898
5414,2023-05-27 09:30:00,0.8916529403931797
5415,2023-05-27 09:45:00,0.8890356505897694
5416,2023-05-27 10:00:00,0.8864183607863593
5417,2023-05-27 10:15:00,0.8838010709829491
5418,2023-05-27 10:30:00,0.881183781179539
5419,2023-05-27 10:45:00,0.8785664913761289
5420,2023-05-27 11:00:00,0.8759492015727187
5421,2023-05-27 11:15:00,0.8733319117693085
5422,2023-05-27 11:30:00,0.8707146219658983
5423,2023-05-27 11:45:00,0.8680973321624882
5424,2023-05-27 12:00:00,0.865480042359078
5425,2023-05-27 12:15:00,0.8628627525556679
5426,2023-05-27 12:30:00,0.8602454627522578
5427,2023-05-27 12:45:00,0.8576281729488475
5428,2023-05-27 13:00:00,0.8550108831454374
5429,2023-05-27 13:15:00,0.8523935933420272
5430,2023-05-27 13:30:00,0.8497763035386171
5431,2023-05-27 13:45:00,0.847159013735207
5432,2023-05-27 14:00:00,0.8445417239317968
5433,2023-05-27 14:15:00,0.8419244341283866
5434,2023-05-27 14:30:00,0.8393071443249764
5435,2023-05-27 14:45:00,0.8366898545215663
5436,2023-05-27 15:00:00,0.8340725647181562
5437,2023-05-27 15:15:00,0.831455274914746
5438,2023-05-27 15:30:00,0.8288379851113359
5439,2023-05-27 15:45:00,0.8262206953079256
5440,2023-05-27 16:00:00,0.8236034055045155
5441,2023-05-27 16:15:00,0.8209861157011054
5442,2023-05-27 16:30:00,0.8183688258976952
5443,2023-05-27 16:45:00,0.8157515360942851
5444,2023-05-27 17:00:00,0.8131342462908748
5445,2023-05-27 17:15:00,0.8105169564874647
5446,2023-05-27 17:30:00,0.8078996666840546
5447,2023-05-27 17:45:00,0.8052823768806444
5448,2023-05-27 18:00:00,0.8026650870772343
5449,2023-05-27 18:15:00,0.8000477972738241
5450,2023-05-27 18:30:00,0.797430507470414
5451,2023-05-27 18:45:00,0.7948132176670037
5452,2023-05-27 19:00:00,0.7921959278635936
5453,2023-05-27 19:15:00,0.7895786380601835
5454,2023-05-27 19:30:00,0.7895786380601835
5455,2023-05-27 19:45:00,0.7895786380601835
5456,2023-05-27 20:00:00,0.7895786380601835
5457,2023-05-27 20:15:00,0.7895786380601835
5458,2023-05-27 20:30:00,0.7895786380601835
5459,2023-05-27 20:45:00,0.7895786380601835
5460,2023-05-27 21:00:00,0.7895786380601835
5461,2023-05-27 21:15:00,0.7895786380601835
5462,2023-05-27 21:30:00,0.7895786380601835
5463,2023-05-27 21:45:00,0.7895786380601835
5464,2023-05-27 22:00:00,0.7895786380601835
5465,2023-05-27 22:15:00,0.7895786380601835
5466,2023-05-27 22:30:00,0.7895786380601835
5467,2023-05-27 22:45:00,0.7895786380601835
5468,2023-05-27 23:00:00,0.7895786380601835
5469,2023-05-27 23:15:00,0.7895786380601835
5470,2023-05-27 23:30:00,0.7895786380601835
5471,2023-05-27 23:45:00,0.7895786380601835
5472,2023-05-28 00:00:00,0.7895786380601835
5473,2023-05-28 00:15:00,0.7895786380601835
5474,2023-05-28 00:30:00,0.7895786380601835
5475,2023-05-28 00:45:00,0.7895786380601835
5476,2023-05-28 01:00:00,0.7895786380601835
5477,2023-05-28 01:15:00,0.7895786380601835
5478,2023-05-28 01:30:00,0.7895786380601835
5479,2023-05-28 01:45:00,0.7895786380601835
5480,2023-05-28 02:00:00,0.7895786380601835
5481,2023-05-28 02:15:00,0.7895786380601835
5482,2023-05-28 02:30:00,0.7895786380601835
5483,2023-05-28 02:45:00,0.7895786380601835
5484,2023-05-28 03:00:00,0.7895786380601835
5485,2023-05-28 03:15:00,0.7895786380601835
5486,2023-05-28 03:30:00,0.7895786380601835
5487,2023-05-28 03:45:00,0.7895786380601835
5488,2023-05-28 04:00:00,0.7895786380601835
5489,2023-05-28 04:15:00,0.7895786380601835
5490,2023-05-28 04:30:00,0.7895786380601835
5491,2023-05-28 04:45:00,0.7895786380601835
5492,2023-05-28 05:00:00,0.7895786380601835
5493,2023-05-28 05:15:00,0.7895786380601835
5494,2023-05-28 05:30:00,0.7895786380601835
5495,2023-05-28 05:45:00,0.7896351199999999
5496,2023-05-28 06:00:00,0.79022576
5497,2023-05-28 06:15:00,0.79169292
5498,2023-05-28 06:30:00,0.7921704599999999
5499,2023-05-28 06:45:00,0.79280614
5500,2023-05-28 07:00:00,0.79526052
5501,2023-05-28 07:15:00,0.79661748
5502,2023-05-28 07:30:00,0.79889398
5503,2023-05-28 07:45:00,0.80459454
5504,2023-05-28 08:00:00,0.8093488999999999
5505,2023-05-28 08:15:00,0.8168137400000001
5506,2023-05-28 08:30:00,0.8134623553846154
5507,2023-05-28 08:45:00,0.8101109707692309
5508,2023-05-28 09:00:00,0.8067595861538462
5509,2023-05-28 09:15:00,0.8034082015384616
5510,2023-05-28 09:30:00,0.800056816923077
5511,2023-05-28 09:45:00,0.7967054323076924
5512,2023-05-28 10:00:00,0.7933540476923078
5513,2023-05-28 10:15:00,0.7900026630769231
5514,2023-05-28 10:30:00,0.7866512784615385
5515,2023-05-28 10:45:00,0.783299893846154
5516,2023-05-28 11:00:00,0.7799485092307693
5517,2023-05-28 11:15:00,0.7765971246153847
5518,2023-05-28 11:30:00,0.7732457400000001
5519,2023-05-28 11:45:00,0.7698943553846155
5520,2023-05-28 12:00:00,0.7665429707692308
5521,2023-05-28 12:15:00,0.7631915861538462
5522,2023-05-28 12:30:00,0.7598402015384617
5523,2023-05-28 12:45:00,0.756488816923077
5524,2023-05-28 13:00:00,0.7531374323076924
5525,2023-05-28 13:15:00,0.7497860476923077
5526,2023-05-28 13:30:00,0.7464346630769232
5527,2023-05-28 13:45:00,0.7430832784615385
5528,2023-05-28 14:00:00,0.7397318938461539
5529,2023-05-28 14:15:00,0.7363805092307694
5530,2023-05-28 14:30:00,0.7330291246153847
5531,2023-05-28 14:45:00,0.7296777400000001
5532,2023-05-28 15:00:00,0.7308178599999999
5533,2023-05-28 15:15:00,0.73550382
5534,2023-05-28 15:30:00,0.743659
5535,2023-05-28 15:45:00,0.74548424
5536,2023-05-28 16:00:00,0.7600117799999999
5537,2023-05-28 16:15:00,0.77949496
5538,2023-05-28 16:30:00,0.7932676399999999
5539,2023-05-28 16:45:00,0.80457802
5540,2023-05-28 17:00:00,0.8176264000000001
5541,2023-05-28 17:15:00,0.8285901800000001
5542,2023-05-28 17:30:00,0.83601238
5543,2023-05-28 17:45:00,0.84213686
5544,2023-05-28 18:00:00,0.84729624
5545,2023-05-28 18:15:00,0.85097488
5546,2023-05-28 18:30:00,0.85333302
5547,2023-05-28 18:45:00,0.8553995000000001
5548,2023-05-28 19:00:00,0.85793818
5549,2023-05-28 19:15:00,0.85793818
5550,2023-05-28 19:30:00,0.85793818
5551,2023-05-28 19:45:00,0.85793818
5552,2023-05-28 20:00:00,0.85793818
5553,2023-05-28 20:15:00,0.85793818
5554,2023-05-28 20:30:00,0.85793818
5555,2023-05-28 20:45:00,0.85793818
5556,2023-05-28 21:00:00,0.85793818
5557,2023-05-28 21:15:00,0.85793818
5558,2023-05-28 21:30:00,0.85793818
5559,2023-05-28 21:45:00,0.85793818
5560,2023-05-28 22:00:00,0.85793818
5561,2023-05-28 22:15:00,0.85793818
5562,2023-05-28 22:30:00,0.85793818
5563,2023-05-28 22:45:00,0.85793818
5564,2023-05-28 23:00:00,0.85793818
5565,2023-05-28 23:15:00,0.85793818
5566,2023-05-28 23:30:00,0.85793818
5567,2023-05-28 23:45:00,0.85793818
5568,2023-05-29 00:00:00,0.85793818
5569,2023-05-29 00:15:00,0.85793818
5570,2023-05-29 00:30:00,0.85793818
5571,2023-05-29 00:45:00,0.85793818
5572,2023-05-29 01:00:00,0.85793818
5573,2023-05-29 01:15:00,0.85793818
5574,2023-05-29 01:30:00,0.85793818
5575,2023-05-29 01:45:00,0.85793818
5576,2023-05-29 02:00:00,0.85793818
5577,2023-05-29 02:15:00,0.85793818
5578,2023-05-29 02:30:00,0.85793818
5579,2023-05-29 02:45:00,0.85793818
5580,2023-05-29 03:00:00,0.85793818
5581,2023-05-29 03:15:00,0.85793818
5582,2023-05-29 03:30:00,0.85793818
5583,2023-05-29 03:45:00,0.85793818
5584,2023-05-29 04:00:00,0.85793818
5585,2023-05-29 04:15:00,0.85793818
5586,2023-05-29 04:30:00,0.85793818
5587,2023-05-29 04:45:00,0.85793818
5588,2023-05-29 05:00:00,0.85793818
5589,2023-05-29 05:15:00,0.85793818
5590,2023-05-29 05:30:00,0.8582189200000001
5591,2023-05-29 05:45:00,0.8588905800000001
5592,2023-05-29 06:00:00,0.85975054
5593,2023-05-29 06:15:00,0.8607037
5594,2023-05-29 06:30:00,0.86238742
5595,2023-05-29 06:45:00,0.86388176
5596,2023-05-29 07:00:00,0.8655808399999999
5597,2023-05-29 07:15:00,0.86743762
5598,2023-05-29 07:30:00,0.87074496
5599,2023-05-29 07:45:00,0.87629542
5600,2023-05-29 08:00:00,0.88720382
5601,2023-05-29 08:15:00,0.90077146
5602,2023-05-29 08:30:00,0.91634822
5603,2023-05-29 08:45:00,0.9099172872225555
5604,2023-05-29 09:00:00,0.9034863544451108
5605,2023-05-29 09:15:00,0.8970554216676663
5606,2023-05-29 09:30:00,0.8906244888902216
5607,2023-05-29 09:45:00,0.8841935561127771
5608,2023-05-29 10:00:00,0.8777626233353324
5609,2023-05-29 10:15:00,0.8713316905578878
5610,2023-05-29 10:30:00,0.8649007577804432
5611,2023-05-29 10:45:00,0.8584698250029986
5612,2023-05-29 11:00:00,0.852038892225554
5613,2023-05-29 11:15:00,0.8456079594481094
5614,2023-05-29 11:30:00,0.8391770266706648
5615,2023-05-29 11:45:00,0.8327460938932202
5616,2023-05-29 12:00:00,0.8263151611157756
5617,2023-05-29 12:15:00,0.819884228338331
5618,2023-05-29 12:30:00,0.8134532955608864
5619,2023-05-29 12:45:00,0.8070223627834417
5620,2023-05-29 13:00:00,0.8005914300059972
5621,2023-05-29 13:15:00,0.7941604972285525
5622,2023-05-29 13:30:00,0.787729564451108
5623,2023-05-29 13:45:00,0.7812986316736634
5624,2023-05-29 14:00:00,0.7748676988962188
5625,2023-05-29 14:15:00,0.7684367661187741
5626,2023-05-29 14:30:00,0.7620058333413295
5627,2023-05-29 14:45:00,0.755574900563885
5628,2023-05-29 15:00:00,0.7491439677864403
5629,2023-05-29 15:15:00,0.7427130350089958
5630,2023-05-29 15:30:00,0.7362821022315511
5631,2023-05-29 15:45:00,0.7298511694541066
5632,2023-05-29 16:00:00,0.723420236676662
5633,2023-05-29 16:15:00,0.7169893038992173
5634,2023-05-29 16:30:00,0.7105583711217727
5635,2023-05-29 16:45:00,0.7041274383443281
5636,2023-05-29 17:00:00,0.71769632
5637,2023-05-29 17:15:00,0.73036696
5638,2023-05-29 17:30:00,0.7390281799999999
5639,2023-05-29 17:45:00,0.7445636
5640,2023-05-29 18:00:00,0.74899146
5641,2023-05-29 18:15:00,0.75278222
5642,2023-05-29 18:30:00,0.75870232
5643,2023-05-29 18:45:00,0.76089202
5644,2023-05-29 19:00:00,0.7611509599999999
5645,2023-05-29 19:15:00,0.76118584
5646,2023-05-29 19:30:00,0.76118584
5647,2023-05-29 19:45:00,0.76118584
5648,2023-05-29 20:00:00,0.76118584
5649,2023-05-29 20:15:00,0.76118584
5650,2023-05-29 20:30:00,0.76118584
5651,2023-05-29 20:45:00,0.76118584
5652,2023-05-29 21:00:00,0.76118584
5653,2023-05-29 21:15:00,0.76118584
5654,2023-05-29 21:30:00,0.76118584
5655,2023-05-29 21:45:00,0.76118584
5656,2023-05-29 22:00:00,0.76118584
5657,2023-05-29 22:15:00,0.76118584
5658,2023-05-29 22:30:00,0.76118584
5659,2023-05-29 22:45:00,0.76118584
5660,2023-05-29 23:00:00,0.76118584
5661,2023-05-29 23:15:00,0.76118584
5662,2023-05-29 23:30:00,0.76118584
5663,2023-05-29 23:45:00,0.76118584
5664,2023-05-30 00:00:00,0.76118584
5665,2023-05-30 00:15:00,0.76118584
5666,2023-05-30 00:30:00,0.76118584
5667,2023-05-30 00:45:00,0.76118584
5668,2023-05-30 01:00:00,0.76118584
5669,2023-05-30 01:15:00,0.76118584
5670,2023-05-30 01:30:00,0.76118584
5671,2023-05-30 01:45:00,0.76118584
5672,2023-05-30 02:00:00,0.76118584
5673,2023-05-30 02:15:00,0.76118584
5674,2023-05-30 02:30:00,0.76118584
5675,2023-05-30 02:45:00,0.76118584
5676,2023-05-30 03:00:00,0.76118584
5677,2023-05-30 03:15:00,0.76118584
5678,2023-05-30 03:30:00,0.76118584
5679,2023-05-30 03:45:00,0.76118584
5680,2023-05-30 04:00:00,0.76118584
5681,2023-05-30 04:15:00,0.76118584
5682,2023-05-30 04:30:00,0.76118584
5683,2023-05-30 04:45:00,0.76118584
5684,2023-05-30 05:00:00,0.76118584
5685,2023-05-30 05:15:00,0.76118584
5686,2023-05-30 05:30:00,0.76118584
5687,2023-05-30 05:45:00,0.761241
5688,2023-05-30 06:00:00,0.761382
5689,2023-05-30 06:15:00,0.76186256
5690,2023-05-30 06:30:00,0.7630003999999999
5691,2023-05-30 06:45:00,0.7649643
5692,2023-05-30 07:00:00,0.76780426
5693,2023-05-30 07:15:00,0.7701065800000001
5694,2023-05-30 07:30:00,0.7724420000000001
5695,2023-05-30 07:45:00,0.7767469199999999
5696,2023-05-30 08:00:00,0.78520864
5697,2023-05-30 08:15:00,0.7900869199999999
5698,2023-05-30 08:30:00,0.7949103
5699,2023-05-30 08:45:00,0.8
5700,2023-05-30 09:00:00,0.8
5701,2023-05-30 09:15:00,0.7942036756756757
5702,2023-05-30 09:30:00,0.7884073513513514
5703,2023-05-30 09:45:00,0.7826110270270271
5704,2023-05-30 10:00:00,0.7768147027027027
5705,2023-05-30 10:15:00,0.7710183783783784
5706,2023-05-30 10:30:00,0.7652220540540541
5707,2023-05-30 10:45:00,0.7594257297297298
5708,2023-05-30 11:00:00,0.7536294054054055
5709,2023-05-30 11:15:00,0.7478330810810812
5710,2023-05-30 11:30:00,0.7420367567567568
5711,2023-05-30 11:45:00,0.7362404324324325
5712,2023-05-30 12:00:00,0.7304441081081081
5713,2023-05-30 12:15:00,0.7246477837837838
5714,2023-05-30 12:30:00,0.7188514594594595
5715,2023-05-30 12:45:00,0.7130551351351352
5716,2023-05-30 13:00:00,0.7072588108108109
5717,2023-05-30 13:15:00,0.7014624864864866
5718,2023-05-30 13:30:00,0.6956661621621623
5719,2023-05-30 13:45:00,0.6898698378378378
5720,2023-05-30 14:00:00,0.6840735135135135
5721,2023-05-30 14:15:00,0.6782771891891892
5722,2023-05-30 14:30:00,0.6724808648648649
5723,2023-05-30 14:45:00,0.6666845405405406
5724,2023-05-30 15:00:00,0.6608882162162163
5725,2023-05-30 15:15:00,0.655091891891892
5726,2023-05-30 15:30:00,0.6492955675675676
5727,2023-05-30 15:45:00,0.6434992432432434
5728,2023-05-30 16:00:00,0.637702918918919
5729,2023-05-30 16:15:00,0.6319065945945946
5730,2023-05-30 16:30:00,0.6261102702702703
5731,2023-05-30 16:45:00,0.620313945945946
5732,2023-05-30 17:00:00,0.6145176216216217
5733,2023-05-30 17:15:00,0.6087212972972973
5734,2023-05-30 17:30:00,0.6029249729729731
5735,2023-05-30 17:45:00,0.5971286486486487
5736,2023-05-30 18:00:00,0.5913323243243244
5737,2023-05-30 18:15:00,0.5855360000000001
5738,2023-05-30 18:30:00,0.5855360000000001
5739,2023-05-30 18:45:00,0.5855360000000001
5740,2023-05-30 19:00:00,0.5855360000000001
5741,2023-05-30 19:15:00,0.5855360000000001
5742,2023-05-30 19:30:00,0.5855360000000001
5743,2023-05-30 19:45:00,0.5855360000000001
5744,2023-05-30 20:00:00,0.5855360000000001
5745,2023-05-30 20:15:00,0.5855360000000001
5746,2023-05-30 20:30:00,0.5855360000000001
5747,2023-05-30 20:45:00,0.5855360000000001
5748,2023-05-30 21:00:00,0.5855360000000001
5749,2023-05-30 21:15:00,0.5855360000000001
5750,2023-05-30 21:30:00,0.5855360000000001
5751,2023-05-30 21:45:00,0.5855360000000001
5752,2023-05-30 22:00:00,0.5855360000000001
5753,2023-05-30 22:15:00,0.5855360000000001
5754,2023-05-30 22:30:00,0.5855360000000001
5755,2023-05-30 22:45:00,0.5855360000000001
5756,2023-05-30 23:00:00,0.5855360000000001
5757,2023-05-30 23:15:00,0.5855360000000001
5758,2023-05-30 23:30:00,0.5855360000000001
5759,2023-05-30 23:45:00,0.5855360000000001
5760,2023-05-31 00:00:00,0.5855360000000001
5761,2023-05-31 00:15:00,0.5855360000000001
5762,2023-05-31 00:30:00,0.5855360000000001
5763,2023-05-31 00:45:00,0.5855360000000001
5764,2023-05-31 01:00:00,0.5855360000000001
5765,2023-05-31 01:15:00,0.5855360000000001
5766,2023-05-31 01:30:00,0.5855360000000001
5767,2023-05-31 01:45:00,0.5855360000000001
5768,2023-05-31 02:00:00,0.5855360000000001
5769,2023-05-31 02:15:00,0.5855360000000001
5770,2023-05-31 02:30:00,0.5855360000000001
5771,2023-05-31 02:45:00,0.5855360000000001
5772,2023-05-31 03:00:00,0.5855360000000001
5773,2023-05-31 03:15:00,0.5855360000000001
5774,2023-05-31 03:30:00,0.5855360000000001
5775,2023-05-31 03:45:00,0.5855360000000001
5776,2023-05-31 04:00:00,0.5855360000000001
5777,2023-05-31 04:15:00,0.5855360000000001
5778,2023-05-31 04:30:00,0.5855360000000001
5779,2023-05-31 04:45:00,0.5855360000000001
5780,2023-05-31 05:00:00,0.5855360000000001
5781,2023-05-31 05:15:00,0.5855360000000001
5782,2023-05-31 05:30:00,0.5855360000000001
5783,2023-05-31 05:45:00,0.5855360000000001
5784,2023-05-31 06:00:00,0.5855360000000001
5785,2023-05-31 06:15:00,0.5855360000000001
5786,2023-05-31 06:30:00,0.5855360000000001
5787,2023-05-31 06:45:00,0.5855360000000001
5788,2023-05-31 07:00:00,0.5855360000000001
5789,2023-05-31 07:15:00,0.5855360000000001
5790,2023-05-31 07:30:00,0.5855360000000001
5791,2023-05-31 07:45:00,0.5855360000000001
5792,2023-05-31 08:00:00,0.5855360000000001
5793,2023-05-31 08:15:00,0.5855360000000001
5794,2023-05-31 08:30:00,0.5855360000000001
5795,2023-05-31 08:45:00,0.5855360000000001
5796,2023-05-31 09:00:00,0.5855360000000001
5797,2023-05-31 09:15:00,0.5855360000000001
5798,2023-05-31 09:30:00,0.5855360000000001
5799,2023-05-31 09:45:00,0.5855360000000001
5800,2023-05-31 10:00:00,0.5855360000000001
5801,2023-05-31 10:15:00,0.5855360000000001
5802,2023-05-31 10:30:00,0.5855360000000001
5803,2023-05-31 10:45:00,0.5855360000000001
5804,2023-05-31 11:00:00,0.5855360000000001
5805,2023-05-31 11:15:00,0.5855360000000001
5806,2023-05-31 11:30:00,0.5855360000000001
5807,2023-05-31 11:45:00,0.5855360000000001
5808,2023-05-31 12:00:00,0.5855360000000001
5809,2023-05-31 12:15:00,0.5855360000000001
5810,2023-05-31 12:30:00,0.5855360000000001
5811,2023-05-31 12:45:00,0.5855360000000001
5812,2023-05-31 13:00:00,0.5855360000000001
5813,2023-05-31 13:15:00,0.5855360000000001
5814,2023-05-31 13:30:00,0.5855360000000001
5815,2023-05-31 13:45:00,0.5855360000000001
5816,2023-05-31 14:00:00,0.5855360000000001
5817,2023-05-31 14:15:00,0.5855360000000001
5818,2023-05-31 14:30:00,0.5855360000000001
5819,2023-05-31 14:45:00,0.5855360000000001
5820,2023-05-31 15:00:00,0.5855360000000001
5821,2023-05-31 15:15:00,0.5855360000000001
5822,2023-05-31 15:30:00,0.5855360000000001
5823,2023-05-31 15:45:00,0.5855360000000001
5824,2023-05-31 16:00:00,0.5855360000000001
5825,2023-05-31 16:15:00,0.5855360000000001
5826,2023-05-31 16:30:00,0.5855360000000001
5827,2023-05-31 16:45:00,0.5855360000000001
5828,2023-05-31 17:00:00,0.5855360000000001
5829,2023-05-31 17:15:00,0.5855360000000001
5830,2023-05-31 17:30:00,0.5855360000000001
5831,2023-05-31 17:45:00,0.5855360000000001
5832,2023-05-31 18:00:00,0.5855360000000001
5833,2023-05-31 18:15:00,0.5855360000000001
5834,2023-05-31 18:30:00,0.5855360000000001
5835,2023-05-31 18:45:00,0.5855360000000001
5836,2023-05-31 19:00:00,0.5855360000000001
5837,2023-05-31 19:15:00,0.5855360000000001
5838,2023-05-31 19:30:00,0.5855360000000001
5839,2023-05-31 19:45:00,0.5855360000000001
5840,2023-05-31 20:00:00,0.5855360000000001
5841,2023-05-31 20:15:00,0.5855360000000001
5842,2023-05-31 20:30:00,0.5855360000000001
5843,2023-05-31 20:45:00,0.5855360000000001
5844,2023-05-31 21:00:00,0.5855360000000001
5845,2023-05-31 21:15:00,0.5855360000000001
5846,2023-05-31 21:30:00,0.5855360000000001
5847,2023-05-31 21:45:00,0.5855360000000001
5848,2023-05-31 22:00:00,0.5855360000000001
5849,2023-05-31 22:15:00,0.5855360000000001
5850,2023-05-31 22:30:00,0.5855360000000001
5851,2023-05-31 22:45:00,0.5855360000000001
5852,2023-05-31 23:00:00,0.5855360000000001
5853,2023-05-31 23:15:00,0.5855360000000001
5854,2023-05-31 23:30:00,0.5855360000000001
5855,2023-05-31 23:45:00,0.5855360000000001