timestep,time,price [ct/kWh],grid supply [kW],fixed load [kW],local generation [kW],battery power [kW],bat. stored energy [kWh],flex band min [kW],flex band base [kW],flex band max [kW],max energy flex [kWh],generation feed-in [kW],battery feed-in [kW],sum CS power [kW],# occupied CS [-],# CS in use [-],CS_golf_0 [kW]
0,2023-04-01 00:00:00,0.3,-0.536,0.536,-0.0,0,0.0,0.536,0.536,27.536,10.0,0,0,0,1,0,0
1,2023-04-01 00:15:00,0.3,-0.517,0.517,-0.0,0,0.0,-4.483,0.517,27.517,10.0,0,0,0,1,0,0
2,2023-04-01 00:30:00,0.3,-0.496,0.496,-0.0,0,0.0,-4.504,0.496,27.496,10.0,0,0,0,1,0,0
3,2023-04-01 00:45:00,0.3,-0.587,0.587,-0.0,0,0.0,-4.413,0.587,27.587,10.0,0,0,0,1,0,0
4,2023-04-01 01:00:00,0.3,-0.549,0.549,-0.0,0,0.0,-4.451,0.549,27.549,10.0,0,0,0,1,0,0
5,2023-04-01 01:15:00,0.3,-0.611,0.611,-0.0,0,0.0,-4.389,0.611,27.611,10.0,0,0,0,1,0,0
6,2023-04-01 01:30:00,0.3,-0.547,0.547,-0.0,0,0.0,-4.453,0.547,27.547,10.0,0,0,0,1,0,0
7,2023-04-01 01:45:00,0.3,-0.315,0.315,-0.0,0,0.0,-4.685,0.315,27.315,10.0,0,0,0,1,0,0
8,2023-04-01 02:00:00,0.3,-0.296,0.296,-0.0,0,0.0,-4.704,0.296,27.296,10.0,0,0,0,1,0,0
9,2023-04-01 02:15:00,0.3,-0.286,0.286,-0.0,0,0.0,-4.714,0.286,27.286,10.0,0,0,0,1,0,0
10,2023-04-01 02:30:00,0.3,-0.415,0.415,-0.0,0,0.0,-4.585,0.415,27.415,10.0,0,0,0,1,0,0
11,2023-04-01 02:45:00,0.3,-0.281,0.281,-0.0,0,0.0,-4.719,0.281,27.281,10.0,0,0,0,1,0,0
12,2023-04-01 03:00:00,0.3,-0.395,0.395,-0.0,0,0.0,-4.605,0.395,27.395,10.0,0,0,0,1,0,0
13,2023-04-01 03:15:00,0.3,-0.412,0.412,-0.0,0,0.0,-4.588,0.412,27.412,10.0,0,0,0,1,0,0
14,2023-04-01 03:30:00,0.3,-0.433,0.433,-0.0,0,0.0,-4.567,0.433,27.433,10.0,0,0,0,1,0,0
15,2023-04-01 03:45:00,0.3,-0.492,0.492,-0.0,0,0.0,-4.508,0.492,27.492,10.0,0,0,0,1,0,0
16,2023-04-01 04:00:00,0.3,-0.529,0.529,-0.0,0,0.0,-4.471,0.529,27.529,10.0,0,0,0,1,0,0
17,2023-04-01 04:15:00,0.3,-0.396,0.396,-0.0,0,0.0,-4.604,0.396,27.396,10.0,0,0,0,1,0,0
18,2023-04-01 04:30:00,0.3,-0.266,0.266,-0.0,0,0.0,-4.734,0.266,27.266,10.0,0,0,0,1,0,0
19,2023-04-01 04:45:00,0.3,-0.297,0.297,-0.0,0,0.0,-4.703,0.297,27.297,10.0,0,0,0,1,0,0
20,2023-04-01 05:00:00,0.3,-0.243,0.243,-0.0,0,0.0,-4.757,0.243,27.243,10.0,0,0,0,1,0,0
21,2023-04-01 05:15:00,0.3,-0.27,0.27,-0.0,0,0.0,-4.73,0.27,27.27,10.0,0,0,0,1,0,0
22,2023-04-01 05:30:00,0.3,-0.277,0.277,-0.0,0,0.0,-4.723,0.277,27.277,10.0,0,0,0,1,0,0
23,2023-04-01 05:45:00,0.3,-0.272,0.272,-0.0,0,0.0,-4.728,0.272,27.272,10.0,0,0,0,1,0,0
24,2023-04-01 06:00:00,0.19017,-0.334,0.334,-0.0,0,0.0,-4.666,0.334,27.334,10.0,0,0,0,1,0,0
25,2023-04-01 06:15:00,0.19017,-0.648,0.648,-0.0,0,0.0,-4.352,0.648,27.648,10.0,0,0,0,1,0,0
26,2023-04-01 06:30:00,0.19017,-0.621,0.621,-0.0,0,0.0,-4.379,0.621,27.621,10.0,0,0,0,1,0,0
27,2023-04-01 06:45:00,0.19017,-0.851,0.949,-0.098,0,0.0,-4.149,0.851,27.851,10.0,0,0,0,1,0,0
28,2023-04-01 07:00:00,0.19017,0.0,0.314,-0.42,0,0.0,-5.106,-0.106,26.788,10.0,0.0,0.0,0.106,1,1,0.106
29,2023-04-01 07:15:00,0.19017,0.0,0.335,-0.965,0,0.0,-5.63,-0.63,25.739,9.975,0.0,0.0,0.63,1,1,0.63
30,2023-04-01 07:30:00,0.19017,0.0,0.543,-1.738,0,0.0,-6.195,-1.195,24.611,9.825,0.0,0.0,1.195,1,1,1.195
31,2023-04-01 07:45:00,0.19017,-0.0,0.22,-2.009,0,0.0,-6.789,-1.789,23.422,9.541,0,0,1.789,1,1,1.789
32,2023-04-01 08:00:00,0.19017,-0.0,0.23,-2.433,0,0.0,-7.203,-2.203,22.594,9.117,0,0,2.203,1,1,2.203
33,2023-04-01 08:15:00,0.19017,0.0,0.219,-2.999,0,0.0,-7.781,-2.781,21.438,8.593,0.0,0.0,2.781,1,1,2.781
34,2023-04-01 08:30:00,0.19017,-0.0,0.244,-3.541,0,0.0,-8.297,-3.297,20.406,7.933,0,0,3.297,1,1,3.297
35,2023-04-01 08:45:00,0.19017,-0.0,0.284,-4.112,0,0.0,-8.828,-3.828,19.344,7.15,0,0,3.828,1,1,3.828
36,2023-04-01 09:00:00,0.19017,4.363,0.262,-4.625,0,0.0,-9.363,-4.363,-3.726,0,4.363,0.0,0,0,0,0
37,2023-04-01 09:15:00,0.19017,4.822,0.31,-5.132,0,0.0,-9.822,-4.822,-4.645,0,4.822,0.0,0,0,0,0
38,2023-04-01 09:30:00,0.19017,5.377,0.222,-5.599,0,0.0,-10.377,-5.377,-5.377,0,5.377,0.0,0,0,0,0
39,2023-04-01 09:45:00,0.19017,5.599,0.234,-5.833,0,0.0,-10.599,-5.599,-5.599,0,5.599,0.0,0,0,0,0
40,2023-04-01 10:00:00,0.19017,6.128,0.237,-6.365,0,0.0,-11.128,-6.128,-6.128,0,6.128,0.0,0,0,0,0
41,2023-04-01 10:15:00,0.19017,6.576,0.217,-6.793,0,0.0,-11.576,-6.576,-6.576,0,6.576,0.0,0,0,0,0
42,2023-04-01 10:30:00,0.19017,6.939,0.225,-7.164,0,0.0,-11.939,-6.939,-6.939,0,6.939,0.0,0,0,0,0
43,2023-04-01 10:45:00,0.19017,7.253,0.201,-7.454,0,0.0,-12.253,-7.253,-7.253,0,7.253,0.0,0,0,0,0
44,2023-04-01 11:00:00,0.19017,7.986,0.266,-8.251,0,0.0,-12.986,-7.986,-7.986,0,7.986,0.0,0,0,0,0
45,2023-04-01 11:15:00,0.19017,7.155,0.335,-7.489,0,0.0,-12.155,-7.155,-7.155,0,7.155,0.0,0,0,0,0
46,2023-04-01 11:30:00,0.19017,5.091,0.472,-5.562,0,0.0,-10.091,-5.091,-5.091,0,5.091,0.0,0,0,0,0
47,2023-04-01 11:45:00,0.19017,4.907,0.378,-5.284,0,0.0,-9.907,-4.907,-4.813,0,4.907,0.0,0,0,0,0
48,2023-04-01 12:00:00,0.19017,7.746,0.396,-8.143,0,0.0,-12.746,-7.746,-7.746,0,7.746,0.0,0,0,0,0
49,2023-04-01 12:15:00,0.19017,6.853,0.429,-7.282,0,0.0,-11.853,-6.853,-6.853,0,6.853,0.0,0,0,0,0
50,2023-04-01 12:30:00,0.19017,5.101,0.309,-5.409,0,0.0,-10.101,-5.101,-5.101,0,5.101,0.0,0,0,0,0
51,2023-04-01 12:45:00,0.19017,8.988,0.435,-9.423,0,0.0,-13.988,-8.988,-8.988,0,8.988,0.0,0,0,0,0
52,2023-04-01 13:00:00,0.19017,3.77,0.365,-4.136,0,0.0,-8.77,-3.77,-2.54,0,3.77,0.0,0,0,0,0
53,2023-04-01 13:15:00,0.19017,7.034,0.325,-7.359,0,0.0,-12.034,-7.034,-7.034,0,7.034,0.0,0,0,0,0
54,2023-04-01 13:30:00,0.19017,2.711,0.321,-7.299,4.267,0.0,-11.978,-6.978,-6.978,0,2.711,0.0,0,0,0,0
55,2023-04-01 13:45:00,0.19017,1.139,0.487,-6.626,5.0,1.014,-11.139,-6.139,-6.139,0,1.139,0.0,0,0,0,0
56,2023-04-01 14:00:00,0.19017,0.0,0.564,-5.544,4.98,2.201,-9.98,-4.98,-4.96,0,0.0,0.0,0,0,0,0
57,2023-04-01 14:15:00,0.19017,0.0,0.583,-3.872,3.289,3.384,-8.289,-3.289,-1.578,0,0.0,0.0,0,0,0,0
58,2023-04-01 14:30:00,0.19017,-0.0,0.492,-3.833,3.341,4.165,-8.341,-3.341,-1.682,0,0,0,0,0,0,0
59,2023-04-01 14:45:00,0.19017,0.0,0.316,-3.014,2.698,4.958,-7.698,-2.698,-0.396,0,0.0,0.0,0,0,0,0
60,2023-04-01 15:00:00,0.19017,-0.0,0.372,-4.711,4.339,5.599,-9.339,-4.339,-3.678,0,0,0,0,0,0,0
61,2023-04-01 15:15:00,0.19017,0.0,0.425,-2.178,1.753,6.63,-6.753,-1.753,1.494,0,0.0,0.0,0,0,0,0
62,2023-04-01 15:30:00,0.19017,-0.0,0.411,-4.083,3.672,7.046,-8.672,-3.672,-2.344,0,0,0,0,0,0,0
63,2023-04-01 15:45:00,0.19017,-0.0,0.341,-3.93,3.589,7.918,-8.589,-3.589,-2.177,0,0,0,0,0,0,0
64,2023-04-01 16:00:00,0.19017,0.0,0.326,-2.451,2.125,8.77,-7.125,-2.125,0.749,0,0.0,0.0,0,0,0,0
65,2023-04-01 16:15:00,0.19017,0.0,0.329,-1.422,1.093,9.275,-6.093,-1.093,2.814,0,0.0,0.0,0,0,0,0
66,2023-04-01 16:30:00,0.19017,-0.0,0.432,-2.391,1.959,9.535,-6.959,-1.959,1.082,0,0,0,0,0,0,0
67,2023-04-01 16:45:00,0.19017,0.0,1.333,-1.026,-0.307,10.0,-4.693,0.307,5.307,0,0.0,0.0,0,0,0,0
68,2023-04-01 17:00:00,0.19017,-0.0,1.117,-1.204,0.087,9.919,-5.087,-0.087,4.825,0,0,0,0,0,0,0
69,2023-04-01 17:15:00,0.19017,0.0,0.8,-0.389,-0.411,9.94,-4.589,0.411,5.411,0,0.0,0.0,0,0,0,0
70,2023-04-01 17:30:00,0.19017,-0.0,2.006,-0.079,-1.927,9.832,-3.073,1.927,6.927,0,0,0,0,0,0,0
71,2023-04-01 17:45:00,0.19017,-0.0,1.022,-0.0,-1.022,9.325,-3.978,1.022,6.022,0,0,0,0,0,0,0
72,2023-04-01 18:00:00,0.19017,0.0,1.243,-0.0,-1.243,9.056,-3.757,1.243,6.243,0,0.0,0.0,0,0,0,0
73,2023-04-01 18:15:00,0.19017,0.0,0.566,-0.0,-0.566,8.729,-4.434,0.566,5.566,0,0.0,0.0,0,0,0,0
74,2023-04-01 18:30:00,0.19017,-0.0,0.645,-0.0,-0.645,8.58,-4.355,0.645,5.645,0,0,0,0,0,0,0
75,2023-04-01 18:45:00,0.19017,-0.0,0.794,-0.0,-0.794,8.41,-4.206,0.794,5.794,0,0,0,0,0,0,0
76,2023-04-01 19:00:00,0.19017,-0.0,2.261,-0.0,-2.261,8.201,-2.739,2.261,7.261,0,0,0,0,0,0,0
77,2023-04-01 19:15:00,0.19017,0.0,1.064,-0.0,-1.064,7.606,-3.936,1.064,28.064,13.993,0.0,0.0,0,1,0,0
78,2023-04-01 19:30:00,0.19017,-0.0,0.683,-0.0,-0.683,7.326,-4.317,0.683,27.683,13.993,0,0,0,1,0,0
79,2023-04-01 19:45:00,0.19017,0.0,0.576,-0.0,-0.576,7.147,-4.424,0.576,27.576,13.993,0.0,0.0,0,1,0,0
80,2023-04-01 20:00:00,0.03167,-0.0,0.607,-0.0,-0.607,6.995,-4.393,0.607,27.607,13.993,0,0,0,1,0,0
81,2023-04-01 20:15:00,0.03167,-0.0,0.67,-0.0,-0.67,6.835,-4.33,0.67,27.67,13.993,0,0,0,1,0,0
82,2023-04-01 20:30:00,0.03167,0.0,3.188,-0.0,-3.188,6.659,-1.812,3.188,30.188,13.993,0.0,0.0,0,1,0,0
83,2023-04-01 20:45:00,0.03167,-0.0,3.305,-0.0,-3.305,5.82,-1.695,3.305,30.305,13.993,0,0,0,1,0,0
84,2023-04-01 21:00:00,0.03167,-1.084,1.33,-0.0,-0.246,4.95,-3.67,1.33,28.33,13.993,0,0,0,1,0,0
85,2023-04-01 21:15:00,0.03167,-0.835,0.835,-0.0,0,4.885,-4.165,0.835,27.835,13.993,0,0,0,1,0,0
86,2023-04-01 21:30:00,0.03167,-0.393,0.393,-0.0,0,4.885,-4.607,0.393,27.393,13.993,0,0,0,1,0,0
87,2023-04-01 21:45:00,0.03167,-0.498,0.498,-0.0,0,4.885,-4.502,0.498,27.498,13.993,0,0,0,1,0,0
88,2023-04-01 22:00:00,0.03167,-0.34,0.34,-0.0,0,4.885,-4.66,0.34,27.34,13.993,0,0,0,1,0,0
89,2023-04-01 22:15:00,0.03167,-0.396,0.396,-0.0,0,4.885,-4.604,0.396,27.396,13.993,0,0,0,1,0,0
90,2023-04-01 22:30:00,0.03167,-0.445,0.445,-0.0,0,4.885,-4.555,0.445,27.445,13.993,0,0,0,1,0,0
91,2023-04-01 22:45:00,0.03167,-0.454,0.454,-0.0,0,4.885,-4.546,0.454,27.454,13.993,0,0,0,1,0,0
92,2023-04-01 23:00:00,0.03167,-0.413,0.413,-0.0,0,4.885,-4.587,0.413,27.413,13.993,0,0,0,1,0,0
93,2023-04-01 23:15:00,0.03167,-0.388,0.388,-0.0,0,4.885,-4.612,0.388,27.388,13.993,0,0,0,1,0,0
94,2023-04-01 23:30:00,0.03167,-0.393,0.393,-0.0,0,4.885,-4.607,0.393,27.393,13.993,0,0,0,1,0,0
95,2023-04-01 23:45:00,0.03167,-0.363,0.363,-0.0,0,4.885,-4.637,0.363,27.363,13.993,0,0,0,1,0,0
96,2023-04-02 00:00:00,0.03167,-0.439,0.439,-0.0,0,4.885,-4.561,0.439,27.439,13.993,0,0,0,1,0,0
97,2023-04-02 00:15:00,0.03167,-0.434,0.434,-0.0,0,4.885,-4.566,0.434,27.434,13.993,0,0,0,1,0,0
98,2023-04-02 00:30:00,0.03167,-0.665,0.665,-0.0,0,4.885,-4.335,0.665,27.665,13.993,0,0,0,1,0,0
99,2023-04-02 00:45:00,0.03167,-1.002,1.002,-0.0,0,4.885,-3.998,1.002,28.002,13.993,0,0,0,1,0,0
100,2023-04-02 01:00:00,0.03167,-2.29,2.29,-0.0,0,4.885,-2.71,2.29,29.29,13.993,0,0,0,1,0,0
101,2023-04-02 01:15:00,0.03167,-2.327,2.327,-0.0,0,4.885,-2.673,2.327,29.327,13.993,0,0,0,1,0,0
102,2023-04-02 01:30:00,0.03167,-2.329,2.329,-0.0,0,4.885,-2.671,2.329,29.329,13.993,0,0,0,1,0,0
103,2023-04-02 01:45:00,0.03167,-2.302,2.302,-0.0,0,4.885,-2.698,2.302,29.302,13.993,0,0,0,1,0,0
104,2023-04-02 02:00:00,0.03167,-0.577,0.577,-0.0,0,4.885,-4.423,0.577,27.577,13.993,0,0,0,1,0,0
105,2023-04-02 02:15:00,0.03167,-0.459,0.459,-0.0,0,4.885,-4.541,0.459,27.459,13.993,0,0,0,1,0,0
106,2023-04-02 02:30:00,0.03167,-0.321,0.321,-0.0,0,4.885,-4.679,0.321,27.321,13.993,0,0,0,1,0,0
107,2023-04-02 02:45:00,0.03167,-0.322,0.322,-0.0,0,4.885,-4.678,0.322,27.322,13.993,0,0,0,1,0,0
108,2023-04-02 03:00:00,0.03167,-0.291,0.291,-0.0,0,4.885,-4.709,0.291,27.291,13.993,0,0,0,1,0,0
109,2023-04-02 03:15:00,0.03167,-0.307,0.307,-0.0,0,4.885,-4.693,0.307,27.307,13.993,0,0,0,1,0,0
110,2023-04-02 03:30:00,0.03167,-0.316,0.316,-0.0,0,4.885,-4.684,0.316,27.316,13.993,0,0,0,1,0,0
111,2023-04-02 03:45:00,0.03167,-0.388,0.388,-0.0,0,4.885,-4.612,0.388,27.388,13.993,0,0,0,1,0,0
112,2023-04-02 04:00:00,0.03167,-0.401,0.401,-0.0,0,4.885,-4.599,0.401,27.401,13.993,0,0,0,1,0,0
113,2023-04-02 04:15:00,0.03167,-0.334,0.334,-0.0,0,4.885,-4.666,0.334,27.334,13.993,0,0,0,1,0,0
114,2023-04-02 04:30:00,0.03167,-0.336,0.336,-0.0,0,4.885,-4.664,0.336,27.336,13.993,0,0,0,1,0,0
115,2023-04-02 04:45:00,0.03167,-0.262,0.262,-0.0,0,4.885,-4.738,0.262,27.262,13.993,0,0,0,1,0,0
116,2023-04-02 05:00:00,0.03167,-0.311,0.311,-0.0,0,4.885,-4.689,0.311,27.311,13.993,0,0,0,1,0,0
117,2023-04-02 05:15:00,0.03167,-0.306,0.306,-0.0,0,4.885,-4.694,0.306,27.306,13.993,0,0,0,1,0,0
118,2023-04-02 05:30:00,0.03167,-0.378,0.378,-0.0,0,4.885,-4.622,0.378,27.378,13.993,0,0,0,1,0,0
119,2023-04-02 05:45:00,0.03167,-0.312,0.312,-0.0,0,4.885,-4.688,0.312,27.312,13.993,0,0,0,1,0,0
120,2023-04-02 06:00:00,0.21364,0.0,0.29,-0.0,-0.29,4.885,-4.71,0.29,27.29,13.993,0.0,0.0,0,1,0,0
121,2023-04-02 06:15:00,0.21364,-0.0,0.311,-0.0,-0.311,4.809,-4.689,0.311,27.311,13.993,0,0,0,1,0,0
122,2023-04-02 06:30:00,0.21364,-0.0,0.349,-0.0,-0.349,4.727,-4.651,0.349,27.349,13.993,0,0,0,1,0,0
123,2023-04-02 06:45:00,0.21364,-0.0,0.426,-0.001,-2.614,4.635,-4.575,0.425,27.425,13.993,0,0,2.189,1,1,2.189
124,2023-04-02 07:00:00,0.21364,0.0,0.341,-0.088,-5.0,3.947,-4.747,0.253,27.253,13.473,0.0,0.0,4.747,1,1,4.747
125,2023-04-02 07:15:00,0.21364,-0.0,0.344,-0.189,-5.0,2.632,-4.845,0.155,27.155,12.346,0,0,4.845,1,1,4.845
126,2023-04-02 07:30:00,0.21364,0.0,0.347,-0.378,-5.0,1.316,-5.0,0.0,27.0,11.195,0.0,0.0,5.031,1,1,5.031
127,2023-04-02 07:45:00,0.21364,-0.0,0.246,-0.631,0,0.0,-5.0,0.0,27.0,10.0,0,0,0.385,1,1,0.385
128,2023-04-02 08:00:00,0.21364,0.195,0.223,-0.88,0.461,0.0,-5.657,-0.657,3.687,0,0.195,0.0,0,0,0,0
129,2023-04-02 08:15:00,0.21364,0.0,1.604,-1.188,-0.416,0.11,-4.584,0.416,5.416,0,0.0,0.0,0,0,0,0
130,2023-04-02 08:30:00,0.21364,0.02,1.078,-1.098,0,0.0,-5.02,-0.02,4.961,0,0.02,0.0,0,0,0,0
131,2023-04-02 08:45:00,0.21364,0.621,0.578,-1.199,0,0.0,-5.621,-0.621,3.759,0,0.621,0.0,0,0,0,0
132,2023-04-02 09:00:00,0.21364,0.858,0.332,-1.189,0,0.0,-5.858,-0.858,3.284,0,0.858,0.0,0,0,0,0
133,2023-04-02 09:15:00,0.21364,1.04,0.325,-1.364,0,0.0,-6.04,-1.04,2.921,0,1.04,0.0,0,0,0,0
134,2023-04-02 09:30:00,0.21364,0.917,0.878,-1.795,0,0.0,-5.917,-0.917,3.165,0,0.917,0.0,0,0,0,0
135,2023-04-02 09:45:00,0.21364,0.973,0.75,-1.724,0,0.0,-5.973,-0.973,3.054,0,0.973,0.0,0,0,0,0
136,2023-04-02 10:00:00,0.21364,2.061,0.286,-2.347,0,0.0,-7.061,-2.061,0.878,0,2.061,0.0,0,0,0,0
137,2023-04-02 10:15:00,0.21364,2.316,0.221,-2.537,0,0.0,-7.316,-2.316,0.368,0,2.316,0.0,0,0,0,0
138,2023-04-02 10:30:00,0.21364,3.958,0.944,-4.902,0,0.0,-8.958,-3.958,-2.916,0,3.958,0.0,0,0,0,0
139,2023-04-02 10:45:00,0.21364,5.649,0.302,-5.951,0,0.0,-10.649,-5.649,-5.649,0,5.649,0.0,0,0,0,0
140,2023-04-02 11:00:00,0.21364,2.716,3.097,-5.813,0,0.0,-7.716,-2.716,-0.432,0,2.716,0.0,0,0,0,0
141,2023-04-02 11:15:00,0.21364,3.906,3.76,-7.666,0,0.0,-8.906,-3.906,-2.812,0,3.906,0.0,0,0,0,0
142,2023-04-02 11:30:00,0.21364,7.319,0.561,-7.88,0,0.0,-12.319,-7.319,-7.319,0,7.319,0.0,0,0,0,0
143,2023-04-02 11:45:00,0.21364,7.413,0.736,-8.15,0,0.0,-12.413,-7.413,-7.413,0,7.413,0.0,0,0,0,0
144,2023-04-02 12:00:00,0.21364,7.705,0.535,-8.239,0,0.0,-12.705,-7.705,-7.705,0,7.705,0.0,0,0,0,0
145,2023-04-02 12:15:00,0.21364,7.638,0.602,-8.239,0,0.0,-12.638,-7.638,-7.638,0,7.638,0.0,0,0,0,0
146,2023-04-02 12:30:00,0.21364,7.797,0.539,-8.337,0,0.0,-12.797,-7.797,-7.797,0,7.797,0.0,0,0,0,0
147,2023-04-02 12:45:00,0.21364,8.034,0.291,-8.325,0,0.0,-13.034,-8.034,-8.034,0,8.034,0.0,0,0,0,0
148,2023-04-02 13:00:00,0.21364,7.38,0.275,-8.307,0.652,0.0,-13.032,-8.032,-8.032,0,7.38,0.0,0,0,0,0
149,2023-04-02 13:15:00,0.21364,2.873,0.318,-8.19,5.0,0.155,-12.873,-7.873,-7.873,0,2.873,0.0,0,0,0,0
150,2023-04-02 13:30:00,0.21364,2.846,0.28,-8.126,5.0,1.342,-12.846,-7.846,-7.846,0,2.846,0.0,0,0,0,0
151,2023-04-02 13:45:00,0.21364,2.822,0.123,-7.946,5.0,2.53,-12.822,-7.822,-7.822,0,2.822,0.0,0,0,0,0
152,2023-04-02 14:00:00,0.21364,2.485,0.169,-7.653,5.0,3.717,-12.485,-7.485,-7.485,0,2.485,0.0,0,0,0,0
153,2023-04-02 14:15:00,0.21364,2.228,0.129,-7.357,5.0,4.905,-12.228,-7.228,-7.228,0,2.228,0.0,0,0,0,0
154,2023-04-02 14:30:00,0.21364,1.827,0.163,-6.989,5.0,6.092,-11.827,-6.827,-6.827,0,1.827,0.0,0,0,0,0
155,2023-04-02 14:45:00,0.21364,1.651,0.218,-6.869,5.0,7.28,-11.651,-6.651,-6.651,0,1.651,0.0,0,0,0,0
156,2023-04-02 15:00:00,0.21364,0.0,0.161,-6.552,0,8.467,-5.0,0.0,27.0,17.549,0.0,0.0,6.39,1,1,6.39
157,2023-04-02 15:15:00,0.21364,0.0,0.263,-6.089,0,8.467,-5.0,0.0,27.0,16.031,0.0,0.0,5.826,1,1,5.826
158,2023-04-02 15:30:00,0.21364,-0.0,0.195,-5.576,0,8.467,-5.0,0.0,27.0,14.648,0,0,5.382,1,1,5.382
159,2023-04-02 15:45:00,0.21364,0.0,0.171,-5.009,0,8.467,-5.0,0.0,27.0,13.369,0.0,0.0,4.838,1,1,4.838
160,2023-04-02 16:00:00,0.21364,0.0,0.167,-4.368,0,8.467,-5.0,0.0,27.0,12.22,0.0,0.0,4.2,1,1,4.2
161,2023-04-02 16:15:00,0.21364,-0.0,0.2,-3.682,0.484,8.467,-5.0,0.0,27.0,11.223,0,0,2.997,1,1,2.997
162,2023-04-02 16:30:00,0.21364,0.0,0.154,-2.928,2.774,8.582,-5.722,-0.722,25.557,10.511,0.0,0.0,0,1,0,0
163,2023-04-02 16:45:00,0.21364,0.0,0.127,-2.06,1.933,9.241,-6.933,-1.933,23.133,10.511,0.0,0.0,0,1,0,0
164,2023-04-02 17:00:00,0.21364,-0.0,0.167,-1.168,1.001,9.7,-6.001,-1.001,24.998,10.511,0,0,0,1,0,0
165,2023-04-02 17:15:00,0.21364,-0.0,0.151,-0.412,0.261,9.938,-5.261,-0.261,26.478,10.511,0,0,0,1,0,0
166,2023-04-02 17:30:00,0.21364,-0.0,0.314,-0.202,-0.112,10.0,-4.888,0.112,27.112,10.511,0,0,0,1,0,0
167,2023-04-02 17:45:00,0.21364,0.0,0.468,-0.0,-0.468,9.971,-4.532,0.468,27.468,10.511,0.0,0.0,0,1,0,0
168,2023-04-02 18:00:00,0.21364,0.0,0.522,-0.0,-0.522,9.847,-4.478,0.522,27.522,10.511,0.0,0.0,0,1,0,0
169,2023-04-02 18:15:00,0.21364,-0.0,0.66,-0.0,-0.66,9.71,-4.34,0.66,27.66,10.511,0,0,0,1,0,0
170,2023-04-02 18:30:00,0.21364,0.0,0.432,-0.0,-0.432,9.536,-4.568,0.432,27.432,10.511,0.0,0.0,0,1,0,0
171,2023-04-02 18:45:00,0.21364,0.0,2.897,-0.0,-2.897,9.423,-2.103,2.897,29.897,10.511,0.0,0.0,0,1,0,0
172,2023-04-02 19:00:00,0.21364,-0.0,2.162,-0.0,-2.162,8.66,-2.838,2.162,29.162,10.511,0,0,0,1,0,0
173,2023-04-02 19:15:00,0.21364,0.0,1.891,-0.0,-1.891,8.091,-3.109,1.891,28.891,10.511,0.0,0.0,0,1,0,0
174,2023-04-02 19:30:00,0.21364,-0.0,0.918,-0.0,-0.918,7.594,-4.082,0.918,27.918,10.511,0,0,0,1,0,0
175,2023-04-02 19:45:00,0.21364,0.0,0.656,-0.0,-0.656,7.352,-4.344,0.656,27.656,10.511,0.0,0.0,0,1,0,0
176,2023-04-02 20:00:00,0.07356,-0.0,0.877,-0.0,-0.877,7.179,-4.123,0.877,27.877,10.511,0,0,0,1,0,0
177,2023-04-02 20:15:00,0.07356,0.0,0.672,-0.0,-0.672,6.949,-4.328,0.672,27.672,10.511,0.0,0.0,0,1,0,0
178,2023-04-02 20:30:00,0.07356,-0.0,0.735,-0.0,-0.735,6.772,-4.265,0.735,27.735,10.511,0,0,0,1,0,0
179,2023-04-02 20:45:00,0.07356,-0.0,0.942,-0.0,-0.942,6.578,-4.058,0.942,27.942,10.511,0,0,0,1,0,0
180,2023-04-02 21:00:00,0.07356,0.0,0.586,-0.0,-0.586,6.33,-4.414,0.586,27.586,10.511,0.0,0.0,0,1,0,0
181,2023-04-02 21:15:00,0.07356,-0.0,0.63,-0.0,-0.63,6.176,-4.37,0.63,27.63,10.511,0,0,0,1,0,0
182,2023-04-02 21:30:00,0.07356,0.0,0.718,-0.0,-0.718,6.01,-4.282,0.718,27.718,10.511,0.0,0.0,0,1,0,0
183,2023-04-02 21:45:00,0.07356,-0.0,0.578,-0.0,-0.578,5.822,-4.422,0.578,27.578,10.511,0,0,0,1,0,0
184,2023-04-02 22:00:00,0.07356,0.0,0.511,-0.0,-0.511,5.669,-4.489,0.511,27.511,10.511,0.0,0.0,0,1,0,0
185,2023-04-02 22:15:00,0.07356,-0.0,0.854,-0.0,-0.854,5.535,-4.146,0.854,27.854,10.511,0,0,0,1,0,0
186,2023-04-02 22:30:00,0.07356,0.0,2.839,-0.0,-2.839,5.31,-2.161,2.839,29.839,10.511,0.0,0.0,0,1,0,0
187,2023-04-02 22:45:00,0.07356,-0.0,2.654,-0.0,-2.654,4.563,-2.346,2.654,29.654,10.511,0,0,0,1,0,0
188,2023-04-02 23:00:00,0.07356,0.0,2.239,-0.0,-2.239,3.864,-2.761,2.239,29.239,10.511,0.0,0.0,0,1,0,0
189,2023-04-02 23:15:00,0.07356,-0.0,1.951,-0.0,-1.951,3.275,-3.049,1.951,28.951,10.511,0,0,0,1,0,0
190,2023-04-02 23:30:00,0.07356,0.0,2.155,-0.0,-2.155,2.762,-2.845,2.155,29.155,10.511,0.0,0.0,0,1,0,0
191,2023-04-02 23:45:00,0.07356,-0.0,0.904,-0.0,-0.904,2.195,-4.096,0.904,27.904,10.511,0,0,0,1,0,0
192,2023-04-03 00:00:00,0.07356,-0.0,0.607,-0.0,-0.607,1.957,-4.393,0.607,27.607,10.511,0,0,0,1,0,0
193,2023-04-03 00:15:00,0.07356,-0.0,0.639,-0.0,-0.639,1.797,-4.361,0.639,27.639,10.511,0,0,0,1,0,0
194,2023-04-03 00:30:00,0.07356,0.0,0.58,-0.0,-0.58,1.629,-4.42,0.58,27.58,10.511,0.0,0.0,0,1,0,0
195,2023-04-03 00:45:00,0.07356,-0.0,0.388,-0.0,-0.388,1.476,-4.612,0.388,27.388,10.511,0,0,0,1,0,0
196,2023-04-03 01:00:00,0.07356,0.0,0.703,-0.0,-0.703,1.374,-4.297,0.703,27.703,10.511,0.0,0.0,0,1,0,0
197,2023-04-03 01:15:00,0.07356,0.0,0.539,-0.0,-0.539,1.189,-4.461,0.539,27.539,10.511,0.0,0.0,0,1,0,0
198,2023-04-03 01:30:00,0.07356,-0.0,0.568,-0.0,-0.568,1.047,-4.432,0.568,27.568,10.511,0,0,0,1,0,0
199,2023-04-03 01:45:00,0.07356,-0.0,0.663,-0.0,-0.663,0.898,-4.337,0.663,27.663,10.511,0,0,0,1,0,0
200,2023-04-03 02:00:00,0.07356,0.0,0.695,-0.0,-0.695,0.723,-4.305,0.695,27.695,10.511,0.0,0.0,0,1,0,0
201,2023-04-03 02:15:00,0.07356,0.0,0.626,-0.0,-0.626,0.54,-4.374,0.626,27.626,10.511,0.0,0.0,0,1,0,0
202,2023-04-03 02:30:00,0.07356,0.0,0.6,-0.0,-0.6,0.376,-4.4,0.6,27.6,10.511,0.0,0.0,0,1,0,0
203,2023-04-03 02:45:00,0.07356,-0.344,0.519,-0.0,-0.175,0.218,-4.481,0.519,27.519,10.511,0,0,0,1,0,0
204,2023-04-03 03:00:00,0.07356,-0.467,0.467,-0.0,0,0.172,-4.533,0.467,27.467,10.511,0,0,0,1,0,0
205,2023-04-03 03:15:00,0.07356,-0.263,0.263,-0.0,0,0.172,-4.737,0.263,27.263,10.511,0,0,0,1,0,0
206,2023-04-03 03:30:00,0.07356,-0.308,0.308,-0.0,0,0.172,-4.692,0.308,27.308,10.511,0,0,0,1,0,0
207,2023-04-03 03:45:00,0.07356,-0.217,0.217,-0.0,0,0.172,-4.783,0.217,27.217,10.511,0,0,0,1,0,0
208,2023-04-03 04:00:00,0.07356,-0.204,0.204,-0.0,0,0.172,-4.796,0.204,27.204,10.511,0,0,0,1,0,0
209,2023-04-03 04:15:00,0.07356,-0.205,0.205,-0.0,0,0.172,-4.795,0.205,27.205,10.511,0,0,0,1,0,0
210,2023-04-03 04:30:00,0.07356,-0.273,0.273,-0.0,0,0.172,-4.727,0.273,27.273,10.511,0,0,0,1,0,0
211,2023-04-03 04:45:00,0.07356,-0.27,0.27,-0.0,0,0.172,-4.73,0.27,27.27,10.511,0,0,0,1,0,0
212,2023-04-03 05:00:00,0.07356,-0.139,0.139,-0.0,0,0.172,-4.861,0.139,27.139,10.511,0,0,0,1,0,0
213,2023-04-03 05:15:00,0.07356,-0.225,0.225,-0.0,0,0.172,-4.775,0.225,27.225,10.511,0,0,0,1,0,0
214,2023-04-03 05:30:00,0.07356,-0.164,0.164,-0.0,0,0.172,-4.836,0.164,27.164,10.511,0,0,0,1,0,0
215,2023-04-03 05:45:00,0.07356,-0.158,0.158,-0.0,0,0.172,-4.842,0.158,27.158,10.511,0,0,0,1,0,0
216,2023-04-03 06:00:00,0.1652,-0.0,0.158,-0.0,-0.158,0.172,-4.842,0.158,27.158,10.511,0,0,0,1,0,0
217,2023-04-03 06:15:00,0.1652,0.0,0.175,-0.0,-0.175,0.13,-4.825,0.175,27.175,10.511,0.0,0.0,0,1,0,0
218,2023-04-03 06:30:00,0.1652,0.0,0.258,-0.0,-0.258,0.084,-4.742,0.258,27.258,10.511,0.0,0.0,0,1,0,0
219,2023-04-03 06:45:00,0.1652,-0.0,0.203,-0.142,-0.061,0.016,-4.939,0.061,27.061,10.511,0,0,0,1,0,0
220,2023-04-03 07:00:00,0.1652,-0.0,0.318,-0.546,0,-0.0,-5.227,-0.227,26.545,10.511,0,0,0.227,1,1,0.227
221,2023-04-03 07:15:00,0.1652,0.0,0.319,-1.039,0,-0.0,-5.721,-0.721,25.559,10.457,0.0,0.0,0.721,1,1,0.721
222,2023-04-03 07:30:00,0.1652,0.0,0.339,-1.543,0,-0.0,-6.203,-1.203,24.594,10.286,0.0,0.0,1.203,1,1,1.203
223,2023-04-03 07:45:00,0.1652,0.0,0.228,-2.079,0,-0.0,-6.852,-1.852,23.297,10.0,0.0,0.0,1.852,1,1,1.852
224,2023-04-03 08:00:00,0.1652,1.589,1.027,-2.616,0,-0.0,-6.589,-1.589,1.822,0,1.589,0.0,0,0,0,0
225,2023-04-03 08:15:00,0.1652,1.788,1.38,-3.168,0,-0.0,-6.788,-1.788,1.425,0,1.788,0.0,0,0,0,0
226,2023-04-03 08:30:00,0.1652,3.174,0.565,-3.739,0,-0.0,-8.174,-3.174,-1.349,0,3.174,0.0,0,0,0,0
227,2023-04-03 08:45:00,0.1652,3.146,1.114,-4.261,0,-0.0,-8.146,-3.146,-1.293,0,3.146,0.0,0,0,0,0
228,2023-04-03 09:00:00,0.1652,3.515,1.185,-4.7,0,-0.0,-8.515,-3.515,-2.03,0,3.515,0.0,0,0,0,0
229,2023-04-03 09:15:00,0.1652,4.181,1.01,-5.191,0,-0.0,-9.181,-4.181,-3.362,0,4.181,0.0,0,0,0,0
230,2023-04-03 09:30:00,0.1652,4.001,1.64,-5.64,0,-0.0,-9.001,-4.001,-3.001,0,4.001,0.0,0,0,0,0
231,2023-04-03 09:45:00,0.1652,4.29,1.543,-5.832,0,-0.0,-9.29,-4.29,-3.58,0,4.29,0.0,0,0,0,0
232,2023-04-03 10:00:00,0.1652,4.795,1.644,-6.439,0,-0.0,-9.795,-4.795,-4.589,0,4.795,0.0,0,0,0,0
233,2023-04-03 10:15:00,0.1652,3.936,2.881,-6.816,0,-0.0,-8.936,-3.936,-2.872,0,3.936,0.0,0,0,0,0
234,2023-04-03 10:30:00,0.1652,4.939,2.129,-7.068,0,-0.0,-9.939,-4.939,-4.877,0,4.939,0.0,0,0,0,0
235,2023-04-03 10:45:00,0.1652,5.587,1.446,-7.033,0,-0.0,-10.587,-5.587,-5.587,0,5.587,0.0,0,0,0,0
236,2023-04-03 11:00:00,0.1652,5.299,1.76,-7.059,0,-0.0,-10.299,-5.299,-5.299,0,5.299,0.0,0,0,0,0
237,2023-04-03 11:15:00,0.1652,5.632,1.995,-7.627,0,-0.0,-10.632,-5.632,-5.632,0,5.632,0.0,0,0,0,0
238,2023-04-03 11:30:00,0.1652,6.445,1.448,-7.893,0,-0.0,-11.445,-6.445,-6.445,0,6.445,0.0,0,0,0,0
239,2023-04-03 11:45:00,0.1652,6.597,1.466,-8.063,0,-0.0,-11.597,-6.597,-6.597,0,6.597,0.0,0,0,0,0
240,2023-04-03 12:00:00,0.1652,7.246,0.973,-8.219,0,-0.0,-12.246,-7.246,-7.246,0,7.246,0.0,0,0,0,0
241,2023-04-03 12:15:00,0.1652,7.348,0.904,-8.252,0,-0.0,-12.348,-7.348,-7.348,0,7.348,0.0,0,0,0,0
242,2023-04-03 12:30:00,0.1652,7.729,0.589,-8.318,0,-0.0,-12.729,-7.729,-7.729,0,7.729,0.0,0,0,0,0
243,2023-04-03 12:45:00,0.1652,3.87,0.584,-8.374,3.92,-0.0,-12.79,-7.79,-7.79,0,3.87,0.0,0,0,0,0
244,2023-04-03 13:00:00,0.1652,2.306,1.058,-8.364,5.0,0.931,-12.306,-7.306,-7.306,0,2.306,0.0,0,0,0,0
245,2023-04-03 13:15:00,0.1652,2.564,0.731,-8.296,5.0,2.118,-12.564,-7.564,-7.564,0,2.564,0.0,0,0,0,0
246,2023-04-03 13:30:00,0.1652,2.591,0.593,-8.184,5.0,3.306,-12.591,-7.591,-7.591,0,2.591,0.0,0,0,0,0
247,2023-04-03 13:45:00,0.1652,2.559,0.477,-8.036,5.0,4.493,-12.559,-7.559,-7.559,0,2.559,0.0,0,0,0,0
248,2023-04-03 14:00:00,0.1652,2.265,0.512,-7.777,5.0,5.681,-12.265,-7.265,-7.265,0,2.265,0.0,0,0,0,0
249,2023-04-03 14:15:00,0.1652,-0.0,0.546,-7.525,0,6.868,-5.0,0.0,27.0,17.735,0,0,6.979,1,1,6.979
250,2023-04-03 14:30:00,0.1652,0.0,0.467,-7.187,0,6.868,-5.0,0.0,27.0,16.078,0.0,0.0,6.719,1,1,6.719
251,2023-04-03 14:45:00,0.1652,-0.0,0.542,-6.908,0,6.868,-5.0,0.0,27.0,14.482,0,0,6.366,1,1,6.366
252,2023-04-03 15:00:00,0.1652,0.0,0.533,-6.612,0.435,6.868,-5.0,0.0,27.0,12.97,0.0,0.0,5.644,1,1,5.644
253,2023-04-03 15:15:00,0.1652,-0.0,0.546,-6.182,5.0,6.972,-5.0,0.0,27.0,11.63,0,0,0.636,1,1,0.636
254,2023-04-03 15:30:00,0.1652,0.0,1.826,-5.679,3.854,8.159,-6.212,-1.212,24.576,11.479,0.0,0.0,0,1,0,0
255,2023-04-03 15:45:00,0.1652,-0.0,3.262,-5.095,1.832,9.075,-6.832,-1.832,23.335,11.479,0,0,0,1,0,0
256,2023-04-03 16:00:00,0.1652,-0.0,2.344,-4.409,2.064,9.51,-7.064,-2.064,22.872,11.479,0,0,0,1,0,0
257,2023-04-03 16:15:00,0.1652,-0.0,5.243,-3.693,-1.55,10.0,-3.45,1.55,28.55,11.479,0,0,0,1,0,0
258,2023-04-03 16:30:00,0.1652,0.0,5.02,-2.876,-2.144,9.592,-2.856,2.144,29.144,11.479,0.0,0.0,0,1,0,0
259,2023-04-03 16:45:00,0.1652,0.0,0.933,-2.001,1.068,9.028,-6.068,-1.068,24.864,11.479,0.0,0.0,0,1,0,0
260,2023-04-03 17:00:00,0.1652,-0.0,0.687,-1.1,0.413,9.282,-5.413,-0.413,26.174,11.479,0,0,0,1,0,0
261,2023-04-03 17:15:00,0.1652,-0.0,0.549,-0.361,-0.189,9.38,-4.811,0.189,27.189,11.479,0,0,0,1,0,0
262,2023-04-03 17:30:00,0.1652,-0.0,0.482,-0.208,-0.274,9.33,-4.726,0.274,27.274,11.479,0,0,0,1,0,0
263,2023-04-03 17:45:00,0.1652,0.0,0.331,-0.0,-0.331,9.258,-4.669,0.331,27.331,11.479,0.0,0.0,0,1,0,0
264,2023-04-03 18:00:00,0.1652,-0.0,0.286,-0.0,-0.286,9.171,-4.714,0.286,27.286,11.479,0,0,0,1,0,0
265,2023-04-03 18:15:00,0.1652,0.0,0.394,-0.0,-0.394,9.095,-4.606,0.394,27.394,11.479,0.0,0.0,0,1,0,0
266,2023-04-03 18:30:00,0.1652,0.0,0.603,-0.0,-0.603,8.992,-4.397,0.603,27.603,11.479,0.0,0.0,0,1,0,0
267,2023-04-03 18:45:00,0.1652,0.0,0.247,-0.0,-0.247,8.833,-4.753,0.247,27.247,11.479,0.0,0.0,0,1,0,0
268,2023-04-03 19:00:00,0.1652,-0.0,0.217,-0.0,-0.217,8.768,-4.783,0.217,27.217,11.479,0,0,0,1,0,0
269,2023-04-03 19:15:00,0.1652,-0.0,0.175,-0.0,-0.175,8.711,-4.825,0.175,27.175,11.479,0,0,0,1,0,0
270,2023-04-03 19:30:00,0.1652,0.0,0.431,-0.0,-0.431,8.665,-4.569,0.431,27.431,11.479,0.0,0.0,0,1,0,0
271,2023-04-03 19:45:00,0.1652,-0.0,0.735,-0.0,-0.735,8.552,-4.265,0.735,27.735,11.479,0,0,0,1,0,0
272,2023-04-03 20:00:00,0.11,0.0,0.794,-0.0,-0.794,8.358,-4.206,0.794,27.794,11.479,0.0,0.0,0,1,0,0
273,2023-04-03 20:15:00,0.11,0.0,0.502,-0.0,-0.502,8.149,-4.498,0.502,27.502,11.479,0.0,0.0,0,1,0,0
274,2023-04-03 20:30:00,0.11,-0.0,0.48,-0.0,-0.48,8.017,-4.52,0.48,27.48,11.479,0,0,0,1,0,0
275,2023-04-03 20:45:00,0.11,0.0,0.52,-0.0,-0.52,7.89,-4.48,0.52,27.52,11.479,0.0,0.0,0,1,0,0
276,2023-04-03 21:00:00,0.11,-0.0,0.669,-0.0,-0.669,7.754,-4.331,0.669,27.669,11.479,0,0,0,1,0,0
277,2023-04-03 21:15:00,0.11,0.0,0.583,-0.0,-0.583,7.578,-4.417,0.583,27.583,11.479,0.0,0.0,0,1,0,0
278,2023-04-03 21:30:00,0.11,0.0,0.518,-0.0,-0.518,7.424,-4.482,0.518,27.518,11.479,0.0,0.0,0,1,0,0
279,2023-04-03 21:45:00,0.11,-0.0,0.456,-0.0,-0.456,7.288,-4.544,0.456,27.456,11.479,0,0,0,1,0,0
280,2023-04-03 22:00:00,0.11,-0.0,0.543,-0.0,-0.543,7.168,-4.457,0.543,27.543,11.479,0,0,0,1,0,0
281,2023-04-03 22:15:00,0.11,0.0,0.474,-0.0,-0.474,7.025,-4.526,0.474,27.474,11.479,0.0,0.0,0,1,0,0
282,2023-04-03 22:30:00,0.11,-0.0,0.577,-0.0,-0.577,6.9,-4.423,0.577,27.577,11.479,0,0,0,1,0,0
283,2023-04-03 22:45:00,0.11,-0.0,0.42,-0.0,-0.42,6.748,-4.58,0.42,27.42,11.479,0,0,0,1,0,0
284,2023-04-03 23:00:00,0.11,0.0,0.625,-0.0,-0.625,6.638,-4.375,0.625,27.625,11.479,0.0,0.0,0,1,0,0
285,2023-04-03 23:15:00,0.11,0.0,0.673,-0.0,-0.673,6.473,-4.327,0.673,27.673,11.479,0.0,0.0,0,1,0,0
286,2023-04-03 23:30:00,0.11,-0.0,0.793,-0.0,-0.793,6.296,-4.207,0.793,27.793,11.479,0,0,0,1,0,0
287,2023-04-03 23:45:00,0.11,0.0,0.832,-0.0,-0.832,6.087,-4.168,0.832,27.832,11.479,0.0,0.0,0,1,0,0
288,2023-04-04 00:00:00,0.11,-0.0,0.759,-0.0,-0.759,5.868,-4.241,0.759,27.759,11.479,0,0,0,1,0,0
289,2023-04-04 00:15:00,0.11,-0.0,0.721,-0.0,-0.721,5.669,-4.279,0.721,27.721,11.479,0,0,0,1,0,0
290,2023-04-04 00:30:00,0.11,0.0,0.915,-0.0,-0.915,5.479,-4.085,0.915,27.915,11.479,0.0,0.0,0,1,0,0
291,2023-04-04 00:45:00,0.11,-0.0,0.85,-0.0,-0.85,5.238,-4.15,0.85,27.85,11.479,0,0,0,1,0,0
292,2023-04-04 01:00:00,0.11,0.0,1.89,-0.0,-1.89,5.015,-3.11,1.89,28.89,11.479,0.0,0.0,0,1,0,0
293,2023-04-04 01:15:00,0.11,0.0,2.606,-0.0,-2.606,4.517,-2.394,2.606,29.606,11.479,0.0,0.0,0,1,0,0
294,2023-04-04 01:30:00,0.11,0.0,4.876,-0.0,-4.876,3.831,-0.124,4.876,31.876,11.479,0.0,0.0,0,1,0,0
295,2023-04-04 01:45:00,0.11,0.0,0.567,-0.0,-0.567,2.548,-4.433,0.567,27.567,11.479,0.0,0.0,0,1,0,0
296,2023-04-04 02:00:00,0.11,-0.0,0.641,-0.0,-0.641,2.399,-4.359,0.641,27.641,11.479,0,0,0,1,0,0
297,2023-04-04 02:15:00,0.11,0.0,0.685,-0.0,-0.685,2.23,-4.315,0.685,27.685,11.479,0.0,0.0,0,1,0,0
298,2023-04-04 02:30:00,0.11,-0.0,0.654,-0.0,-0.654,2.05,-4.346,0.654,27.654,11.479,0,0,0,1,0,0
299,2023-04-04 02:45:00,0.11,0.0,0.643,-0.0,-0.643,1.878,-4.357,0.643,27.643,11.479,0.0,0.0,0,1,0,0
300,2023-04-04 03:00:00,0.11,-0.0,0.626,-0.0,-0.626,1.709,-4.374,0.626,27.626,11.479,0,0,0,1,0,0
301,2023-04-04 03:15:00,0.11,0.0,0.614,-0.0,-0.614,1.544,-4.386,0.614,27.614,11.479,0.0,0.0,0,1,0,0
302,2023-04-04 03:30:00,0.11,-0.0,0.581,-0.0,-0.581,1.382,-4.419,0.581,27.581,11.479,0,0,0,1,0,0
303,2023-04-04 03:45:00,0.11,0.0,0.609,-0.0,-0.609,1.229,-4.391,0.609,27.609,11.479,0.0,0.0,0,1,0,0
304,2023-04-04 04:00:00,0.11,0.0,0.623,-0.0,-0.623,1.069,-4.377,0.623,27.623,11.479,0.0,0.0,0,1,0,0
305,2023-04-04 04:15:00,0.11,-0.0,0.486,-0.0,-0.486,0.905,-4.514,0.486,27.486,11.479,0,0,0,1,0,0
306,2023-04-04 04:30:00,0.11,0.0,0.497,-0.0,-0.497,0.777,-4.503,0.497,27.497,11.479,0.0,0.0,0,1,0,0
307,2023-04-04 04:45:00,0.11,0.0,0.933,-0.0,-0.933,0.646,-4.067,0.933,27.933,11.479,0.0,0.0,0,1,0,0
308,2023-04-04 05:00:00,0.11,-0.0,0.35,-0.0,-0.35,0.401,-4.65,0.35,27.35,11.479,0,0,0,1,0,0
309,2023-04-04 05:15:00,0.11,-0.173,0.266,-0.0,-0.092,0.309,-4.734,0.266,27.266,11.479,0,0,0,1,0,0
310,2023-04-04 05:30:00,0.11,-0.23,0.23,-0.0,0,0.284,-4.77,0.23,27.23,11.479,0,0,0,1,0,0
311,2023-04-04 05:45:00,0.11,-0.213,0.213,-0.0,0,0.284,-4.787,0.213,27.213,11.479,0,0,0,1,0,0
312,2023-04-04 06:00:00,0.12955,-0.0,0.258,-0.0,-0.258,0.284,-4.742,0.258,27.258,11.479,0,0,0,1,0,0
313,2023-04-04 06:15:00,0.12955,0.0,0.247,-0.0,-0.247,0.216,-4.753,0.247,27.247,11.479,0.0,0.0,0,1,0,0
314,2023-04-04 06:30:00,0.12955,-0.0,0.274,-0.006,-0.268,0.151,-4.732,0.268,27.268,11.479,0,0,0,1,0,0
315,2023-04-04 06:45:00,0.12955,-0.0,0.504,-0.196,-0.308,0.081,-4.692,0.308,27.308,11.479,0,0,0,1,0,0
316,2023-04-04 07:00:00,0.12955,0.0,0.23,-0.54,0,0.0,-5.31,-0.31,26.381,11.479,0.0,0.0,0.309,1,1,0.309
317,2023-04-04 07:15:00,0.12955,-0.0,0.337,-1.03,0,0.0,-5.693,-0.693,25.615,11.405,0,0,0.693,1,1,0.693
318,2023-04-04 07:30:00,0.12955,-0.0,0.325,-1.51,0,0.0,-6.185,-1.185,24.631,11.241,0,0,1.185,1,1,1.185
319,2023-04-04 07:45:00,0.12955,0.0,0.265,-2.024,0,0.0,-6.759,-1.759,23.481,10.959,0.0,0.0,1.759,1,1,1.759
320,2023-04-04 08:00:00,0.12955,-0.0,0.28,-2.559,0,0.0,-7.279,-2.279,22.441,10.541,0,0,2.279,1,1,2.279
321,2023-04-04 08:15:00,0.12955,2.873,0.219,-3.093,0,0.0,-7.873,-2.873,21.254,10.0,2.873,0.0,0,1,0,0
322,2023-04-04 08:30:00,0.12955,3.356,0.253,-3.609,0,0.0,-8.356,-3.356,-1.712,0,3.356,0.0,0,0,0,0
323,2023-04-04 08:45:00,0.12955,3.931,0.206,-4.137,0,0.0,-8.931,-3.931,-2.862,0,3.931,0.0,0,0,0,0
324,2023-04-04 09:00:00,0.12955,4.122,0.475,-4.598,0,0.0,-9.122,-4.122,-3.245,0,4.122,0.0,0,0,0,0
325,2023-04-04 09:15:00,0.12955,4.094,0.938,-5.032,0,0.0,-9.094,-4.094,-3.188,0,4.094,0.0,0,0,0,0
326,2023-04-04 09:30:00,0.12955,5.002,0.467,-5.468,0,0.0,-10.002,-5.002,-5.002,0,5.002,0.0,0,0,0,0
327,2023-04-04 09:45:00,0.12955,4.281,1.41,-5.69,0,0.0,-9.281,-4.281,-3.562,0,4.281,0.0,0,0,0,0
328,2023-04-04 10:00:00,0.12955,5.08,1.145,-6.225,0,0.0,-10.08,-5.08,-5.08,0,5.08,0.0,0,0,0,0
329,2023-04-04 10:15:00,0.12955,3.033,3.512,-6.545,0,0.0,-8.033,-3.033,-1.065,0,3.033,0.0,0,0,0,0
330,2023-04-04 10:30:00,0.12955,3.651,3.189,-6.841,0,0.0,-8.651,-3.651,-2.303,0,3.651,0.0,0,0,0,0
331,2023-04-04 10:45:00,0.12955,2.597,4.509,-7.106,0,0.0,-7.597,-2.597,-0.194,0,2.597,0.0,0,0,0,0
332,2023-04-04 11:00:00,0.12955,1.832,5.521,-7.353,0,0.0,-6.832,-1.832,1.335,0,1.832,0.0,0,0,0,0
333,2023-04-04 11:15:00,0.12955,0.183,7.406,-7.589,0,0.0,-5.183,-0.183,4.635,0,0.183,0.0,0,0,0,0
334,2023-04-04 11:30:00,0.12955,3.062,4.702,-7.764,0,0.0,-8.062,-3.062,-1.124,0,3.062,0.0,0,0,0,0
335,2023-04-04 11:45:00,0.12955,5.729,2.202,-7.931,0,0.0,-10.729,-5.729,-5.729,0,5.729,0.0,0,0,0,0
336,2023-04-04 12:00:00,0.12955,6.661,1.415,-8.077,0,0.0,-11.661,-6.661,-6.661,0,6.661,0.0,0,0,0,0
337,2023-04-04 12:15:00,0.12955,7.171,0.979,-8.151,0,0.0,-12.171,-7.171,-7.171,0,7.171,0.0,0,0,0,0
338,2023-04-04 12:30:00,0.12955,7.394,0.766,-8.16,0,0.0,-12.394,-7.394,-7.394,0,7.394,0.0,0,0,0,0
339,2023-04-04 12:45:00,0.12955,7.715,0.47,-8.185,0,0.0,-12.715,-7.715,-7.715,0,7.715,0.0,0,0,0,0
340,2023-04-04 13:00:00,0.12955,7.714,0.456,-8.17,0,0.0,-12.714,-7.714,-7.714,0,7.714,0.0,0,0,0,0
341,2023-04-04 13:15:00,0.12955,7.683,0.446,-8.128,0,0.0,-12.683,-7.683,-7.683,0,7.683,0.0,0,0,0,0
342,2023-04-04 13:30:00,0.12955,7.408,0.66,-8.068,0,0.0,-12.408,-7.408,-7.408,0,7.408,0.0,0,0,0,0
343,2023-04-04 13:45:00,0.12955,7.067,0.788,-7.854,0,0.0,-12.067,-7.067,-7.067,0,7.067,0.0,0,0,0,0
344,2023-04-04 14:00:00,0.12955,6.721,0.833,-7.553,0,0.0,-11.721,-6.721,-6.721,0,6.721,0.0,0,0,0,0
345,2023-04-04 14:15:00,0.12955,4.977,2.382,-7.359,0,0.0,-9.977,-4.977,-4.955,0,4.977,0.0,0,0,0,0
346,2023-04-04 14:30:00,0.12955,5.497,1.594,-7.092,0,0.0,-10.497,-5.497,-5.497,0,5.497,0.0,0,0,0,0
347,2023-04-04 14:45:00,0.12955,3.023,2.206,-6.762,1.533,0.0,-9.555,-4.555,-4.111,0,3.023,0.0,0,0,0,0
348,2023-04-04 15:00:00,0.12955,-0.0,1.314,-6.205,4.892,0.364,-9.892,-4.892,-4.784,0,0,0,0,0,0,0
349,2023-04-04 15:15:00,0.12955,0.0,0.699,-4.842,4.144,1.526,-9.144,-4.144,-3.288,0,0.0,0.0,0,0,0,0
350,2023-04-04 15:30:00,0.12955,0.315,0.646,-5.96,5.0,2.51,-10.315,-5.315,-5.315,0,0.315,0.0,0,0,0,0
351,2023-04-04 15:45:00,0.12955,0.0,1.79,-5.518,3.728,3.698,-8.728,-3.728,-2.456,0,0.0,0.0,0,0,0,0
352,2023-04-04 16:00:00,0.12955,0.0,1.486,-3.484,1.998,4.583,-6.998,-1.998,1.003,0,0.0,0.0,0,0,0,0
353,2023-04-04 16:15:00,0.12955,-0.0,0.271,-3.646,3.376,5.057,-8.376,-3.376,-1.752,0,0,0,0,0,0,0
354,2023-04-04 16:30:00,0.12955,0.0,0.226,-2.859,2.633,5.859,-7.633,-2.633,-0.266,0,0.0,0.0,0,0,0,0
355,2023-04-04 16:45:00,0.12955,-0.0,1.659,-2.003,0.343,6.485,-5.343,-0.343,4.313,0,0,0,0,0,0,0
356,2023-04-04 17:00:00,0.12955,0.0,2.279,-1.104,-1.175,6.566,-3.825,1.175,6.175,0,0.0,0.0,0,0,0,0
357,2023-04-04 17:15:00,0.12955,-0.0,1.907,-0.408,-1.499,6.257,-3.501,1.499,6.499,0,0,0,0,0,0,0
358,2023-04-04 17:30:00,0.12955,0.0,1.847,-0.228,-1.619,5.862,-3.381,1.619,28.619,14.632,0.0,0.0,0,1,0,0
359,2023-04-04 17:45:00,0.12955,-0.0,1.221,-0.0,-1.221,5.436,-3.779,1.221,28.221,14.632,0,0,0,1,0,0
360,2023-04-04 18:00:00,0.12955,0.0,0.3,-0.0,-0.3,5.115,-4.7,0.3,27.3,14.632,0.0,0.0,0,1,0,0
361,2023-04-04 18:15:00,0.12955,-0.0,0.222,-0.0,-0.222,5.036,-4.778,0.222,27.222,14.632,0,0,0,1,0,0
362,2023-04-04 18:30:00,0.12955,0.0,0.264,-0.0,-0.264,4.978,-4.736,0.264,27.264,14.632,0.0,0.0,0,1,0,0
363,2023-04-04 18:45:00,0.12955,0.0,0.258,-0.0,-0.258,4.908,-4.742,0.258,27.258,14.632,0.0,0.0,0,1,0,0
364,2023-04-04 19:00:00,0.12955,-0.0,0.288,-0.0,-0.288,4.84,-4.712,0.288,27.288,14.632,0,0,0,1,0,0
365,2023-04-04 19:15:00,0.12955,0.0,0.221,-0.0,-0.221,4.764,-4.779,0.221,27.221,14.632,0.0,0.0,0,1,0,0
366,2023-04-04 19:30:00,0.12955,-0.0,0.271,-0.0,-0.271,4.706,-4.729,0.271,27.271,14.632,0,0,0,1,0,0
367,2023-04-04 19:45:00,0.12955,-0.0,0.33,-0.0,-0.33,4.635,-4.67,0.33,27.33,14.632,0,0,0,1,0,0
368,2023-04-04 20:00:00,0.02942,0.0,0.271,-0.0,-0.271,4.548,-4.729,0.271,27.271,14.632,0.0,0.0,0,1,0,0
369,2023-04-04 20:15:00,0.02942,0.0,0.253,-0.0,-0.253,4.477,-4.747,0.253,27.253,14.632,0.0,0.0,0,1,0,0
370,2023-04-04 20:30:00,0.02942,0.0,1.102,-0.0,-1.102,4.41,-3.898,1.102,28.102,14.632,0.0,0.0,0,1,0,0
371,2023-04-04 20:45:00,0.02942,-0.0,0.814,-0.0,-0.814,4.12,-4.186,0.814,27.814,14.632,0,0,0,1,0,0
372,2023-04-04 21:00:00,0.02942,-0.0,0.307,-0.0,-0.307,3.906,-4.693,0.307,27.307,14.632,0,0,0,1,0,0
373,2023-04-04 21:15:00,0.02942,0.0,0.338,-0.0,-0.338,3.825,-4.662,0.338,27.338,14.632,0.0,0.0,0,1,0,0
374,2023-04-04 21:30:00,0.02942,-0.0,0.335,-0.0,-0.335,3.736,-4.665,0.335,27.335,14.632,0,0,0,1,0,0
375,2023-04-04 21:45:00,0.02942,-0.0,0.318,-0.0,-0.318,3.648,-4.682,0.318,27.318,14.632,0,0,0,1,0,0
376,2023-04-04 22:00:00,0.02942,0.0,0.356,-0.0,-0.356,3.564,-4.644,0.356,27.356,14.632,0.0,0.0,0,1,0,0
377,2023-04-04 22:15:00,0.02942,-0.0,0.321,-0.0,-0.321,3.471,-4.679,0.321,27.321,14.632,0,0,0,1,0,0
378,2023-04-04 22:30:00,0.02942,0.0,0.358,-0.0,-0.358,3.386,-4.642,0.358,27.358,14.632,0.0,0.0,0,1,0,0
379,2023-04-04 22:45:00,0.02942,0.0,0.227,-0.0,-0.227,3.292,-4.773,0.227,27.227,14.632,0.0,0.0,0,1,0,0
380,2023-04-04 23:00:00,0.02942,-0.0,0.274,-0.0,-0.274,3.232,-4.726,0.274,27.274,14.632,0,0,0,1,0,0
381,2023-04-04 23:15:00,0.02942,0.0,0.799,-0.0,-0.799,3.16,-4.201,0.799,27.799,14.632,0.0,0.0,0,1,0,0
382,2023-04-04 23:30:00,0.02942,0.0,0.495,-0.0,-0.495,2.95,-4.505,0.495,27.495,14.632,0.0,0.0,0,1,0,0
383,2023-04-04 23:45:00,0.02942,-0.0,0.504,-0.0,-0.504,2.82,-4.496,0.504,27.504,14.632,0,0,0,1,0,0
384,2023-04-05 00:00:00,0.02942,0.0,0.55,-0.0,-0.55,2.687,-4.45,0.55,27.55,14.632,0.0,0.0,0,1,0,0
385,2023-04-05 00:15:00,0.02942,-0.0,0.522,-0.0,-0.522,2.542,-4.478,0.522,27.522,14.632,0,0,0,1,0,0
386,2023-04-05 00:30:00,0.02942,0.0,0.49,-0.0,-0.49,2.405,-4.51,0.49,27.49,14.632,0.0,0.0,0,1,0,0
387,2023-04-05 00:45:00,0.02942,0.0,0.505,-0.0,-0.505,2.276,-4.495,0.505,27.505,14.632,0.0,0.0,0,1,0,0
388,2023-04-05 01:00:00,0.02942,0.0,0.39,-0.0,-0.39,2.143,-4.61,0.39,27.39,14.632,0.0,0.0,0,1,0,0
389,2023-04-05 01:15:00,0.02942,-0.0,0.343,-0.0,-0.343,2.04,-4.657,0.343,27.343,14.632,0,0,0,1,0,0
390,2023-04-05 01:30:00,0.02942,0.0,0.282,-0.0,-0.282,1.95,-4.718,0.282,27.282,14.632,0.0,0.0,0,1,0,0
391,2023-04-05 01:45:00,0.02942,-0.0,0.374,-0.0,-0.374,1.876,-4.626,0.374,27.374,14.632,0,0,0,1,0,0
392,2023-04-05 02:00:00,0.02942,0.0,0.349,-0.0,-0.349,1.778,-4.651,0.349,27.349,14.632,0.0,0.0,0,1,0,0
393,2023-04-05 02:15:00,0.02942,0.0,0.317,-0.0,-0.317,1.686,-4.683,0.317,27.317,14.632,0.0,0.0,0,1,0,0
394,2023-04-05 02:30:00,0.02942,-0.0,0.323,-0.0,-0.323,1.603,-4.677,0.323,27.323,14.632,0,0,0,1,0,0
395,2023-04-05 02:45:00,0.02942,0.0,0.3,-0.0,-0.3,1.518,-4.7,0.3,27.3,14.632,0.0,0.0,0,1,0,0
396,2023-04-05 03:00:00,0.02942,0.0,0.345,-0.0,-0.345,1.439,-4.655,0.345,27.345,14.632,0.0,0.0,0,1,0,0
397,2023-04-05 03:15:00,0.02942,-0.0,0.346,-0.0,-0.346,1.348,-4.654,0.346,27.346,14.632,0,0,0,1,0,0
398,2023-04-05 03:30:00,0.02942,-0.0,0.325,-0.0,-0.325,1.257,-4.675,0.325,27.325,14.632,0,0,0,1,0,0
399,2023-04-05 03:45:00,0.02942,0.0,0.308,-0.0,-0.308,1.171,-4.692,0.308,27.308,14.632,0.0,0.0,0,1,0,0
400,2023-04-05 04:00:00,0.02942,-0.0,0.648,-0.0,-0.648,1.09,-4.352,0.648,27.648,14.632,0,0,0,1,0,0
401,2023-04-05 04:15:00,0.02942,-0.0,0.452,-0.0,-0.452,0.92,-4.548,0.452,27.452,14.632,0,0,0,1,0,0
402,2023-04-05 04:30:00,0.02942,-0.0,0.793,-0.0,-0.793,0.801,-4.207,0.793,27.793,14.632,0,0,0,1,0,0
403,2023-04-05 04:45:00,0.02942,-0.0,0.295,-0.0,-0.295,0.592,-4.705,0.295,27.295,14.632,0,0,0,1,0,0
404,2023-04-05 05:00:00,0.02942,0.0,0.242,-0.0,-0.242,0.515,-4.758,0.242,27.242,14.632,0.0,0.0,0,1,0,0
405,2023-04-05 05:15:00,0.02942,-0.0,0.224,-0.0,-0.224,0.451,-4.776,0.224,27.224,14.632,0,0,0,1,0,0
406,2023-04-05 05:30:00,0.02942,0.0,0.295,-0.0,-0.295,0.392,-4.705,0.295,27.295,14.632,0.0,0.0,0,1,0,0
407,2023-04-05 05:45:00,0.02942,0.0,0.338,-0.0,-0.338,0.314,-4.662,0.338,27.338,14.632,0.0,0.0,0,1,0,0
408,2023-04-05 06:00:00,0.24274,-0.0,0.216,-0.0,-0.216,0.225,-4.784,0.216,27.216,14.632,0,0,0,1,0,0
409,2023-04-05 06:15:00,0.24274,0.0,0.241,-0.0,-0.241,0.169,-4.759,0.241,27.241,14.632,0.0,0.0,0,1,0,0
410,2023-04-05 06:30:00,0.24274,-0.0,0.2,-0.0,-0.2,0.105,-4.8,0.2,27.2,14.632,0,0,0,1,0,0
411,2023-04-05 06:45:00,0.24274,-0.0,0.251,-0.052,-0.199,0.052,-4.801,0.199,27.199,14.632,0,0,0,1,0,0
412,2023-04-05 07:00:00,0.24274,0.06,0.215,-0.275,0,0.0,-5.0,0.0,27.0,14.632,0.06,0.0,0,1,0,0
413,2023-04-05 07:15:00,0.24274,0.136,0.259,-0.395,0,0.0,-5.0,0.0,27.0,14.632,0.136,0.0,0,1,0,0
414,2023-04-05 07:30:00,0.24274,-0.0,0.246,-0.706,0,0.0,-5.0,0.0,27.0,14.632,0,0,0.46,1,1,0.46
415,2023-04-05 07:45:00,0.24274,-0.0,0.32,-1.081,0,0.0,-5.0,0.0,27.0,14.523,0,0,0.761,1,1,0.761
416,2023-04-05 08:00:00,0.24274,1.113,0.341,-1.454,0,0.0,-5.0,0.0,27.0,14.342,1.113,0.0,0,1,0,0
417,2023-04-05 08:15:00,0.24274,-0.0,0.25,-1.865,0,0.0,-5.0,0.0,27.0,14.342,0,0,1.615,1,1,1.615
418,2023-04-05 08:30:00,0.24274,1.315,0.24,-1.556,0,0.0,-5.0,0.0,27.0,13.959,1.315,0.0,0,1,0,0
419,2023-04-05 08:45:00,0.24274,0.0,0.728,-2.562,0,0.0,-5.0,0.0,27.0,13.959,0.0,0.0,1.834,1,1,1.834
420,2023-04-05 09:00:00,0.24274,0.0,0.603,-1.316,0,0.0,-5.0,0.0,27.0,13.523,0.0,0.0,0.713,1,1,0.713
421,2023-04-05 09:15:00,0.24274,1.015,0.32,-1.335,0,0.0,-5.0,0.0,27.0,13.354,1.015,0.0,0,1,0,0
422,2023-04-05 09:30:00,0.24274,1.11,0.27,-1.381,0,0.0,-5.0,0.0,27.0,13.354,1.11,0.0,0,1,0,0
423,2023-04-05 09:45:00,0.24274,0.0,0.731,-1.296,0,0.0,-5.0,0.0,27.0,13.354,0.0,0.0,0.565,1,1,0.565
424,2023-04-05 10:00:00,0.24274,-0.0,0.552,-1.724,0,0.0,-5.0,0.0,27.0,13.22,0,0,1.172,1,1,1.172
425,2023-04-05 10:15:00,0.24274,-0.0,0.28,-7.898,0,0.0,-5.0,0.0,27.0,12.941,0,0,7.618,1,1,7.618
426,2023-04-05 10:30:00,0.24274,7.193,0.354,-7.547,0,0.0,-12.177,-7.177,14.823,11.132,7.193,0.0,0,1,0,0
427,2023-04-05 10:45:00,0.24274,6.811,0.317,-7.127,0,0.0,-11.811,-6.811,15.189,11.132,6.811,0.0,0,1,0,0
428,2023-04-05 11:00:00,0.24274,0.0,4.675,-4.907,0,0.0,-5.232,-0.232,26.536,11.132,0.0,0.0,0.232,1,1,0.232
429,2023-04-05 11:15:00,0.24274,0.0,1.663,-6.23,0,0.0,-9.567,-4.567,17.866,11.077,0.0,0.0,4.567,1,1,4.567
430,2023-04-05 11:30:00,0.24274,6.902,1.444,-8.345,0,0.0,-11.902,-6.902,15.098,9.992,6.902,0.0,0,1,0,0
431,2023-04-05 11:45:00,0.24274,7.527,1.232,-8.759,0,0.0,-12.527,-7.527,14.473,9.992,7.527,0.0,0,1,0,0
432,2023-04-05 12:00:00,0.24274,0.0,0.459,-8.829,0,0.0,-13.37,-8.37,13.63,9.992,0.0,0.0,8.37,1,1,8.37
433,2023-04-05 12:15:00,0.24274,-0.0,0.249,-6.484,0,0.0,-11.235,-6.235,15.765,8.004,0,0,6.235,1,1,6.235
434,2023-04-05 12:30:00,0.24274,0.0,0.184,-8.979,0,0.0,-13.795,-8.795,13.205,6.523,0.0,0.0,8.795,1,1,8.795
435,2023-04-05 12:45:00,0.24274,6.508,1.079,-7.587,0,0.0,-11.508,-6.508,15.492,4.435,6.508,0.0,0,1,0,0
436,2023-04-05 13:00:00,0.24274,-0.0,1.488,-4.704,0,0.0,-8.216,-3.216,20.569,4.435,0,0,3.216,1,1,3.216
437,2023-04-05 13:15:00,0.24274,0.0,0.328,-4.174,0,0.0,-8.846,-3.846,19.307,3.671,0.0,0.0,3.846,1,1,3.846
438,2023-04-05 13:30:00,0.24274,0.218,0.164,-5.337,0,0.0,-10.173,-5.173,16.827,2.757,0.218,0.0,4.955,1,1,4.955
439,2023-04-05 13:45:00,0.24274,6.247,0.206,-6.453,0,0.0,-11.247,-6.247,15.753,1.58,6.247,0.0,0,1,0,0
440,2023-04-05 14:00:00,0.24274,4.836,0.161,-4.997,0,0.0,-9.836,-4.836,17.328,1.58,4.836,0.0,0,1,0,0
441,2023-04-05 14:15:00,0.24274,5.208,0.194,-5.402,0,0.0,-10.208,-5.208,16.792,1.58,5.208,0.0,0,1,0,0
442,2023-04-05 14:30:00,0.24274,4.542,0.541,-5.083,0,0.0,-9.542,-4.542,17.917,1.58,4.542,0.0,0,1,0,0
443,2023-04-05 14:45:00,0.24274,0.0,0.513,-7.266,4.667,0.0,-11.753,-6.753,15.247,1.58,0.0,0.0,2.086,1,1,2.086
444,2023-04-05 15:00:00,0.24274,0.0,0.37,-4.72,4.35,1.108,-9.35,-4.35,18.301,1.085,0.0,0.0,0,1,0,0
445,2023-04-05 15:15:00,0.24274,0.0,0.672,-4.257,3.585,2.141,-8.585,-3.585,19.83,1.085,0.0,0.0,0,1,0,0
446,2023-04-05 15:30:00,0.24274,-0.0,0.582,-5.339,4.757,2.993,-9.757,-4.757,17.487,1.085,0,0,0,1,0,0
447,2023-04-05 15:45:00,0.24274,0.0,0.637,-5.077,4.44,4.123,-9.44,-4.44,18.121,1.085,0.0,0.0,0,1,0,0
448,2023-04-05 16:00:00,0.24274,0.0,0.578,-4.415,3.837,5.177,-8.837,-3.837,19.326,1.085,0.0,0.0,0,1,0,0
449,2023-04-05 16:15:00,0.24274,-0.0,0.49,-2.958,2.467,6.088,-7.467,-2.467,22.066,1.085,0,0,0,1,0,0
450,2023-04-05 16:30:00,0.24274,-0.0,0.525,-1.824,1.299,6.674,-6.299,-1.299,24.403,1.085,0,0,0,1,0,0
451,2023-04-05 16:45:00,0.24274,0.0,0.475,-2.429,1.954,6.983,-6.954,-1.954,23.092,1.085,0.0,0.0,0,1,0,0
452,2023-04-05 17:00:00,0.24274,-0.0,0.535,-1.224,0.689,7.447,-5.689,-0.689,25.622,1.085,0,0,0,1,0,0
453,2023-04-05 17:15:00,0.24274,0.0,0.585,-0.473,-0.112,7.61,-4.888,0.112,27.112,1.085,0.0,0.0,0,1,0,0
454,2023-04-05 17:30:00,0.24274,-0.0,0.514,-0.271,-0.243,7.581,-4.757,0.243,27.243,1.085,0,0,0,1,0,0
455,2023-04-05 17:45:00,0.24274,0.0,0.846,-0.0,-0.846,7.517,-4.154,0.846,27.846,1.085,0.0,0.0,0,1,0,0
456,2023-04-05 18:00:00,0.24274,-0.0,0.559,-0.0,-0.559,7.294,-4.441,0.559,27.559,1.085,0,0,0,1,0,0
457,2023-04-05 18:15:00,0.24274,0.0,0.565,-0.0,-0.565,7.147,-4.435,0.565,27.565,1.085,0.0,0.0,0,1,0,0
458,2023-04-05 18:30:00,0.24274,-0.0,0.633,-0.0,-0.633,6.999,-4.367,0.633,27.633,1.085,0,0,0,1,0,0
459,2023-04-05 18:45:00,0.24274,-0.0,0.654,-0.0,-0.654,6.832,-4.346,0.654,27.654,1.085,0,0,0,1,0,0
460,2023-04-05 19:00:00,0.24274,0.0,0.574,-0.0,-0.574,6.66,-4.426,0.574,27.574,1.085,0.0,0.0,0,1,0,0
461,2023-04-05 19:15:00,0.24274,0.0,0.559,-0.0,-0.559,6.509,-4.441,0.559,27.559,1.085,0.0,0.0,0,1,0,0
462,2023-04-05 19:30:00,0.24274,-0.0,0.778,-0.0,-0.778,6.362,-4.222,0.778,27.778,1.085,0,0,0,1,0,0
463,2023-04-05 19:45:00,0.24274,0.0,1.584,-0.0,-1.584,6.157,-3.416,1.584,28.584,1.085,0.0,0.0,0,1,0,0
464,2023-04-05 20:00:00,0.02371,-0.0,2.578,-0.0,-2.578,5.74,-2.422,2.578,29.578,1.085,0,0,0,1,0,0
465,2023-04-05 20:15:00,0.02371,-0.0,0.926,-0.0,-0.926,5.062,-4.074,0.926,27.926,1.085,0,0,0,1,0,0
466,2023-04-05 20:30:00,0.02371,0.0,0.582,-0.0,-0.582,4.818,-4.418,0.582,27.582,1.085,0.0,0.0,0,1,0,0
467,2023-04-05 20:45:00,0.02371,0.0,0.704,-0.0,-0.704,4.665,-4.296,0.704,27.704,1.085,0.0,0.0,0,1,0,0
468,2023-04-05 21:00:00,0.02371,-0.0,0.784,-0.0,-0.784,4.48,-4.216,0.784,27.784,1.085,0,0,0,1,0,0
469,2023-04-05 21:15:00,0.02371,-0.0,0.635,-0.0,-0.635,4.273,-4.365,0.635,27.635,1.085,0,0,0,1,0,0
470,2023-04-05 21:30:00,0.02371,-0.0,0.596,-0.0,-0.596,4.106,-4.404,0.596,27.596,1.085,0,0,0,1,0,0
471,2023-04-05 21:45:00,0.02371,0.0,0.544,-0.0,-0.544,3.949,-4.456,0.544,27.544,1.085,0.0,0.0,0,1,0,0
472,2023-04-05 22:00:00,0.02371,0.0,0.515,-0.0,-0.515,3.806,-4.485,0.515,27.515,1.085,0.0,0.0,0,1,0,0
473,2023-04-05 22:15:00,0.02371,-0.0,0.524,-0.0,-0.524,3.671,-4.476,0.524,27.524,1.085,0,0,0,1,0,0
474,2023-04-05 22:30:00,0.02371,0.0,0.552,-0.0,-0.552,3.533,-4.448,0.552,27.552,1.085,0.0,0.0,0,1,0,0
475,2023-04-05 22:45:00,0.02371,-0.0,0.598,-0.0,-0.598,3.388,-4.402,0.598,27.598,1.085,0,0,0,1,0,0
476,2023-04-05 23:00:00,0.02371,-0.0,0.544,-0.0,-0.544,3.23,-4.456,0.544,27.544,1.085,0,0,0,1,0,0
477,2023-04-05 23:15:00,0.02371,0.0,0.467,-0.0,-0.467,3.087,-4.533,0.467,27.467,1.085,0.0,0.0,0,1,0,0
478,2023-04-05 23:30:00,0.02371,-0.0,0.521,-0.0,-0.521,2.964,-4.479,0.521,27.521,1.085,0,0,0,1,0,0
479,2023-04-05 23:45:00,0.02371,0.0,0.529,-0.0,-0.529,2.827,-4.471,0.529,27.529,1.085,0.0,0.0,0,1,0,0
480,2023-04-06 00:00:00,0.02371,-0.0,0.655,-0.0,-0.655,2.688,-4.345,0.655,27.655,1.085,0,0,0,1,0,0
481,2023-04-06 00:15:00,0.02371,0.0,0.565,-0.0,-0.565,2.515,-4.435,0.565,27.565,1.085,0.0,0.0,0,1,0,0
482,2023-04-06 00:30:00,0.02371,-0.0,0.592,-0.0,-0.592,2.367,-4.408,0.592,27.592,1.085,0,0,0,1,0,0
483,2023-04-06 00:45:00,0.02371,0.0,0.703,-0.0,-0.703,2.211,-4.297,0.703,27.703,1.085,0.0,0.0,0,1,0,0
484,2023-04-06 01:00:00,0.02371,-0.0,0.393,-0.0,-0.393,2.026,-4.607,0.393,27.393,1.085,0,0,0,1,0,0
485,2023-04-06 01:15:00,0.02371,-0.0,0.468,-0.0,-0.468,1.922,-4.532,0.468,27.468,1.085,0,0,0,1,0,0
486,2023-04-06 01:30:00,0.02371,0.0,0.341,-0.0,-0.341,1.799,-4.659,0.341,27.341,1.085,0.0,0.0,0,1,0,0
487,2023-04-06 01:45:00,0.02371,-0.0,0.413,-0.0,-0.413,1.709,-4.587,0.413,27.413,1.085,0,0,0,1,0,0
488,2023-04-06 02:00:00,0.02371,-0.0,0.326,-0.0,-0.326,1.601,-4.674,0.326,27.326,1.085,0,0,0,1,0,0
489,2023-04-06 02:15:00,0.02371,0.0,0.355,-0.0,-0.355,1.515,-4.645,0.355,27.355,1.085,0.0,0.0,0,1,0,0
490,2023-04-06 02:30:00,0.02371,0.0,0.351,-0.0,-0.351,1.421,-4.649,0.351,27.351,1.085,0.0,0.0,0,1,0,0
491,2023-04-06 02:45:00,0.02371,-0.0,0.304,-0.0,-0.304,1.329,-4.696,0.304,27.304,1.085,0,0,0,1,0,0
492,2023-04-06 03:00:00,0.02371,0.0,0.323,-0.0,-0.323,1.249,-4.677,0.323,27.323,1.085,0.0,0.0,0,1,0,0
493,2023-04-06 03:15:00,0.02371,-0.0,0.163,-0.0,-0.163,1.164,-4.837,0.163,27.163,1.085,0,0,0,1,0,0
494,2023-04-06 03:30:00,0.02371,-0.0,0.239,-0.0,-0.239,1.121,-4.761,0.239,27.239,1.085,0,0,0,1,0,0
495,2023-04-06 03:45:00,0.02371,0.0,0.289,-0.0,-0.289,1.059,-4.711,0.289,27.289,1.085,0.0,0.0,0,1,0,0
496,2023-04-06 04:00:00,0.02371,-0.0,0.286,-0.0,-0.286,0.982,-4.714,0.286,27.286,1.085,0,0,0,1,0,0
497,2023-04-06 04:15:00,0.02371,0.0,0.233,-0.0,-0.233,0.907,-4.767,0.233,27.233,1.085,0.0,0.0,0,1,0,0
498,2023-04-06 04:30:00,0.02371,-0.0,0.274,-0.0,-0.274,0.846,-4.726,0.274,27.274,1.085,0,0,0,1,0,0
499,2023-04-06 04:45:00,0.02371,-0.0,0.265,-0.0,-0.265,0.774,-4.735,0.265,27.265,1.085,0,0,0,1,0,0
500,2023-04-06 05:00:00,0.02371,-0.0,0.267,-0.0,-0.267,0.704,-4.733,0.267,27.267,1.085,0,0,0,1,0,0
501,2023-04-06 05:15:00,0.02371,-0.0,0.36,-0.0,-0.36,0.634,-4.64,0.36,27.36,1.085,0,0,0,1,0,0
502,2023-04-06 05:30:00,0.02371,0.0,0.283,-0.0,-0.283,0.539,-4.717,0.283,27.283,1.085,0.0,0.0,0,1,0,0
503,2023-04-06 05:45:00,0.02371,-0.0,0.324,-0.0,-0.324,0.464,-4.676,0.324,27.324,1.085,0,0,0,1,0,0
504,2023-04-06 06:00:00,0.25994,-0.0,0.244,-0.0,-0.244,0.379,-4.756,0.244,27.244,1.085,0,0,0,1,0,0
505,2023-04-06 06:15:00,0.25994,0.0,0.231,-0.0,-0.231,0.315,-4.769,0.231,27.231,1.085,0.0,0.0,0,1,0,0
506,2023-04-06 06:30:00,0.25994,-0.0,0.562,-0.071,-0.492,0.254,-4.508,0.492,27.492,1.085,0,0,0,1,0,0
507,2023-04-06 06:45:00,0.25994,-0.0,0.831,-0.358,-0.473,0.125,-4.527,0.473,27.473,1.085,0,0,0,1,0,0
508,2023-04-06 07:00:00,0.25994,0.0,0.282,-0.878,0,0.0,-5.596,-0.596,25.808,1.085,0.0,0.0,0.596,1,1,0.596
509,2023-04-06 07:15:00,0.25994,0.0,0.254,-0.983,0,0.0,-5.729,-0.729,25.542,0.943,0.0,0.0,0.729,1,1,0.729
510,2023-04-06 07:30:00,0.25994,-0.0,0.384,-1.851,0,0.0,-6.467,-1.467,24.066,0.77,0,0,1.467,1,1,1.467
511,2023-04-06 07:45:00,0.25994,0.6,0.295,-0.895,0,0.0,-5.6,-0.6,25.799,0.422,0.6,0.0,0,1,0,0
512,2023-04-06 08:00:00,0.25994,0.0,0.306,-2.082,0,0.0,-6.776,-1.776,23.447,0.422,0.0,0.0,1.776,1,1,1.776
513,2023-04-06 08:15:00,0.25994,3.312,0.227,-3.539,0,0.0,-8.312,-3.312,-1.624,0,3.312,0.0,0,0,0,0
514,2023-04-06 08:30:00,0.25994,3.857,0.258,-4.115,0,0.0,-8.857,-3.857,-2.715,0,3.857,0.0,0,0,0,0
515,2023-04-06 08:45:00,0.25994,4.453,0.232,-4.685,0,0.0,-9.453,-4.453,-3.906,0,4.453,0.0,0,0,0,0
516,2023-04-06 09:00:00,0.25994,5.068,0.2,-5.268,0,0.0,-10.068,-5.068,-5.068,0,5.068,0.0,0,0,0,0
517,2023-04-06 09:15:00,0.25994,5.555,0.209,-5.764,0,0.0,-10.555,-5.555,-5.555,0,5.555,0.0,0,0,0,0
518,2023-04-06 09:30:00,0.25994,5.973,0.264,-6.237,0,0.0,-10.973,-5.973,-5.973,0,5.973,0.0,0,0,0,0
519,2023-04-06 09:45:00,0.25994,6.254,0.334,-6.588,0,0.0,-11.254,-6.254,-6.254,0,6.254,0.0,0,0,0,0
520,2023-04-06 10:00:00,0.25994,5.046,0.377,-5.423,0,0.0,-10.046,-5.046,-5.046,0,5.046,0.0,0,0,0,0
521,2023-04-06 10:15:00,0.25994,8.039,0.347,-8.386,0,0.0,-13.039,-8.039,-8.039,0,8.039,0.0,0,0,0,0
522,2023-04-06 10:30:00,0.25994,5.35,0.317,-5.667,0,0.0,-10.35,-5.35,-5.35,0,5.35,0.0,0,0,0,0
523,2023-04-06 10:45:00,0.25994,7.903,0.377,-8.279,0,0.0,-12.903,-7.903,-7.903,0,7.903,0.0,0,0,0,0
524,2023-04-06 11:00:00,0.25994,7.526,0.409,-7.935,0,0.0,-12.526,-7.526,-7.526,0,7.526,0.0,0,0,0,0
525,2023-04-06 11:15:00,0.25994,8.132,0.693,-8.825,0,0.0,-13.132,-8.132,-8.132,0,8.132,0.0,0,0,0,0
526,2023-04-06 11:30:00,0.25994,7.09,0.956,-8.046,0,0.0,-12.09,-7.09,-7.09,0,7.09,0.0,0,0,0,0
527,2023-04-06 11:45:00,0.25994,8.441,0.657,-9.098,0,0.0,-13.441,-8.441,-8.441,0,8.441,0.0,0,0,0,0
528,2023-04-06 12:00:00,0.25994,3.752,2.649,-6.401,0,0.0,-8.752,-3.752,-2.504,0,3.752,0.0,0,0,0,0
529,2023-04-06 12:15:00,0.25994,3.858,4.518,-8.376,0,0.0,-8.858,-3.858,-2.716,0,3.858,0.0,0,0,0,0
530,2023-04-06 12:30:00,0.25994,7.293,0.339,-7.632,0,0.0,-12.293,-7.293,-7.293,0,7.293,0.0,0,0,0,0
531,2023-04-06 12:45:00,0.25994,6.579,0.235,-6.814,0,0.0,-11.579,-6.579,-6.579,0,6.579,0.0,0,0,0,0
532,2023-04-06 13:00:00,0.25994,7.557,0.401,-7.959,0,0.0,-12.557,-7.557,-7.557,0,7.557,0.0,0,0,0,0
533,2023-04-06 13:15:00,0.25994,9.168,0.325,-9.493,0,0.0,-14.168,-9.168,-9.168,0,9.168,0.0,0,0,0,0
534,2023-04-06 13:30:00,0.25994,7.183,0.313,-7.496,0,0.0,-12.183,-7.183,-7.183,0,7.183,0.0,0,0,0,0
535,2023-04-06 13:45:00,0.25994,8.4,0.327,-8.727,0,0.0,-13.4,-8.4,-8.4,0,8.4,0.0,0,0,0,0
536,2023-04-06 14:00:00,0.25994,7.815,0.316,-8.13,0,0.0,-12.815,-7.815,-7.815,0,7.815,0.0,0,0,0,0
537,2023-04-06 14:15:00,0.25994,1.6,0.416,-6.189,4.173,0.0,-10.773,-5.773,-5.773,0,1.6,0.0,0,0,0,0
538,2023-04-06 14:30:00,0.25994,2.395,0.331,-7.726,5.0,0.991,-12.395,-7.395,-7.395,0,2.395,0.0,0,0,0,0
539,2023-04-06 14:45:00,0.25994,2.37,0.318,-7.688,5.0,2.178,-12.37,-7.37,-7.37,0,2.37,0.0,0,0,0,0
540,2023-04-06 15:00:00,0.25994,1.939,0.299,-7.238,5.0,3.366,-11.939,-6.939,-6.939,0,1.939,0.0,0,0,0,0
541,2023-04-06 15:15:00,0.25994,1.355,0.4,-6.755,5.0,4.553,-11.355,-6.355,-6.355,0,1.355,0.0,0,0,0,0
542,2023-04-06 15:30:00,0.25994,0.769,0.424,-6.193,5.0,5.741,-10.769,-5.769,-5.769,0,0.769,0.0,0,0,0,0
543,2023-04-06 15:45:00,0.25994,0.097,0.462,-5.559,5.0,6.928,-10.097,-5.097,-5.097,0,0.097,0.0,0,0,0,0
544,2023-04-06 16:00:00,0.25994,0.0,0.478,-4.843,4.364,8.116,-9.364,-4.364,-3.729,0,0.0,0.0,0,0,0,0
545,2023-04-06 16:15:00,0.25994,-0.0,0.473,-4.041,3.568,9.153,-8.568,-3.568,-2.136,0,0,0,0,0,0,0
546,2023-04-06 16:30:00,0.25994,0.0,0.651,-3.156,-0.651,10.0,-5.0,0.0,27.0,4.357,0.0,0.0,3.156,1,1,3.156
547,2023-04-06 16:45:00,0.25994,-0.0,0.707,-2.212,-0.707,9.829,-5.0,0.0,27.0,3.607,0,0,2.212,1,1,2.212
548,2023-04-06 17:00:00,0.25994,-0.0,0.512,-1.253,-0.512,9.643,-5.0,0.0,27.0,3.082,0,0,1.253,1,1,1.253
549,2023-04-06 17:15:00,0.25994,0.0,0.488,-0.461,-0.488,9.508,-4.973,0.027,27.027,2.784,0.0,0.0,0.461,1,1,0.461
550,2023-04-06 17:30:00,0.25994,-0.0,0.624,-0.295,-0.624,9.38,-4.671,0.329,27.329,2.675,0,0,0.295,1,1,0.295
551,2023-04-06 17:45:00,0.25994,0.0,0.665,-0.114,-0.665,9.215,-4.449,0.551,27.551,2.605,0.0,0.0,0.114,1,1,0.114
552,2023-04-06 18:00:00,0.25994,-0.0,0.359,-0.0,-0.359,9.04,-4.641,0.359,27.359,2.578,0,0,0,1,0,0
553,2023-04-06 18:15:00,0.25994,-0.0,0.361,-0.0,-0.361,8.946,-4.639,0.361,27.361,2.578,0,0,0,1,0,0
554,2023-04-06 18:30:00,0.25994,0.0,0.201,-0.0,-0.201,8.851,-4.799,0.201,27.201,2.578,0.0,0.0,0,1,0,0
555,2023-04-06 18:45:00,0.25994,0.0,0.184,-0.0,-0.184,8.798,-4.816,0.184,27.184,2.578,0.0,0.0,0,1,0,0
556,2023-04-06 19:00:00,0.25994,0.0,0.263,-0.0,-0.263,8.75,-4.737,0.263,27.263,2.578,0.0,0.0,0,1,0,0
557,2023-04-06 19:15:00,0.25994,-0.0,0.19,-0.0,-0.19,8.68,-4.81,0.19,27.19,2.578,0,0,0,1,0,0
558,2023-04-06 19:30:00,0.25994,0.0,0.159,-0.0,-0.159,8.631,-4.841,0.159,27.159,2.578,0.0,0.0,0,1,0,0
559,2023-04-06 19:45:00,0.25994,0.0,0.168,-0.0,-0.168,8.589,-4.832,0.168,27.168,2.578,0.0,0.0,0,1,0,0
560,2023-04-06 20:00:00,0.0488,0.0,0.193,-0.0,-0.193,8.545,-4.807,0.193,27.193,2.578,0.0,0.0,0,1,0,0
561,2023-04-06 20:15:00,0.0488,0.0,0.192,-0.0,-0.192,8.494,-4.808,0.192,27.192,2.578,0.0,0.0,0,1,0,0
562,2023-04-06 20:30:00,0.0488,-0.0,0.226,-0.0,-0.226,8.443,-4.774,0.226,27.226,2.578,0,0,0,1,0,0
563,2023-04-06 20:45:00,0.0488,0.0,1.619,-0.0,-1.619,8.384,-3.381,1.619,28.619,2.578,0.0,0.0,0,1,0,0
564,2023-04-06 21:00:00,0.0488,-0.0,0.506,-0.0,-0.506,7.958,-4.494,0.506,27.506,2.578,0,0,0,1,0,0
565,2023-04-06 21:15:00,0.0488,-0.0,0.385,-0.0,-0.385,7.824,-4.615,0.385,27.385,2.578,0,0,0,1,0,0
566,2023-04-06 21:30:00,0.0488,-0.0,0.44,-0.0,-0.44,7.723,-4.56,0.44,27.44,2.578,0,0,0,1,0,0
567,2023-04-06 21:45:00,0.0488,0.0,0.473,-0.0,-0.473,7.607,-4.527,0.473,27.473,2.578,0.0,0.0,0,1,0,0
568,2023-04-06 22:00:00,0.0488,-0.0,0.412,-0.0,-0.412,7.483,-4.588,0.412,27.412,2.578,0,0,0,1,0,0
569,2023-04-06 22:15:00,0.0488,-0.0,0.428,-0.0,-0.428,7.374,-4.572,0.428,27.428,2.578,0,0,0,1,0,0
570,2023-04-06 22:30:00,0.0488,0.0,0.646,-0.0,-0.646,7.262,-4.354,0.646,27.646,2.578,0.0,0.0,0,1,0,0
571,2023-04-06 22:45:00,0.0488,-0.0,0.624,-0.0,-0.624,7.092,-4.376,0.624,27.624,2.578,0,0,0,1,0,0
572,2023-04-06 23:00:00,0.0488,0.0,0.829,-0.0,-0.829,6.927,-4.171,0.829,27.829,2.578,0.0,0.0,0,1,0,0
573,2023-04-06 23:15:00,0.0488,-0.0,0.694,-0.0,-0.694,6.709,-4.306,0.694,27.694,2.578,0,0,0,1,0,0
574,2023-04-06 23:30:00,0.0488,0.0,0.953,-0.0,-0.953,6.527,-4.047,0.953,27.953,2.578,0.0,0.0,0,1,0,0
575,2023-04-06 23:45:00,0.0488,-0.0,0.714,-0.0,-0.714,6.276,-4.286,0.714,27.714,2.578,0,0,0,1,0,0
576,2023-04-07 00:00:00,0.0488,0.0,0.695,-0.0,-0.695,6.088,-4.305,0.695,27.695,2.578,0.0,0.0,0,1,0,0
577,2023-04-07 00:15:00,0.0488,-0.0,0.742,-0.0,-0.742,5.905,-4.258,0.742,27.742,2.578,0,0,0,1,0,0
578,2023-04-07 00:30:00,0.0488,0.0,0.524,-0.0,-0.524,5.71,-4.476,0.524,27.524,2.578,0.0,0.0,0,1,0,0
579,2023-04-07 00:45:00,0.0488,0.0,0.511,-0.0,-0.511,5.572,-4.489,0.511,27.511,2.578,0.0,0.0,0,1,0,0
580,2023-04-07 01:00:00,0.0488,0.0,0.402,-0.0,-0.402,5.437,-4.598,0.402,27.402,2.578,0.0,0.0,0,1,0,0
581,2023-04-07 01:15:00,0.0488,-0.0,0.412,-0.0,-0.412,5.331,-4.588,0.412,27.412,2.578,0,0,0,1,0,0
582,2023-04-07 01:30:00,0.0488,0.0,0.415,-0.0,-0.415,5.223,-4.585,0.415,27.415,2.578,0.0,0.0,0,1,0,0
583,2023-04-07 01:45:00,0.0488,-0.0,0.372,-0.0,-0.372,5.114,-4.628,0.372,27.372,2.578,0,0,0,1,0,0
584,2023-04-07 02:00:00,0.0488,0.0,0.23,-0.0,-0.23,5.016,-4.77,0.23,27.23,2.578,0.0,0.0,0,1,0,0
585,2023-04-07 02:15:00,0.0488,0.0,0.306,-0.0,-0.306,4.955,-4.694,0.306,27.306,2.578,0.0,0.0,0,1,0,0
586,2023-04-07 02:30:00,0.0488,-0.0,0.276,-0.0,-0.276,4.875,-4.724,0.276,27.276,2.578,0,0,0,1,0,0
587,2023-04-07 02:45:00,0.0488,0.0,0.198,-0.0,-0.198,4.802,-4.802,0.198,27.198,2.578,0.0,0.0,0,1,0,0
588,2023-04-07 03:00:00,0.0488,0.0,0.241,-0.0,-0.241,4.75,-4.759,0.241,27.241,2.578,0.0,0.0,0,1,0,0
589,2023-04-07 03:15:00,0.0488,-0.0,0.3,-0.0,-0.3,4.686,-4.7,0.3,27.3,2.578,0,0,0,1,0,0
590,2023-04-07 03:30:00,0.0488,0.0,0.329,-0.0,-0.329,4.608,-4.671,0.329,27.329,2.578,0.0,0.0,0,1,0,0
591,2023-04-07 03:45:00,0.0488,-0.0,0.249,-0.0,-0.249,4.521,-4.751,0.249,27.249,2.578,0,0,0,1,0,0
592,2023-04-07 04:00:00,0.0488,0.0,0.314,-0.0,-0.314,4.455,-4.686,0.314,27.314,2.578,0.0,0.0,0,1,0,0
593,2023-04-07 04:15:00,0.0488,0.0,0.31,-0.0,-0.31,4.373,-4.69,0.31,27.31,2.578,0.0,0.0,0,1,0,0
594,2023-04-07 04:30:00,0.0488,-0.0,0.307,-0.0,-0.307,4.291,-4.693,0.307,27.307,2.578,0,0,0,1,0,0
595,2023-04-07 04:45:00,0.0488,0.0,0.313,-0.0,-0.313,4.211,-4.687,0.313,27.313,2.578,0.0,0.0,0,1,0,0
596,2023-04-07 05:00:00,0.0488,0.0,0.268,-0.0,-0.268,4.128,-4.732,0.268,27.268,2.578,0.0,0.0,0,1,0,0
597,2023-04-07 05:15:00,0.0488,-0.0,0.237,-0.0,-0.237,4.058,-4.763,0.237,27.237,2.578,0,0,0,1,0,0
598,2023-04-07 05:30:00,0.0488,0.0,0.276,-0.0,-0.276,3.996,-4.724,0.276,27.276,2.578,0.0,0.0,0,1,0,0
599,2023-04-07 05:45:00,0.0488,-0.222,0.244,-0.0,-0.023,3.923,-4.756,0.244,27.244,2.578,0,0,0,1,0,0
600,2023-04-07 06:00:00,0.09817,0.0,0.701,-0.0,-0.701,3.917,-4.299,0.701,27.701,2.578,0.0,0.0,0,1,0,0
601,2023-04-07 06:15:00,0.09817,-0.0,0.423,-0.0,-0.423,3.733,-4.577,0.423,27.423,2.578,0,0,0,1,0,0
602,2023-04-07 06:30:00,0.09817,-0.0,0.175,-0.0,-0.175,3.621,-4.825,0.175,27.175,2.578,0,0,0,1,0,0
603,2023-04-07 06:45:00,0.09817,0.0,1.252,-0.019,-1.252,3.575,-3.768,1.232,28.232,2.578,0.0,0.0,0.019,1,1,0.019
604,2023-04-07 07:00:00,0.09817,-0.0,0.732,-0.099,-0.732,3.246,-4.367,0.633,27.633,2.573,0,0,0.099,1,1,0.099
605,2023-04-07 07:15:00,0.09817,0.0,0.431,-0.187,-0.431,3.053,-4.756,0.244,27.244,2.55,0.0,0.0,0.187,1,1,0.187
606,2023-04-07 07:30:00,0.09817,-0.0,0.206,-0.292,-0.206,2.94,-5.0,0.0,27.0,2.505,0,0,0.292,1,1,0.292
607,2023-04-07 07:45:00,0.09817,-0.0,1.388,-0.385,-1.388,2.886,-3.996,1.004,28.004,2.436,0,0,0.385,1,1,0.385
608,2023-04-07 08:00:00,0.09817,-0.0,0.576,-0.52,-4.577,2.52,-4.945,0.055,27.055,2.345,0,0,4.522,1,1,4.522
609,2023-04-07 08:15:00,0.09817,0.0,0.271,-0.622,-5.0,1.316,-5.0,0.0,27.0,1.271,0.0,0.0,5.35,1,1,5.35
610,2023-04-07 08:30:00,0.09817,0.855,0.204,-1.059,0,0.0,-5.855,-0.855,3.29,0,0.855,0.0,0,0,0,0
611,2023-04-07 08:45:00,0.09817,0.856,0.266,-1.122,0,0.0,-5.856,-0.856,3.287,0,0.856,0.0,0,0,0,0
612,2023-04-07 09:00:00,0.09817,0.766,0.226,-0.992,0,0.0,-5.766,-0.766,3.468,0,0.766,0.0,0,0,0,0
613,2023-04-07 09:15:00,0.09817,0.769,0.28,-1.049,0,0.0,-5.769,-0.769,3.462,0,0.769,0.0,0,0,0,0
614,2023-04-07 09:30:00,0.09817,1.791,0.27,-2.061,0,0.0,-6.791,-1.791,1.419,0,1.791,0.0,0,0,0,0
615,2023-04-07 09:45:00,0.09817,4.978,0.371,-5.349,0,0.0,-9.978,-4.978,-4.956,0,4.978,0.0,0,0,0,0
616,2023-04-07 10:00:00,0.09817,4.037,0.35,-4.387,0,0.0,-9.037,-4.037,-3.073,0,4.037,0.0,0,0,0,0
617,2023-04-07 10:15:00,0.09817,6.524,0.301,-6.825,0,0.0,-11.524,-6.524,-6.524,0,6.524,0.0,0,0,0,0
618,2023-04-07 10:30:00,0.09817,5.104,0.361,-5.465,0,0.0,-10.104,-5.104,-5.104,0,5.104,0.0,0,0,0,0
619,2023-04-07 10:45:00,0.09817,6.25,0.507,-6.757,0,0.0,-11.25,-6.25,-6.25,0,6.25,0.0,0,0,0,0
620,2023-04-07 11:00:00,0.09817,5.869,0.561,-6.43,0,0.0,-10.869,-5.869,-5.869,0,5.869,0.0,0,0,0,0
621,2023-04-07 11:15:00,0.09817,5.337,0.32,-5.657,0,0.0,-10.337,-5.337,-5.337,0,5.337,0.0,0,0,0,0
622,2023-04-07 11:30:00,0.09817,5.811,0.282,-6.093,0,0.0,-10.811,-5.811,-5.811,0,5.811,0.0,0,0,0,0
623,2023-04-07 11:45:00,0.09817,4.477,0.252,-4.728,0,0.0,-9.477,-4.477,-3.954,0,4.477,0.0,0,0,0,0
624,2023-04-07 12:00:00,0.09817,4.377,0.284,-4.661,0,0.0,-9.377,-4.377,-3.755,0,4.377,0.0,0,0,0,0
625,2023-04-07 12:15:00,0.09817,3.817,0.316,-4.132,0,0.0,-8.817,-3.817,-2.633,0,3.817,0.0,0,0,0,0
626,2023-04-07 12:30:00,0.09817,4.982,0.285,-5.267,0,0.0,-9.982,-4.982,-4.964,0,4.982,0.0,0,0,0,0
627,2023-04-07 12:45:00,0.09817,4.698,0.365,-5.063,0,0.0,-9.698,-4.698,-4.396,0,4.698,0.0,0,0,0,0
628,2023-04-07 13:00:00,0.09817,4.553,0.394,-4.947,0,0.0,-9.553,-4.553,-4.106,0,4.553,0.0,0,0,0,0
629,2023-04-07 13:15:00,0.09817,4.833,0.383,-5.216,0,0.0,-9.833,-4.833,-4.666,0,4.833,0.0,0,0,0,0
630,2023-04-07 13:30:00,0.09817,3.351,0.43,-8.062,4.28,0.0,-12.631,-7.631,-7.631,0,3.351,0.0,0,0,0,0
631,2023-04-07 13:45:00,0.09817,-0.0,0.435,-5.288,4.852,1.017,-9.852,-4.852,-4.705,0,0,0,0,0,0,0
632,2023-04-07 14:00:00,0.09817,-0.0,0.491,-3.778,3.287,2.169,-8.287,-3.287,-1.573,0,0,0,0,0,0,0
633,2023-04-07 14:15:00,0.09817,0.0,0.656,-3.401,2.744,2.95,-7.744,-2.744,-0.489,0,0.0,0.0,0,0,0,0
634,2023-04-07 14:30:00,0.09817,-0.0,0.793,-5.306,4.512,3.601,-9.512,-4.512,-4.025,0,0,0,0,0,0,0
635,2023-04-07 14:45:00,0.09817,-0.0,0.346,-5.3,4.954,4.673,-9.954,-4.954,-4.909,0,0,0,0,0,0,0
636,2023-04-07 15:00:00,0.09817,0.0,0.306,-3.136,2.83,5.85,-7.83,-2.83,-0.659,0,0.0,0.0,0,0,0,0
637,2023-04-07 15:15:00,0.09817,-0.0,0.309,-2.562,2.253,6.522,-7.253,-2.253,0.493,0,0,0,0,0,0,0
638,2023-04-07 15:30:00,0.09817,0.0,0.208,-3.391,3.183,7.057,-8.183,-3.183,-1.367,0,0.0,0.0,0,0,0,0
639,2023-04-07 15:45:00,0.09817,0.0,0.417,-2.734,2.318,7.813,-7.318,-2.318,0.365,0,0.0,0.0,0,0,0,0
640,2023-04-07 16:00:00,0.09817,-0.0,0.474,-2.508,2.034,8.363,-7.034,-2.034,0.932,0,0,0,0,0,0,0
641,2023-04-07 16:15:00,0.09817,-0.0,0.297,-2.683,2.386,8.846,-7.386,-2.386,0.228,0,0,0,0,0,0,0
642,2023-04-07 16:30:00,0.09817,0.0,0.257,-1.932,1.674,9.413,-6.674,-1.674,1.652,0,0.0,0.0,0,0,0,0
643,2023-04-07 16:45:00,0.09817,-0.0,0.516,-0.981,0.466,9.811,-5.466,-0.466,4.068,0,0,0,0,0,0,0
644,2023-04-07 17:00:00,0.09817,-0.0,0.345,-0.675,0.331,9.921,-5.331,-0.331,4.339,0,0,0,0,0,0,0
645,2023-04-07 17:15:00,0.09817,-0.0,0.33,-0.539,-0.33,10.0,-5.0,0.0,27.0,10.723,0,0,0.539,1,1,0.539
646,2023-04-07 17:30:00,0.09817,0.0,0.24,-0.261,-0.24,9.913,-5.0,0.0,27.0,10.595,0.0,0.0,0.261,1,1,0.261
647,2023-04-07 17:45:00,0.09817,0.0,0.389,-0.0,-0.389,9.85,-4.611,0.389,27.389,10.533,0.0,0.0,0,1,0,0
648,2023-04-07 18:00:00,0.09817,-0.0,0.691,-0.0,-0.691,9.748,-4.309,0.691,27.691,10.533,0,0,0,1,0,0
649,2023-04-07 18:15:00,0.09817,0.0,0.307,-0.0,-0.307,9.566,-4.693,0.307,27.307,10.533,0.0,0.0,0,1,0,0
650,2023-04-07 18:30:00,0.09817,-0.0,0.576,-0.0,-0.576,9.485,-4.424,0.576,27.576,10.533,0,0,0,1,0,0
651,2023-04-07 18:45:00,0.09817,0.0,0.854,-0.0,-0.854,9.333,-4.146,0.854,27.854,10.533,0.0,0.0,0,1,0,0
652,2023-04-07 19:00:00,0.09817,-0.0,0.791,-0.0,-0.791,9.109,-4.209,0.791,27.791,10.533,0,0,0,1,0,0
653,2023-04-07 19:15:00,0.09817,0.0,0.432,-0.0,-0.432,8.9,-4.568,0.432,27.432,10.533,0.0,0.0,0,1,0,0
654,2023-04-07 19:30:00,0.09817,0.0,0.64,-0.0,-0.64,8.787,-4.36,0.64,27.64,10.533,0.0,0.0,0,1,0,0
655,2023-04-07 19:45:00,0.09817,-0.0,0.478,-0.0,-0.478,8.618,-4.522,0.478,27.478,10.533,0,0,0,1,0,0
656,2023-04-07 20:00:00,0.04994,-0.308,0.308,-0.0,0,8.493,-4.692,0.308,27.308,10.533,0,0,0,1,0,0
657,2023-04-07 20:15:00,0.04994,-0.445,0.445,-0.0,0,8.493,-4.555,0.445,27.445,10.533,0,0,0,1,0,0
658,2023-04-07 20:30:00,0.04994,-1.539,1.539,-0.0,0,8.493,-3.461,1.539,28.539,10.533,0,0,0,1,0,0
659,2023-04-07 20:45:00,0.04994,-0.764,0.764,-0.0,0,8.493,-4.236,0.764,27.764,10.533,0,0,0,1,0,0
660,2023-04-07 21:00:00,0.04994,-0.386,0.386,-0.0,0,8.493,-4.614,0.386,27.386,10.533,0,0,0,1,0,0
661,2023-04-07 21:15:00,0.04994,-0.457,0.457,-0.0,0,8.493,-4.543,0.457,27.457,10.533,0,0,0,1,0,0
662,2023-04-07 21:30:00,0.04994,-0.54,0.54,-0.0,0,8.493,-4.46,0.54,27.54,10.533,0,0,0,1,0,0
663,2023-04-07 21:45:00,0.04994,-0.539,0.539,-0.0,0,8.493,-4.461,0.539,27.539,10.533,0,0,0,1,0,0
664,2023-04-07 22:00:00,0.04994,-0.583,0.583,-0.0,0,8.493,-4.417,0.583,27.583,10.533,0,0,0,1,0,0
665,2023-04-07 22:15:00,0.04994,-0.653,0.653,-0.0,0,8.493,-4.347,0.653,27.653,10.533,0,0,0,1,0,0
666,2023-04-07 22:30:00,0.04994,-0.595,0.595,-0.0,0,8.493,-4.405,0.595,27.595,10.533,0,0,0,1,0,0
667,2023-04-07 22:45:00,0.04994,-0.554,0.554,-0.0,0,8.493,-4.446,0.554,27.554,10.533,0,0,0,1,0,0
668,2023-04-07 23:00:00,0.04994,-0.593,0.593,-0.0,0,8.493,-4.407,0.593,27.593,10.533,0,0,0,1,0,0
669,2023-04-07 23:15:00,0.04994,-0.509,0.509,-0.0,0,8.493,-4.491,0.509,27.509,10.533,0,0,0,1,0,0
670,2023-04-07 23:30:00,0.04994,-0.612,0.612,-0.0,0,8.493,-4.388,0.612,27.612,10.533,0,0,0,1,0,0
671,2023-04-07 23:45:00,0.04994,-0.512,0.512,-0.0,0,8.493,-4.488,0.512,27.512,10.533,0,0,0,1,0,0
672,2023-04-08 00:00:00,0.04994,-0.601,0.601,-0.0,0,8.493,-4.399,0.601,27.601,10.533,0,0,0,1,0,0
673,2023-04-08 00:15:00,0.04994,-0.618,0.618,-0.0,0,8.493,-4.382,0.618,27.618,10.533,0,0,0,1,0,0
674,2023-04-08 00:30:00,0.04994,-0.658,0.658,-0.0,0,8.493,-4.342,0.658,27.658,10.533,0,0,0,1,0,0
675,2023-04-08 00:45:00,0.04994,-0.581,0.581,-0.0,0,8.493,-4.419,0.581,27.581,10.533,0,0,0,1,0,0
676,2023-04-08 01:00:00,0.04994,-0.554,0.554,-0.0,0,8.493,-4.446,0.554,27.554,10.533,0,0,0,1,0,0
677,2023-04-08 01:15:00,0.04994,-0.496,0.496,-0.0,0,8.493,-4.504,0.496,27.496,10.533,0,0,0,1,0,0
678,2023-04-08 01:30:00,0.04994,-0.488,0.488,-0.0,0,8.493,-4.512,0.488,27.488,10.533,0,0,0,1,0,0
679,2023-04-08 01:45:00,0.04994,-0.316,0.316,-0.0,0,8.493,-4.684,0.316,27.316,10.533,0,0,0,1,0,0
680,2023-04-08 02:00:00,0.04994,-0.311,0.311,-0.0,0,8.493,-4.689,0.311,27.311,10.533,0,0,0,1,0,0
681,2023-04-08 02:15:00,0.04994,-0.233,0.233,-0.0,0,8.493,-4.767,0.233,27.233,10.533,0,0,0,1,0,0
682,2023-04-08 02:30:00,0.04994,-0.18,0.18,-0.0,0,8.493,-4.82,0.18,27.18,10.533,0,0,0,1,0,0
683,2023-04-08 02:45:00,0.04994,-0.204,0.204,-0.0,0,8.493,-4.796,0.204,27.204,10.533,0,0,0,1,0,0
684,2023-04-08 03:00:00,0.04994,-0.216,0.216,-0.0,0,8.493,-4.784,0.216,27.216,10.533,0,0,0,1,0,0
685,2023-04-08 03:15:00,0.04994,-0.242,0.242,-0.0,0,8.493,-4.758,0.242,27.242,10.533,0,0,0,1,0,0
686,2023-04-08 03:30:00,0.04994,-0.149,0.149,-0.0,0,8.493,-4.851,0.149,27.149,10.533,0,0,0,1,0,0
687,2023-04-08 03:45:00,0.04994,-0.147,0.147,-0.0,0,8.493,-4.853,0.147,27.147,10.533,0,0,0,1,0,0
688,2023-04-08 04:00:00,0.04994,-4.342,0.148,-0.0,0,8.493,-4.852,0.148,27.148,10.533,0,0,4.193,1,1,4.193
689,2023-04-08 04:15:00,0.04994,-0.2,0.2,-0.0,0,8.493,-4.8,0.2,27.2,9.537,0,0,0,1,0,0
690,2023-04-08 04:30:00,0.04994,-0.143,0.143,-0.0,0,8.493,-4.857,0.143,27.143,9.537,0,0,0,1,0,0
691,2023-04-08 04:45:00,0.04994,-0.196,0.196,-0.0,0,8.493,-4.804,0.196,27.196,9.537,0,0,0,1,0,0
692,2023-04-08 05:00:00,0.04994,-0.23,0.23,-0.0,0,8.493,-4.77,0.23,27.23,9.537,0,0,0,1,0,0
693,2023-04-08 05:15:00,0.04994,-0.218,0.218,-0.0,0,8.493,-4.782,0.218,27.218,9.537,0,0,0,1,0,0
694,2023-04-08 05:30:00,0.04994,-0.327,0.327,-0.0,0,8.493,-4.673,0.327,27.327,9.537,0,0,0,1,0,0
695,2023-04-08 05:45:00,0.04994,-0.324,0.324,-0.0,0,8.493,-4.676,0.324,27.324,9.537,0,0,0,1,0,0
696,2023-04-08 06:00:00,0.15652,0.0,0.349,-0.0,-0.349,8.493,-4.651,0.349,27.349,9.537,0.0,0.0,0,1,0,0
697,2023-04-08 06:15:00,0.15652,0.0,0.273,-0.0,-0.273,8.401,-4.727,0.273,27.273,9.537,0.0,0.0,0,1,0,0
698,2023-04-08 06:30:00,0.15652,-0.0,0.29,-0.023,-0.29,8.329,-4.733,0.267,27.267,9.537,0,0,0.023,1,1,0.023
699,2023-04-08 06:45:00,0.15652,0.0,0.45,-0.068,-1.36,8.253,-4.618,0.382,27.382,9.532,0.0,0.0,0.978,1,1,0.978
700,2023-04-08 07:00:00,0.15652,-0.0,0.718,-0.08,-5.0,7.895,-4.363,0.637,27.637,9.299,0,0,4.363,1,1,4.363
701,2023-04-08 07:15:00,0.15652,0.0,0.346,-0.194,-5.0,6.579,-4.848,0.152,27.152,8.263,0.0,0.0,4.848,1,1,4.848
702,2023-04-08 07:30:00,0.15652,-0.0,0.212,-0.364,-5.0,5.263,-5.0,0.0,27.0,7.112,0,0,5.152,1,1,5.152
703,2023-04-08 07:45:00,0.15652,-0.0,0.183,-0.584,-5.0,3.947,-5.0,0.0,27.0,5.888,0,0,5.402,1,1,5.402
704,2023-04-08 08:00:00,0.15652,0.0,0.228,-0.895,-5.0,2.632,-5.0,0.0,27.0,4.605,0.0,0.0,5.667,1,1,5.667
705,2023-04-08 08:15:00,0.15652,-0.0,0.249,-1.25,-5.0,1.316,-5.0,0.0,27.0,3.26,0,0,6.002,1,1,6.002
706,2023-04-08 08:30:00,0.15652,1.886,0.179,-2.065,0,0.0,-6.886,-1.886,1.228,0,1.886,0.0,0,0,0,0
707,2023-04-08 08:45:00,0.15652,2.956,0.225,-3.181,0,0.0,-7.956,-2.956,-0.912,0,2.956,0.0,0,0,0,0
708,2023-04-08 09:00:00,0.15652,4.604,0.14,-4.744,0,0.0,-9.604,-4.604,-4.208,0,4.604,0.0,0,0,0,0
709,2023-04-08 09:15:00,0.15652,4.235,0.175,-4.41,0,0.0,-9.235,-4.235,-3.469,0,4.235,0.0,0,0,0,0
710,2023-04-08 09:30:00,0.15652,6.226,0.14,-6.367,0,0.0,-11.226,-6.226,-6.226,0,6.226,0.0,0,0,0,0
711,2023-04-08 09:45:00,0.15652,6.266,0.177,-6.443,0,0.0,-11.266,-6.266,-6.266,0,6.266,0.0,0,0,0,0
712,2023-04-08 10:00:00,0.15652,6.538,0.145,-6.683,0,0.0,-11.538,-6.538,-6.538,0,6.538,0.0,0,0,0,0
713,2023-04-08 10:15:00,0.15652,6.953,0.158,-7.111,0,0.0,-11.953,-6.953,-6.953,0,6.953,0.0,0,0,0,0
714,2023-04-08 10:30:00,0.15652,7.306,0.2,-7.506,0,0.0,-12.306,-7.306,-7.306,0,7.306,0.0,0,0,0,0
715,2023-04-08 10:45:00,0.15652,7.17,0.582,-7.751,0,0.0,-12.17,-7.17,-7.17,0,7.17,0.0,0,0,0,0
716,2023-04-08 11:00:00,0.15652,7.308,0.706,-8.015,0,0.0,-12.308,-7.308,-7.308,0,7.308,0.0,0,0,0,0
717,2023-04-08 11:15:00,0.15652,7.917,0.306,-8.222,0,0.0,-12.917,-7.917,-7.917,0,7.917,0.0,0,0,0,0
718,2023-04-08 11:30:00,0.15652,8.216,0.254,-8.47,0,0.0,-13.216,-8.216,-8.216,0,8.216,0.0,0,0,0,0
719,2023-04-08 11:45:00,0.15652,8.295,0.219,-8.514,0,0.0,-13.295,-8.295,-8.295,0,8.295,0.0,0,0,0,0
720,2023-04-08 12:00:00,0.15652,8.666,0.464,-9.13,0,0.0,-13.666,-8.666,-8.666,0,8.666,0.0,0,0,0,0
721,2023-04-08 12:15:00,0.15652,4.891,0.336,-5.228,0,0.0,-9.891,-4.891,-4.782,0,4.891,0.0,0,0,0,0
722,2023-04-08 12:30:00,0.15652,6.116,0.454,-6.57,0,0.0,-11.116,-6.116,-6.116,0,6.116,0.0,0,0,0,0
723,2023-04-08 12:45:00,0.15652,4.457,0.337,-4.795,0,0.0,-9.457,-4.457,-3.915,0,4.457,0.0,0,0,0,0
724,2023-04-08 13:00:00,0.15652,7.71,0.332,-8.042,0,0.0,-12.71,-7.71,-7.71,0,7.71,0.0,0,0,0,0
725,2023-04-08 13:15:00,0.15652,8.146,0.318,-8.464,0,0.0,-13.146,-8.146,-8.146,0,8.146,0.0,0,0,0,0
726,2023-04-08 13:30:00,0.15652,5.43,0.397,-5.827,0,0.0,-10.43,-5.43,-5.43,0,5.43,0.0,0,0,0,0
727,2023-04-08 13:45:00,0.15652,6.824,0.333,-7.796,0.64,0.0,-12.464,-7.464,-7.464,0,6.824,0.0,0,0,0,0
728,2023-04-08 14:00:00,0.15652,2.172,0.34,-7.512,5.0,0.152,-12.172,-7.172,-7.172,0,2.172,0.0,0,0,0,0
729,2023-04-08 14:15:00,0.15652,0.0,0.589,-2.741,2.152,1.339,-7.152,-2.152,0.697,0,0.0,0.0,0,0,0,0
730,2023-04-08 14:30:00,0.15652,0.842,0.976,-6.818,5.0,1.85,-10.842,-5.842,-5.842,0,0.842,0.0,0,0,0,0
731,2023-04-08 14:45:00,0.15652,-0.0,0.833,-5.672,4.839,3.038,-9.839,-4.839,-4.679,0,0,0,0,0,0,0
732,2023-04-08 15:00:00,0.15652,-0.0,0.375,-3.417,3.042,4.187,-8.042,-3.042,-1.084,0,0,0,0,0,0,0
733,2023-04-08 15:15:00,0.15652,-0.0,1.099,-4.518,3.419,4.91,-8.419,-3.419,-1.838,0,0,0,0,0,0,0
734,2023-04-08 15:30:00,0.15652,0.0,0.349,-5.348,4.998,5.722,-9.998,-4.998,-4.997,0,0.0,0.0,0,0,0,0
735,2023-04-08 15:45:00,0.15652,0.192,0.394,-5.586,5.0,6.909,-10.192,-5.192,-5.192,0,0.192,0.0,0,0,0,0
736,2023-04-08 16:00:00,0.15652,-0.0,0.401,-5.186,4.785,8.096,-9.785,-4.785,-4.57,0,0,0,0,0,0,0
737,2023-04-08 16:15:00,0.15652,0.0,0.467,-3.697,3.23,9.233,-8.23,-3.23,-1.46,0,0.0,0.0,0,0,0,0
738,2023-04-08 16:30:00,0.15652,0.0,0.263,-3.504,-0.263,10.0,-5.0,0.0,27.0,12.557,0.0,0.0,3.504,1,1,3.504
739,2023-04-08 16:45:00,0.15652,-0.0,0.321,-2.477,-0.321,9.931,-5.0,0.0,27.0,11.725,0,0,2.477,1,1,2.477
740,2023-04-08 17:00:00,0.15652,-0.0,0.326,-1.274,-0.326,9.846,-5.0,0.0,27.0,11.137,0,0,1.274,1,1,1.274
741,2023-04-08 17:15:00,0.15652,0.0,0.363,-0.84,-0.363,9.761,-5.0,0.0,27.0,10.834,0.0,0.0,0.84,1,1,0.84
742,2023-04-08 17:30:00,0.15652,0.0,0.327,-0.533,-0.327,9.665,-5.0,0.0,27.0,10.634,0.0,0.0,0.533,1,1,0.533
743,2023-04-08 17:45:00,0.15652,0.0,0.319,-0.0,-0.319,9.579,-4.681,0.319,27.319,10.508,0.0,0.0,0,1,0,0
744,2023-04-08 18:00:00,0.15652,-0.0,0.686,-0.0,-0.686,9.495,-4.314,0.686,27.686,10.508,0,0,0,1,0,0
745,2023-04-08 18:15:00,0.15652,-0.0,0.408,-0.0,-0.408,9.314,-4.592,0.408,27.408,10.508,0,0,0,1,0,0
746,2023-04-08 18:30:00,0.15652,0.0,0.482,-0.0,-0.482,9.207,-4.518,0.482,27.482,10.508,0.0,0.0,0,1,0,0
747,2023-04-08 18:45:00,0.15652,-0.0,0.334,-0.0,-0.334,9.08,-4.666,0.334,27.334,10.508,0,0,0,1,0,0
748,2023-04-08 19:00:00,0.15652,0.0,0.745,-0.0,-0.745,8.992,-4.255,0.745,27.745,10.508,0.0,0.0,0,1,0,0
749,2023-04-08 19:15:00,0.15652,0.0,1.335,-0.0,-1.335,8.796,-3.665,1.335,28.335,10.508,0.0,0.0,0,1,0,0
750,2023-04-08 19:30:00,0.15652,-0.0,0.633,-0.0,-0.633,8.445,-4.367,0.633,27.633,10.508,0,0,0,1,0,0
751,2023-04-08 19:45:00,0.15652,0.0,2.35,-0.0,-2.35,8.278,-2.65,2.35,29.35,10.508,0.0,0.0,0,1,0,0
752,2023-04-08 20:00:00,0.05603,0.0,4.315,-0.0,-4.315,7.66,-0.685,4.315,31.315,10.508,0.0,0.0,0,1,0,0
753,2023-04-08 20:15:00,0.05603,-0.0,1.265,-0.0,-1.265,6.525,-3.735,1.265,28.265,10.508,0,0,0,1,0,0
754,2023-04-08 20:30:00,0.05603,0.0,0.741,-0.0,-0.741,6.192,-4.259,0.741,27.741,10.508,0.0,0.0,0,1,0,0
755,2023-04-08 20:45:00,0.05603,-0.0,1.972,-0.0,-1.972,5.997,-3.028,1.972,28.972,10.508,0,0,0,1,0,0
756,2023-04-08 21:00:00,0.05603,0.0,2.179,-0.0,-2.179,5.478,-2.821,2.179,29.179,10.508,0.0,0.0,0,1,0,0
757,2023-04-08 21:15:00,0.05603,0.0,0.993,-0.0,-0.993,4.904,-4.007,0.993,27.993,10.508,0.0,0.0,0,1,0,0
758,2023-04-08 21:30:00,0.05603,-0.0,0.802,-0.0,-0.802,4.643,-4.198,0.802,27.802,10.508,0,0,0,1,0,0
759,2023-04-08 21:45:00,0.05603,0.0,0.754,-0.0,-0.754,4.432,-4.246,0.754,27.754,10.508,0.0,0.0,0,1,0,0
760,2023-04-08 22:00:00,0.05603,0.0,0.593,-0.0,-0.593,4.234,-4.407,0.593,27.593,10.508,0.0,0.0,0,1,0,0
761,2023-04-08 22:15:00,0.05603,-0.0,0.649,-0.0,-0.649,4.078,-4.351,0.649,27.649,10.508,0,0,0,1,0,0
762,2023-04-08 22:30:00,0.05603,-0.0,0.586,-0.0,-0.586,3.907,-4.414,0.586,27.586,10.508,0,0,0,1,0,0
763,2023-04-08 22:45:00,0.05603,0.0,0.496,-0.0,-0.496,3.752,-4.504,0.496,27.496,10.508,0.0,0.0,0,1,0,0
764,2023-04-08 23:00:00,0.05603,-0.0,0.433,-0.0,-0.433,3.622,-4.567,0.433,27.433,10.508,0,0,0,1,0,0
765,2023-04-08 23:15:00,0.05603,-0.0,0.41,-0.0,-0.41,3.508,-4.59,0.41,27.41,10.508,0,0,0,1,0,0
766,2023-04-08 23:30:00,0.05603,0.0,0.534,-0.0,-0.534,3.4,-4.466,0.534,27.534,10.508,0.0,0.0,0,1,0,0
767,2023-04-08 23:45:00,0.05603,-0.0,0.498,-0.0,-0.498,3.26,-4.502,0.498,27.498,10.508,0,0,0,1,0,0
768,2023-04-09 00:00:00,0.05603,-0.0,0.494,-0.0,-0.494,3.129,-4.506,0.494,27.494,10.508,0,0,0,1,0,0
769,2023-04-09 00:15:00,0.05603,0.0,0.494,-0.0,-0.494,2.999,-4.506,0.494,27.494,10.508,0.0,0.0,0,1,0,0
770,2023-04-09 00:30:00,0.05603,-0.0,0.542,-0.0,-0.542,2.869,-4.458,0.542,27.542,10.508,0,0,0,1,0,0
771,2023-04-09 00:45:00,0.05603,-0.0,0.431,-0.0,-0.431,2.726,-4.569,0.431,27.431,10.508,0,0,0,1,0,0
772,2023-04-09 01:00:00,0.05603,0.0,0.401,-0.0,-0.401,2.613,-4.599,0.401,27.401,10.508,0.0,0.0,0,1,0,0
773,2023-04-09 01:15:00,0.05603,-0.0,0.406,-0.0,-0.406,2.507,-4.594,0.406,27.406,10.508,0,0,0,1,0,0
774,2023-04-09 01:30:00,0.05603,0.0,0.446,-0.0,-0.446,2.4,-4.554,0.446,27.446,10.508,0.0,0.0,0,1,0,0
775,2023-04-09 01:45:00,0.05603,-0.0,0.493,-0.0,-0.493,2.283,-4.507,0.493,27.493,10.508,0,0,0,1,0,0
776,2023-04-09 02:00:00,0.05603,0.0,0.478,-0.0,-0.478,2.153,-4.522,0.478,27.478,10.508,0.0,0.0,0,1,0,0
777,2023-04-09 02:15:00,0.05603,-0.0,0.3,-0.0,-0.3,2.027,-4.7,0.3,27.3,10.508,0,0,0,1,0,0
778,2023-04-09 02:30:00,0.05603,-0.0,0.362,-0.0,-0.362,1.948,-4.638,0.362,27.362,10.508,0,0,0,1,0,0
779,2023-04-09 02:45:00,0.05603,0.0,0.354,-0.0,-0.354,1.853,-4.646,0.354,27.354,10.508,0.0,0.0,0,1,0,0
780,2023-04-09 03:00:00,0.05603,-0.0,0.413,-0.0,-0.413,1.76,-4.587,0.413,27.413,10.508,0,0,0,1,0,0
781,2023-04-09 03:15:00,0.05603,-0.0,0.627,-0.0,-0.627,1.651,-4.373,0.627,27.627,10.508,0,0,0,1,0,0
782,2023-04-09 03:30:00,0.05603,-0.0,0.121,-0.0,-0.121,1.486,-4.879,0.121,27.121,10.508,0,0,0,1,0,0
783,2023-04-09 03:45:00,0.05603,0.0,0.166,-0.0,-0.166,1.454,-4.834,0.166,27.166,10.508,0.0,0.0,0,1,0,0
784,2023-04-09 04:00:00,0.05603,0.0,0.169,-0.0,-0.169,1.411,-4.831,0.169,27.169,10.508,0.0,0.0,0,1,0,0
785,2023-04-09 04:15:00,0.05603,-0.0,0.274,-0.0,-0.274,1.366,-4.726,0.274,27.274,10.508,0,0,0,1,0,0
786,2023-04-09 04:30:00,0.05603,0.0,0.263,-0.0,-0.263,1.294,-4.737,0.263,27.263,10.508,0.0,0.0,0,1,0,0
787,2023-04-09 04:45:00,0.05603,-0.0,0.201,-0.0,-0.201,1.225,-4.799,0.201,27.201,10.508,0,0,0,1,0,0
788,2023-04-09 05:00:00,0.05603,-0.0,0.226,-0.0,-0.226,1.172,-4.774,0.226,27.226,10.508,0,0,0,1,0,0
789,2023-04-09 05:15:00,0.05603,0.0,0.154,-0.0,-0.154,1.112,-4.846,0.154,27.154,10.508,0.0,0.0,0,1,0,0
790,2023-04-09 05:30:00,0.05603,-0.0,0.144,-0.0,-0.144,1.072,-4.856,0.144,27.144,10.508,0,0,0,1,0,0
791,2023-04-09 05:45:00,0.05603,0.0,0.154,-0.0,-0.154,1.034,-4.846,0.154,27.154,10.508,0.0,0.0,0,1,0,0
792,2023-04-09 06:00:00,0.1404,-0.0,0.329,-0.0,-0.329,0.993,-4.671,0.329,27.329,10.508,0,0,0,1,0,0
793,2023-04-09 06:15:00,0.1404,-0.0,0.786,-0.0,-0.786,0.907,-4.214,0.786,27.786,10.508,0,0,0,1,0,0
794,2023-04-09 06:30:00,0.1404,-0.0,0.283,-0.0,-0.283,0.7,-4.717,0.283,27.283,10.508,0,0,0,1,0,0
795,2023-04-09 06:45:00,0.1404,-0.0,0.248,-0.047,-0.248,0.625,-4.799,0.201,27.201,10.508,0,0,0.047,1,1,0.047
796,2023-04-09 07:00:00,0.1404,0.0,0.254,-0.074,-0.254,0.56,-4.82,0.18,27.18,10.497,0.0,0.0,0.074,1,1,0.074
797,2023-04-09 07:15:00,0.1404,-0.0,0.161,-0.111,-0.161,0.493,-4.95,0.05,27.05,10.479,0,0,0.111,1,1,0.111
798,2023-04-09 07:30:00,0.1404,0.0,0.163,-0.292,-0.163,0.451,-5.0,0.0,27.0,10.453,0.0,0.0,0.292,1,1,0.292
799,2023-04-09 07:45:00,0.1404,0.0,0.123,-0.382,-0.123,0.408,-5.0,0.0,27.0,10.383,0.0,0.0,0.382,1,1,0.382
800,2023-04-09 08:00:00,0.1404,-0.0,0.183,-0.407,-1.009,0.376,-5.0,0.0,27.0,10.293,0,0,1.232,1,1,1.232
801,2023-04-09 08:15:00,0.1404,0.0,0.194,-0.42,0,0.11,-5.0,0.0,27.0,10.0,0.0,0.0,0.226,1,1,0.226
802,2023-04-09 08:30:00,0.1404,-0.0,0.242,-0.561,0.319,0.11,-5.319,-0.319,4.362,0,0,0,0,0,0,0
803,2023-04-09 08:45:00,0.1404,0.0,0.689,-0.541,-0.148,0.186,-4.852,0.148,5.148,0,0.0,0.0,0,0,0,0
804,2023-04-09 09:00:00,0.1404,-0.0,0.967,-0.688,-0.279,0.147,-4.721,0.279,5.279,0,0,0,0,0,0,0
805,2023-04-09 09:15:00,0.1404,0.0,1.076,-0.797,-0.279,0.073,-4.721,0.279,5.279,0,0.0,0.0,0,0,0,0
806,2023-04-09 09:30:00,0.1404,0.709,0.393,-1.102,0,0.0,-5.709,-0.709,3.582,0,0.709,0.0,0,0,0,0
807,2023-04-09 09:45:00,0.1404,0.521,1.289,-1.81,0,0.0,-5.521,-0.521,3.958,0,0.521,0.0,0,0,0,0
808,2023-04-09 10:00:00,0.1404,0.949,0.277,-1.226,0,0.0,-5.949,-0.949,3.102,0,0.949,0.0,0,0,0,0
809,2023-04-09 10:15:00,0.1404,5.327,0.327,-5.655,0,0.0,-10.327,-5.327,-5.327,0,5.327,0.0,0,0,0,0
810,2023-04-09 10:30:00,0.1404,2.82,0.282,-3.102,0,0.0,-7.82,-2.82,-0.64,0,2.82,0.0,0,0,0,0
811,2023-04-09 10:45:00,0.1404,5.392,0.289,-5.68,0,0.0,-10.392,-5.392,-5.392,0,5.392,0.0,0,0,0,0
812,2023-04-09 11:00:00,0.1404,7.662,0.142,-7.804,0,0.0,-12.662,-7.662,-7.662,0,7.662,0.0,0,0,0,0
813,2023-04-09 11:15:00,0.1404,7.72,0.159,-7.879,0,0.0,-12.72,-7.72,-7.72,0,7.72,0.0,0,0,0,0
814,2023-04-09 11:30:00,0.1404,7.858,0.201,-8.059,0,0.0,-12.858,-7.858,-7.858,0,7.858,0.0,0,0,0,0
815,2023-04-09 11:45:00,0.1404,8.012,0.236,-8.248,0,0.0,-13.012,-8.012,-8.012,0,8.012,0.0,0,0,0,0
816,2023-04-09 12:00:00,0.1404,8.595,0.246,-8.841,0,0.0,-13.595,-8.595,-8.595,0,8.595,0.0,0,0,0,0
817,2023-04-09 12:15:00,0.1404,4.13,0.128,-5.15,0.892,0.0,-10.022,-5.022,-5.022,0,4.13,0.0,0,0,0,0
818,2023-04-09 12:30:00,0.1404,-0.0,0.17,-4.716,4.546,0.212,-9.546,-4.546,-4.091,0,0,0,0,0,0,0
819,2023-04-09 12:45:00,0.1404,0.0,0.123,-4.422,4.3,1.291,-9.3,-4.3,-3.599,0,0.0,0.0,0,0,0,0
820,2023-04-09 13:00:00,0.1404,-0.0,0.259,-2.623,2.364,2.313,-7.364,-2.364,0.273,0,0,0,0,0,0,0
821,2023-04-09 13:15:00,0.1404,1.99,0.303,-7.293,5.0,2.874,-11.99,-6.99,-6.99,0,1.99,0.0,0,0,0,0
822,2023-04-09 13:30:00,0.1404,0.0,0.359,-5.074,4.715,4.061,-9.715,-4.715,-4.43,0,0.0,0.0,0,0,0,0
823,2023-04-09 13:45:00,0.1404,1.872,0.312,-7.184,5.0,5.181,-11.872,-6.872,-6.872,0,1.872,0.0,0,0,0,0
824,2023-04-09 14:00:00,0.1404,1.581,0.474,-7.054,5.0,6.369,-11.581,-6.581,-6.581,0,1.581,0.0,0,0,0,0
825,2023-04-09 14:15:00,0.1404,0.0,0.584,-2.87,2.286,7.556,-7.286,-2.286,0.428,0,0.0,0.0,0,0,0,0
826,2023-04-09 14:30:00,0.1404,-0.0,0.562,-1.696,1.134,8.099,-6.134,-1.134,2.731,0,0,0,0,0,0,0
827,2023-04-09 14:45:00,0.1404,0.0,0.987,-2.218,1.231,8.369,-6.231,-1.231,2.538,0,0.0,0.0,0,0,0,0
828,2023-04-09 15:00:00,0.1404,-0.0,2.638,-1.952,-0.686,8.661,-4.314,0.686,5.686,0,0,0,0,0,0,0
829,2023-04-09 15:15:00,0.1404,0.0,0.818,-2.405,1.587,8.481,-6.587,-1.587,1.825,0,0.0,0.0,0,0,0,0
830,2023-04-09 15:30:00,0.1404,-0.0,0.632,-1.809,1.176,8.858,-6.176,-1.176,2.647,0,0,0,0,0,0,0
831,2023-04-09 15:45:00,0.1404,0.0,0.641,-1.423,0.782,9.137,-5.782,-0.782,3.436,0,0.0,0.0,0,0,0,0
832,2023-04-09 16:00:00,0.1404,-0.0,0.606,-0.996,0.391,9.323,-5.391,-0.391,4.219,0,0,0,0,0,0,0
833,2023-04-09 16:15:00,0.1404,-0.0,0.637,-0.962,0.325,9.416,-5.325,-0.325,4.35,0,0,0,0,0,0,0
834,2023-04-09 16:30:00,0.1404,-0.0,0.678,-1.746,1.068,9.493,-6.068,-1.068,2.864,0,0,0,0,0,0,0
835,2023-04-09 16:45:00,0.1404,0.0,0.667,-1.411,0.744,9.746,-5.744,-0.744,3.512,0,0.0,0.0,0,0,0,0
836,2023-04-09 17:00:00,0.1404,-0.0,0.514,-0.778,0.265,9.923,-5.265,-0.265,4.471,0,0,0,0,0,0,0
837,2023-04-09 17:15:00,0.1404,0.0,0.531,-0.591,0.06,9.986,-5.06,-0.06,4.88,0,0.0,0.0,0,0,0,0
838,2023-04-09 17:30:00,0.1404,0.0,0.474,-0.0,-0.474,10.0,-4.526,0.474,5.474,0,0.0,0.0,0,0,0,0
839,2023-04-09 17:45:00,0.1404,0.0,0.446,-0.0,-0.446,9.875,-4.554,0.446,5.446,0,0.0,0.0,0,0,0,0
840,2023-04-09 18:00:00,0.1404,-0.0,0.407,-0.0,-0.407,9.758,-4.593,0.407,27.407,16.324,0,0,0,1,0,0
841,2023-04-09 18:15:00,0.1404,-0.0,0.293,-0.0,-0.293,9.651,-4.707,0.293,27.293,16.324,0,0,0,1,0,0
842,2023-04-09 18:30:00,0.1404,0.0,0.233,-0.0,-0.233,9.573,-4.767,0.233,27.233,16.324,0.0,0.0,0,1,0,0
843,2023-04-09 18:45:00,0.1404,-0.0,0.205,-0.0,-0.205,9.512,-4.795,0.205,27.205,16.324,0,0,0,1,0,0
844,2023-04-09 19:00:00,0.1404,0.0,0.305,-0.0,-0.305,9.458,-4.695,0.305,27.305,16.324,0.0,0.0,0,1,0,0
845,2023-04-09 19:15:00,0.1404,0.0,0.281,-0.0,-0.281,9.378,-4.719,0.281,27.281,16.324,0.0,0.0,0,1,0,0
846,2023-04-09 19:30:00,0.1404,0.0,0.277,-0.0,-0.277,9.304,-4.723,0.277,27.277,16.324,0.0,0.0,0,1,0,0
847,2023-04-09 19:45:00,0.1404,-0.0,0.532,-0.0,-0.532,9.231,-4.468,0.532,27.532,16.324,0,0,0,1,0,0
848,2023-04-09 20:00:00,0.08244,0.0,0.684,-0.0,-0.684,9.091,-4.316,0.684,27.684,16.324,0.0,0.0,0,1,0,0
849,2023-04-09 20:15:00,0.08244,-0.0,1.533,-0.0,-1.533,8.911,-3.467,1.533,28.533,16.324,0,0,0,1,0,0
850,2023-04-09 20:30:00,0.08244,0.0,0.839,-0.0,-0.839,8.508,-4.161,0.839,27.839,16.324,0.0,0.0,0,1,0,0
851,2023-04-09 20:45:00,0.08244,0.0,0.664,-0.0,-0.664,8.287,-4.336,0.664,27.664,16.324,0.0,0.0,0,1,0,0
852,2023-04-09 21:00:00,0.08244,-0.0,0.661,-0.0,-0.661,8.112,-4.339,0.661,27.661,16.324,0,0,0,1,0,0
853,2023-04-09 21:15:00,0.08244,0.0,0.295,-0.0,-0.295,7.938,-4.705,0.295,27.295,16.324,0.0,0.0,0,1,0,0
854,2023-04-09 21:30:00,0.08244,-0.0,0.504,-0.0,-0.504,7.861,-4.496,0.504,27.504,16.324,0,0,0,1,0,0
855,2023-04-09 21:45:00,0.08244,0.0,0.56,-0.0,-0.56,7.728,-4.44,0.56,27.56,16.324,0.0,0.0,0,1,0,0
856,2023-04-09 22:00:00,0.08244,0.0,0.534,-0.0,-0.534,7.581,-4.466,0.534,27.534,16.324,0.0,0.0,0,1,0,0
857,2023-04-09 22:15:00,0.08244,0.0,0.689,-0.0,-0.689,7.44,-4.311,0.689,27.689,16.324,0.0,0.0,0,1,0,0
858,2023-04-09 22:30:00,0.08244,-0.0,0.733,-0.0,-0.733,7.259,-4.267,0.733,27.733,16.324,0,0,0,1,0,0
859,2023-04-09 22:45:00,0.08244,-0.0,0.83,-0.0,-0.83,7.066,-4.17,0.83,27.83,16.324,0,0,0,1,0,0
860,2023-04-09 23:00:00,0.08244,0.0,0.769,-0.0,-0.769,6.847,-4.231,0.769,27.769,16.324,0.0,0.0,0,1,0,0
861,2023-04-09 23:15:00,0.08244,-0.0,0.709,-0.0,-0.709,6.645,-4.291,0.709,27.709,16.324,0,0,0,1,0,0
862,2023-04-09 23:30:00,0.08244,0.0,0.757,-0.0,-0.757,6.459,-4.243,0.757,27.757,16.324,0.0,0.0,0,1,0,0
863,2023-04-09 23:45:00,0.08244,-0.0,0.465,-0.0,-0.465,6.259,-4.535,0.465,27.465,16.324,0,0,0,1,0,0
864,2023-04-10 00:00:00,0.08244,-0.0,0.546,-0.0,-0.546,6.137,-4.454,0.546,27.546,16.324,0,0,0,1,0,0
865,2023-04-10 00:15:00,0.08244,0.0,0.526,-0.0,-0.526,5.993,-4.474,0.526,27.526,16.324,0.0,0.0,0,1,0,0
866,2023-04-10 00:30:00,0.08244,-0.0,0.529,-0.0,-0.529,5.855,-4.471,0.529,27.529,16.324,0,0,0,1,0,0
867,2023-04-10 00:45:00,0.08244,0.0,0.349,-0.0,-0.349,5.716,-4.651,0.349,27.349,16.324,0.0,0.0,0,1,0,0
868,2023-04-10 01:00:00,0.08244,-0.0,0.216,-0.0,-0.216,5.624,-4.784,0.216,27.216,16.324,0,0,0,1,0,0
869,2023-04-10 01:15:00,0.08244,0.0,0.152,-0.0,-0.152,5.567,-4.848,0.152,27.152,16.324,0.0,0.0,0,1,0,0
870,2023-04-10 01:30:00,0.08244,-0.0,0.194,-0.0,-0.194,5.527,-4.806,0.194,27.194,16.324,0,0,0,1,0,0
871,2023-04-10 01:45:00,0.08244,0.0,0.155,-0.0,-0.155,5.476,-4.845,0.155,27.155,16.324,0.0,0.0,0,1,0,0
872,2023-04-10 02:00:00,0.08244,0.0,0.182,-0.0,-0.182,5.436,-4.818,0.182,27.182,16.324,0.0,0.0,0,1,0,0
873,2023-04-10 02:15:00,0.08244,0.0,0.141,-0.0,-0.141,5.388,-4.859,0.141,27.141,16.324,0.0,0.0,0,1,0,0
874,2023-04-10 02:30:00,0.08244,-0.0,0.221,-0.0,-0.221,5.351,-4.779,0.221,27.221,16.324,0,0,0,1,0,0
875,2023-04-10 02:45:00,0.08244,-0.0,0.264,-0.0,-0.264,5.292,-4.736,0.264,27.264,16.324,0,0,0,1,0,0
876,2023-04-10 03:00:00,0.08244,0.0,0.223,-0.0,-0.223,5.223,-4.777,0.223,27.223,16.324,0.0,0.0,0,1,0,0
877,2023-04-10 03:15:00,0.08244,0.0,0.193,-0.0,-0.193,5.164,-4.807,0.193,27.193,16.324,0.0,0.0,0,1,0,0
878,2023-04-10 03:30:00,0.08244,-0.0,0.137,-0.0,-0.137,5.113,-4.863,0.137,27.137,16.324,0,0,0,1,0,0
879,2023-04-10 03:45:00,0.08244,0.0,0.157,-0.0,-0.157,5.077,-4.843,0.157,27.157,16.324,0.0,0.0,0,1,0,0
880,2023-04-10 04:00:00,0.08244,-0.0,0.141,-0.0,-0.141,5.036,-4.859,0.141,27.141,16.324,0,0,0,1,0,0
881,2023-04-10 04:15:00,0.08244,0.0,0.162,-0.0,-0.162,4.999,-4.838,0.162,27.162,16.324,0.0,0.0,0,1,0,0
882,2023-04-10 04:30:00,0.08244,-0.0,0.195,-0.0,-0.195,4.956,-4.805,0.195,27.195,16.324,0,0,0,1,0,0
883,2023-04-10 04:45:00,0.08244,-0.0,0.331,-0.0,-0.331,4.905,-4.669,0.331,27.331,16.324,0,0,0,1,0,0
884,2023-04-10 05:00:00,0.08244,0.0,0.252,-0.0,-2.769,4.818,-4.748,0.252,27.252,16.324,0.0,0.0,2.517,1,1,2.517
885,2023-04-10 05:15:00,0.08244,-0.0,0.338,-0.0,-5.0,4.089,-4.662,0.338,27.338,15.726,0,0,4.662,1,1,4.662
886,2023-04-10 05:30:00,0.08244,-0.0,0.237,-0.0,-5.0,2.773,-4.763,0.237,27.237,14.619,0,0,4.763,1,1,4.763
887,2023-04-10 05:45:00,0.08244,-0.0,0.245,-0.0,-5.0,1.457,-4.755,0.245,27.245,13.488,0,0,4.755,1,1,4.755
888,2023-04-10 06:00:00,0.03401,0.0,0.275,-0.0,-0.275,0.142,-4.725,0.275,27.275,12.359,0.0,0.0,0,1,0,0
889,2023-04-10 06:15:00,0.03401,0.0,0.264,-0.0,-0.264,0.069,-4.736,0.264,27.264,12.359,0.0,0.0,0,1,0,0
890,2023-04-10 06:30:00,0.03401,-9.281,0.253,-0.0,0,0.0,-4.747,0.253,27.253,12.359,0,0,9.028,1,1,9.028
891,2023-04-10 06:45:00,0.03401,-0.299,0.299,-0.027,0,0.0,-4.729,0.271,27.271,10.214,0,0,0.027,1,1,0.027
892,2023-04-10 07:00:00,0.03401,-0.332,0.332,-0.058,0,0.0,-4.726,0.274,27.274,10.208,0,0,0.058,1,1,0.058
893,2023-04-10 07:15:00,0.03401,-0.29,0.29,-0.092,0,0.0,-4.802,0.198,27.198,10.194,0,0,0.092,1,1,0.092
894,2023-04-10 07:30:00,0.03401,-1.273,1.273,-0.15,0,0.0,-3.878,1.122,28.122,10.172,0,0,0.15,1,1,0.15
895,2023-04-10 07:45:00,0.03401,-0.251,0.251,-0.239,0,0.0,-4.988,0.012,27.012,10.136,0,0,0.239,1,1,0.239
896,2023-04-10 08:00:00,0.03401,-0.44,0.44,-0.335,0,0.0,-4.895,0.105,27.105,10.08,0,0,0.335,1,1,0.335
897,2023-04-10 08:15:00,0.03401,-0.568,0.568,-0.54,0,0.0,-4.972,0.028,27.028,10.0,0,0,0.54,1,1,0.54
898,2023-04-10 08:30:00,0.03401,-0.0,0.724,-0.855,0.131,0.0,-5.131,-0.131,4.738,0,0,0,0,0,0,0
899,2023-04-10 08:45:00,0.03401,-1.343,2.366,-0.905,-0.118,0.031,-3.539,1.461,6.461,0,0,0,0,0,0,0
900,2023-04-10 09:00:00,0.03401,-0.382,1.351,-0.969,0,0.0,-4.618,0.382,5.382,0,0,0,0,0,0,0
901,2023-04-10 09:15:00,0.03401,0.743,0.456,-1.199,0,0.0,-5.743,-0.743,3.513,0,0.743,0.0,0,0,0,0
902,2023-04-10 09:30:00,0.03401,1.573,0.412,-1.985,0,0.0,-6.573,-1.573,1.855,0,1.573,0.0,0,0,0,0
903,2023-04-10 09:45:00,0.03401,0.458,1.566,-2.024,0,0.0,-5.458,-0.458,4.085,0,0.458,0.0,0,0,0,0
904,2023-04-10 10:00:00,0.03401,1.907,1.169,-3.076,0,0.0,-6.907,-1.907,1.186,0,1.907,0.0,0,0,0,0
905,2023-04-10 10:15:00,0.03401,5.276,0.313,-5.589,0,0.0,-10.276,-5.276,-5.276,0,5.276,0.0,0,0,0,0
906,2023-04-10 10:30:00,0.03401,7.396,0.237,-7.633,0,0.0,-12.396,-7.396,-7.396,0,7.396,0.0,0,0,0,0
907,2023-04-10 10:45:00,0.03401,7.672,0.163,-7.835,0,0.0,-12.672,-7.672,-7.672,0,7.672,0.0,0,0,0,0
908,2023-04-10 11:00:00,0.03401,7.871,0.18,-8.05,0,0.0,-12.871,-7.871,-7.871,0,7.871,0.0,0,0,0,0
909,2023-04-10 11:15:00,0.03401,8.101,0.209,-8.311,0,0.0,-13.101,-8.101,-8.101,0,8.101,0.0,0,0,0,0
910,2023-04-10 11:30:00,0.03401,6.759,0.182,-6.941,0,0.0,-11.759,-6.759,-6.759,0,6.759,0.0,0,0,0,0
911,2023-04-10 11:45:00,0.03401,6.714,0.128,-6.842,0,0.0,-11.714,-6.714,-6.714,0,6.714,0.0,0,0,0,0
912,2023-04-10 12:00:00,0.03401,7.734,0.211,-7.945,0,0.0,-12.734,-7.734,-7.734,0,7.734,0.0,0,0,0,0
913,2023-04-10 12:15:00,0.03401,7.691,1.155,-8.846,0,0.0,-12.691,-7.691,-7.691,0,7.691,0.0,0,0,0,0
914,2023-04-10 12:30:00,0.03401,5.575,3.475,-9.05,0,0.0,-10.575,-5.575,-5.575,0,5.575,0.0,0,0,0,0
915,2023-04-10 12:45:00,0.03401,8.374,0.369,-8.743,0,0.0,-13.374,-8.374,-8.374,0,8.374,0.0,0,0,0,0
916,2023-04-10 13:00:00,0.03401,8.315,0.39,-8.705,0,0.0,-13.315,-8.315,-8.315,0,8.315,0.0,0,0,0,0
917,2023-04-10 13:15:00,0.03401,8.16,0.345,-8.505,0,0.0,-13.16,-8.16,-8.16,0,8.16,0.0,0,0,0,0
918,2023-04-10 13:30:00,0.03401,8.288,0.245,-8.533,0,0.0,-13.288,-8.288,-8.288,0,8.288,0.0,0,0,0,0
919,2023-04-10 13:45:00,0.03401,7.732,0.28,-8.011,0,0.0,-12.732,-7.732,-7.732,0,7.732,0.0,0,0,0,0
920,2023-04-10 14:00:00,0.03401,6.364,0.221,-7.579,0.994,0.0,-12.358,-7.358,-7.358,0,6.364,0.0,0,0,0,0
921,2023-04-10 14:15:00,0.03401,6.63,0.237,-6.867,0,0.236,-11.63,-6.63,-6.63,0,6.63,0.0,0,0,0,0
922,2023-04-10 14:30:00,0.03401,1.765,0.241,-7.006,5.0,0.236,-11.765,-6.765,-6.765,0,1.765,0.0,0,0,0,0
923,2023-04-10 14:45:00,0.03401,0.967,0.398,-6.365,5.0,1.424,-10.967,-5.967,-5.967,0,0.967,0.0,0,0,0,0
924,2023-04-10 15:00:00,0.03401,0.711,0.323,-6.034,5.0,2.611,-10.711,-5.711,-5.711,0,0.711,0.0,0,0,0,0
925,2023-04-10 15:15:00,0.03401,0.004,0.487,-5.492,5.0,3.799,-10.004,-5.004,-5.004,0,0.004,0.0,0,0,0,0
926,2023-04-10 15:30:00,0.03401,-0.0,0.532,-5.413,4.881,4.986,-9.881,-4.881,-4.762,0,0,0,0,0,0,0
927,2023-04-10 15:45:00,0.03401,-0.0,0.396,-4.425,4.029,6.145,-9.029,-4.029,-3.058,0,0,0,0,0,0,0
928,2023-04-10 16:00:00,0.03401,0.0,0.797,-3.798,3.001,7.102,-8.001,-3.001,-1.002,0,0.0,0.0,0,0,0,0
929,2023-04-10 16:15:00,0.03401,0.0,0.355,-3.833,3.478,7.815,-8.478,-3.478,-1.955,0,0.0,0.0,0,0,0,0
930,2023-04-10 16:30:00,0.03401,-0.0,1.94,-3.123,1.183,8.641,-6.183,-1.183,2.633,0,0,0,0,0,0,0
931,2023-04-10 16:45:00,0.03401,0.0,0.505,-2.454,1.949,8.922,-6.949,-1.949,1.102,0,0.0,0.0,0,0,0,0
932,2023-04-10 17:00:00,0.03401,0.0,0.302,-1.869,1.567,9.385,-6.567,-1.567,1.866,0,0.0,0.0,0,0,0,0
933,2023-04-10 17:15:00,0.03401,-0.0,0.306,-1.329,1.023,9.757,-6.023,-1.023,2.954,0,0,0,0,0,0,0
934,2023-04-10 17:30:00,0.03401,0.0,0.467,-0.413,-0.054,10.0,-4.946,0.054,5.054,0,0.0,0.0,0,0,0,0
935,2023-04-10 17:45:00,0.03401,-0.0,1.096,-0.0,-1.096,9.986,-3.904,1.096,6.096,0,0,0,0,0,0,0
936,2023-04-10 18:00:00,0.03401,-0.0,1.659,-0.0,-1.659,9.697,-3.341,1.659,6.659,0,0,0,0,0,0,0
937,2023-04-10 18:15:00,0.03401,0.0,0.296,-0.0,-0.296,9.261,-4.704,0.296,27.296,19.628,0.0,0.0,0,1,0,0
938,2023-04-10 18:30:00,0.03401,-0.0,0.252,-0.0,-0.252,9.183,-4.748,0.252,27.252,19.628,0,0,0,1,0,0
939,2023-04-10 18:45:00,0.03401,-0.0,0.198,-0.0,-0.198,9.117,-4.802,0.198,27.198,19.628,0,0,0,1,0,0
940,2023-04-10 19:00:00,0.03401,-0.0,0.289,-0.0,-0.289,9.065,-4.711,0.289,27.289,19.628,0,0,0,1,0,0
941,2023-04-10 19:15:00,0.03401,0.0,0.429,-0.0,-0.429,8.989,-4.571,0.429,27.429,19.628,0.0,0.0,0,1,0,0
942,2023-04-10 19:30:00,0.03401,0.0,0.595,-0.0,-0.595,8.876,-4.405,0.595,27.595,19.628,0.0,0.0,0,1,0,0
943,2023-04-10 19:45:00,0.03401,-0.0,1.778,-0.0,-1.778,8.719,-3.222,1.778,28.778,19.628,0,0,0,1,0,0
944,2023-04-10 20:00:00,0.03336,-0.94,0.94,-0.0,0,8.251,-4.06,0.94,27.94,19.628,0,0,0,1,0,0
945,2023-04-10 20:15:00,0.03336,-0.562,0.562,-0.0,0,8.251,-4.438,0.562,27.562,19.628,0,0,0,1,0,0
946,2023-04-10 20:30:00,0.03336,-0.461,0.461,-0.0,0,8.251,-4.539,0.461,27.461,19.628,0,0,0,1,0,0
947,2023-04-10 20:45:00,0.03336,-0.41,0.41,-0.0,0,8.251,-4.59,0.41,27.41,19.628,0,0,0,1,0,0
948,2023-04-10 21:00:00,0.03336,-0.361,0.361,-0.0,0,8.251,-4.639,0.361,27.361,19.628,0,0,0,1,0,0
949,2023-04-10 21:15:00,0.03336,-0.338,0.338,-0.0,0,8.251,-4.662,0.338,27.338,19.628,0,0,0,1,0,0
950,2023-04-10 21:30:00,0.03336,-0.264,0.264,-0.0,0,8.251,-4.736,0.264,27.264,19.628,0,0,0,1,0,0
951,2023-04-10 21:45:00,0.03336,-0.306,0.306,-0.0,0,8.251,-4.694,0.306,27.306,19.628,0,0,0,1,0,0
952,2023-04-10 22:00:00,0.03336,-0.306,0.306,-0.0,0,8.251,-4.694,0.306,27.306,19.628,0,0,0,1,0,0
953,2023-04-10 22:15:00,0.03336,-0.326,0.326,-0.0,0,8.251,-4.674,0.326,27.326,19.628,0,0,0,1,0,0
954,2023-04-10 22:30:00,0.03336,-0.333,0.333,-0.0,0,8.251,-4.667,0.333,27.333,19.628,0,0,0,1,0,0
955,2023-04-10 22:45:00,0.03336,-0.297,0.297,-0.0,0,8.251,-4.703,0.297,27.297,19.628,0,0,0,1,0,0
956,2023-04-10 23:00:00,0.03336,-0.367,0.367,-0.0,0,8.251,-4.633,0.367,27.367,19.628,0,0,0,1,0,0
957,2023-04-10 23:15:00,0.03336,-0.359,0.359,-0.0,0,8.251,-4.641,0.359,27.359,19.628,0,0,0,1,0,0
958,2023-04-10 23:30:00,0.03336,-0.332,0.332,-0.0,0,8.251,-4.668,0.332,27.332,19.628,0,0,0,1,0,0
959,2023-04-10 23:45:00,0.03336,-0.295,0.295,-0.0,0,8.251,-4.705,0.295,27.295,19.628,0,0,0,1,0,0
960,2023-04-11 00:00:00,0.03336,-0.411,0.411,-0.0,0,8.251,-4.589,0.411,27.411,19.628,0,0,0,1,0,0
961,2023-04-11 00:15:00,0.03336,-0.325,0.325,-0.0,0,8.251,-4.675,0.325,27.325,19.628,0,0,0,1,0,0
962,2023-04-11 00:30:00,0.03336,-0.269,0.269,-0.0,0,8.251,-4.731,0.269,27.269,19.628,0,0,0,1,0,0
963,2023-04-11 00:45:00,0.03336,-0.272,0.272,-0.0,0,8.251,-4.728,0.272,27.272,19.628,0,0,0,1,0,0
964,2023-04-11 01:00:00,0.03336,-0.294,0.294,-0.0,0,8.251,-4.706,0.294,27.294,19.628,0,0,0,1,0,0
965,2023-04-11 01:15:00,0.03336,-0.292,0.292,-0.0,0,8.251,-4.708,0.292,27.292,19.628,0,0,0,1,0,0
966,2023-04-11 01:30:00,0.03336,-0.459,0.459,-0.0,0,8.251,-4.541,0.459,27.459,19.628,0,0,0,1,0,0
967,2023-04-11 01:45:00,0.03336,-0.272,0.272,-0.0,0,8.251,-4.728,0.272,27.272,19.628,0,0,0,1,0,0
968,2023-04-11 02:00:00,0.03336,-0.239,0.239,-0.0,0,8.251,-4.761,0.239,27.239,19.628,0,0,0,1,0,0
969,2023-04-11 02:15:00,0.03336,-0.181,0.181,-0.0,0,8.251,-4.819,0.181,27.181,19.628,0,0,0,1,0,0
970,2023-04-11 02:30:00,0.03336,-0.138,0.138,-0.0,0,8.251,-4.862,0.138,27.138,19.628,0,0,0,1,0,0
971,2023-04-11 02:45:00,0.03336,-0.152,0.152,-0.0,0,8.251,-4.848,0.152,27.152,19.628,0,0,0,1,0,0
972,2023-04-11 03:00:00,0.03336,-0.12,0.12,-0.0,0,8.251,-4.88,0.12,27.12,19.628,0,0,0,1,0,0
973,2023-04-11 03:15:00,0.03336,-0.161,0.161,-0.0,0,8.251,-4.839,0.161,27.161,19.628,0,0,0,1,0,0
974,2023-04-11 03:30:00,0.03336,-0.155,0.155,-0.0,0,8.251,-4.845,0.155,27.155,19.628,0,0,0,1,0,0
975,2023-04-11 03:45:00,0.03336,-0.173,0.173,-0.0,0,8.251,-4.827,0.173,27.173,19.628,0,0,0,1,0,0
976,2023-04-11 04:00:00,0.03336,-0.245,0.245,-0.0,0,8.251,-4.755,0.245,27.245,19.628,0,0,0,1,0,0
977,2023-04-11 04:15:00,0.03336,-0.249,0.249,-0.0,0,8.251,-4.751,0.249,27.249,19.628,0,0,0,1,0,0
978,2023-04-11 04:30:00,0.03336,-0.143,0.143,-0.0,0,8.251,-4.857,0.143,27.143,19.628,0,0,0,1,0,0
979,2023-04-11 04:45:00,0.03336,-0.146,0.146,-0.0,0,8.251,-4.854,0.146,27.146,19.628,0,0,0,1,0,0
980,2023-04-11 05:00:00,0.03336,-21.745,0.156,-0.0,0,8.251,-4.844,0.156,27.156,19.628,0,0,21.59,1,1,21.59
981,2023-04-11 05:15:00,0.03336,-0.147,0.147,-0.0,0,8.251,-4.853,0.147,27.147,14.501,0,0,0,1,0,0
982,2023-04-11 05:30:00,0.03336,-0.213,0.213,-0.0,0,8.251,-4.787,0.213,27.213,14.501,0,0,0,1,0,0
983,2023-04-11 05:45:00,0.03336,-0.149,0.149,-0.0,0,8.251,-4.851,0.149,27.149,14.501,0,0,0,1,0,0
984,2023-04-11 06:00:00,0.13689,0.0,0.17,-0.0,-0.17,8.251,-4.83,0.17,27.17,14.501,0.0,0.0,0,1,0,0
985,2023-04-11 06:15:00,0.13689,-0.0,0.156,-0.0,-0.156,8.207,-4.844,0.156,27.156,14.501,0,0,0,1,0,0
986,2023-04-11 06:30:00,0.13689,-0.0,0.313,-0.0,-0.313,8.165,-4.687,0.313,27.313,14.501,0,0,0,1,0,0
987,2023-04-11 06:45:00,0.13689,0.0,0.284,-0.09,-0.284,8.083,-4.806,0.194,27.194,14.501,0.0,0.0,0.09,1,1,0.09
988,2023-04-11 07:00:00,0.13689,0.0,0.308,-0.186,-0.308,8.008,-4.878,0.122,27.122,14.479,0.0,0.0,0.186,1,1,0.186
989,2023-04-11 07:15:00,0.13689,0.0,0.25,-0.263,-3.3,7.927,-5.0,0.0,27.0,14.435,0.0,0.0,3.313,1,1,3.313
990,2023-04-11 07:30:00,0.13689,0.0,0.281,-0.347,-5.0,7.059,-5.0,0.0,27.0,13.648,0.0,0.0,5.066,1,1,5.066
991,2023-04-11 07:45:00,0.13689,-0.0,0.297,-0.301,-5.0,5.743,-5.0,0.0,27.0,12.445,0,0,5.004,1,1,5.004
992,2023-04-11 08:00:00,0.13689,0.0,0.239,-0.529,-5.0,4.427,-5.0,0.0,27.0,11.257,0.0,0.0,5.291,1,1,5.291
993,2023-04-11 08:15:00,0.13689,0.0,0.213,-0.474,0.261,3.112,-5.0,0.0,27.0,10.0,0.0,0.0,0,1,0,0
994,2023-04-11 08:30:00,0.13689,-0.0,0.219,-0.46,0.241,3.174,-5.241,-0.241,4.519,0,0,0,0,0,0,0
995,2023-04-11 08:45:00,0.13689,-0.0,0.406,-0.399,-0.007,3.231,-4.993,0.007,5.007,0,0,0,0,0,0,0
996,2023-04-11 09:00:00,0.13689,0.0,0.855,-0.723,-0.132,3.229,-4.868,0.132,5.132,0,0.0,0.0,0,0,0,0
997,2023-04-11 09:15:00,0.13689,-0.0,1.257,-1.297,0.04,3.194,-5.04,-0.04,4.92,0,0,0,0,0,0,0
998,2023-04-11 09:30:00,0.13689,-0.0,0.319,-1.821,1.502,3.204,-6.502,-1.502,1.996,0,0,0,0,0,0,0
999,2023-04-11 09:45:00,0.13689,0.0,0.329,-2.118,1.788,3.56,-6.788,-1.788,1.423,0,0.0,0.0,0,0,0,0
1000,2023-04-11 10:00:00,0.13689,-0.0,0.194,-2.808,2.614,3.985,-7.614,-2.614,-0.228,0,0,0,0,0,0,0
1001,2023-04-11 10:15:00,0.13689,0.0,0.493,-2.801,2.307,4.606,-7.307,-2.307,0.385,0,0.0,0.0,0,0,0,0
1002,2023-04-11 10:30:00,0.13689,0.0,0.367,-1.963,1.596,5.154,-6.596,-1.596,1.808,0,0.0,0.0,0,0,0,0
1003,2023-04-11 10:45:00,0.13689,-0.0,0.717,-3.729,3.012,5.533,-8.012,-3.012,-1.025,0,0,0,0,0,0,0
1004,2023-04-11 11:00:00,0.13689,0.0,2.092,-2.054,-0.037,6.248,-4.963,0.037,5.037,0,0.0,0.0,0,0,0,0
1005,2023-04-11 11:15:00,0.13689,-0.0,1.213,-1.232,0.019,6.239,-5.019,-0.019,4.961,0,0,0,0,0,0,0
1006,2023-04-11 11:30:00,0.13689,0.0,2.54,-1.217,-1.323,6.243,-3.677,1.323,6.323,0,0.0,0.0,0,0,0,0
1007,2023-04-11 11:45:00,0.13689,-0.0,3.041,-0.834,-2.207,5.895,-2.793,2.207,7.207,0,0,0,0,0,0,0
1008,2023-04-11 12:00:00,0.13689,-0.0,3.958,-0.767,-3.19,5.314,-1.81,3.19,8.19,0,0,0,0,0,0,0
1009,2023-04-11 12:15:00,0.13689,0.0,3.184,-1.007,-2.178,4.475,-2.822,2.178,7.178,0,0.0,0.0,0,0,0,0
1010,2023-04-11 12:30:00,0.13689,0.0,1.74,-1.009,-0.731,3.902,-4.269,0.731,5.731,0,0.0,0.0,0,0,0,0
1011,2023-04-11 12:45:00,0.13689,-0.0,0.607,-0.802,0.195,3.709,-5.195,-0.195,4.609,0,0,0,0,0,0,0
1012,2023-04-11 13:00:00,0.13689,0.0,0.265,-1.018,0.753,3.756,-5.753,-0.753,3.495,0,0.0,0.0,0,0,0,0
1013,2023-04-11 13:15:00,0.13689,0.0,0.255,-1.042,0.787,3.935,-5.787,-0.787,3.425,0,0.0,0.0,0,0,0,0
1014,2023-04-11 13:30:00,0.13689,-0.0,0.227,-0.999,0.772,4.122,-5.772,-0.772,3.456,0,0,0,0,0,0,0
1015,2023-04-11 13:45:00,0.13689,-0.0,0.25,-0.83,0.581,4.305,-5.581,-0.581,3.838,0,0,0,0,0,0,0
1016,2023-04-11 14:00:00,0.13689,0.0,0.305,-0.833,0.527,4.443,-5.527,-0.527,3.946,0,0.0,0.0,0,0,0,0
1017,2023-04-11 14:15:00,0.13689,-0.0,0.338,-0.885,0.547,4.568,-5.547,-0.547,3.905,0,0,0,0,0,0,0
1018,2023-04-11 14:30:00,0.13689,-0.0,0.359,-0.976,0.617,4.698,-5.617,-0.617,3.765,0,0,0,0,0,0,0
1019,2023-04-11 14:45:00,0.13689,0.0,0.18,-1.091,0.911,4.845,-5.911,-0.911,3.177,0,0.0,0.0,0,0,0,0
1020,2023-04-11 15:00:00,0.13689,-0.0,0.488,-0.952,0.464,5.061,-5.464,-0.464,4.073,0,0,0,0,0,0,0
1021,2023-04-11 15:15:00,0.13689,0.0,0.796,-0.663,-0.133,5.171,-4.867,0.133,27.133,18.958,0.0,0.0,0,1,0,0
1022,2023-04-11 15:30:00,0.13689,-0.0,0.238,-0.77,0.532,5.136,-5.0,0.0,27.0,18.958,0,0,0,1,0,0
1023,2023-04-11 15:45:00,0.13689,-0.0,0.307,-1.232,0.925,5.263,-5.0,0.0,27.0,18.958,0,0,0,1,0,0
1024,2023-04-11 16:00:00,0.13689,0.0,0.195,-1.926,1.731,5.482,-5.0,0.0,27.0,18.958,0.0,0.0,0,1,0,0
1025,2023-04-11 16:15:00,0.13689,-0.0,0.17,-1.676,1.505,5.893,-5.0,0.0,27.0,18.958,0,0,0,1,0,0
1026,2023-04-11 16:30:00,0.13689,0.0,0.206,-1.936,1.73,6.251,-5.0,0.0,27.0,18.958,0.0,0.0,0,1,0,0
1027,2023-04-11 16:45:00,0.13689,-0.0,0.215,-1.802,1.587,6.662,-5.0,0.0,27.0,18.958,0,0,0,1,0,0
1028,2023-04-11 17:00:00,0.13689,-0.0,0.242,-1.1,0.858,7.039,-5.0,0.0,27.0,18.958,0,0,0,1,0,0
1029,2023-04-11 17:15:00,0.13689,0.0,0.173,-0.774,0.601,7.243,-5.0,0.0,27.0,18.958,0.0,0.0,0,1,0,0
1030,2023-04-11 17:30:00,0.13689,0.0,0.193,-0.334,0.141,7.385,-5.0,0.0,27.0,18.958,0.0,0.0,0,1,0,0
1031,2023-04-11 17:45:00,0.13689,0.0,0.221,-0.059,-0.162,7.419,-4.838,0.162,27.162,18.958,0.0,0.0,0,1,0,0
1032,2023-04-11 18:00:00,0.13689,-0.0,0.343,-0.0,-0.343,7.376,-4.657,0.343,27.343,18.958,0,0,0,1,0,0
1033,2023-04-11 18:15:00,0.13689,0.0,0.374,-0.0,-0.374,7.286,-4.626,0.374,27.374,18.958,0.0,0.0,0,1,0,0
1034,2023-04-11 18:30:00,0.13689,-0.0,0.371,-0.0,-0.371,7.188,-4.629,0.371,27.371,18.958,0,0,0,1,0,0
1035,2023-04-11 18:45:00,0.13689,0.0,0.269,-0.0,-0.269,7.09,-4.731,0.269,27.269,18.958,0.0,0.0,0,1,0,0
1036,2023-04-11 19:00:00,0.13689,-0.0,0.315,-0.0,-0.315,7.019,-4.685,0.315,27.315,18.958,0,0,0,1,0,0
1037,2023-04-11 19:15:00,0.13689,0.0,0.447,-0.0,-0.447,6.936,-4.553,0.447,27.447,18.958,0.0,0.0,0,1,0,0
1038,2023-04-11 19:30:00,0.13689,-0.0,0.499,-0.0,-0.499,6.819,-4.501,0.499,27.499,18.958,0,0,0,1,0,0
1039,2023-04-11 19:45:00,0.13689,0.0,1.079,-0.0,-1.079,6.688,-3.921,1.079,28.079,18.958,0.0,0.0,0,1,0,0
1040,2023-04-11 20:00:00,0.10459,0.0,0.828,-0.0,-0.828,6.403,-4.172,0.828,27.828,18.958,0.0,0.0,0,1,0,0
1041,2023-04-11 20:15:00,0.10459,-0.0,0.928,-0.0,-0.928,6.186,-4.072,0.928,27.928,18.958,0,0,0,1,0,0
1042,2023-04-11 20:30:00,0.10459,-0.0,0.731,-0.0,-0.731,5.941,-4.269,0.731,27.731,18.958,0,0,0,1,0,0
1043,2023-04-11 20:45:00,0.10459,-0.0,0.801,-0.0,-0.801,5.749,-4.199,0.801,27.801,18.958,0,0,0,1,0,0
1044,2023-04-11 21:00:00,0.10459,0.0,0.853,-0.0,-0.853,5.538,-4.147,0.853,27.853,18.958,0.0,0.0,0,1,0,0
1045,2023-04-11 21:15:00,0.10459,0.0,0.749,-0.0,-0.749,5.314,-4.251,0.749,27.749,18.958,0.0,0.0,0,1,0,0
1046,2023-04-11 21:30:00,0.10459,-0.0,0.662,-0.0,-0.662,5.117,-4.338,0.662,27.662,18.958,0,0,0,1,0,0
1047,2023-04-11 21:45:00,0.10459,0.0,0.796,-0.0,-0.796,4.942,-4.204,0.796,27.796,18.958,0.0,0.0,0,1,0,0
1048,2023-04-11 22:00:00,0.10459,0.0,0.788,-0.0,-0.788,4.733,-4.212,0.788,27.788,18.958,0.0,0.0,0,1,0,0
1049,2023-04-11 22:15:00,0.10459,0.0,0.823,-0.0,-0.823,4.525,-4.177,0.823,27.823,18.958,0.0,0.0,0,1,0,0
1050,2023-04-11 22:30:00,0.10459,-0.0,1.184,-0.0,-1.184,4.309,-3.816,1.184,28.184,18.958,0,0,0,1,0,0
1051,2023-04-11 22:45:00,0.10459,0.0,0.89,-0.0,-0.89,3.997,-4.11,0.89,27.89,18.958,0.0,0.0,0,1,0,0
1052,2023-04-11 23:00:00,0.10459,-0.0,0.586,-0.0,-0.586,3.763,-4.414,0.586,27.586,18.958,0,0,0,1,0,0
1053,2023-04-11 23:15:00,0.10459,0.0,0.494,-0.0,-0.494,3.609,-4.506,0.494,27.494,18.958,0.0,0.0,0,1,0,0
1054,2023-04-11 23:30:00,0.10459,-0.0,0.639,-0.0,-0.639,3.479,-4.361,0.639,27.639,18.958,0,0,0,1,0,0
1055,2023-04-11 23:45:00,0.10459,0.0,0.512,-0.0,-0.512,3.311,-4.488,0.512,27.512,18.958,0.0,0.0,0,1,0,0
1056,2023-04-12 00:00:00,0.10459,-0.0,0.623,-0.0,-0.623,3.176,-4.377,0.623,27.623,18.958,0,0,0,1,0,0
1057,2023-04-12 00:15:00,0.10459,0.0,0.61,-0.0,-0.61,3.012,-4.39,0.61,27.61,18.958,0.0,0.0,0,1,0,0
1058,2023-04-12 00:30:00,0.10459,-0.0,0.603,-0.0,-0.603,2.851,-4.397,0.603,27.603,18.958,0,0,0,1,0,0
1059,2023-04-12 00:45:00,0.10459,0.0,0.629,-0.0,-0.629,2.692,-4.371,0.629,27.629,18.958,0.0,0.0,0,1,0,0
1060,2023-04-12 01:00:00,0.10459,-0.0,0.455,-0.0,-0.455,2.527,-4.545,0.455,27.455,18.958,0,0,0,1,0,0
1061,2023-04-12 01:15:00,0.10459,0.0,0.557,-0.0,-0.557,2.407,-4.443,0.557,27.557,18.958,0.0,0.0,0,1,0,0
1062,2023-04-12 01:30:00,0.10459,-0.0,0.454,-0.0,-0.454,2.26,-4.546,0.454,27.454,18.958,0,0,0,1,0,0
1063,2023-04-12 01:45:00,0.10459,0.0,0.433,-0.0,-0.433,2.141,-4.567,0.433,27.433,18.958,0.0,0.0,0,1,0,0
1064,2023-04-12 02:00:00,0.10459,-0.0,0.491,-0.0,-0.491,2.027,-4.509,0.491,27.491,18.958,0,0,0,1,0,0
1065,2023-04-12 02:15:00,0.10459,-0.0,0.296,-0.0,-0.296,1.898,-4.704,0.296,27.296,18.958,0,0,0,1,0,0
1066,2023-04-12 02:30:00,0.10459,-0.0,0.621,-0.0,-0.621,1.82,-4.379,0.621,27.621,18.958,0,0,0,1,0,0
1067,2023-04-12 02:45:00,0.10459,0.0,0.535,-0.0,-0.535,1.656,-4.465,0.535,27.535,18.958,0.0,0.0,0,1,0,0
1068,2023-04-12 03:00:00,0.10459,0.0,0.463,-0.0,-0.463,1.516,-4.537,0.463,27.463,18.958,0.0,0.0,0,1,0,0
1069,2023-04-12 03:15:00,0.10459,-0.0,0.319,-0.0,-0.319,1.394,-4.681,0.319,27.319,18.958,0,0,0,1,0,0
1070,2023-04-12 03:30:00,0.10459,-0.0,0.514,-0.0,-0.514,1.31,-4.486,0.514,27.514,18.958,0,0,0,1,0,0
1071,2023-04-12 03:45:00,0.10459,0.0,0.433,-0.0,-0.433,1.175,-4.567,0.433,27.433,18.958,0.0,0.0,0,1,0,0
1072,2023-04-12 04:00:00,0.10459,0.0,0.468,-0.0,-0.468,1.06,-4.532,0.468,27.468,18.958,0.0,0.0,0,1,0,0
1073,2023-04-12 04:15:00,0.10459,0.0,0.524,-0.0,-0.524,0.937,-4.476,0.524,27.524,18.958,0.0,0.0,0,1,0,0
1074,2023-04-12 04:30:00,0.10459,-0.0,0.313,-0.0,-0.313,0.799,-4.687,0.313,27.313,18.958,0,0,0,1,0,0
1075,2023-04-12 04:45:00,0.10459,-0.0,0.24,-0.0,-0.24,0.717,-4.76,0.24,27.24,18.958,0,0,0,1,0,0
1076,2023-04-12 05:00:00,0.10459,0.0,0.189,-0.0,-0.189,0.654,-4.811,0.189,27.189,18.958,0.0,0.0,0,1,0,0
1077,2023-04-12 05:15:00,0.10459,-0.0,0.206,-0.0,-0.206,0.604,-4.794,0.206,27.206,18.958,0,0,0,1,0,0
1078,2023-04-12 05:30:00,0.10459,0.0,0.221,-0.0,-0.221,0.55,-4.779,0.221,27.221,18.958,0.0,0.0,0,1,0,0
1079,2023-04-12 05:45:00,0.10459,-0.0,0.218,-0.0,-0.218,0.492,-4.782,0.218,27.218,18.958,0,0,0,1,0,0
1080,2023-04-12 06:00:00,0.05036,0.0,0.275,-0.0,-0.275,0.435,-4.725,0.275,27.275,18.958,0.0,0.0,0,1,0,0
1081,2023-04-12 06:15:00,0.05036,-0.0,0.319,-0.0,-0.319,0.362,-4.681,0.319,27.319,18.958,0,0,0,1,0,0
1082,2023-04-12 06:30:00,0.05036,-0.0,0.471,-0.031,-0.44,0.278,-4.56,0.44,27.44,18.958,0,0,0,1,0,0
1083,2023-04-12 06:45:00,0.05036,0.0,0.736,-0.137,-0.6,0.162,-4.4,0.6,27.6,18.958,0.0,0.0,0,1,0,0
1084,2023-04-12 07:00:00,0.05036,0.0,0.297,-0.28,-0.017,0.005,-4.983,0.017,27.017,18.958,0.0,0.0,0,1,0,0
1085,2023-04-12 07:15:00,0.05036,0.0,0.34,-0.45,0,0.0,-5.0,0.0,27.0,18.958,0.0,0.0,0.11,1,1,0.11
1086,2023-04-12 07:30:00,0.05036,0.641,0.166,-0.808,0,0.0,-5.0,0.0,27.0,18.932,0.641,0.0,0,1,0,0
1087,2023-04-12 07:45:00,0.05036,-0.0,0.217,-0.987,0,0.0,-5.0,0.0,27.0,18.932,0,0,0.771,1,1,0.771
1088,2023-04-12 08:00:00,0.05036,0.742,0.241,-0.983,0,0.0,-5.0,0.0,27.0,18.749,0.742,0.0,0,1,0,0
1089,2023-04-12 08:15:00,0.05036,0.0,0.199,-1.294,0,0.0,-5.0,0.0,27.0,18.749,0.0,0.0,1.095,1,1,1.095
1090,2023-04-12 08:30:00,0.05036,-0.0,0.167,-1.953,0,0.0,-5.0,0.0,27.0,18.488,0,0,1.786,1,1,1.786
1091,2023-04-12 08:45:00,0.05036,-0.0,0.13,-3.058,0,0.0,-5.0,0.0,27.0,18.064,0,0,2.928,1,1,2.928
1092,2023-04-12 09:00:00,0.05036,1.989,0.179,-2.168,0,0.0,-5.0,0.0,27.0,17.369,1.989,0.0,0,1,0,0
1093,2023-04-12 09:15:00,0.05036,0.0,0.135,-3.161,0,0.0,-5.0,0.0,27.0,17.369,0.0,0.0,3.026,1,1,3.026
1094,2023-04-12 09:30:00,0.05036,3.442,0.206,-3.649,0,0.0,-5.0,0.0,27.0,16.65,3.442,0.0,0,1,0,0
1095,2023-04-12 09:45:00,0.05036,-0.0,0.141,-2.287,0,0.0,-5.0,0.0,27.0,16.65,0,0,2.146,1,1,2.146
1096,2023-04-12 10:00:00,0.05036,-0.0,0.145,-2.557,0,0.0,-5.0,0.0,27.0,16.141,0,0,2.411,1,1,2.411
1097,2023-04-12 10:15:00,0.05036,1.45,0.15,-1.599,0,0.0,-5.0,0.0,27.0,15.568,1.45,0.0,0,1,0,0
1098,2023-04-12 10:30:00,0.05036,0.0,0.18,-1.305,0,0.0,-5.0,0.0,27.0,15.568,0.0,0.0,1.124,1,1,1.124
1099,2023-04-12 10:45:00,0.05036,1.222,0.227,-1.449,0,0.0,-5.0,0.0,27.0,15.301,1.222,0.0,0,1,0,0
1100,2023-04-12 11:00:00,0.05036,-0.0,0.217,-1.762,0,0.0,-5.0,0.0,27.0,15.301,0,0,1.545,1,1,1.545
1101,2023-04-12 11:15:00,0.05036,0.0,0.37,-2.439,0,0.0,-5.392,-0.392,26.215,14.934,0.0,0.0,2.069,1,1,2.069
1102,2023-04-12 11:30:00,0.05036,-0.0,0.963,-2.376,0,0.0,-6.412,-1.412,24.176,14.443,0,0,1.412,1,1,1.412
1103,2023-04-12 11:45:00,0.05036,2.052,0.428,-2.48,0,0.0,-7.052,-2.052,22.896,14.107,2.052,0.0,0,1,0,0
1104,2023-04-12 12:00:00,0.05036,2.266,0.284,-2.549,0,0.0,-7.266,-2.266,22.469,14.107,2.266,0.0,0,1,0,0
1105,2023-04-12 12:15:00,0.05036,-0.0,0.463,-2.91,0,0.0,-7.447,-2.447,22.106,14.107,0,0,2.447,1,1,2.447
1106,2023-04-12 12:30:00,0.05036,0.0,0.519,-3.625,0,0.0,-8.106,-3.106,20.789,13.526,0.0,0.0,3.106,1,1,3.106
1107,2023-04-12 12:45:00,0.05036,-0.0,0.426,-4.27,0,0.0,-8.844,-3.844,19.312,12.789,0,0,3.844,1,1,3.844
1108,2023-04-12 13:00:00,0.05036,0.0,0.5,-7.554,0,0.0,-12.053,-7.053,14.947,11.876,0.0,0.0,7.053,1,1,7.053
1109,2023-04-12 13:15:00,0.05036,0.492,1.408,-7.461,0,0.0,-11.053,-6.053,15.947,10.2,0.492,0.0,5.561,1,1,5.561
1110,2023-04-12 13:30:00,0.05036,6.337,1.704,-8.041,0,0.0,-11.337,-6.337,15.663,8.88,6.337,0.0,0,1,0,0
1111,2023-04-12 13:45:00,0.05036,-0.0,0.504,-7.794,0,0.0,-12.291,-7.291,14.709,8.88,0,0,7.291,1,1,7.291
1112,2023-04-12 14:00:00,0.05036,0.0,0.514,-7.505,0,0.0,-11.991,-6.991,15.009,7.148,0.0,0.0,6.991,1,1,6.991
1113,2023-04-12 14:15:00,0.05036,-0.0,0.6,-7.267,0,0.0,-11.667,-6.667,15.333,5.488,0,0,6.667,1,1,6.667
1114,2023-04-12 14:30:00,0.05036,0.0,0.7,-7.099,0,0.0,-11.399,-6.399,15.601,3.905,0.0,0.0,6.399,1,1,6.399
1115,2023-04-12 14:45:00,0.05036,1.652,0.4,-6.758,4.706,0.0,-11.358,-6.358,15.642,2.385,1.652,0.0,0,1,0,0
1116,2023-04-12 15:00:00,0.05036,-0.0,0.773,-6.441,5.0,1.118,-10.669,-5.669,16.331,2.385,0,0,0.669,1,1,0.669
1117,2023-04-12 15:15:00,0.05036,0.0,0.678,-6.021,5.0,2.305,-10.343,-5.343,16.657,2.226,0.0,0.0,0.343,1,1,0.343
1118,2023-04-12 15:30:00,0.05036,0.0,0.779,-5.376,4.598,3.493,-9.598,-4.598,17.805,2.144,0.0,0.0,0,1,0,0
1119,2023-04-12 15:45:00,0.05036,0.0,0.837,-4.752,3.916,4.585,-8.916,-3.916,19.169,2.144,0.0,0.0,0,1,0,0
1120,2023-04-12 16:00:00,0.05036,-0.0,0.51,-4.177,3.667,5.515,-8.667,-3.667,19.666,2.144,0,0,0,1,0,0
1121,2023-04-12 16:15:00,0.05036,0.0,0.749,-3.525,2.776,6.385,-7.776,-2.776,21.448,2.144,0.0,0.0,0,1,0,0
1122,2023-04-12 16:30:00,0.05036,0.0,0.7,-2.88,2.18,7.045,-7.18,-2.18,22.639,2.144,0.0,0.0,0,1,0,0
1123,2023-04-12 16:45:00,0.05036,-0.0,0.52,-2.119,1.598,7.563,-6.598,-1.598,23.803,2.144,0,0,0,1,0,0
1124,2023-04-12 17:00:00,0.05036,-0.0,0.746,-1.382,0.636,7.942,-5.636,-0.636,25.727,2.144,0,0,0,1,0,0
1125,2023-04-12 17:15:00,0.05036,0.0,0.531,-0.663,0.132,8.093,-5.132,-0.132,26.736,2.144,0.0,0.0,0,1,0,0
1126,2023-04-12 17:30:00,0.05036,-0.0,0.345,-0.425,0.08,8.125,-5.08,-0.08,26.841,2.144,0,0,0,1,0,0
1127,2023-04-12 17:45:00,0.05036,0.0,0.376,-0.2,-0.176,8.144,-4.824,0.176,27.176,2.144,0.0,0.0,0,1,0,0
1128,2023-04-12 18:00:00,0.05036,-0.0,0.427,-0.0,-0.427,8.097,-4.573,0.427,27.427,2.144,0,0,0,1,0,0
1129,2023-04-12 18:15:00,0.05036,0.0,0.359,-0.0,-0.359,7.985,-4.641,0.359,27.359,2.144,0.0,0.0,0,1,0,0
1130,2023-04-12 18:30:00,0.05036,0.0,0.651,-0.0,-0.651,7.891,-4.349,0.651,27.651,2.144,0.0,0.0,0,1,0,0
1131,2023-04-12 18:45:00,0.05036,0.0,1.152,-0.0,-1.152,7.719,-3.848,1.152,28.152,2.144,0.0,0.0,0,1,0,0
1132,2023-04-12 19:00:00,0.05036,-0.0,0.728,-0.0,-0.728,7.416,-4.272,0.728,27.728,2.144,0,0,0,1,0,0
1133,2023-04-12 19:15:00,0.05036,0.0,0.411,-0.0,-0.411,7.224,-4.589,0.411,27.411,2.144,0.0,0.0,0,1,0,0
1134,2023-04-12 19:30:00,0.05036,-0.0,0.527,-0.0,-0.527,7.116,-4.473,0.527,27.527,2.144,0,0,0,1,0,0
1135,2023-04-12 19:45:00,0.05036,0.0,0.554,-0.0,-0.554,6.978,-4.446,0.554,27.554,2.144,0.0,0.0,0,1,0,0
1136,2023-04-12 20:00:00,0.03981,-0.0,0.672,-0.0,-0.672,6.832,-4.328,0.672,27.672,2.144,0,0,0,1,0,0
1137,2023-04-12 20:15:00,0.03981,-0.0,0.631,-0.0,-0.631,6.655,-4.369,0.631,27.631,2.144,0,0,0,1,0,0
1138,2023-04-12 20:30:00,0.03981,-0.0,0.754,-0.0,-0.754,6.489,-4.246,0.754,27.754,2.144,0,0,0,1,0,0
1139,2023-04-12 20:45:00,0.03981,0.0,0.972,-0.0,-0.972,6.291,-4.028,0.972,27.972,2.144,0.0,0.0,0,1,0,0
1140,2023-04-12 21:00:00,0.03981,-0.0,0.309,-0.0,-0.309,6.035,-4.691,0.309,27.309,2.144,0,0,0,1,0,0
1141,2023-04-12 21:15:00,0.03981,-0.0,0.568,-0.0,-0.568,5.953,-4.432,0.568,27.568,2.144,0,0,0,1,0,0
1142,2023-04-12 21:30:00,0.03981,0.0,0.44,-0.0,-0.44,5.804,-4.56,0.44,27.44,2.144,0.0,0.0,0,1,0,0
1143,2023-04-12 21:45:00,0.03981,0.0,0.405,-0.0,-0.405,5.688,-4.595,0.405,27.405,2.144,0.0,0.0,0,1,0,0
1144,2023-04-12 22:00:00,0.03981,-0.0,0.587,-0.0,-0.587,5.582,-4.413,0.587,27.587,2.144,0,0,0,1,0,0
1145,2023-04-12 22:15:00,0.03981,0.0,1.752,-0.0,-1.752,5.427,-3.248,1.752,28.752,2.144,0.0,0.0,0,1,0,0
1146,2023-04-12 22:30:00,0.03981,-0.0,0.848,-0.0,-0.848,4.966,-4.152,0.848,27.848,2.144,0,0,0,1,0,0
1147,2023-04-12 22:45:00,0.03981,0.0,0.807,-0.0,-0.807,4.743,-4.193,0.807,27.807,2.144,0.0,0.0,0,1,0,0
1148,2023-04-12 23:00:00,0.03981,0.0,0.718,-0.0,-0.718,4.53,-4.282,0.718,27.718,2.144,0.0,0.0,0,1,0,0
1149,2023-04-12 23:15:00,0.03981,-0.0,0.578,-0.0,-0.578,4.341,-4.422,0.578,27.578,2.144,0,0,0,1,0,0
1150,2023-04-12 23:30:00,0.03981,0.0,0.636,-0.0,-0.636,4.189,-4.364,0.636,27.636,2.144,0.0,0.0,0,1,0,0
1151,2023-04-12 23:45:00,0.03981,0.0,0.617,-0.0,-0.617,4.022,-4.383,0.617,27.617,2.144,0.0,0.0,0,1,0,0
1152,2023-04-13 00:00:00,0.03981,0.0,0.606,-0.0,-0.606,3.86,-4.394,0.606,27.606,2.144,0.0,0.0,0,1,0,0
1153,2023-04-13 00:15:00,0.03981,0.0,0.55,-0.0,-0.55,3.7,-4.45,0.55,27.55,2.144,0.0,0.0,0,1,0,0
1154,2023-04-13 00:30:00,0.03981,-0.0,0.482,-0.0,-0.482,3.556,-4.518,0.482,27.482,2.144,0,0,0,1,0,0
1155,2023-04-13 00:45:00,0.03981,-0.0,0.476,-0.0,-0.476,3.429,-4.524,0.476,27.476,2.144,0,0,0,1,0,0
1156,2023-04-13 01:00:00,0.03981,0.0,0.381,-0.0,-0.381,3.303,-4.619,0.381,27.381,2.144,0.0,0.0,0,1,0,0
1157,2023-04-13 01:15:00,0.03981,0.0,0.367,-0.0,-0.367,3.203,-4.633,0.367,27.367,2.144,0.0,0.0,0,1,0,0
1158,2023-04-13 01:30:00,0.03981,-0.0,0.266,-0.0,-0.266,3.107,-4.734,0.266,27.266,2.144,0,0,0,1,0,0
1159,2023-04-13 01:45:00,0.03981,-0.0,0.289,-0.0,-0.289,3.037,-4.711,0.289,27.289,2.144,0,0,0,1,0,0
1160,2023-04-13 02:00:00,0.03981,0.0,0.3,-0.0,-0.3,2.961,-4.7,0.3,27.3,2.144,0.0,0.0,0,1,0,0
1161,2023-04-13 02:15:00,0.03981,-0.0,0.325,-0.0,-0.325,2.882,-4.675,0.325,27.325,2.144,0,0,0,1,0,0
1162,2023-04-13 02:30:00,0.03981,0.0,0.375,-0.0,-0.375,2.796,-4.625,0.375,27.375,2.144,0.0,0.0,0,1,0,0
1163,2023-04-13 02:45:00,0.03981,-0.0,0.456,-0.0,-0.456,2.698,-4.544,0.456,27.456,2.144,0,0,0,1,0,0
1164,2023-04-13 03:00:00,0.03981,-0.0,0.303,-0.0,-0.303,2.578,-4.697,0.303,27.303,2.144,0,0,0,1,0,0
1165,2023-04-13 03:15:00,0.03981,-0.0,0.272,-0.0,-0.272,2.498,-4.728,0.272,27.272,2.144,0,0,0,1,0,0
1166,2023-04-13 03:30:00,0.03981,0.0,0.314,-0.0,-0.314,2.426,-4.686,0.314,27.314,2.144,0.0,0.0,0,1,0,0
1167,2023-04-13 03:45:00,0.03981,0.0,0.286,-0.0,-0.286,2.344,-4.714,0.286,27.286,2.144,0.0,0.0,0,1,0,0
1168,2023-04-13 04:00:00,0.03981,-0.0,0.494,-0.0,-0.494,2.269,-4.506,0.494,27.494,2.144,0,0,0,1,0,0
1169,2023-04-13 04:15:00,0.03981,0.0,1.415,-0.0,-1.415,2.139,-3.585,1.415,28.415,2.144,0.0,0.0,0,1,0,0
1170,2023-04-13 04:30:00,0.03981,0.0,2.375,-0.0,-2.375,1.766,-2.625,2.375,29.375,2.144,0.0,0.0,0,1,0,0
1171,2023-04-13 04:45:00,0.03981,-0.0,1.426,-0.0,-1.426,1.141,-3.574,1.426,28.426,2.144,0,0,0,1,0,0
1172,2023-04-13 05:00:00,0.03981,-0.0,0.442,-0.0,-0.442,0.766,-4.558,0.442,27.442,2.144,0,0,0,1,0,0
1173,2023-04-13 05:15:00,0.03981,-0.0,0.148,-0.0,-0.148,0.65,-4.852,0.148,27.148,2.144,0,0,0,1,0,0
1174,2023-04-13 05:30:00,0.03981,0.0,0.157,-0.0,-0.157,0.611,-4.843,0.157,27.157,2.144,0.0,0.0,0,1,0,0
1175,2023-04-13 05:45:00,0.03981,-0.0,0.2,-0.0,-0.2,0.57,-4.8,0.2,27.2,2.144,0,0,0,1,0,0
1176,2023-04-13 06:00:00,0.09284,0.0,0.469,-0.0,-0.469,0.517,-4.531,0.469,27.469,2.144,0.0,0.0,0,1,0,0
1177,2023-04-13 06:15:00,0.09284,0.0,0.561,-0.0,-0.561,0.394,-4.439,0.561,27.561,2.144,0.0,0.0,0,1,0,0
1178,2023-04-13 06:30:00,0.09284,-0.0,1.05,-0.116,-0.934,0.246,-4.066,0.934,27.934,2.144,0,0,0,1,0,0
1179,2023-04-13 06:45:00,0.09284,0.0,0.495,-0.523,0,0.0,-5.027,-0.027,26.945,2.144,0.0,0.0,0.027,1,1,0.027
1180,2023-04-13 07:00:00,0.09284,0.58,0.371,-0.951,0,0.0,-5.58,-0.58,25.841,2.138,0.58,0.0,0,1,0,0
1181,2023-04-13 07:15:00,0.09284,0.0,0.26,-1.404,0,0.0,-6.144,-1.144,24.713,2.138,0.0,0.0,1.144,1,1,1.144
1182,2023-04-13 07:30:00,0.09284,-0.0,0.179,-1.956,0,0.0,-6.777,-1.777,23.445,1.866,0,0,1.777,1,1,1.777
1183,2023-04-13 07:45:00,0.09284,-0.0,0.19,-2.539,0,0.0,-7.349,-2.349,22.303,1.444,0,0,2.349,1,1,2.349
1184,2023-04-13 08:00:00,0.09284,3.026,0.183,-3.209,0,0.0,-8.026,-3.026,20.948,0.886,3.026,0.0,0,1,0,0
1185,2023-04-13 08:15:00,0.09284,0.0,0.14,-3.872,0,0.0,-8.732,-3.732,19.536,0.886,0.0,0.0,3.732,1,1,3.732
1186,2023-04-13 08:30:00,0.09284,2.936,0.155,-3.091,0,0.0,-7.936,-2.936,-0.872,0,2.936,0.0,0,0,0,0
1187,2023-04-13 08:45:00,0.09284,4.449,0.14,-4.589,0,0.0,-9.449,-4.449,-3.898,0,4.449,0.0,0,0,0,0
1188,2023-04-13 09:00:00,0.09284,4.361,0.746,-5.107,0,0.0,-9.361,-4.361,-3.722,0,4.361,0.0,0,0,0,0
1189,2023-04-13 09:15:00,0.09284,2.809,2.736,-5.545,0,0.0,-7.809,-2.809,-0.618,0,2.809,0.0,0,0,0,0
1190,2023-04-13 09:30:00,0.09284,4.79,1.165,-5.954,0,0.0,-9.79,-4.79,-4.579,0,4.79,0.0,0,0,0,0
1191,2023-04-13 09:45:00,0.09284,5.661,0.489,-6.151,0,0.0,-10.661,-5.661,-5.661,0,5.661,0.0,0,0,0,0
1192,2023-04-13 10:00:00,0.09284,6.319,0.333,-6.652,0,0.0,-11.319,-6.319,-6.319,0,6.319,0.0,0,0,0,0
1193,2023-04-13 10:15:00,0.09284,6.598,0.368,-6.965,0,0.0,-11.598,-6.598,-6.598,0,6.598,0.0,0,0,0,0
1194,2023-04-13 10:30:00,0.09284,6.779,0.457,-7.236,0,0.0,-11.779,-6.779,-6.779,0,6.779,0.0,0,0,0,0
1195,2023-04-13 10:45:00,0.09284,7.168,0.277,-7.444,0,0.0,-12.168,-7.168,-7.168,0,7.168,0.0,0,0,0,0
1196,2023-04-13 11:00:00,0.09284,7.337,0.397,-7.734,0,0.0,-12.337,-7.337,-7.337,0,7.337,0.0,0,0,0,0
1197,2023-04-13 11:15:00,0.09284,6.977,0.336,-7.313,0,0.0,-11.977,-6.977,-6.977,0,6.977,0.0,0,0,0,0
1198,2023-04-13 11:30:00,0.09284,7.119,0.453,-7.572,0,0.0,-12.119,-7.119,-7.119,0,7.119,0.0,0,0,0,0
1199,2023-04-13 11:45:00,0.09284,8.06,0.422,-8.482,0,0.0,-13.06,-8.06,-8.06,0,8.06,0.0,0,0,0,0
1200,2023-04-13 12:00:00,0.09284,5.558,0.455,-6.014,0,0.0,-10.558,-5.558,-5.558,0,5.558,0.0,0,0,0,0
1201,2023-04-13 12:15:00,0.09284,6.928,0.534,-7.463,0,0.0,-11.928,-6.928,-6.928,0,6.928,0.0,0,0,0,0
1202,2023-04-13 12:30:00,0.09284,2.485,0.519,-7.134,4.13,0.0,-11.616,-6.616,-6.616,0,2.485,0.0,0,0,0,0
1203,2023-04-13 12:45:00,0.09284,2.83,0.494,-8.325,5.0,0.981,-12.83,-7.83,-7.83,0,2.83,0.0,0,0,0,0
1204,2023-04-13 13:00:00,0.09284,-0.0,0.587,-5.558,4.971,2.168,-9.971,-4.971,-4.942,0,0,0,0,0,0,0
1205,2023-04-13 13:15:00,0.09284,0.0,0.667,-2.231,1.563,3.349,-6.563,-1.563,1.873,0,0.0,0.0,0,0,0,0
1206,2023-04-13 13:30:00,0.09284,0.0,1.632,-2.483,0.851,3.72,-5.851,-0.851,3.298,0,0.0,0.0,0,0,0,0
1207,2023-04-13 13:45:00,0.09284,-0.0,0.815,-1.432,0.617,3.923,-5.617,-0.617,3.766,0,0,0,0,0,0,0
1208,2023-04-13 14:00:00,0.09284,-0.0,0.494,-1.606,1.113,4.069,-6.113,-1.113,2.775,0,0,0,0,0,0,0
1209,2023-04-13 14:15:00,0.09284,0.0,1.009,-2.166,1.157,4.333,-6.157,-1.157,2.686,0,0.0,0.0,0,0,0,0
1210,2023-04-13 14:30:00,0.09284,0.0,3.467,-4.652,1.185,4.608,-6.185,-1.185,2.63,0,0.0,0.0,0,0,0,0
1211,2023-04-13 14:45:00,0.09284,1.434,1.105,-7.54,5.0,4.889,-11.434,-6.434,-6.434,0,1.434,0.0,0,0,0,0
1212,2023-04-13 15:00:00,0.09284,1.343,0.572,-6.915,5.0,6.077,-11.343,-6.343,-6.343,0,1.343,0.0,0,0,0,0
1213,2023-04-13 15:15:00,0.09284,0.105,0.728,-5.834,5.0,7.264,-10.105,-5.105,-5.105,0,0.105,0.0,0,0,0,0
1214,2023-04-13 15:30:00,0.09284,-0.0,0.413,-3.503,3.09,8.452,-8.09,-3.09,-1.18,0,0,0,0,0,0,0
1215,2023-04-13 15:45:00,0.09284,0.0,0.576,-3.194,2.619,9.186,-7.619,-2.619,-0.237,0,0.0,0.0,0,0,0,0
1216,2023-04-13 16:00:00,0.09284,0.0,0.65,-1.46,0.81,9.808,-5.81,-0.81,3.381,0,0.0,0.0,0,0,0,0
1217,2023-04-13 16:15:00,0.09284,-0.0,1.078,-0.573,-0.505,10.0,-4.495,0.505,5.505,0,0,0,0,0,0,0
1218,2023-04-13 16:30:00,0.09284,-0.0,2.429,-0.458,-1.971,9.867,-3.029,1.971,6.971,0,0,0,0,0,0,0
1219,2023-04-13 16:45:00,0.09284,0.0,0.998,-0.457,-0.541,9.348,-4.459,0.541,5.541,0,0.0,0.0,0,0,0,0
1220,2023-04-13 17:00:00,0.09284,0.0,2.06,-0.247,-1.813,9.206,-3.187,1.813,6.813,0,0.0,0.0,0,0,0,0
1221,2023-04-13 17:15:00,0.09284,-0.397,5.604,-0.207,-5.0,8.729,0.397,5.397,10.397,0,0,0,0,0,0,0
1222,2023-04-13 17:30:00,0.09284,-0.0,0.613,-0.33,-0.283,7.413,-4.717,0.283,5.283,0,0,0,0,0,0,0
1223,2023-04-13 17:45:00,0.09284,0.0,0.73,-0.0,-0.73,7.339,-4.27,0.73,27.73,8.229,0.0,0.0,0,1,0,0
1224,2023-04-13 18:00:00,0.09284,0.0,0.617,-0.0,-0.617,7.147,-4.383,0.617,27.617,8.229,0.0,0.0,0,1,0,0
1225,2023-04-13 18:15:00,0.09284,0.0,0.789,-0.0,-0.789,6.984,-4.211,0.789,27.789,8.229,0.0,0.0,0,1,0,0
1226,2023-04-13 18:30:00,0.09284,0.0,1.498,-0.0,-1.498,6.777,-3.502,1.498,28.498,8.229,0.0,0.0,0,1,0,0
1227,2023-04-13 18:45:00,0.09284,-0.0,0.529,-0.0,-0.529,6.382,-4.471,0.529,27.529,8.229,0,0,0,1,0,0
1228,2023-04-13 19:00:00,0.09284,0.0,0.41,-0.0,-0.41,6.243,-4.59,0.41,27.41,8.229,0.0,0.0,0,1,0,0
1229,2023-04-13 19:15:00,0.09284,0.0,0.42,-0.0,-0.42,6.135,-4.58,0.42,27.42,8.229,0.0,0.0,0,1,0,0
1230,2023-04-13 19:30:00,0.09284,-0.0,0.47,-0.0,-0.47,6.025,-4.53,0.47,27.47,8.229,0,0,0,1,0,0
1231,2023-04-13 19:45:00,0.09284,-0.0,0.337,-0.0,-0.337,5.901,-4.663,0.337,27.337,8.229,0,0,0,1,0,0
1232,2023-04-13 20:00:00,0.03006,-0.3,0.364,-0.0,-0.064,5.812,-4.636,0.364,27.364,8.229,0,0,0,1,0,0
1233,2023-04-13 20:15:00,0.03006,-0.609,0.609,-0.0,0,5.796,-4.391,0.609,27.609,8.229,0,0,0,1,0,0
1234,2023-04-13 20:30:00,0.03006,-1.339,1.339,-0.0,0,5.796,-3.661,1.339,28.339,8.229,0,0,0,1,0,0
1235,2023-04-13 20:45:00,0.03006,-0.482,0.482,-0.0,0,5.796,-4.518,0.482,27.482,8.229,0,0,0,1,0,0
1236,2023-04-13 21:00:00,0.03006,-0.443,0.443,-0.0,0,5.796,-4.557,0.443,27.443,8.229,0,0,0,1,0,0
1237,2023-04-13 21:15:00,0.03006,-0.45,0.45,-0.0,0,5.796,-4.55,0.45,27.45,8.229,0,0,0,1,0,0
1238,2023-04-13 21:30:00,0.03006,-0.443,0.443,-0.0,0,5.796,-4.557,0.443,27.443,8.229,0,0,0,1,0,0
1239,2023-04-13 21:45:00,0.03006,-0.486,0.486,-0.0,0,5.796,-4.514,0.486,27.486,8.229,0,0,0,1,0,0
1240,2023-04-13 22:00:00,0.03006,-0.638,0.638,-0.0,0,5.796,-4.362,0.638,27.638,8.229,0,0,0,1,0,0
1241,2023-04-13 22:15:00,0.03006,-0.743,0.743,-0.0,0,5.796,-4.257,0.743,27.743,8.229,0,0,0,1,0,0
1242,2023-04-13 22:30:00,0.03006,-0.803,0.803,-0.0,0,5.796,-4.197,0.803,27.803,8.229,0,0,0,1,0,0
1243,2023-04-13 22:45:00,0.03006,-0.581,0.581,-0.0,0,5.796,-4.419,0.581,27.581,8.229,0,0,0,1,0,0
1244,2023-04-13 23:00:00,0.03006,-0.288,0.288,-0.0,0,5.796,-4.712,0.288,27.288,8.229,0,0,0,1,0,0
1245,2023-04-13 23:15:00,0.03006,-0.249,0.249,-0.0,0,5.796,-4.751,0.249,27.249,8.229,0,0,0,1,0,0
1246,2023-04-13 23:30:00,0.03006,-0.291,0.291,-0.0,0,5.796,-4.709,0.291,27.291,8.229,0,0,0,1,0,0
1247,2023-04-13 23:45:00,0.03006,-0.273,0.273,-0.0,0,5.796,-4.727,0.273,27.273,8.229,0,0,0,1,0,0
1248,2023-04-14 00:00:00,0.03006,-0.25,0.25,-0.0,0,5.796,-4.75,0.25,27.25,8.229,0,0,0,1,0,0
1249,2023-04-14 00:15:00,0.03006,-0.383,0.383,-0.0,0,5.796,-4.617,0.383,27.383,8.229,0,0,0,1,0,0
1250,2023-04-14 00:30:00,0.03006,-0.364,0.364,-0.0,0,5.796,-4.636,0.364,27.364,8.229,0,0,0,1,0,0
1251,2023-04-14 00:45:00,0.03006,-0.283,0.283,-0.0,0,5.796,-4.717,0.283,27.283,8.229,0,0,0,1,0,0
1252,2023-04-14 01:00:00,0.03006,-0.321,0.321,-0.0,0,5.796,-4.679,0.321,27.321,8.229,0,0,0,1,0,0
1253,2023-04-14 01:15:00,0.03006,-0.424,0.424,-0.0,0,5.796,-4.576,0.424,27.424,8.229,0,0,0,1,0,0
1254,2023-04-14 01:30:00,0.03006,-0.313,0.313,-0.0,0,5.796,-4.687,0.313,27.313,8.229,0,0,0,1,0,0
1255,2023-04-14 01:45:00,0.03006,-0.311,0.311,-0.0,0,5.796,-4.689,0.311,27.311,8.229,0,0,0,1,0,0
1256,2023-04-14 02:00:00,0.03006,-0.385,0.385,-0.0,0,5.796,-4.615,0.385,27.385,8.229,0,0,0,1,0,0
1257,2023-04-14 02:15:00,0.03006,-0.329,0.329,-0.0,0,5.796,-4.671,0.329,27.329,8.229,0,0,0,1,0,0
1258,2023-04-14 02:30:00,0.03006,-0.403,0.403,-0.0,0,5.796,-4.597,0.403,27.403,8.229,0,0,0,1,0,0
1259,2023-04-14 02:45:00,0.03006,-0.275,0.275,-0.0,0,5.796,-4.725,0.275,27.275,8.229,0,0,0,1,0,0
1260,2023-04-14 03:00:00,0.03006,-0.175,0.175,-0.0,0,5.796,-4.825,0.175,27.175,8.229,0,0,0,1,0,0
1261,2023-04-14 03:15:00,0.03006,-0.235,0.235,-0.0,0,5.796,-4.765,0.235,27.235,8.229,0,0,0,1,0,0
1262,2023-04-14 03:30:00,0.03006,-0.191,0.191,-0.0,0,5.796,-4.809,0.191,27.191,8.229,0,0,0,1,0,0
1263,2023-04-14 03:45:00,0.03006,-0.174,0.174,-0.0,0,5.796,-4.826,0.174,27.174,8.229,0,0,0,1,0,0
1264,2023-04-14 04:00:00,0.03006,-0.202,0.202,-0.0,0,5.796,-4.798,0.202,27.202,8.229,0,0,0,1,0,0
1265,2023-04-14 04:15:00,0.03006,-0.268,0.268,-0.0,0,5.796,-4.732,0.268,27.268,8.229,0,0,0,1,0,0
1266,2023-04-14 04:30:00,0.03006,-0.269,0.269,-0.0,0,5.796,-4.731,0.269,27.269,8.229,0,0,0,1,0,0
1267,2023-04-14 04:45:00,0.03006,-0.259,0.259,-0.0,0,5.796,-4.741,0.259,27.259,8.229,0,0,0,1,0,0
1268,2023-04-14 05:00:00,0.03006,-0.209,0.209,-0.0,0,5.796,-4.791,0.209,27.209,8.229,0,0,0,1,0,0
1269,2023-04-14 05:15:00,0.03006,-0.249,0.249,-0.0,0,5.796,-4.751,0.249,27.249,8.229,0,0,0,1,0,0
1270,2023-04-14 05:30:00,0.03006,-0.182,0.182,-0.0,0,5.796,-4.818,0.182,27.182,8.229,0,0,0,1,0,0
1271,2023-04-14 05:45:00,0.03006,-0.187,0.187,-0.0,0,5.796,-4.813,0.187,27.187,8.229,0,0,0,1,0,0
1272,2023-04-14 06:00:00,0.18202,-0.0,0.275,-0.0,-0.275,5.796,-4.725,0.275,27.275,8.229,0,0,0,1,0,0
1273,2023-04-14 06:15:00,0.18202,0.0,0.253,-0.011,-0.253,5.723,-4.757,0.243,27.243,8.229,0.0,0.0,0.011,1,1,0.011
1274,2023-04-14 06:30:00,0.18202,-0.0,0.352,-0.137,-0.352,5.657,-4.785,0.215,27.215,8.226,0,0,0.137,1,1,0.137
1275,2023-04-14 06:45:00,0.18202,0.0,1.328,-0.183,-1.328,5.564,-3.856,1.144,28.144,8.194,0.0,0.0,0.183,1,1,0.183
1276,2023-04-14 07:00:00,0.18202,-0.0,1.305,-0.279,-1.305,5.214,-3.974,1.026,28.026,8.15,0,0,0.279,1,1,0.279
1277,2023-04-14 07:15:00,0.18202,0.0,0.312,-0.987,-0.312,4.871,-5.0,0.0,27.0,8.084,0.0,0.0,0.987,1,1,0.987
1278,2023-04-14 07:30:00,0.18202,0.0,0.315,-1.374,-0.315,4.789,-5.0,0.0,27.0,7.85,0.0,0.0,1.374,1,1,1.374
1279,2023-04-14 07:45:00,0.18202,-0.0,0.196,-2.418,-2.883,4.706,-5.0,0.0,27.0,7.523,0,0,5.104,1,1,5.104
1280,2023-04-14 08:00:00,0.18202,0.0,0.313,-2.932,-5.0,3.947,-5.0,0.0,27.0,6.311,0.0,0.0,7.619,1,1,7.619
1281,2023-04-14 08:15:00,0.18202,-0.0,0.289,-3.18,-5.0,2.632,-5.0,0.0,27.0,4.502,0,0,7.891,1,1,7.891
1282,2023-04-14 08:30:00,0.18202,0.0,0.236,-3.509,-5.0,1.316,-5.0,0.0,27.0,2.627,0.0,0.0,8.273,1,1,8.273
1283,2023-04-14 08:45:00,0.18202,3.399,1.021,-4.42,0,0.0,-8.399,-3.399,-1.798,0,3.399,0.0,0,0,0,0
1284,2023-04-14 09:00:00,0.18202,4.189,0.75,-4.939,0,0.0,-9.189,-4.189,-3.377,0,4.189,0.0,0,0,0,0
1285,2023-04-14 09:15:00,0.18202,4.955,0.372,-5.327,0,0.0,-9.955,-4.955,-4.909,0,4.955,0.0,0,0,0,0
1286,2023-04-14 09:30:00,0.18202,5.333,0.237,-5.57,0,0.0,-10.333,-5.333,-5.333,0,5.333,0.0,0,0,0,0
1287,2023-04-14 09:45:00,0.18202,3.485,0.296,-3.78,0,0.0,-8.485,-3.485,-1.969,0,3.485,0.0,0,0,0,0
1288,2023-04-14 10:00:00,0.18202,1.36,0.242,-1.602,0,0.0,-6.36,-1.36,2.28,0,1.36,0.0,0,0,0,0
1289,2023-04-14 10:15:00,0.18202,1.239,0.306,-1.545,0,0.0,-6.239,-1.239,2.521,0,1.239,0.0,0,0,0,0
1290,2023-04-14 10:30:00,0.18202,3.094,0.424,-3.517,0,0.0,-8.094,-3.094,-1.188,0,3.094,0.0,0,0,0,0
1291,2023-04-14 10:45:00,0.18202,3.552,0.278,-3.83,0,0.0,-8.552,-3.552,-2.104,0,3.552,0.0,0,0,0,0
1292,2023-04-14 11:00:00,0.18202,4.045,0.225,-4.271,0,0.0,-9.045,-4.045,-3.091,0,4.045,0.0,0,0,0,0
1293,2023-04-14 11:15:00,0.18202,3.677,0.19,-3.867,0,0.0,-8.677,-3.677,-2.354,0,3.677,0.0,0,0,0,0
1294,2023-04-14 11:30:00,0.18202,4.064,0.266,-4.331,0,0.0,-9.064,-4.064,-3.129,0,4.064,0.0,0,0,0,0
1295,2023-04-14 11:45:00,0.18202,2.488,0.22,-2.707,0,0.0,-7.488,-2.488,0.025,0,2.488,0.0,0,0,0,0
1296,2023-04-14 12:00:00,0.18202,4.013,0.218,-4.231,0,0.0,-9.013,-4.013,-3.027,0,4.013,0.0,0,0,0,0
1297,2023-04-14 12:15:00,0.18202,2.937,0.869,-3.806,0,0.0,-7.937,-2.937,-0.874,0,2.937,0.0,0,0,0,0
1298,2023-04-14 12:30:00,0.18202,4.163,1.034,-5.198,0,0.0,-9.163,-4.163,-3.327,0,4.163,0.0,0,0,0,0
1299,2023-04-14 12:45:00,0.18202,5.056,0.932,-5.988,0,0.0,-10.056,-5.056,-5.056,0,5.056,0.0,0,0,0,0
1300,2023-04-14 13:00:00,0.18202,5.717,1.101,-6.817,0,0.0,-10.717,-5.717,-5.717,0,5.717,0.0,0,0,0,0
1301,2023-04-14 13:15:00,0.18202,6.988,0.601,-7.589,0,0.0,-11.988,-6.988,-6.988,0,6.988,0.0,0,0,0,0
1302,2023-04-14 13:30:00,0.18202,3.55,0.525,-6.755,2.68,0.0,-11.23,-6.23,-6.23,0,3.55,0.0,0,0,0,0
1303,2023-04-14 13:45:00,0.18202,-0.0,0.531,-2.831,2.301,0.636,-7.301,-2.301,0.399,0,0,0,0,0,0,0
1304,2023-04-14 14:00:00,0.18202,1.306,0.751,-7.058,5.0,1.183,-11.306,-6.306,-6.306,0,1.306,0.0,0,0,0,0
1305,2023-04-14 14:15:00,0.18202,1.793,0.847,-7.64,5.0,2.37,-11.793,-6.793,-6.793,0,1.793,0.0,0,0,0,0
1306,2023-04-14 14:30:00,0.18202,0.0,1.02,-4.411,3.391,3.558,-8.391,-3.391,-1.781,0,0.0,0.0,0,0,0,0
1307,2023-04-14 14:45:00,0.18202,-0.0,2.572,-5.624,3.052,4.363,-8.052,-3.052,-1.104,0,0,0,0,0,0,0
1308,2023-04-14 15:00:00,0.18202,-0.0,2.249,-5.798,3.548,5.088,-8.548,-3.548,-2.097,0,0,0,0,0,0,0
1309,2023-04-14 15:15:00,0.18202,0.0,1.654,-3.547,1.893,5.931,-6.893,-1.893,1.215,0,0.0,0.0,0,0,0,0
1310,2023-04-14 15:30:00,0.18202,-0.0,0.708,-3.605,2.897,6.38,-7.897,-2.897,-0.794,0,0,0,0,0,0,0
1311,2023-04-14 15:45:00,0.18202,-0.0,0.535,-5.099,4.564,7.068,-9.564,-4.564,-4.128,0,0,0,0,0,0,0
1312,2023-04-14 16:00:00,0.18202,-0.0,0.599,-4.204,3.605,8.152,-8.605,-3.605,-2.21,0,0,0,0,0,0,0
1313,2023-04-14 16:15:00,0.18202,-0.0,0.554,-1.961,1.407,9.008,-6.407,-1.407,2.186,0,0,0,0,0,0,0
1314,2023-04-14 16:30:00,0.18202,0.0,0.583,-2.462,1.879,9.343,-6.879,-1.879,1.241,0,0.0,0.0,0,0,0,0
1315,2023-04-14 16:45:00,0.18202,-0.0,0.732,-1.621,0.889,9.789,-5.889,-0.889,3.222,0,0,0,0,0,0,0
1316,2023-04-14 17:00:00,0.18202,0.0,0.554,-1.601,-0.554,10.0,-5.0,0.0,27.0,8.846,0.0,0.0,1.601,1,1,1.601
1317,2023-04-14 17:15:00,0.18202,0.0,0.478,-1.057,-0.478,9.854,-5.0,0.0,27.0,8.466,0.0,0.0,1.057,1,1,1.057
1318,2023-04-14 17:30:00,0.18202,0.0,0.565,-0.482,-0.565,9.729,-4.917,0.083,27.083,8.215,0.0,0.0,0.482,1,1,0.482
1319,2023-04-14 17:45:00,0.18202,-0.0,0.533,-0.205,-0.533,9.58,-4.672,0.328,27.328,8.1,0,0,0.205,1,1,0.205
1320,2023-04-14 18:00:00,0.18202,0.0,0.588,-0.0,-0.588,9.44,-4.412,0.588,27.588,8.052,0.0,0.0,0,1,0,0
1321,2023-04-14 18:15:00,0.18202,-0.0,0.449,-0.0,-0.449,9.285,-4.551,0.449,27.449,8.052,0,0,0,1,0,0
1322,2023-04-14 18:30:00,0.18202,0.0,0.595,-0.0,-0.595,9.167,-4.405,0.595,27.595,8.052,0.0,0.0,0,1,0,0
1323,2023-04-14 18:45:00,0.18202,-0.0,0.653,-0.0,-0.653,9.01,-4.347,0.653,27.653,8.052,0,0,0,1,0,0
1324,2023-04-14 19:00:00,0.18202,0.0,0.95,-0.0,-0.95,8.838,-4.05,0.95,27.95,8.052,0.0,0.0,0,1,0,0
1325,2023-04-14 19:15:00,0.18202,-0.0,1.264,-0.0,-1.264,8.588,-3.736,1.264,28.264,8.052,0,0,0,1,0,0
1326,2023-04-14 19:30:00,0.18202,0.0,0.805,-0.0,-0.805,8.256,-4.195,0.805,27.805,8.052,0.0,0.0,0,1,0,0
1327,2023-04-14 19:45:00,0.18202,-0.0,0.537,-0.0,-0.537,8.044,-4.463,0.537,27.537,8.052,0,0,0,1,0,0
1328,2023-04-14 20:00:00,0.06233,-0.0,0.389,-0.0,-0.389,7.903,-4.611,0.389,27.389,8.052,0,0,0,1,0,0
1329,2023-04-14 20:15:00,0.06233,0.0,0.604,-0.0,-0.604,7.8,-4.396,0.604,27.604,8.052,0.0,0.0,0,1,0,0
1330,2023-04-14 20:30:00,0.06233,0.0,0.498,-0.0,-0.498,7.642,-4.502,0.498,27.498,8.052,0.0,0.0,0,1,0,0
1331,2023-04-14 20:45:00,0.06233,-0.0,0.36,-0.0,-0.36,7.51,-4.64,0.36,27.36,8.052,0,0,0,1,0,0
1332,2023-04-14 21:00:00,0.06233,0.0,0.359,-0.0,-0.359,7.416,-4.641,0.359,27.359,8.052,0.0,0.0,0,1,0,0
1333,2023-04-14 21:15:00,0.06233,-0.0,0.442,-0.0,-0.442,7.321,-4.558,0.442,27.442,8.052,0,0,0,1,0,0
1334,2023-04-14 21:30:00,0.06233,0.0,0.513,-0.0,-0.513,7.205,-4.487,0.513,27.513,8.052,0.0,0.0,0,1,0,0
1335,2023-04-14 21:45:00,0.06233,0.0,0.425,-0.0,-0.425,7.07,-4.575,0.425,27.425,8.052,0.0,0.0,0,1,0,0
1336,2023-04-14 22:00:00,0.06233,-0.0,0.387,-0.0,-0.387,6.958,-4.613,0.387,27.387,8.052,0,0,0,1,0,0
1337,2023-04-14 22:15:00,0.06233,0.0,0.414,-0.0,-0.414,6.856,-4.586,0.414,27.414,8.052,0.0,0.0,0,1,0,0
1338,2023-04-14 22:30:00,0.06233,-0.0,0.35,-0.0,-0.35,6.747,-4.65,0.35,27.35,8.052,0,0,0,1,0,0
1339,2023-04-14 22:45:00,0.06233,0.0,0.386,-0.0,-0.386,6.655,-4.614,0.386,27.386,8.052,0.0,0.0,0,1,0,0
1340,2023-04-14 23:00:00,0.06233,-0.0,0.347,-0.0,-0.347,6.554,-4.653,0.347,27.347,8.052,0,0,0,1,0,0
1341,2023-04-14 23:15:00,0.06233,0.0,0.412,-0.0,-0.412,6.462,-4.588,0.412,27.412,8.052,0.0,0.0,0,1,0,0
1342,2023-04-14 23:30:00,0.06233,-0.0,0.367,-0.0,-0.367,6.354,-4.633,0.367,27.367,8.052,0,0,0,1,0,0
1343,2023-04-14 23:45:00,0.06233,0.0,0.405,-0.0,-0.405,6.257,-4.595,0.405,27.405,8.052,0.0,0.0,0,1,0,0
1344,2023-04-15 00:00:00,0.06233,-0.0,0.572,-0.0,-0.572,6.151,-4.428,0.572,27.572,8.052,0,0,0,1,0,0
1345,2023-04-15 00:15:00,0.06233,0.0,0.628,-0.0,-0.628,6.0,-4.372,0.628,27.628,8.052,0.0,0.0,0,1,0,0
1346,2023-04-15 00:30:00,0.06233,-0.0,0.457,-0.0,-0.457,5.835,-4.543,0.457,27.457,8.052,0,0,0,1,0,0
1347,2023-04-15 00:45:00,0.06233,0.0,0.356,-0.0,-0.356,5.715,-4.644,0.356,27.356,8.052,0.0,0.0,0,1,0,0
1348,2023-04-15 01:00:00,0.06233,-0.0,0.333,-0.0,-0.333,5.621,-4.667,0.333,27.333,8.052,0,0,0,1,0,0
1349,2023-04-15 01:15:00,0.06233,0.0,0.415,-0.0,-0.415,5.533,-4.585,0.415,27.415,8.052,0.0,0.0,0,1,0,0
1350,2023-04-15 01:30:00,0.06233,-0.0,0.324,-0.0,-0.324,5.424,-4.676,0.324,27.324,8.052,0,0,0,1,0,0
1351,2023-04-15 01:45:00,0.06233,-0.0,0.323,-0.0,-0.323,5.339,-4.677,0.323,27.323,8.052,0,0,0,1,0,0
1352,2023-04-15 02:00:00,0.06233,0.0,0.296,-0.0,-0.296,5.254,-4.704,0.296,27.296,8.052,0.0,0.0,0,1,0,0
1353,2023-04-15 02:15:00,0.06233,-0.0,0.28,-0.0,-0.28,5.176,-4.72,0.28,27.28,8.052,0,0,0,1,0,0
1354,2023-04-15 02:30:00,0.06233,-0.0,0.294,-0.0,-0.294,5.102,-4.706,0.294,27.294,8.052,0,0,0,1,0,0
1355,2023-04-15 02:45:00,0.06233,0.0,0.571,-0.0,-0.571,5.025,-4.429,0.571,27.571,8.052,0.0,0.0,0,1,0,0
1356,2023-04-15 03:00:00,0.06233,-0.0,0.421,-0.0,-0.421,4.875,-4.579,0.421,27.421,8.052,0,0,0,1,0,0
1357,2023-04-15 03:15:00,0.06233,-0.0,0.413,-0.0,-0.413,4.764,-4.587,0.413,27.413,8.052,0,0,0,1,0,0
1358,2023-04-15 03:30:00,0.06233,0.0,0.323,-0.0,-0.323,4.655,-4.677,0.323,27.323,8.052,0.0,0.0,0,1,0,0
1359,2023-04-15 03:45:00,0.06233,-0.0,0.318,-0.0,-0.318,4.57,-4.682,0.318,27.318,8.052,0,0,0,1,0,0
1360,2023-04-15 04:00:00,0.06233,0.0,0.286,-0.0,-0.286,4.487,-4.714,0.286,27.286,8.052,0.0,0.0,0,1,0,0
1361,2023-04-15 04:15:00,0.06233,0.0,0.099,-0.0,-0.099,4.411,-4.901,0.099,27.099,8.052,0.0,0.0,0,1,0,0
1362,2023-04-15 04:30:00,0.06233,-0.0,0.174,-0.0,-0.174,4.385,-4.826,0.174,27.174,8.052,0,0,0,1,0,0
1363,2023-04-15 04:45:00,0.06233,-0.0,0.381,-0.0,-0.381,4.34,-4.619,0.381,27.381,8.052,0,0,0,1,0,0
1364,2023-04-15 05:00:00,0.06233,-0.0,0.848,-0.0,-0.848,4.239,-4.152,0.848,27.848,8.052,0,0,0,1,0,0
1365,2023-04-15 05:15:00,0.06233,0.0,0.813,-0.0,-0.813,4.016,-4.187,0.813,27.813,8.052,0.0,0.0,0,1,0,0
1366,2023-04-15 05:30:00,0.06233,-0.0,0.847,-0.0,-0.847,3.802,-4.153,0.847,27.847,8.052,0,0,0,1,0,0
1367,2023-04-15 05:45:00,0.06233,-0.0,1.231,-0.0,-1.231,3.579,-3.769,1.231,28.231,8.052,0,0,0,1,0,0
1368,2023-04-15 06:00:00,0.222,0.0,0.45,-0.0,-0.45,3.255,-4.55,0.45,27.45,8.052,0.0,0.0,0,1,0,0
1369,2023-04-15 06:15:00,0.222,0.0,0.456,-0.021,-0.456,3.137,-4.565,0.435,27.435,8.052,0.0,0.0,0.021,1,1,0.021
1370,2023-04-15 06:30:00,0.222,-0.0,0.244,-0.164,-0.244,3.017,-4.92,0.08,27.08,8.047,0,0,0.164,1,1,0.164
1371,2023-04-15 06:45:00,0.222,0.0,0.198,-0.591,-0.198,2.952,-5.0,0.0,27.0,8.008,0.0,0.0,0.591,1,1,0.591
1372,2023-04-15 07:00:00,0.222,-0.0,0.213,-0.954,-0.213,2.9,-5.0,0.0,27.0,7.867,0,0,0.954,1,1,0.954
1373,2023-04-15 07:15:00,0.222,0.0,0.222,-1.294,-0.222,2.844,-5.0,0.0,27.0,7.641,0.0,0.0,1.294,1,1,1.294
1374,2023-04-15 07:30:00,0.222,-0.0,0.237,-1.997,-0.237,2.786,-5.0,0.0,27.0,7.333,0,0,1.997,1,1,1.997
1375,2023-04-15 07:45:00,0.222,0.0,0.191,-2.539,-0.191,2.723,-5.0,0.0,27.0,6.859,0.0,0.0,2.539,1,1,2.539
1376,2023-04-15 08:00:00,0.222,-0.0,0.164,-3.014,-0.164,2.673,-5.0,0.0,27.0,6.256,0,0,3.014,1,1,3.014
1377,2023-04-15 08:15:00,0.222,0.0,0.137,-3.498,-4.993,2.63,-5.0,0.0,27.0,5.54,0.0,0.0,8.353,1,1,8.353
1378,2023-04-15 08:30:00,0.222,0.0,0.17,-4.025,-5.0,1.316,-5.0,0.0,27.0,3.556,0.0,0.0,8.855,1,1,8.855
1379,2023-04-15 08:45:00,0.222,4.394,0.119,-4.513,0,0.0,-9.394,-4.394,-3.789,0,4.394,0.0,0,0,0,0
1380,2023-04-15 09:00:00,0.222,4.874,0.176,-5.05,0,0.0,-9.874,-4.874,-4.748,0,4.874,0.0,0,0,0,0
1381,2023-04-15 09:15:00,0.222,5.378,0.187,-5.565,0,0.0,-10.378,-5.378,-5.378,0,5.378,0.0,0,0,0,0
1382,2023-04-15 09:30:00,0.222,5.619,0.312,-5.931,0,0.0,-10.619,-5.619,-5.619,0,5.619,0.0,0,0,0,0
1383,2023-04-15 09:45:00,0.222,5.85,0.199,-6.049,0,0.0,-10.85,-5.85,-5.85,0,5.85,0.0,0,0,0,0
1384,2023-04-15 10:00:00,0.222,6.498,0.16,-6.657,0,0.0,-11.498,-6.498,-6.498,0,6.498,0.0,0,0,0,0
1385,2023-04-15 10:15:00,0.222,6.808,0.156,-6.964,0,0.0,-11.808,-6.808,-6.808,0,6.808,0.0,0,0,0,0
1386,2023-04-15 10:30:00,0.222,7.086,0.142,-7.228,0,0.0,-12.086,-7.086,-7.086,0,7.086,0.0,0,0,0,0
1387,2023-04-15 10:45:00,0.222,7.375,0.155,-7.529,0,0.0,-12.375,-7.375,-7.375,0,7.375,0.0,0,0,0,0
1388,2023-04-15 11:00:00,0.222,6.597,0.169,-6.766,0,0.0,-11.597,-6.597,-6.597,0,6.597,0.0,0,0,0,0
1389,2023-04-15 11:15:00,0.222,6.938,0.419,-7.357,0,0.0,-11.938,-6.938,-6.938,0,6.938,0.0,0,0,0,0
1390,2023-04-15 11:30:00,0.222,0.048,0.643,-4.484,3.792,0.0,-8.84,-3.84,-2.681,0,0.048,0.0,0,0,0,0
1391,2023-04-15 11:45:00,0.222,1.098,0.235,-6.332,5.0,0.901,-11.098,-6.098,-6.098,0,1.098,0.0,0,0,0,0
1392,2023-04-15 12:00:00,0.222,-0.0,0.319,-3.465,3.146,2.088,-8.146,-3.146,-1.293,0,0,0,0,0,0,0
1393,2023-04-15 12:15:00,0.222,2.393,0.469,-7.861,5.0,2.835,-12.393,-7.393,-7.393,0,2.393,0.0,0,0,0,0
1394,2023-04-15 12:30:00,0.222,-0.0,0.916,-5.448,4.532,4.023,-9.532,-4.532,-4.065,0,0,0,0,0,0,0
1395,2023-04-15 12:45:00,0.222,-0.0,0.716,-3.401,2.685,5.099,-7.685,-2.685,-0.37,0,0,0,0,0,0,0
1396,2023-04-15 13:00:00,0.222,0.0,0.485,-4.298,3.813,5.737,-8.813,-3.813,-2.627,0,0.0,0.0,0,0,0,0
1397,2023-04-15 13:15:00,0.222,-0.0,0.433,-2.849,2.417,6.643,-7.417,-2.417,0.167,0,0,0,0,0,0,0
1398,2023-04-15 13:30:00,0.222,0.0,0.669,-2.989,2.32,7.217,-7.32,-2.32,0.36,0,0.0,0.0,0,0,0,0
1399,2023-04-15 13:45:00,0.222,0.0,0.342,-2.068,1.726,7.768,-6.726,-1.726,1.548,0,0.0,0.0,0,0,0,0
1400,2023-04-15 14:00:00,0.222,-0.0,1.622,-1.635,0.013,8.177,-5.013,-0.013,4.975,0,0,0,0,0,0,0
1401,2023-04-15 14:15:00,0.222,0.0,0.45,-3.361,2.911,8.18,-7.911,-2.911,-0.821,0,0.0,0.0,0,0,0,0
1402,2023-04-15 14:30:00,0.222,0.0,0.545,-2.871,2.325,8.872,-7.325,-2.325,0.349,0,0.0,0.0,0,0,0,0
1403,2023-04-15 14:45:00,0.222,-0.0,0.431,-1.293,0.862,9.424,-5.862,-0.862,3.276,0,0,0,0,0,0,0
1404,2023-04-15 15:00:00,0.222,0.0,0.502,-1.529,1.027,9.629,-6.027,-1.027,2.946,0,0.0,0.0,0,0,0,0
1405,2023-04-15 15:15:00,0.222,-0.0,0.437,-0.973,0.536,9.873,-5.536,-0.536,3.927,0,0,0,0,0,0,0
1406,2023-04-15 15:30:00,0.222,-0.0,0.418,-1.325,-0.418,10.0,-5.0,0.0,27.0,7.716,0,0,1.325,1,1,1.325
1407,2023-04-15 15:45:00,0.222,0.0,0.681,-0.967,-0.681,9.89,-5.0,0.0,27.0,7.401,0.0,0.0,0.967,1,1,0.967
1408,2023-04-15 16:00:00,0.222,0.0,0.863,-1.218,-0.863,9.711,-5.0,0.0,27.0,7.171,0.0,0.0,1.218,1,1,1.218
1409,2023-04-15 16:15:00,0.222,-0.0,3.198,-0.866,-3.198,9.484,-2.668,2.332,29.332,6.882,0,0,0.866,1,1,0.866
1410,2023-04-15 16:30:00,0.222,0.0,1.766,-0.757,-1.766,8.642,-3.991,1.009,28.009,6.676,0.0,0.0,0.757,1,1,0.757
1411,2023-04-15 16:45:00,0.222,0.0,0.582,-0.445,-0.582,8.178,-4.864,0.136,27.136,6.497,0.0,0.0,0.445,1,1,0.445
1412,2023-04-15 17:00:00,0.222,-0.0,0.465,-0.591,-0.465,8.024,-5.0,0.0,27.0,6.391,0,0,0.591,1,1,0.591
1413,2023-04-15 17:15:00,0.222,-0.0,0.64,-0.178,-0.64,7.902,-4.538,0.462,27.462,6.25,0,0,0.178,1,1,0.178
1414,2023-04-15 17:30:00,0.222,0.0,0.628,-0.068,-0.628,7.734,-4.44,0.56,27.56,6.208,0.0,0.0,0.068,1,1,0.068
1415,2023-04-15 17:45:00,0.222,0.0,0.744,-0.17,-0.744,7.569,-4.426,0.574,27.574,6.192,0.0,0.0,0.17,1,1,0.17
1416,2023-04-15 18:00:00,0.222,-0.0,0.973,-0.088,-0.973,7.373,-4.115,0.885,27.885,6.152,0,0,0.088,1,1,0.088
1417,2023-04-15 18:15:00,0.222,-0.0,0.594,-0.0,-0.594,7.117,-4.406,0.594,27.594,6.131,0,0,0,1,0,0
1418,2023-04-15 18:30:00,0.222,-0.0,0.821,-0.0,-0.821,6.96,-4.179,0.821,27.821,6.131,0,0,0,1,0,0
1419,2023-04-15 18:45:00,0.222,0.0,0.72,-0.0,-0.72,6.744,-4.28,0.72,27.72,6.131,0.0,0.0,0,1,0,0
1420,2023-04-15 19:00:00,0.222,-0.0,1.005,-0.0,-1.005,6.555,-3.995,1.005,28.005,6.131,0,0,0,1,0,0
1421,2023-04-15 19:15:00,0.222,0.0,1.186,-0.0,-1.186,6.29,-3.814,1.186,28.186,6.131,0.0,0.0,0,1,0,0
1422,2023-04-15 19:30:00,0.222,0.0,0.808,-0.0,-0.808,5.978,-4.192,0.808,27.808,6.131,0.0,0.0,0,1,0,0
1423,2023-04-15 19:45:00,0.222,0.0,0.494,-0.0,-0.494,5.766,-4.506,0.494,27.494,6.131,0.0,0.0,0,1,0,0
1424,2023-04-15 20:00:00,0.03201,-0.0,0.861,-0.0,-0.861,5.636,-4.139,0.861,27.861,6.131,0,0,0,1,0,0
1425,2023-04-15 20:15:00,0.03201,-0.0,0.63,-0.0,-0.63,5.409,-4.37,0.63,27.63,6.131,0,0,0,1,0,0
1426,2023-04-15 20:30:00,0.03201,0.0,0.632,-0.0,-0.632,5.243,-4.368,0.632,27.632,6.131,0.0,0.0,0,1,0,0
1427,2023-04-15 20:45:00,0.03201,-0.0,0.622,-0.0,-0.622,5.077,-4.378,0.622,27.622,6.131,0,0,0,1,0,0
1428,2023-04-15 21:00:00,0.03201,0.0,0.575,-0.0,-0.575,4.913,-4.425,0.575,27.575,6.131,0.0,0.0,0,1,0,0
1429,2023-04-15 21:15:00,0.03201,-0.0,0.633,-0.0,-0.633,4.762,-4.367,0.633,27.633,6.131,0,0,0,1,0,0
1430,2023-04-15 21:30:00,0.03201,0.0,0.659,-0.0,-0.659,4.595,-4.341,0.659,27.659,6.131,0.0,0.0,0,1,0,0
1431,2023-04-15 21:45:00,0.03201,0.0,0.603,-0.0,-0.603,4.422,-4.397,0.603,27.603,6.131,0.0,0.0,0,1,0,0
1432,2023-04-15 22:00:00,0.03201,-0.0,0.558,-0.0,-0.558,4.263,-4.442,0.558,27.558,6.131,0,0,0,1,0,0
1433,2023-04-15 22:15:00,0.03201,0.0,0.645,-0.0,-0.645,4.116,-4.355,0.645,27.645,6.131,0.0,0.0,0,1,0,0
1434,2023-04-15 22:30:00,0.03201,-0.0,0.614,-0.0,-0.614,3.947,-4.386,0.614,27.614,6.131,0,0,0,1,0,0
1435,2023-04-15 22:45:00,0.03201,0.0,0.585,-0.0,-0.585,3.785,-4.415,0.585,27.585,6.131,0.0,0.0,0,1,0,0
1436,2023-04-15 23:00:00,0.03201,-0.0,0.27,-0.0,-0.27,3.631,-4.73,0.27,27.27,6.131,0,0,0,1,0,0
1437,2023-04-15 23:15:00,0.03201,0.0,0.386,-0.0,-0.386,3.56,-4.614,0.386,27.386,6.131,0.0,0.0,0,1,0,0
1438,2023-04-15 23:30:00,0.03201,-0.0,0.36,-0.0,-0.36,3.459,-4.64,0.36,27.36,6.131,0,0,0,1,0,0
1439,2023-04-15 23:45:00,0.03201,0.0,0.326,-0.0,-0.326,3.364,-4.674,0.326,27.326,6.131,0.0,0.0,0,1,0,0
1440,2023-04-16 00:00:00,0.03201,-0.0,0.244,-0.0,-0.244,3.278,-4.756,0.244,27.244,6.131,0,0,0,1,0,0
1441,2023-04-16 00:15:00,0.03201,0.0,0.312,-0.0,-0.312,3.214,-4.688,0.312,27.312,6.131,0.0,0.0,0,1,0,0
1442,2023-04-16 00:30:00,0.03201,0.0,0.25,-0.0,-0.25,3.132,-4.75,0.25,27.25,6.131,0.0,0.0,0,1,0,0
1443,2023-04-16 00:45:00,0.03201,-0.0,0.297,-0.0,-0.297,3.066,-4.703,0.297,27.297,6.131,0,0,0,1,0,0
1444,2023-04-16 01:00:00,0.03201,0.0,0.338,-0.0,-0.338,2.988,-4.662,0.338,27.338,6.131,0.0,0.0,0,1,0,0
1445,2023-04-16 01:15:00,0.03201,-0.0,0.341,-0.0,-0.341,2.899,-4.659,0.341,27.341,6.131,0,0,0,1,0,0
1446,2023-04-16 01:30:00,0.03201,-0.0,0.362,-0.0,-0.362,2.809,-4.638,0.362,27.362,6.131,0,0,0,1,0,0
1447,2023-04-16 01:45:00,0.03201,0.0,0.141,-0.0,-0.141,2.714,-4.859,0.141,27.141,6.131,0.0,0.0,0,1,0,0
1448,2023-04-16 02:00:00,0.03201,0.0,0.147,-0.0,-0.147,2.677,-4.853,0.147,27.147,6.131,0.0,0.0,0,1,0,0
1449,2023-04-16 02:15:00,0.03201,-0.0,0.127,-0.0,-0.127,2.638,-4.873,0.127,27.127,6.131,0,0,0,1,0,0
1450,2023-04-16 02:30:00,0.03201,-0.0,0.142,-0.0,-0.142,2.604,-4.858,0.142,27.142,6.131,0,0,0,1,0,0
1451,2023-04-16 02:45:00,0.03201,-0.0,0.213,-0.0,-0.213,2.567,-4.787,0.213,27.213,6.131,0,0,0,1,0,0
1452,2023-04-16 03:00:00,0.03201,0.0,0.164,-0.0,-0.164,2.511,-4.836,0.164,27.164,6.131,0.0,0.0,0,1,0,0
1453,2023-04-16 03:15:00,0.03201,0.0,0.14,-0.0,-0.14,2.468,-4.86,0.14,27.14,6.131,0.0,0.0,0,1,0,0
1454,2023-04-16 03:30:00,0.03201,-0.0,0.143,-0.0,-0.143,2.431,-4.857,0.143,27.143,6.131,0,0,0,1,0,0
1455,2023-04-16 03:45:00,0.03201,-0.0,0.228,-0.0,-0.228,2.393,-4.772,0.228,27.228,6.131,0,0,0,1,0,0
1456,2023-04-16 04:00:00,0.03201,-0.0,0.203,-0.0,-0.203,2.334,-4.797,0.203,27.203,6.131,0,0,0,1,0,0
1457,2023-04-16 04:15:00,0.03201,0.0,0.171,-0.0,-0.171,2.28,-4.829,0.171,27.171,6.131,0.0,0.0,0,1,0,0
1458,2023-04-16 04:30:00,0.03201,-0.0,0.188,-0.0,-0.188,2.235,-4.812,0.188,27.188,6.131,0,0,0,1,0,0
1459,2023-04-16 04:45:00,0.03201,0.0,0.19,-0.0,-0.19,2.185,-4.81,0.19,27.19,6.131,0.0,0.0,0,1,0,0
1460,2023-04-16 05:00:00,0.03201,-0.0,0.181,-0.0,-0.181,2.136,-4.819,0.181,27.181,6.131,0,0,0,1,0,0
1461,2023-04-16 05:15:00,0.03201,0.0,0.161,-0.0,-0.161,2.088,-4.839,0.161,27.161,6.131,0.0,0.0,0,1,0,0
1462,2023-04-16 05:30:00,0.03201,-0.0,0.141,-0.0,-0.141,2.046,-4.859,0.141,27.141,6.131,0,0,0,1,0,0
1463,2023-04-16 05:45:00,0.03201,0.0,0.148,-0.0,-0.148,2.008,-4.852,0.148,27.148,6.131,0.0,0.0,0,1,0,0
1464,2023-04-16 06:00:00,0.16343,0.0,0.399,-0.0,-0.399,1.97,-4.601,0.399,27.399,6.131,0.0,0.0,0,1,0,0
1465,2023-04-16 06:15:00,0.16343,-0.0,0.436,-0.0,-0.436,1.865,-4.564,0.436,27.436,6.131,0,0,0,1,0,0
1466,2023-04-16 06:30:00,0.16343,0.0,0.618,-0.053,-0.618,1.75,-4.435,0.565,27.565,6.131,0.0,0.0,0.053,1,1,0.053
1467,2023-04-16 06:45:00,0.16343,0.0,0.813,-0.342,-0.813,1.587,-4.529,0.471,27.471,6.118,0.0,0.0,0.342,1,1,0.342
1468,2023-04-16 07:00:00,0.16343,-0.0,0.361,-0.916,-0.361,1.373,-5.0,0.0,27.0,6.037,0,0,0.916,1,1,0.916
1469,2023-04-16 07:15:00,0.16343,0.0,0.331,-1.355,-0.331,1.279,-5.0,0.0,27.0,5.819,0.0,0.0,1.355,1,1,1.355
1470,2023-04-16 07:30:00,0.16343,-0.0,0.145,-1.839,-0.145,1.191,-5.0,0.0,27.0,5.498,0,0,1.839,1,1,1.839
1471,2023-04-16 07:45:00,0.16343,0.0,0.147,-2.386,-0.147,1.153,-5.0,0.0,27.0,5.061,0.0,0.0,2.386,1,1,2.386
1472,2023-04-16 08:00:00,0.16343,0.0,0.122,-2.928,-4.235,1.115,-5.0,0.0,27.0,4.494,0.0,0.0,7.041,1,1,7.041
1473,2023-04-16 08:15:00,0.16343,3.392,0.147,-3.539,0,-0.0,-8.392,-3.392,-1.785,0,3.392,0.0,0,0,0,0
1474,2023-04-16 08:30:00,0.16343,3.933,0.152,-4.085,0,-0.0,-8.933,-3.933,-2.866,0,3.933,0.0,0,0,0,0
1475,2023-04-16 08:45:00,0.16343,4.392,0.165,-4.557,0,-0.0,-9.392,-4.392,-3.784,0,4.392,0.0,0,0,0,0
1476,2023-04-16 09:00:00,0.16343,4.724,0.264,-4.988,0,-0.0,-9.724,-4.724,-4.447,0,4.724,0.0,0,0,0,0
1477,2023-04-16 09:15:00,0.16343,5.194,0.238,-5.431,0,-0.0,-10.194,-5.194,-5.194,0,5.194,0.0,0,0,0,0
1478,2023-04-16 09:30:00,0.16343,5.76,0.127,-5.887,0,-0.0,-10.76,-5.76,-5.76,0,5.76,0.0,0,0,0,0
1479,2023-04-16 09:45:00,0.16343,5.704,0.183,-5.887,0,-0.0,-10.704,-5.704,-5.704,0,5.704,0.0,0,0,0,0
1480,2023-04-16 10:00:00,0.16343,6.482,0.122,-6.604,0,-0.0,-11.482,-6.482,-6.482,0,6.482,0.0,0,0,0,0
1481,2023-04-16 10:15:00,0.16343,6.771,0.136,-6.907,0,-0.0,-11.771,-6.771,-6.771,0,6.771,0.0,0,0,0,0
1482,2023-04-16 10:30:00,0.16343,6.972,0.136,-7.108,0,-0.0,-11.972,-6.972,-6.972,0,6.972,0.0,0,0,0,0
1483,2023-04-16 10:45:00,0.16343,7.218,0.205,-7.423,0,-0.0,-12.218,-7.218,-7.218,0,7.218,0.0,0,0,0,0
1484,2023-04-16 11:00:00,0.16343,7.025,0.627,-7.651,0,-0.0,-12.025,-7.025,-7.025,0,7.025,0.0,0,0,0,0
1485,2023-04-16 11:15:00,0.16343,6.978,0.85,-7.828,0,-0.0,-11.978,-6.978,-6.978,0,6.978,0.0,0,0,0,0
1486,2023-04-16 11:30:00,0.16343,6.628,1.178,-7.806,0,-0.0,-11.628,-6.628,-6.628,0,6.628,0.0,0,0,0,0
1487,2023-04-16 11:45:00,0.16343,7.249,0.29,-7.539,0,-0.0,-12.249,-7.249,-7.249,0,7.249,0.0,0,0,0,0
1488,2023-04-16 12:00:00,0.16343,6.98,0.311,-7.291,0,-0.0,-11.98,-6.98,-6.98,0,6.98,0.0,0,0,0,0
1489,2023-04-16 12:15:00,0.16343,8.073,0.278,-8.351,0,-0.0,-13.073,-8.073,-8.073,0,8.073,0.0,0,0,0,0
1490,2023-04-16 12:30:00,0.16343,7.776,0.278,-8.054,0,-0.0,-12.776,-7.776,-7.776,0,7.776,0.0,0,0,0,0
1491,2023-04-16 12:45:00,0.16343,7.919,0.319,-8.237,0,-0.0,-12.919,-7.919,-7.919,0,7.919,0.0,0,0,0,0
1492,2023-04-16 13:00:00,0.16343,7.857,0.305,-8.161,0,-0.0,-12.857,-7.857,-7.857,0,7.857,0.0,0,0,0,0
1493,2023-04-16 13:15:00,0.16343,7.735,0.29,-8.025,0,-0.0,-12.735,-7.735,-7.735,0,7.735,0.0,0,0,0,0
1494,2023-04-16 13:30:00,0.16343,7.153,0.794,-7.947,0,-0.0,-12.153,-7.153,-7.153,0,7.153,0.0,0,0,0,0
1495,2023-04-16 13:45:00,0.16343,7.005,0.626,-7.631,0,-0.0,-12.005,-7.005,-7.005,0,7.005,0.0,0,0,0,0
1496,2023-04-16 14:00:00,0.16343,7.198,0.396,-7.594,0,-0.0,-12.198,-7.198,-7.198,0,7.198,0.0,0,0,0,0
1497,2023-04-16 14:15:00,0.16343,3.398,0.347,-7.357,3.611,-0.0,-12.009,-7.009,-7.009,0,3.398,0.0,0,0,0,0
1498,2023-04-16 14:30:00,0.16343,0.907,0.668,-6.575,5.0,0.858,-10.907,-5.907,-5.907,0,0.907,0.0,0,0,0,0
1499,2023-04-16 14:45:00,0.16343,-0.0,1.583,-6.284,4.702,2.045,-9.702,-4.702,-4.403,0,0,0,0,0,0,0
1500,2023-04-16 15:00:00,0.16343,0.0,1.141,-4.829,3.688,3.162,-8.688,-3.688,-2.375,0,0.0,0.0,0,0,0,0
1501,2023-04-16 15:15:00,0.16343,0.469,0.492,-5.961,5.0,4.038,-10.469,-5.469,-5.469,0,0.469,0.0,0,0,0,0
1502,2023-04-16 15:30:00,0.16343,0.021,0.356,-5.377,5.0,5.225,-10.021,-5.021,-5.021,0,0.021,0.0,0,0,0,0
1503,2023-04-16 15:45:00,0.16343,-0.0,0.479,-4.587,4.108,6.413,-9.108,-4.108,-3.216,0,0,0,0,0,0,0
1504,2023-04-16 16:00:00,0.16343,0.0,0.802,-4.051,3.248,7.388,-8.248,-3.248,-1.497,0,0.0,0.0,0,0,0,0
1505,2023-04-16 16:15:00,0.16343,-0.0,1.515,-3.549,2.034,8.16,-7.034,-2.034,0.932,0,0,0,0,0,0,0
1506,2023-04-16 16:30:00,0.16343,0.0,1.243,-2.705,1.463,8.643,-6.463,-1.463,2.075,0,0.0,0.0,0,0,0,0
1507,2023-04-16 16:45:00,0.16343,0.0,0.362,-2.371,2.01,8.99,-7.01,-2.01,0.981,0,0.0,0.0,0,0,0,0
1508,2023-04-16 17:00:00,0.16343,-0.0,0.339,-1.557,1.218,9.467,-6.218,-1.218,2.563,0,0,0,0,0,0,0
1509,2023-04-16 17:15:00,0.16343,0.0,0.319,-0.864,0.545,9.757,-5.545,-0.545,3.911,0,0.0,0.0,0,0,0,0
1510,2023-04-16 17:30:00,0.16343,-0.0,0.183,-0.594,0.41,9.886,-5.41,-0.41,4.179,0,0,0,0,0,0,0
1511,2023-04-16 17:45:00,0.16343,0.0,0.149,-0.218,0.069,9.984,-5.069,-0.069,4.862,0,0.0,0.0,0,0,0,0
1512,2023-04-16 18:00:00,0.16343,0.0,0.164,-0.0,-0.164,10.0,-4.836,0.164,5.164,0,0.0,0.0,0,0,0,0
1513,2023-04-16 18:15:00,0.16343,-0.0,0.143,-0.0,-0.143,9.957,-4.857,0.143,5.143,0,0,0,0,0,0,0
1514,2023-04-16 18:30:00,0.16343,-0.0,0.173,-0.0,-0.173,9.919,-4.827,0.173,5.173,0,0,0,0,0,0,0
1515,2023-04-16 18:45:00,0.16343,0.0,0.247,-0.0,-0.247,9.873,-4.753,0.247,5.247,0,0.0,0.0,0,0,0,0
1516,2023-04-16 19:00:00,0.16343,0.0,0.177,-0.0,-0.177,9.808,-4.823,0.177,5.177,0,0.0,0.0,0,0,0,0
1517,2023-04-16 19:15:00,0.16343,-0.0,0.183,-0.0,-0.183,9.762,-4.817,0.183,27.183,10.067,0,0,0,1,0,0
1518,2023-04-16 19:30:00,0.16343,0.0,0.137,-0.0,-0.137,9.714,-4.863,0.137,27.137,10.067,0.0,0.0,0,1,0,0
1519,2023-04-16 19:45:00,0.16343,-0.0,0.178,-0.0,-0.178,9.677,-4.822,0.178,27.178,10.067,0,0,0,1,0,0
1520,2023-04-16 20:00:00,0.0852,-0.0,0.275,-0.0,-0.275,9.631,-4.725,0.275,27.275,10.067,0,0,0,1,0,0
1521,2023-04-16 20:15:00,0.0852,0.0,0.334,-0.0,-0.334,9.558,-4.666,0.334,27.334,10.067,0.0,0.0,0,1,0,0
1522,2023-04-16 20:30:00,0.0852,-0.0,0.579,-0.0,-0.579,9.47,-4.421,0.579,27.579,10.067,0,0,0,1,0,0
1523,2023-04-16 20:45:00,0.0852,0.0,0.603,-0.0,-0.603,9.318,-4.397,0.603,27.603,10.067,0.0,0.0,0,1,0,0
1524,2023-04-16 21:00:00,0.0852,-0.0,0.539,-0.0,-0.539,9.159,-4.461,0.539,27.539,10.067,0,0,0,1,0,0
1525,2023-04-16 21:15:00,0.0852,-0.0,0.545,-0.0,-0.545,9.017,-4.455,0.545,27.545,10.067,0,0,0,1,0,0
1526,2023-04-16 21:30:00,0.0852,0.0,0.498,-0.0,-0.498,8.874,-4.502,0.498,27.498,10.067,0.0,0.0,0,1,0,0
1527,2023-04-16 21:45:00,0.0852,-0.0,0.531,-0.0,-0.531,8.743,-4.469,0.531,27.531,10.067,0,0,0,1,0,0
1528,2023-04-16 22:00:00,0.0852,0.0,0.328,-0.0,-0.328,8.603,-4.672,0.328,27.328,10.067,0.0,0.0,0,1,0,0
1529,2023-04-16 22:15:00,0.0852,0.0,0.376,-0.0,-0.376,8.517,-4.624,0.376,27.376,10.067,0.0,0.0,0,1,0,0
1530,2023-04-16 22:30:00,0.0852,0.0,0.292,-0.0,-0.292,8.418,-4.708,0.292,27.292,10.067,0.0,0.0,0,1,0,0
1531,2023-04-16 22:45:00,0.0852,-0.0,0.292,-0.0,-0.292,8.341,-4.708,0.292,27.292,10.067,0,0,0,1,0,0
1532,2023-04-16 23:00:00,0.0852,-0.0,0.302,-0.0,-0.302,8.264,-4.698,0.302,27.302,10.067,0,0,0,1,0,0
1533,2023-04-16 23:15:00,0.0852,0.0,0.266,-0.0,-0.266,8.185,-4.734,0.266,27.266,10.067,0.0,0.0,0,1,0,0
1534,2023-04-16 23:30:00,0.0852,-0.0,0.285,-0.0,-0.285,8.115,-4.715,0.285,27.285,10.067,0,0,0,1,0,0
1535,2023-04-16 23:45:00,0.0852,0.0,0.4,-0.0,-0.4,8.04,-4.6,0.4,27.4,10.067,0.0,0.0,0,1,0,0
1536,2023-04-17 00:00:00,0.0852,0.0,0.859,-0.0,-0.859,7.934,-4.141,0.859,27.859,10.067,0.0,0.0,0,1,0,0
1537,2023-04-17 00:15:00,0.0852,-0.0,0.41,-0.0,-0.41,7.708,-4.59,0.41,27.41,10.067,0,0,0,1,0,0
1538,2023-04-17 00:30:00,0.0852,0.0,0.408,-0.0,-0.408,7.601,-4.592,0.408,27.408,10.067,0.0,0.0,0,1,0,0
1539,2023-04-17 00:45:00,0.0852,-0.0,0.32,-0.0,-0.32,7.493,-4.68,0.32,27.32,10.067,0,0,0,1,0,0
1540,2023-04-17 01:00:00,0.0852,0.0,0.328,-0.0,-0.328,7.409,-4.672,0.328,27.328,10.067,0.0,0.0,0,1,0,0
1541,2023-04-17 01:15:00,0.0852,-0.0,0.318,-0.0,-0.318,7.323,-4.682,0.318,27.318,10.067,0,0,0,1,0,0
1542,2023-04-17 01:30:00,0.0852,-0.0,0.401,-0.0,-0.401,7.239,-4.599,0.401,27.401,10.067,0,0,0,1,0,0
1543,2023-04-17 01:45:00,0.0852,-0.0,0.211,-0.0,-0.211,7.133,-4.789,0.211,27.211,10.067,0,0,0,1,0,0
1544,2023-04-17 02:00:00,0.0852,-0.0,0.592,-0.0,-0.592,7.078,-4.408,0.592,27.592,10.067,0,0,0,1,0,0
1545,2023-04-17 02:15:00,0.0852,-0.0,0.156,-0.0,-0.156,6.922,-4.844,0.156,27.156,10.067,0,0,0,1,0,0
1546,2023-04-17 02:30:00,0.0852,0.0,0.163,-0.0,-0.163,6.881,-4.837,0.163,27.163,10.067,0.0,0.0,0,1,0,0
1547,2023-04-17 02:45:00,0.0852,-0.0,0.238,-0.0,-0.238,6.838,-4.762,0.238,27.238,10.067,0,0,0,1,0,0
1548,2023-04-17 03:00:00,0.0852,0.0,0.247,-0.0,-0.247,6.775,-4.753,0.247,27.247,10.067,0.0,0.0,0,1,0,0
1549,2023-04-17 03:15:00,0.0852,-0.0,0.234,-0.0,-0.234,6.71,-4.766,0.234,27.234,10.067,0,0,0,1,0,0
1550,2023-04-17 03:30:00,0.0852,0.0,0.134,-0.0,-0.134,6.649,-4.866,0.134,27.134,10.067,0.0,0.0,0,1,0,0
1551,2023-04-17 03:45:00,0.0852,-0.0,0.189,-0.0,-0.189,6.614,-4.811,0.189,27.189,10.067,0,0,0,1,0,0
1552,2023-04-17 04:00:00,0.0852,-0.0,0.142,-0.0,-0.142,6.564,-4.858,0.142,27.142,10.067,0,0,0,1,0,0
1553,2023-04-17 04:15:00,0.0852,0.0,0.173,-0.0,-0.173,6.527,-4.827,0.173,27.173,10.067,0.0,0.0,0,1,0,0
1554,2023-04-17 04:30:00,0.0852,-0.0,0.157,-0.0,-0.157,6.481,-4.843,0.157,27.157,10.067,0,0,0,1,0,0
1555,2023-04-17 04:45:00,0.0852,-0.0,0.204,-0.0,-0.204,6.44,-4.796,0.204,27.204,10.067,0,0,0,1,0,0
1556,2023-04-17 05:00:00,0.0852,0.0,0.272,-0.0,-0.272,6.386,-4.728,0.272,27.272,10.067,0.0,0.0,0,1,0,0
1557,2023-04-17 05:15:00,0.0852,-0.0,0.234,-0.0,-0.234,6.314,-4.766,0.234,27.234,10.067,0,0,0,1,0,0
1558,2023-04-17 05:30:00,0.0852,-0.0,0.187,-0.0,-0.187,6.253,-4.813,0.187,27.187,10.067,0,0,0,1,0,0
1559,2023-04-17 05:45:00,0.0852,0.0,0.862,-0.0,-0.862,6.204,-4.138,0.862,27.862,10.067,0.0,0.0,0,1,0,0
1560,2023-04-17 06:00:00,0.19517,-0.0,0.199,-0.0,-0.199,5.977,-4.801,0.199,27.199,10.067,0,0,0,1,0,0
1561,2023-04-17 06:15:00,0.19517,-0.0,0.212,-0.038,-0.212,5.924,-4.827,0.173,27.173,10.067,0,0,0.038,1,1,0.038
1562,2023-04-17 06:30:00,0.19517,0.0,0.321,-0.145,-0.321,5.868,-4.824,0.176,27.176,10.058,0.0,0.0,0.145,1,1,0.145
1563,2023-04-17 06:45:00,0.19517,-0.0,0.223,-0.206,-0.223,5.784,-4.983,0.017,27.017,10.023,0,0,0.206,1,1,0.206
1564,2023-04-17 07:00:00,0.19517,0.0,0.229,-0.366,-0.229,5.725,-5.0,0.0,27.0,9.975,0.0,0.0,0.366,1,1,0.366
1565,2023-04-17 07:15:00,0.19517,0.0,0.235,-0.749,-0.235,5.665,-5.0,0.0,27.0,9.888,0.0,0.0,0.749,1,1,0.749
1566,2023-04-17 07:30:00,0.19517,-0.0,0.254,-1.281,-1.292,5.603,-5.0,0.0,27.0,9.71,0,0,2.319,1,1,2.319
1567,2023-04-17 07:45:00,0.19517,0.0,0.35,-2.267,-5.0,5.263,-5.0,0.0,27.0,9.159,0.0,0.0,6.917,1,1,6.917
1568,2023-04-17 08:00:00,0.19517,0.0,1.541,-1.987,-5.0,3.947,-5.0,0.0,27.0,7.516,0.0,0.0,5.446,1,1,5.446
1569,2023-04-17 08:15:00,0.19517,-0.0,1.172,-2.583,-5.0,2.632,-5.0,0.0,27.0,6.223,0,0,6.411,1,1,6.411
1570,2023-04-17 08:30:00,0.19517,0.0,0.531,-1.203,-5.0,1.316,-5.0,0.0,27.0,4.7,0.0,0.0,5.672,1,1,5.672
1571,2023-04-17 08:45:00,0.19517,1.238,0.285,-1.522,0,0.0,-6.238,-1.238,2.525,0,1.238,0.0,0,0,0,0
1572,2023-04-17 09:00:00,0.19517,1.224,0.299,-1.523,0,0.0,-6.224,-1.224,2.553,0,1.224,0.0,0,0,0,0
1573,2023-04-17 09:15:00,0.19517,2.141,0.202,-2.342,0,0.0,-7.141,-2.141,0.719,0,2.141,0.0,0,0,0,0
1574,2023-04-17 09:30:00,0.19517,5.414,0.22,-5.634,0,0.0,-10.414,-5.414,-5.414,0,5.414,0.0,0,0,0,0
1575,2023-04-17 09:45:00,0.19517,5.644,0.204,-5.848,0,0.0,-10.644,-5.644,-5.644,0,5.644,0.0,0,0,0,0
1576,2023-04-17 10:00:00,0.19517,6.605,0.268,-6.873,0,0.0,-11.605,-6.605,-6.605,0,6.605,0.0,0,0,0,0
1577,2023-04-17 10:15:00,0.19517,6.594,0.286,-6.88,0,0.0,-11.594,-6.594,-6.594,0,6.594,0.0,0,0,0,0
1578,2023-04-17 10:30:00,0.19517,6.741,0.313,-7.054,0,0.0,-11.741,-6.741,-6.741,0,6.741,0.0,0,0,0,0
1579,2023-04-17 10:45:00,0.19517,6.996,0.226,-7.222,0,0.0,-11.996,-6.996,-6.996,0,6.996,0.0,0,0,0,0
1580,2023-04-17 11:00:00,0.19517,7.263,0.212,-7.475,0,0.0,-12.263,-7.263,-7.263,0,7.263,0.0,0,0,0,0
1581,2023-04-17 11:15:00,0.19517,7.46,0.226,-7.686,0,0.0,-12.46,-7.46,-7.46,0,7.46,0.0,0,0,0,0
1582,2023-04-17 11:30:00,0.19517,7.421,0.434,-7.855,0,0.0,-12.421,-7.421,-7.421,0,7.421,0.0,0,0,0,0
1583,2023-04-17 11:45:00,0.19517,4.938,2.948,-7.887,0,0.0,-9.938,-4.938,-4.877,0,4.938,0.0,0,0,0,0
1584,2023-04-17 12:00:00,0.19517,5.379,2.584,-7.963,0,0.0,-10.379,-5.379,-5.379,0,5.379,0.0,0,0,0,0
1585,2023-04-17 12:15:00,0.19517,6.195,1.788,-7.983,0,0.0,-11.195,-6.195,-6.195,0,6.195,0.0,0,0,0,0
1586,2023-04-17 12:30:00,0.19517,7.691,0.356,-8.047,0,0.0,-12.691,-7.691,-7.691,0,7.691,0.0,0,0,0,0
1587,2023-04-17 12:45:00,0.19517,7.705,0.306,-8.011,0,0.0,-12.705,-7.705,-7.705,0,7.705,0.0,0,0,0,0
1588,2023-04-17 13:00:00,0.19517,7.631,0.401,-8.032,0,0.0,-12.631,-7.631,-7.631,0,7.631,0.0,0,0,0,0
1589,2023-04-17 13:15:00,0.19517,7.357,0.295,-7.652,0,0.0,-12.357,-7.357,-7.357,0,7.357,0.0,0,0,0,0
1590,2023-04-17 13:30:00,0.19517,6.182,0.194,-6.376,0,0.0,-11.182,-6.182,-6.182,0,6.182,0.0,0,0,0,0
1591,2023-04-17 13:45:00,0.19517,0.737,1.242,-5.653,3.674,0.0,-9.411,-4.411,-3.822,0,0.737,0.0,0,0,0,0
1592,2023-04-17 14:00:00,0.19517,0.0,1.928,-4.915,2.988,0.872,-7.988,-2.988,-0.976,0,0.0,0.0,0,0,0,0
1593,2023-04-17 14:15:00,0.19517,-0.0,1.673,-4.031,2.358,1.582,-7.358,-2.358,0.284,0,0,0,0,0,0,0
1594,2023-04-17 14:30:00,0.19517,0.0,0.596,-4.065,3.469,2.142,-8.469,-3.469,-1.938,0,0.0,0.0,0,0,0,0
1595,2023-04-17 14:45:00,0.19517,-0.0,0.242,-4.527,4.285,2.966,-9.285,-4.285,-3.57,0,0,0,0,0,0,0
1596,2023-04-17 15:00:00,0.19517,0.0,0.311,-4.221,3.91,3.984,-8.91,-3.91,-2.821,0,0.0,0.0,0,0,0,0
1597,2023-04-17 15:15:00,0.19517,0.0,0.512,-3.408,2.897,4.912,-7.897,-2.897,-0.793,0,0.0,0.0,0,0,0,0
1598,2023-04-17 15:30:00,0.19517,0.0,0.573,-4.99,4.417,5.6,-9.417,-4.417,-3.834,0,0.0,0.0,0,0,0,0
1599,2023-04-17 15:45:00,0.19517,-0.0,0.4,-2.637,2.237,6.649,-7.237,-2.237,0.526,0,0,0,0,0,0,0
1600,2023-04-17 16:00:00,0.19517,0.0,0.408,-3.068,2.661,7.181,-7.661,-2.661,-0.321,0,0.0,0.0,0,0,0,0
1601,2023-04-17 16:15:00,0.19517,-0.0,0.326,-2.797,2.471,7.813,-7.471,-2.471,0.058,0,0,0,0,0,0,0
1602,2023-04-17 16:30:00,0.19517,0.0,0.175,-3.142,2.967,8.4,-7.967,-2.967,-0.935,0,0.0,0.0,0,0,0,0
1603,2023-04-17 16:45:00,0.19517,0.0,0.265,-1.494,1.229,9.104,-6.229,-1.229,2.542,0,0.0,0.0,0,0,0,0
1604,2023-04-17 17:00:00,0.19517,-0.0,0.263,-1.875,1.612,9.396,-6.612,-1.612,1.777,0,0,0,0,0,0,0
1605,2023-04-17 17:15:00,0.19517,-0.0,0.199,-1.105,0.906,9.779,-5.906,-0.906,3.189,0,0,0,0,0,0,0
1606,2023-04-17 17:30:00,0.19517,-0.0,0.21,-0.236,0.025,9.994,-5.025,-0.025,4.949,0,0,0,0,0,0,0
1607,2023-04-17 17:45:00,0.19517,0.0,0.236,-0.0,-0.236,10.0,-4.764,0.236,27.236,10.0,0.0,0.0,0,1,0,0
1608,2023-04-17 18:00:00,0.19517,0.0,0.218,-0.0,-0.218,9.938,-4.782,0.218,27.218,10.0,0.0,0.0,0,1,0,0
1609,2023-04-17 18:15:00,0.19517,-0.0,0.183,-0.0,-0.183,9.88,-4.817,0.183,27.183,10.0,0,0,0,1,0,0
1610,2023-04-17 18:30:00,0.19517,0.0,0.109,-0.0,-0.109,9.832,-4.891,0.109,27.109,10.0,0.0,0.0,0,1,0,0
1611,2023-04-17 18:45:00,0.19517,0.0,0.158,-0.0,-0.158,9.804,-4.842,0.158,27.158,10.0,0.0,0.0,0,1,0,0
1612,2023-04-17 19:00:00,0.19517,-0.0,0.132,-0.0,-0.132,9.762,-4.868,0.132,27.132,10.0,0,0,0,1,0,0
1613,2023-04-17 19:15:00,0.19517,0.0,0.164,-0.0,-0.164,9.727,-4.836,0.164,27.164,10.0,0.0,0.0,0,1,0,0
1614,2023-04-17 19:30:00,0.19517,-0.0,0.174,-0.0,-0.174,9.684,-4.826,0.174,27.174,10.0,0,0,0,1,0,0
1615,2023-04-17 19:45:00,0.19517,0.0,0.107,-0.0,-0.107,9.639,-4.893,0.107,27.107,10.0,0.0,0.0,0,1,0,0
1616,2023-04-17 20:00:00,0.03992,0.0,0.159,-0.0,-0.159,9.61,-4.841,0.159,27.159,10.0,0.0,0.0,0,1,0,0
1617,2023-04-17 20:15:00,0.03992,0.0,1.074,-0.0,-1.074,9.569,-3.926,1.074,28.074,10.0,0.0,0.0,0,1,0,0
1618,2023-04-17 20:30:00,0.03992,-1.866,6.866,-0.0,-5.0,9.286,1.866,6.866,33.866,10.0,0,0,0,1,0,0
1619,2023-04-17 20:45:00,0.03992,-4.258,9.258,-0.0,-5.0,7.97,4.258,9.258,36.258,10.0,0,0,0,1,0,0
1620,2023-04-17 21:00:00,0.03992,0.0,0.372,-0.0,-0.372,6.655,-4.628,0.372,27.372,10.0,0.0,0.0,0,1,0,0
1621,2023-04-17 21:15:00,0.03992,-0.0,0.391,-0.0,-0.391,6.557,-4.609,0.391,27.391,10.0,0,0,0,1,0,0
1622,2023-04-17 21:30:00,0.03992,-0.0,4.462,-0.0,-4.462,6.454,-0.538,4.462,31.462,10.0,0,0,0,1,0,0
1623,2023-04-17 21:45:00,0.03992,-0.0,3.771,-0.0,-3.771,5.279,-1.229,3.771,30.771,10.0,0,0,0,1,0,0
1624,2023-04-17 22:00:00,0.03992,0.0,1.166,-0.0,-1.166,4.287,-3.834,1.166,28.166,10.0,0.0,0.0,0,1,0,0
1625,2023-04-17 22:15:00,0.03992,-0.0,0.686,-0.0,-0.686,3.98,-4.314,0.686,27.686,10.0,0,0,0,1,0,0
1626,2023-04-17 22:30:00,0.03992,-0.0,0.389,-0.0,-0.389,3.8,-4.611,0.389,27.389,10.0,0,0,0,1,0,0
1627,2023-04-17 22:45:00,0.03992,0.0,0.381,-0.0,-0.381,3.697,-4.619,0.381,27.381,10.0,0.0,0.0,0,1,0,0
1628,2023-04-17 23:00:00,0.03992,-0.0,0.567,-0.0,-0.567,3.597,-4.433,0.567,27.567,10.0,0,0,0,1,0,0
1629,2023-04-17 23:15:00,0.03992,-0.0,0.365,-0.0,-0.365,3.448,-4.635,0.365,27.365,10.0,0,0,0,1,0,0
1630,2023-04-17 23:30:00,0.03992,0.0,0.298,-0.0,-0.298,3.352,-4.702,0.298,27.298,10.0,0.0,0.0,0,1,0,0
1631,2023-04-17 23:45:00,0.03992,-0.0,0.264,-0.0,-0.264,3.274,-4.736,0.264,27.264,10.0,0,0,0,1,0,0
1632,2023-04-18 00:00:00,0.03992,0.0,0.337,-0.0,-0.337,3.204,-4.663,0.337,27.337,10.0,0.0,0.0,0,1,0,0
1633,2023-04-18 00:15:00,0.03992,-0.0,0.328,-0.0,-0.328,3.116,-4.672,0.328,27.328,10.0,0,0,0,1,0,0
1634,2023-04-18 00:30:00,0.03992,-0.0,0.27,-0.0,-0.27,3.029,-4.73,0.27,27.27,10.0,0,0,0,1,0,0
1635,2023-04-18 00:45:00,0.03992,0.0,0.386,-0.0,-0.386,2.958,-4.614,0.386,27.386,10.0,0.0,0.0,0,1,0,0
1636,2023-04-18 01:00:00,0.03992,-0.0,0.368,-0.0,-0.368,2.857,-4.632,0.368,27.368,10.0,0,0,0,1,0,0
1637,2023-04-18 01:15:00,0.03992,-0.0,0.304,-0.0,-0.304,2.76,-4.696,0.304,27.304,10.0,0,0,0,1,0,0
1638,2023-04-18 01:30:00,0.03992,0.0,0.264,-0.0,-0.264,2.68,-4.736,0.264,27.264,10.0,0.0,0.0,0,1,0,0
1639,2023-04-18 01:45:00,0.03992,0.0,0.204,-0.0,-0.204,2.61,-4.796,0.204,27.204,10.0,0.0,0.0,0,1,0,0
1640,2023-04-18 02:00:00,0.03992,0.0,0.138,-0.0,-0.138,2.556,-4.862,0.138,27.138,10.0,0.0,0.0,0,1,0,0
1641,2023-04-18 02:15:00,0.03992,-0.0,0.164,-0.0,-0.164,2.52,-4.836,0.164,27.164,10.0,0,0,0,1,0,0
1642,2023-04-18 02:30:00,0.03992,-0.1,0.158,-0.0,-0.058,2.477,-4.842,0.158,27.158,10.0,0,0,0,1,0,0
1643,2023-04-18 02:45:00,0.03992,-0.177,0.177,-0.0,0,2.462,-4.823,0.177,27.177,10.0,0,0,0,1,0,0
1644,2023-04-18 03:00:00,0.03992,-0.163,0.163,-0.0,0,2.462,-4.837,0.163,27.163,10.0,0,0,0,1,0,0
1645,2023-04-18 03:15:00,0.03992,-0.212,0.212,-0.0,0,2.462,-4.788,0.212,27.212,10.0,0,0,0,1,0,0
1646,2023-04-18 03:30:00,0.03992,-0.28,0.28,-0.0,0,2.462,-4.72,0.28,27.28,10.0,0,0,0,1,0,0
1647,2023-04-18 03:45:00,0.03992,-0.257,0.257,-0.0,0,2.462,-4.743,0.257,27.257,10.0,0,0,0,1,0,0
1648,2023-04-18 04:00:00,0.03992,-0.195,0.195,-0.0,0,2.462,-4.805,0.195,27.195,10.0,0,0,0,1,0,0
1649,2023-04-18 04:15:00,0.03992,-0.19,0.19,-0.0,0,2.462,-4.81,0.19,27.19,10.0,0,0,0,1,0,0
1650,2023-04-18 04:30:00,0.03992,-0.164,0.164,-0.0,0,2.462,-4.836,0.164,27.164,10.0,0,0,0,1,0,0
1651,2023-04-18 04:45:00,0.03992,-0.151,0.151,-0.0,0,2.462,-4.849,0.151,27.151,10.0,0,0,0,1,0,0
1652,2023-04-18 05:00:00,0.03992,-0.154,0.154,-0.0,0,2.462,-4.846,0.154,27.154,10.0,0,0,0,1,0,0
1653,2023-04-18 05:15:00,0.03992,-0.176,0.176,-0.0,0,2.462,-4.824,0.176,27.176,10.0,0,0,0,1,0,0
1654,2023-04-18 05:30:00,0.03992,-0.168,0.168,-0.0,0,2.462,-4.832,0.168,27.168,10.0,0,0,0,1,0,0
1655,2023-04-18 05:45:00,0.03992,-0.127,0.127,-0.0,0,2.462,-4.873,0.127,27.127,10.0,0,0,0,1,0,0
1656,2023-04-18 06:00:00,0.2064,0.0,0.275,-0.0,-0.275,2.462,-4.725,0.275,27.275,10.0,0.0,0.0,0,1,0,0
1657,2023-04-18 06:15:00,0.2064,-0.0,0.27,-0.0,-0.27,2.389,-4.73,0.27,27.27,10.0,0,0,0,1,0,0
1658,2023-04-18 06:30:00,0.2064,-0.0,0.242,-0.0,-0.242,2.318,-4.758,0.242,27.242,10.0,0,0,0,1,0,0
1659,2023-04-18 06:45:00,0.2064,0.0,0.203,-0.054,-0.15,2.254,-4.85,0.15,27.15,10.0,0.0,0.0,0,1,0,0
1660,2023-04-18 07:00:00,0.2064,0.0,0.243,-0.026,-0.218,2.215,-4.782,0.218,27.218,10.0,0.0,0.0,0,1,0,0
1661,2023-04-18 07:15:00,0.2064,-0.0,0.176,-0.021,-0.155,2.158,-4.845,0.155,27.155,10.0,0,0,0,1,0,0
1662,2023-04-18 07:30:00,0.2064,0.0,0.756,-0.039,-0.716,2.117,-4.284,0.716,27.716,10.0,0.0,0.0,0,1,0,0
1663,2023-04-18 07:45:00,0.2064,-0.0,1.099,-0.105,-0.994,1.928,-4.006,0.994,5.994,0,0,0,0,0,0,0
1664,2023-04-18 08:00:00,0.2064,0.0,1.369,-0.123,-1.246,1.667,-3.754,1.246,6.246,0,0.0,0.0,0,0,0,0
1665,2023-04-18 08:15:00,0.2064,0.0,0.512,-0.118,-0.395,1.339,-4.605,0.395,5.395,0,0.0,0.0,0,0,0,0
1666,2023-04-18 08:30:00,0.2064,-0.0,0.377,-0.156,-0.221,1.235,-4.779,0.221,5.221,0,0,0,0,0,0,0
1667,2023-04-18 08:45:00,0.2064,-0.0,0.471,-0.217,-0.254,1.177,-4.746,0.254,5.254,0,0,0,0,0,0,0
1668,2023-04-18 09:00:00,0.2064,0.0,0.402,-0.277,-0.124,1.11,-4.876,0.124,5.124,0,0.0,0.0,0,0,0,0
1669,2023-04-18 09:15:00,0.2064,-0.0,0.38,-0.255,-0.125,1.077,-4.875,0.125,5.125,0,0,0,0,0,0,0
1670,2023-04-18 09:30:00,0.2064,-0.0,0.259,-0.549,0.291,1.045,-5.291,-0.291,4.419,0,0,0,0,0,0,0
1671,2023-04-18 09:45:00,0.2064,0.0,0.243,-0.867,0.624,1.114,-5.624,-0.624,3.752,0,0.0,0.0,0,0,0,0
1672,2023-04-18 10:00:00,0.2064,0.0,0.229,-0.867,0.638,1.262,-5.638,-0.638,3.724,0,0.0,0.0,0,0,0,0
1673,2023-04-18 10:15:00,0.2064,-0.0,0.266,-0.624,0.358,1.413,-5.358,-0.358,4.284,0,0,0,0,0,0,0
1674,2023-04-18 10:30:00,0.2064,0.0,0.248,-0.59,0.342,1.498,-5.342,-0.342,4.316,0,0.0,0.0,0,0,0,0
1675,2023-04-18 10:45:00,0.2064,-0.0,0.32,-0.67,0.35,1.58,-5.35,-0.35,4.3,0,0,0,0,0,0,0
1676,2023-04-18 11:00:00,0.2064,-0.0,0.706,-0.578,-0.127,1.663,-4.873,0.127,5.127,0,0,0,0,0,0,0
1677,2023-04-18 11:15:00,0.2064,-0.0,1.165,-0.812,-0.354,1.629,-4.646,0.354,5.354,0,0,0,0,0,0,0
1678,2023-04-18 11:30:00,0.2064,0.0,2.0,-0.684,-1.316,1.536,-3.684,1.316,6.316,0,0.0,0.0,0,0,0,0
1679,2023-04-18 11:45:00,0.2064,-0.0,2.069,-0.655,-1.414,1.19,-3.586,1.414,6.414,0,0,0,0,0,0,0
1680,2023-04-18 12:00:00,0.2064,0.0,2.148,-0.478,-1.67,0.818,-3.33,1.67,6.67,0,0.0,0.0,0,0,0,0
1681,2023-04-18 12:15:00,0.2064,-0.0,1.343,-0.48,-0.863,0.378,-4.137,0.863,5.863,0,0,0,0,0,0,0
1682,2023-04-18 12:30:00,0.2064,0.0,0.69,-0.657,-0.033,0.151,-4.967,0.033,5.033,0,0.0,0.0,0,0,0,0
1683,2023-04-18 12:45:00,0.2064,-0.0,0.29,-0.963,0.673,0.142,-5.673,-0.673,3.653,0,0,0,0,0,0,0
1684,2023-04-18 13:00:00,0.2064,0.0,0.389,-1.38,0.99,0.302,-5.99,-0.99,3.019,0,0.0,0.0,0,0,0,0
1685,2023-04-18 13:15:00,0.2064,-0.0,0.383,-0.964,0.581,0.538,-5.581,-0.581,3.838,0,0,0,0,0,0,0
1686,2023-04-18 13:30:00,0.2064,-0.0,0.474,-0.832,0.358,0.676,-5.358,-0.358,4.284,0,0,0,0,0,0,0
1687,2023-04-18 13:45:00,0.2064,0.0,0.413,-1.018,0.605,0.761,-5.605,-0.605,3.789,0,0.0,0.0,0,0,0,0
1688,2023-04-18 14:00:00,0.2064,0.0,0.384,-2.583,2.199,0.904,-7.199,-2.199,0.602,0,0.0,0.0,0,0,0,0
1689,2023-04-18 14:15:00,0.2064,-0.0,0.386,-1.741,1.355,1.427,-6.355,-1.355,2.289,0,0,0,0,0,0,0
1690,2023-04-18 14:30:00,0.2064,-0.0,0.421,-0.955,0.534,1.748,-5.534,-0.534,3.933,0,0,0,0,0,0,0
1691,2023-04-18 14:45:00,0.2064,0.0,0.269,-0.678,0.409,1.875,-5.409,-0.409,4.182,0,0.0,0.0,0,0,0,0
1692,2023-04-18 15:00:00,0.2064,0.0,0.411,-0.746,0.335,1.972,-5.335,-0.335,4.331,0,0.0,0.0,0,0,0,0
1693,2023-04-18 15:15:00,0.2064,-0.0,0.559,-0.634,0.075,2.052,-5.075,-0.075,4.85,0,0,0,0,0,0,0
1694,2023-04-18 15:30:00,0.2064,0.0,0.311,-0.567,0.255,2.07,-5.255,-0.255,4.49,0,0.0,0.0,0,0,0,0
1695,2023-04-18 15:45:00,0.2064,-0.0,2.488,-0.382,-2.107,2.13,-2.893,2.107,7.107,0,0,0,0,0,0,0
1696,2023-04-18 16:00:00,0.2064,0.0,4.563,-0.303,-4.259,1.576,-0.741,4.259,9.259,0,0.0,0.0,0,0,0,0
1697,2023-04-18 16:15:00,0.2064,0.0,0.285,-0.351,0.066,0.455,-5.066,-0.066,4.868,0,0.0,0.0,0,0,0,0
1698,2023-04-18 16:30:00,0.2064,-0.0,0.256,-0.478,0.222,0.471,-5.222,-0.222,4.556,0,0,0,0,0,0,0
1699,2023-04-18 16:45:00,0.2064,-0.0,0.129,-0.291,0.162,0.523,-5.162,-0.162,4.676,0,0,0,0,0,0,0
1700,2023-04-18 17:00:00,0.2064,-0.0,0.135,-0.373,0.239,0.562,-5.239,-0.239,4.523,0,0,0,0,0,0,0
1701,2023-04-18 17:15:00,0.2064,0.0,0.181,-0.376,0.195,0.618,-5.0,0.0,27.0,16.245,0.0,0.0,0,1,0,0
1702,2023-04-18 17:30:00,0.2064,-0.0,0.159,-0.213,0.053,0.665,-5.0,0.0,27.0,16.245,0,0,0,1,0,0
1703,2023-04-18 17:45:00,0.2064,0.0,0.217,-0.213,-0.004,0.677,-4.996,0.004,27.004,16.245,0.0,0.0,0,1,0,0
1704,2023-04-18 18:00:00,0.2064,0.0,0.211,-0.123,-0.088,0.676,-4.912,0.088,27.088,16.245,0.0,0.0,0,1,0,0
1705,2023-04-18 18:15:00,0.2064,-0.0,0.168,-0.0,-0.168,0.653,-4.832,0.168,27.168,16.245,0,0,0,1,0,0
1706,2023-04-18 18:30:00,0.2064,0.0,0.17,-0.0,-0.17,0.609,-4.83,0.17,27.17,16.245,0.0,0.0,0,1,0,0
1707,2023-04-18 18:45:00,0.2064,-0.0,0.208,-0.0,-0.208,0.564,-4.792,0.208,27.208,16.245,0,0,0,1,0,0
1708,2023-04-18 19:00:00,0.2064,-0.0,0.267,-0.0,-0.267,0.509,-4.733,0.267,27.267,16.245,0,0,0,1,0,0
1709,2023-04-18 19:15:00,0.2064,0.0,0.377,-0.0,-0.377,0.439,-4.623,0.377,27.377,16.245,0.0,0.0,0,1,0,0
1710,2023-04-18 19:30:00,0.2064,0.0,0.516,-0.0,-0.516,0.34,-4.484,0.516,27.516,16.245,0.0,0.0,0,1,0,0
1711,2023-04-18 19:45:00,0.2064,-0.0,0.775,-0.0,-0.775,0.204,-4.225,0.775,27.775,16.245,0,0,0,1,0,0
1712,2023-04-18 20:00:00,0.02229,-5.671,0.671,-0.0,5.0,0.0,-4.329,0.671,27.671,16.245,0,0,0,1,0,0
1713,2023-04-18 20:15:00,0.02229,-0.627,0.627,-0.0,0,1.188,-4.373,0.627,27.627,16.245,0,0,0,1,0,0
1714,2023-04-18 20:30:00,0.02229,-0.623,0.623,-0.0,0,1.188,-4.377,0.623,27.623,16.245,0,0,0,1,0,0
1715,2023-04-18 20:45:00,0.02229,-0.69,0.69,-0.0,0,1.188,-4.31,0.69,27.69,16.245,0,0,0,1,0,0
1716,2023-04-18 21:00:00,0.02229,-0.61,0.61,-0.0,0,1.188,-4.39,0.61,27.61,16.245,0,0,0,1,0,0
1717,2023-04-18 21:15:00,0.02229,-0.66,0.66,-0.0,0,1.188,-4.34,0.66,27.66,16.245,0,0,0,1,0,0
1718,2023-04-18 21:30:00,0.02229,-0.499,0.499,-0.0,0,1.188,-4.501,0.499,27.499,16.245,0,0,0,1,0,0
1719,2023-04-18 21:45:00,0.02229,-0.506,0.506,-0.0,0,1.188,-4.494,0.506,27.506,16.245,0,0,0,1,0,0
1720,2023-04-18 22:00:00,0.02229,-0.494,0.494,-0.0,0,1.188,-4.506,0.494,27.494,16.245,0,0,0,1,0,0
1721,2023-04-18 22:15:00,0.02229,-0.406,0.406,-0.0,0,1.188,-4.594,0.406,27.406,16.245,0,0,0,1,0,0
1722,2023-04-18 22:30:00,0.02229,-0.505,0.505,-0.0,0,1.188,-4.495,0.505,27.505,16.245,0,0,0,1,0,0
1723,2023-04-18 22:45:00,0.02229,-0.622,0.622,-0.0,0,1.188,-4.378,0.622,27.622,16.245,0,0,0,1,0,0
1724,2023-04-18 23:00:00,0.02229,-0.574,0.574,-0.0,0,1.188,-4.426,0.574,27.574,16.245,0,0,0,1,0,0
1725,2023-04-18 23:15:00,0.02229,-0.495,0.495,-0.0,0,1.188,-4.505,0.495,27.495,16.245,0,0,0,1,0,0
1726,2023-04-18 23:30:00,0.02229,-0.525,0.525,-0.0,0,1.188,-4.475,0.525,27.525,16.245,0,0,0,1,0,0
1727,2023-04-18 23:45:00,0.02229,-0.433,0.433,-0.0,0,1.188,-4.567,0.433,27.433,16.245,0,0,0,1,0,0
1728,2023-04-19 00:00:00,0.02229,-0.521,0.521,-0.0,0,1.188,-4.479,0.521,27.521,16.245,0,0,0,1,0,0
1729,2023-04-19 00:15:00,0.02229,-0.454,0.454,-0.0,0,1.188,-4.546,0.454,27.454,16.245,0,0,0,1,0,0
1730,2023-04-19 00:30:00,0.02229,-0.449,0.449,-0.0,0,1.188,-4.551,0.449,27.449,16.245,0,0,0,1,0,0
1731,2023-04-19 00:45:00,0.02229,-0.41,0.41,-0.0,0,1.188,-4.59,0.41,27.41,16.245,0,0,0,1,0,0
1732,2023-04-19 01:00:00,0.02229,-0.662,0.662,-0.0,0,1.188,-4.338,0.662,27.662,16.245,0,0,0,1,0,0
1733,2023-04-19 01:15:00,0.02229,-0.41,0.41,-0.0,0,1.188,-4.59,0.41,27.41,16.245,0,0,0,1,0,0
1734,2023-04-19 01:30:00,0.02229,-0.308,0.308,-0.0,0,1.188,-4.692,0.308,27.308,16.245,0,0,0,1,0,0
1735,2023-04-19 01:45:00,0.02229,-0.298,0.298,-0.0,0,1.188,-4.702,0.298,27.298,16.245,0,0,0,1,0,0
1736,2023-04-19 02:00:00,0.02229,-0.361,0.361,-0.0,0,1.188,-4.639,0.361,27.361,16.245,0,0,0,1,0,0
1737,2023-04-19 02:15:00,0.02229,-0.271,0.271,-0.0,0,1.188,-4.729,0.271,27.271,16.245,0,0,0,1,0,0
1738,2023-04-19 02:30:00,0.02229,-0.294,0.294,-0.0,0,1.188,-4.706,0.294,27.294,16.245,0,0,0,1,0,0
1739,2023-04-19 02:45:00,0.02229,-0.299,0.299,-0.0,0,1.188,-4.701,0.299,27.299,16.245,0,0,0,1,0,0
1740,2023-04-19 03:00:00,0.02229,-0.291,0.291,-0.0,0,1.188,-4.709,0.291,27.291,16.245,0,0,0,1,0,0
1741,2023-04-19 03:15:00,0.02229,-0.328,0.328,-0.0,0,1.188,-4.672,0.328,27.328,16.245,0,0,0,1,0,0
1742,2023-04-19 03:30:00,0.02229,-0.394,0.394,-0.0,0,1.188,-4.606,0.394,27.394,16.245,0,0,0,1,0,0
1743,2023-04-19 03:45:00,0.02229,-0.374,0.374,-0.0,0,1.188,-4.626,0.374,27.374,16.245,0,0,0,1,0,0
1744,2023-04-19 04:00:00,0.02229,-0.323,0.323,-0.0,0,1.188,-4.677,0.323,27.323,16.245,0,0,0,1,0,0
1745,2023-04-19 04:15:00,0.02229,-0.232,0.232,-0.0,0,1.188,-4.768,0.232,27.232,16.245,0,0,0,1,0,0
1746,2023-04-19 04:30:00,0.02229,-2.439,0.265,-0.0,2.174,1.188,-4.735,0.265,27.265,16.245,0,0,0,1,0,0
1747,2023-04-19 04:45:00,0.02229,-5.215,0.215,-0.0,5.0,1.704,-4.785,0.215,27.215,16.245,0,0,0,1,0,0
1748,2023-04-19 05:00:00,0.02229,-5.237,0.237,-0.0,5.0,2.891,-4.763,0.237,27.237,16.245,0,0,0,1,0,0
1749,2023-04-19 05:15:00,0.02229,-5.232,0.232,-0.0,5.0,4.079,-4.768,0.232,27.232,16.245,0,0,0,1,0,0
1750,2023-04-19 05:30:00,0.02229,-5.22,0.22,-0.0,5.0,5.266,-4.78,0.22,27.22,16.245,0,0,0,1,0,0
1751,2023-04-19 05:45:00,0.02229,-5.269,0.269,-0.0,5.0,6.454,-4.731,0.269,27.269,16.245,0,0,0,1,0,0
1752,2023-04-19 06:00:00,0.24017,0.0,0.324,-0.0,-0.324,7.641,-4.676,0.324,27.324,16.245,0.0,0.0,0,1,0,0
1753,2023-04-19 06:15:00,0.24017,-0.0,0.321,-0.0,-0.321,7.556,-4.679,0.321,27.321,16.245,0,0,0,1,0,0
1754,2023-04-19 06:30:00,0.24017,-0.0,0.874,-0.0,-0.874,7.472,-4.126,0.874,27.874,16.245,0,0,0,1,0,0
1755,2023-04-19 06:45:00,0.24017,-0.0,1.252,-0.0,-1.252,7.242,-3.748,1.252,28.252,16.245,0,0,0,1,0,0
1756,2023-04-19 07:00:00,0.24017,0.0,0.476,-0.017,-0.459,6.912,-4.541,0.459,27.459,16.245,0.0,0.0,0,1,0,0
1757,2023-04-19 07:15:00,0.24017,-0.0,0.237,-0.056,-0.181,6.791,-4.819,0.181,27.181,16.245,0,0,0,1,0,0
1758,2023-04-19 07:30:00,0.24017,0.0,0.211,-0.122,-0.089,6.744,-4.911,0.089,27.089,16.245,0.0,0.0,0,1,0,0
1759,2023-04-19 07:45:00,0.24017,-0.0,0.281,-0.191,-0.09,6.72,-4.91,0.09,27.09,16.245,0,0,0,1,0,0
1760,2023-04-19 08:00:00,0.24017,-0.0,0.261,-0.318,0,6.697,-5.0,0.0,27.0,16.245,0,0,0.057,1,1,0.057
1761,2023-04-19 08:15:00,0.24017,-0.0,0.288,-0.547,0,6.697,-5.0,0.0,27.0,16.231,0,0,0.258,1,1,0.258
1762,2023-04-19 08:30:00,0.24017,0.0,0.317,-0.757,0,6.697,-5.0,0.0,27.0,16.17,0.0,0.0,0.44,1,1,0.44
1763,2023-04-19 08:45:00,0.24017,-0.0,0.273,-1.118,0,6.697,-5.0,0.0,27.0,16.065,0,0,0.845,1,1,0.845
1764,2023-04-19 09:00:00,0.24017,0.0,0.358,-1.326,0,6.697,-5.0,0.0,27.0,15.865,0.0,0.0,0.968,1,1,0.968
1765,2023-04-19 09:15:00,0.24017,0.0,0.179,-1.43,0,6.697,-5.0,0.0,27.0,15.635,0.0,0.0,1.251,1,1,1.251
1766,2023-04-19 09:30:00,0.24017,0.0,0.156,-2.125,0,6.697,-5.0,0.0,27.0,15.338,0.0,0.0,1.968,1,1,1.968
1767,2023-04-19 09:45:00,0.24017,0.0,0.219,-2.116,0,6.697,-5.0,0.0,27.0,14.87,0.0,0.0,1.897,1,1,1.897
1768,2023-04-19 10:00:00,0.24017,-0.0,0.177,-1.242,0,6.697,-5.0,0.0,27.0,14.42,0,0,1.065,1,1,1.065
1769,2023-04-19 10:15:00,0.24017,0.0,0.252,-1.626,0,6.697,-5.0,0.0,27.0,14.167,0.0,0.0,1.375,1,1,1.375
1770,2023-04-19 10:30:00,0.24017,-0.0,0.223,-1.77,0,6.697,-5.0,0.0,27.0,13.84,0,0,1.548,1,1,1.548
1771,2023-04-19 10:45:00,0.24017,0.0,0.298,-1.325,0,6.697,-5.0,0.0,27.0,13.473,0.0,0.0,1.028,1,1,1.028
1772,2023-04-19 11:00:00,0.24017,-0.0,0.292,-2.485,0,6.697,-5.0,0.0,27.0,13.229,0,0,2.193,1,1,2.193
1773,2023-04-19 11:15:00,0.24017,0.0,0.278,-1.418,0,6.697,-5.0,0.0,27.0,12.708,0.0,0.0,1.14,1,1,1.14
1774,2023-04-19 11:30:00,0.24017,0.0,0.713,-1.263,0,6.697,-5.0,0.0,27.0,12.437,0.0,0.0,0.55,1,1,0.55
1775,2023-04-19 11:45:00,0.24017,-0.0,0.348,-0.897,0,6.697,-5.0,0.0,27.0,12.306,0,0,0.549,1,1,0.549
1776,2023-04-19 12:00:00,0.24017,0.0,0.237,-0.13,-0.107,6.697,-4.893,0.107,27.107,12.176,0.0,0.0,0,1,0,0
1777,2023-04-19 12:15:00,0.24017,-0.0,0.248,-0.337,0,6.668,-5.0,0.0,27.0,12.176,0,0,0.089,1,1,0.089
1778,2023-04-19 12:30:00,0.24017,-0.0,0.206,-0.756,0,6.668,-5.0,0.0,27.0,12.155,0,0,0.551,1,1,0.551
1779,2023-04-19 12:45:00,0.24017,0.0,0.443,-1.41,0,6.668,-5.0,0.0,27.0,12.024,0.0,0.0,0.966,1,1,0.966
1780,2023-04-19 13:00:00,0.24017,0.0,0.794,-0.68,-0.113,6.668,-4.887,0.113,27.113,11.795,0.0,0.0,0,1,0,0
1781,2023-04-19 13:15:00,0.24017,-0.0,0.454,-0.908,0,6.639,-5.0,0.0,27.0,11.795,0,0,0.454,1,1,0.454
1782,2023-04-19 13:30:00,0.24017,-0.0,0.314,-1.028,0,6.639,-5.0,0.0,27.0,11.687,0,0,0.714,1,1,0.714
1783,2023-04-19 13:45:00,0.24017,0.0,0.25,-2.154,0.523,6.639,-5.0,0.0,27.0,11.517,0.0,0.0,1.381,1,1,1.381
1784,2023-04-19 14:00:00,0.24017,0.0,0.229,-2.534,2.305,6.763,-5.0,0.0,27.0,11.189,0.0,0.0,0,1,0,0
1785,2023-04-19 14:15:00,0.24017,-0.0,0.246,-2.477,2.231,7.31,-5.301,-0.301,26.399,11.189,0,0,0,1,0,0
1786,2023-04-19 14:30:00,0.24017,-0.0,0.305,-0.485,0.18,7.84,-5.18,-0.18,26.641,11.189,0,0,0,1,0,0
1787,2023-04-19 14:45:00,0.24017,0.0,0.778,-0.448,-0.33,7.883,-4.67,0.33,27.33,11.189,0.0,0.0,0,1,0,0
1788,2023-04-19 15:00:00,0.24017,0.0,0.27,-0.493,0.224,7.796,-5.224,-0.224,26.553,11.189,0.0,0.0,0,1,0,0
1789,2023-04-19 15:15:00,0.24017,-0.0,0.202,-0.754,0.552,7.849,-5.552,-0.552,25.895,11.189,0,0,0,1,0,0
1790,2023-04-19 15:30:00,0.24017,0.0,0.271,-0.585,0.314,7.981,-5.314,-0.314,26.371,11.189,0.0,0.0,0,1,0,0
1791,2023-04-19 15:45:00,0.24017,0.0,0.443,-0.576,0.133,8.055,-5.133,-0.133,26.733,11.189,0.0,0.0,0,1,0,0
1792,2023-04-19 16:00:00,0.24017,-0.0,1.35,-0.711,-0.639,8.087,-4.361,0.639,27.639,11.189,0,0,0,1,0,0
1793,2023-04-19 16:15:00,0.24017,0.0,1.109,-0.721,-0.387,7.919,-4.613,0.387,27.387,11.189,0.0,0.0,0,1,0,0
1794,2023-04-19 16:30:00,0.24017,-0.0,3.458,-0.941,-2.517,7.817,-2.483,2.517,29.517,11.189,0,0,0,1,0,0
1795,2023-04-19 16:45:00,0.24017,-0.0,1.845,-0.523,-1.323,7.154,-3.677,1.323,28.323,11.189,0,0,0,1,0,0
1796,2023-04-19 17:00:00,0.24017,0.0,0.687,-1.348,0.661,6.806,-5.661,-0.661,25.678,11.189,0.0,0.0,0,1,0,0
1797,2023-04-19 17:15:00,0.24017,-0.0,0.435,-0.779,0.343,6.963,-5.343,-0.343,26.313,11.189,0,0,0,1,0,0
1798,2023-04-19 17:30:00,0.24017,0.0,0.474,-0.156,-0.318,7.045,-4.682,0.318,27.318,11.189,0.0,0.0,0,1,0,0
1799,2023-04-19 17:45:00,0.24017,0.0,0.438,-0.044,-0.393,6.961,-4.607,0.393,27.393,11.189,0.0,0.0,0,1,0,0
1800,2023-04-19 18:00:00,0.24017,-0.0,0.529,-0.069,-0.461,6.858,-4.539,0.461,27.461,11.189,0,0,0,1,0,0
1801,2023-04-19 18:15:00,0.24017,0.0,0.483,-0.0,-0.483,6.736,-4.517,0.483,27.483,11.189,0.0,0.0,0,1,0,0
1802,2023-04-19 18:30:00,0.24017,0.0,0.6,-0.0,-0.6,6.609,-4.4,0.6,27.6,11.189,0.0,0.0,0,1,0,0
1803,2023-04-19 18:45:00,0.24017,-0.0,0.873,-0.0,-0.873,6.451,-4.127,0.873,27.873,11.189,0,0,0,1,0,0
1804,2023-04-19 19:00:00,0.24017,0.0,0.972,-0.0,-0.972,6.221,-4.028,0.972,27.972,11.189,0.0,0.0,0,1,0,0
1805,2023-04-19 19:15:00,0.24017,-0.0,2.181,-0.0,-2.181,5.966,-2.819,2.181,29.181,11.189,0,0,0,1,0,0
1806,2023-04-19 19:30:00,0.24017,0.0,1.174,-0.0,-1.174,5.392,-3.826,1.174,28.174,11.189,0.0,0.0,0,1,0,0
1807,2023-04-19 19:45:00,0.24017,0.0,0.925,-0.0,-0.925,5.083,-4.075,0.925,27.925,11.189,0.0,0.0,0,1,0,0
1808,2023-04-19 20:00:00,0.05463,-0.0,0.724,-0.0,-0.724,4.839,-4.276,0.724,27.724,11.189,0,0,0,1,0,0
1809,2023-04-19 20:15:00,0.05463,-0.0,0.714,-0.0,-0.714,4.649,-4.286,0.714,27.714,11.189,0,0,0,1,0,0
1810,2023-04-19 20:30:00,0.05463,0.0,1.011,-0.0,-1.011,4.461,-3.989,1.011,28.011,11.189,0.0,0.0,0,1,0,0
1811,2023-04-19 20:45:00,0.05463,-0.0,1.694,-0.0,-1.694,4.195,-3.306,1.694,28.694,11.189,0,0,0,1,0,0
1812,2023-04-19 21:00:00,0.05463,0.0,0.807,-0.0,-0.807,3.749,-4.193,0.807,27.807,11.189,0.0,0.0,0,1,0,0
1813,2023-04-19 21:15:00,0.05463,-0.0,0.742,-0.0,-0.742,3.537,-4.258,0.742,27.742,11.189,0,0,0,1,0,0
1814,2023-04-19 21:30:00,0.05463,0.0,0.784,-0.0,-0.784,3.342,-4.216,0.784,27.784,11.189,0.0,0.0,0,1,0,0
1815,2023-04-19 21:45:00,0.05463,-0.0,0.737,-0.0,-0.737,3.135,-4.263,0.737,27.737,11.189,0,0,0,1,0,0
1816,2023-04-19 22:00:00,0.05463,0.0,0.734,-0.0,-0.734,2.941,-4.266,0.734,27.734,11.189,0.0,0.0,0,1,0,0
1817,2023-04-19 22:15:00,0.05463,0.0,0.667,-0.0,-0.667,2.748,-4.333,0.667,27.667,11.189,0.0,0.0,0,1,0,0
1818,2023-04-19 22:30:00,0.05463,-0.0,0.676,-0.0,-0.676,2.572,-4.324,0.676,27.676,11.189,0,0,0,1,0,0
1819,2023-04-19 22:45:00,0.05463,-0.0,0.621,-0.0,-0.621,2.394,-4.379,0.621,27.621,11.189,0,0,0,1,0,0
1820,2023-04-19 23:00:00,0.05463,0.0,0.47,-0.0,-0.47,2.231,-4.53,0.47,27.47,11.189,0.0,0.0,0,1,0,0
1821,2023-04-19 23:15:00,0.05463,0.0,0.36,-0.0,-0.36,2.107,-4.64,0.36,27.36,11.189,0.0,0.0,0,1,0,0
1822,2023-04-19 23:30:00,0.05463,-0.0,0.183,-0.0,-0.183,2.012,-4.817,0.183,27.183,11.189,0,0,0,1,0,0
1823,2023-04-19 23:45:00,0.05463,0.0,0.252,-0.0,-0.252,1.964,-4.748,0.252,27.252,11.189,0.0,0.0,0,1,0,0
1824,2023-04-20 00:00:00,0.05463,0.0,0.213,-0.0,-0.213,1.898,-4.787,0.213,27.213,11.189,0.0,0.0,0,1,0,0
1825,2023-04-20 00:15:00,0.05463,-0.0,0.197,-0.0,-0.197,1.842,-4.803,0.197,27.197,11.189,0,0,0,1,0,0
1826,2023-04-20 00:30:00,0.05463,-0.0,0.246,-0.0,-0.246,1.79,-4.754,0.246,27.246,11.189,0,0,0,1,0,0
1827,2023-04-20 00:45:00,0.05463,0.0,0.24,-0.0,-0.24,1.725,-4.76,0.24,27.24,11.189,0.0,0.0,0,1,0,0
1828,2023-04-20 01:00:00,0.05463,-0.0,0.187,-0.0,-0.187,1.662,-4.813,0.187,27.187,11.189,0,0,0,1,0,0
1829,2023-04-20 01:15:00,0.05463,-0.0,0.313,-0.0,-0.313,1.613,-4.687,0.313,27.313,11.189,0,0,0,1,0,0
1830,2023-04-20 01:30:00,0.05463,-0.0,0.274,-0.0,-0.274,1.53,-4.726,0.274,27.274,11.189,0,0,0,1,0,0
1831,2023-04-20 01:45:00,0.05463,0.0,0.245,-0.0,-0.245,1.458,-4.755,0.245,27.245,11.189,0.0,0.0,0,1,0,0
1832,2023-04-20 02:00:00,0.05463,0.0,0.237,-0.0,-0.237,1.394,-4.763,0.237,27.237,11.189,0.0,0.0,0,1,0,0
1833,2023-04-20 02:15:00,0.05463,-0.0,0.203,-0.0,-0.203,1.331,-4.797,0.203,27.203,11.189,0,0,0,1,0,0
1834,2023-04-20 02:30:00,0.05463,0.0,0.191,-0.0,-0.191,1.278,-4.809,0.191,27.191,11.189,0.0,0.0,0,1,0,0
1835,2023-04-20 02:45:00,0.05463,-0.0,0.212,-0.0,-0.212,1.227,-4.788,0.212,27.212,11.189,0,0,0,1,0,0
1836,2023-04-20 03:00:00,0.05463,0.0,0.175,-0.0,-0.175,1.172,-4.825,0.175,27.175,11.189,0.0,0.0,0,1,0,0
1837,2023-04-20 03:15:00,0.05463,-0.0,0.232,-0.0,-0.232,1.126,-4.768,0.232,27.232,11.189,0,0,0,1,0,0
1838,2023-04-20 03:30:00,0.05463,0.0,0.253,-0.0,-0.253,1.065,-4.747,0.253,27.253,11.189,0.0,0.0,0,1,0,0
1839,2023-04-20 03:45:00,0.05463,-0.0,0.308,-0.0,-0.308,0.998,-4.692,0.308,27.308,11.189,0,0,0,1,0,0
1840,2023-04-20 04:00:00,0.05463,0.0,0.264,-0.0,-0.264,0.917,-4.736,0.264,27.264,11.189,0.0,0.0,0,1,0,0
1841,2023-04-20 04:15:00,0.05463,-0.0,0.262,-0.0,-0.262,0.848,-4.738,0.262,27.262,11.189,0,0,0,1,0,0
1842,2023-04-20 04:30:00,0.05463,-0.0,0.228,-0.0,-0.228,0.779,-4.772,0.228,27.228,11.189,0,0,0,1,0,0
1843,2023-04-20 04:45:00,0.05463,0.0,0.178,-0.0,-0.178,0.719,-4.822,0.178,27.178,11.189,0.0,0.0,0,1,0,0
1844,2023-04-20 05:00:00,0.05463,-0.0,0.224,-0.0,-0.224,0.672,-4.776,0.224,27.224,11.189,0,0,0,1,0,0
1845,2023-04-20 05:15:00,0.05463,0.0,0.24,-0.0,-0.24,0.613,-4.76,0.24,27.24,11.189,0.0,0.0,0,1,0,0
1846,2023-04-20 05:30:00,0.05463,-0.0,0.239,-0.0,-0.239,0.55,-4.761,0.239,27.239,11.189,0,0,0,1,0,0
1847,2023-04-20 05:45:00,0.05463,-0.0,0.314,-0.0,-0.314,0.487,-4.686,0.314,27.314,11.189,0,0,0,1,0,0
1848,2023-04-20 06:00:00,0.14437,0.0,0.425,-0.0,-0.425,0.404,-4.575,0.425,27.425,11.189,0.0,0.0,0,1,0,0
1849,2023-04-20 06:15:00,0.14437,0.0,0.389,-0.065,-0.324,0.292,-4.676,0.324,27.324,11.189,0.0,0.0,0,1,0,0
1850,2023-04-20 06:30:00,0.14437,-0.0,0.642,-0.176,-0.466,0.207,-4.534,0.466,27.466,11.189,0,0,0,1,0,0
1851,2023-04-20 06:45:00,0.14437,0.0,0.709,-0.39,-0.319,0.084,-4.681,0.319,27.319,11.189,0.0,0.0,0,1,0,0
1852,2023-04-20 07:00:00,0.14437,-0.0,0.291,-0.604,0,0.0,-5.313,-0.313,26.374,11.189,0,0,0.313,1,1,0.313
1853,2023-04-20 07:15:00,0.14437,-0.0,0.251,-0.894,0,0.0,-5.643,-0.643,25.713,11.115,0,0,0.643,1,1,0.643
1854,2023-04-20 07:30:00,0.14437,0.0,0.439,-1.447,0,0.0,-6.008,-1.008,24.985,10.962,0.0,0.0,1.008,1,1,1.008
1855,2023-04-20 07:45:00,0.14437,0.0,0.421,-2.918,0,0.0,-7.497,-2.497,22.006,10.723,0.0,0.0,2.497,1,1,2.497
1856,2023-04-20 08:00:00,0.14437,0.0,0.262,-3.554,0,0.0,-8.292,-3.292,20.415,10.13,0.0,0.0,3.292,1,1,3.292
1857,2023-04-20 08:15:00,0.14437,-0.0,0.243,-3.938,0,0.0,-8.695,-3.695,19.61,9.348,0,0,3.695,1,1,3.695
1858,2023-04-20 08:30:00,0.14437,0.0,0.393,-4.447,0,0.0,-9.054,-4.054,18.893,8.47,0.0,0.0,4.054,1,1,4.054
1859,2023-04-20 08:45:00,0.14437,4.204,0.674,-4.878,0,0.0,-9.204,-4.204,-3.407,0,4.204,0.0,0,0,0,0
1860,2023-04-20 09:00:00,0.14437,4.966,0.37,-5.336,0,0.0,-9.966,-4.966,-4.932,0,4.966,0.0,0,0,0,0
1861,2023-04-20 09:15:00,0.14437,5.319,0.411,-5.731,0,0.0,-10.319,-5.319,-5.319,0,5.319,0.0,0,0,0,0
1862,2023-04-20 09:30:00,0.14437,5.685,0.477,-6.162,0,0.0,-10.685,-5.685,-5.685,0,5.685,0.0,0,0,0,0
1863,2023-04-20 09:45:00,0.14437,5.826,0.464,-6.29,0,0.0,-10.826,-5.826,-5.826,0,5.826,0.0,0,0,0,0
1864,2023-04-20 10:00:00,0.14437,6.64,0.252,-6.892,0,0.0,-11.64,-6.64,-6.64,0,6.64,0.0,0,0,0,0
1865,2023-04-20 10:15:00,0.14437,6.927,0.254,-7.181,0,0.0,-11.927,-6.927,-6.927,0,6.927,0.0,0,0,0,0
1866,2023-04-20 10:30:00,0.14437,7.108,0.374,-7.482,0,0.0,-12.108,-7.108,-7.108,0,7.108,0.0,0,0,0,0
1867,2023-04-20 10:45:00,0.14437,7.487,0.308,-7.796,0,0.0,-12.487,-7.487,-7.487,0,7.487,0.0,0,0,0,0
1868,2023-04-20 11:00:00,0.14437,7.69,0.335,-8.024,0,0.0,-12.69,-7.69,-7.69,0,7.69,0.0,0,0,0,0
1869,2023-04-20 11:15:00,0.14437,7.759,0.435,-8.194,0,0.0,-12.759,-7.759,-7.759,0,7.759,0.0,0,0,0,0
1870,2023-04-20 11:30:00,0.14437,8.013,0.327,-8.34,0,0.0,-13.013,-8.013,-8.013,0,8.013,0.0,0,0,0,0
1871,2023-04-20 11:45:00,0.14437,8.075,0.396,-8.471,0,0.0,-13.075,-8.075,-8.075,0,8.075,0.0,0,0,0,0
1872,2023-04-20 12:00:00,0.14437,8.205,0.317,-8.521,0,0.0,-13.205,-8.205,-8.205,0,8.205,0.0,0,0,0,0
1873,2023-04-20 12:15:00,0.14437,8.249,0.346,-8.595,0,0.0,-13.249,-8.249,-8.249,0,8.249,0.0,0,0,0,0
1874,2023-04-20 12:30:00,0.14437,8.152,0.482,-8.634,0,0.0,-13.152,-8.152,-8.152,0,8.152,0.0,0,0,0,0
1875,2023-04-20 12:45:00,0.14437,6.98,1.576,-8.556,0,0.0,-11.98,-6.98,-6.98,0,6.98,0.0,0,0,0,0
1876,2023-04-20 13:00:00,0.14437,5.32,1.083,-8.508,2.105,0.0,-12.425,-7.425,-7.425,0,5.32,0.0,0,0,0,0
1877,2023-04-20 13:15:00,0.14437,2.976,0.465,-8.441,5.0,0.5,-12.976,-7.976,-7.976,0,2.976,0.0,0,0,0,0
1878,2023-04-20 13:30:00,0.14437,2.938,0.444,-8.382,5.0,1.687,-12.938,-7.938,-7.938,0,2.938,0.0,0,0,0,0
1879,2023-04-20 13:45:00,0.14437,2.743,0.358,-8.102,5.0,2.875,-12.743,-7.743,-7.743,0,2.743,0.0,0,0,0,0
1880,2023-04-20 14:00:00,0.14437,2.365,0.35,-7.715,5.0,4.062,-12.365,-7.365,-7.365,0,2.365,0.0,0,0,0,0
1881,2023-04-20 14:15:00,0.14437,2.08,0.404,-7.485,5.0,5.25,-12.08,-7.08,-7.08,0,2.08,0.0,0,0,0,0
1882,2023-04-20 14:30:00,0.14437,1.523,0.555,-7.078,5.0,6.438,-11.523,-6.523,-6.523,0,1.523,0.0,0,0,0,0
1883,2023-04-20 14:45:00,0.14437,0.937,0.912,-6.849,5.0,7.625,-10.937,-5.937,-5.937,0,0.937,0.0,0,0,0,0
1884,2023-04-20 15:00:00,0.14437,0.842,0.711,-6.552,5.0,8.812,-10.842,-5.842,-5.842,0,0.842,0.0,0,0,0,0
1885,2023-04-20 15:15:00,0.14437,-0.0,0.882,-6.022,-0.882,10.0,-5.0,0.0,27.0,13.654,0,0,6.022,1,1,6.022
1886,2023-04-20 15:30:00,0.14437,0.0,0.987,-5.435,-0.987,9.768,-5.0,0.0,27.0,12.224,0.0,0.0,5.435,1,1,5.435
1887,2023-04-20 15:45:00,0.14437,-0.0,1.835,-4.964,-1.835,9.508,-5.0,0.0,27.0,10.933,0,0,4.964,1,1,4.964
1888,2023-04-20 16:00:00,0.14437,0.0,2.246,-4.343,-2.246,9.025,-5.0,0.0,27.0,9.754,0.0,0.0,4.343,1,1,4.343
1889,2023-04-20 16:15:00,0.14437,-0.0,1.482,-3.672,-0.984,8.434,-5.0,0.0,27.0,8.723,0,0,3.175,1,1,3.175
1890,2023-04-20 16:30:00,0.14437,0.0,1.26,-2.932,0,8.176,-5.0,0.0,27.0,7.969,0.0,0.0,1.672,1,1,1.672
1891,2023-04-20 16:45:00,0.14437,-0.0,1.373,-2.049,0,8.176,-5.0,0.0,27.0,7.572,0,0,0.676,1,1,0.676
1892,2023-04-20 17:00:00,0.14437,-0.0,0.89,-1.671,0,8.176,-5.0,0.0,27.0,7.411,0,0,0.781,1,1,0.781
1893,2023-04-20 17:15:00,0.14437,0.0,0.313,-1.065,0,8.176,-5.0,0.0,27.0,7.226,0.0,0.0,0.752,1,1,0.752
1894,2023-04-20 17:30:00,0.14437,-0.0,0.417,-0.883,0,8.176,-5.0,0.0,27.0,7.047,0,0,0.466,1,1,0.466
1895,2023-04-20 17:45:00,0.14437,0.0,0.519,-0.925,0,8.176,-5.0,0.0,27.0,6.937,0.0,0.0,0.406,1,1,0.406
1896,2023-04-20 18:00:00,0.14437,0.0,0.612,-0.0,-0.612,8.176,-4.388,0.612,27.612,6.84,0.0,0.0,0,1,0,0
1897,2023-04-20 18:15:00,0.14437,-0.0,0.689,-0.0,-0.689,8.014,-4.311,0.689,27.689,6.84,0,0,0,1,0,0
1898,2023-04-20 18:30:00,0.14437,-0.0,0.607,-0.0,-0.607,7.833,-4.393,0.607,27.607,6.84,0,0,0,1,0,0
1899,2023-04-20 18:45:00,0.14437,0.0,0.596,-0.0,-0.596,7.673,-4.404,0.596,27.596,6.84,0.0,0.0,0,1,0,0
1900,2023-04-20 19:00:00,0.14437,0.0,0.603,-0.0,-0.603,7.516,-4.397,0.603,27.603,6.84,0.0,0.0,0,1,0,0
1901,2023-04-20 19:15:00,0.14437,0.0,0.604,-0.0,-0.604,7.358,-4.396,0.604,27.604,6.84,0.0,0.0,0,1,0,0
1902,2023-04-20 19:30:00,0.14437,-0.0,0.532,-0.0,-0.532,7.199,-4.468,0.532,27.532,6.84,0,0,0,1,0,0
1903,2023-04-20 19:45:00,0.14437,0.0,0.557,-0.0,-0.557,7.059,-4.443,0.557,27.557,6.84,0.0,0.0,0,1,0,0
1904,2023-04-20 20:00:00,0.05813,-0.0,1.261,-0.0,-1.261,6.912,-3.739,1.261,28.261,6.84,0,0,0,1,0,0
1905,2023-04-20 20:15:00,0.05813,0.0,2.084,-0.0,-2.084,6.58,-2.916,2.084,29.084,6.84,0.0,0.0,0,1,0,0
1906,2023-04-20 20:30:00,0.05813,0.0,1.217,-0.0,-1.217,6.032,-3.783,1.217,28.217,6.84,0.0,0.0,0,1,0,0
1907,2023-04-20 20:45:00,0.05813,0.0,0.821,-0.0,-0.821,5.712,-4.179,0.821,27.821,6.84,0.0,0.0,0,1,0,0
1908,2023-04-20 21:00:00,0.05813,-0.0,0.778,-0.0,-0.778,5.496,-4.222,0.778,27.778,6.84,0,0,0,1,0,0
1909,2023-04-20 21:15:00,0.05813,-0.0,1.482,-0.0,-1.482,5.291,-3.518,1.482,28.482,6.84,0,0,0,1,0,0
1910,2023-04-20 21:30:00,0.05813,0.0,1.831,-0.0,-1.831,4.901,-3.169,1.831,28.831,6.84,0.0,0.0,0,1,0,0
1911,2023-04-20 21:45:00,0.05813,-0.0,2.022,-0.0,-2.022,4.419,-2.978,2.022,29.022,6.84,0,0,0,1,0,0
1912,2023-04-20 22:00:00,0.05813,0.0,0.458,-0.0,-0.458,3.887,-4.542,0.458,27.458,6.84,0.0,0.0,0,1,0,0
1913,2023-04-20 22:15:00,0.05813,-0.0,0.597,-0.0,-0.597,3.766,-4.403,0.597,27.597,6.84,0,0,0,1,0,0
1914,2023-04-20 22:30:00,0.05813,0.0,0.405,-0.0,-0.405,3.609,-4.595,0.405,27.405,6.84,0.0,0.0,0,1,0,0
1915,2023-04-20 22:45:00,0.05813,-0.0,1.195,-0.0,-1.195,3.502,-3.805,1.195,28.195,6.84,0,0,0,1,0,0
1916,2023-04-20 23:00:00,0.05813,-0.0,1.789,-0.0,-1.789,3.188,-3.211,1.789,28.789,6.84,0,0,0,1,0,0
1917,2023-04-20 23:15:00,0.05813,0.0,0.815,-0.0,-0.815,2.717,-4.185,0.815,27.815,6.84,0.0,0.0,0,1,0,0
1918,2023-04-20 23:30:00,0.05813,-0.0,0.421,-0.0,-0.421,2.502,-4.579,0.421,27.421,6.84,0,0,0,1,0,0
1919,2023-04-20 23:45:00,0.05813,0.0,0.311,-0.0,-0.311,2.392,-4.689,0.311,27.311,6.84,0.0,0.0,0,1,0,0
1920,2023-04-21 00:00:00,0.05813,0.0,0.415,-0.0,-0.415,2.31,-4.585,0.415,27.415,6.84,0.0,0.0,0,1,0,0
1921,2023-04-21 00:15:00,0.05813,-0.0,0.355,-0.0,-0.355,2.2,-4.645,0.355,27.355,6.84,0,0,0,1,0,0
1922,2023-04-21 00:30:00,0.05813,0.0,0.406,-0.0,-0.406,2.107,-4.594,0.406,27.406,6.84,0.0,0.0,0,1,0,0
1923,2023-04-21 00:45:00,0.05813,-0.0,0.461,-0.0,-0.461,2.0,-4.539,0.461,27.461,6.84,0,0,0,1,0,0
1924,2023-04-21 01:00:00,0.05813,-0.0,0.273,-0.0,-0.273,1.879,-4.727,0.273,27.273,6.84,0,0,0,1,0,0
1925,2023-04-21 01:15:00,0.05813,0.0,0.264,-0.0,-0.264,1.807,-4.736,0.264,27.264,6.84,0.0,0.0,0,1,0,0
1926,2023-04-21 01:30:00,0.05813,-0.0,0.323,-0.0,-0.323,1.737,-4.677,0.323,27.323,6.84,0,0,0,1,0,0
1927,2023-04-21 01:45:00,0.05813,-0.0,0.21,-0.0,-0.21,1.652,-4.79,0.21,27.21,6.84,0,0,0,1,0,0
1928,2023-04-21 02:00:00,0.05813,0.0,0.435,-0.0,-0.435,1.597,-4.565,0.435,27.435,6.84,0.0,0.0,0,1,0,0
1929,2023-04-21 02:15:00,0.05813,0.0,0.324,-0.0,-0.324,1.483,-4.676,0.324,27.324,6.84,0.0,0.0,0,1,0,0
1930,2023-04-21 02:30:00,0.05813,-0.0,0.264,-0.0,-0.264,1.397,-4.736,0.264,27.264,6.84,0,0,0,1,0,0
1931,2023-04-21 02:45:00,0.05813,-0.0,0.256,-0.0,-0.256,1.328,-4.744,0.256,27.256,6.84,0,0,0,1,0,0
1932,2023-04-21 03:00:00,0.05813,0.0,0.141,-0.0,-0.141,1.26,-4.859,0.141,27.141,6.84,0.0,0.0,0,1,0,0
1933,2023-04-21 03:15:00,0.05813,0.0,0.141,-0.0,-0.141,1.223,-4.859,0.141,27.141,6.84,0.0,0.0,0,1,0,0
1934,2023-04-21 03:30:00,0.05813,-0.0,0.171,-0.0,-0.171,1.186,-4.829,0.171,27.171,6.84,0,0,0,1,0,0
1935,2023-04-21 03:45:00,0.05813,0.0,0.147,-0.0,-0.147,1.141,-4.853,0.147,27.147,6.84,0.0,0.0,0,1,0,0
1936,2023-04-21 04:00:00,0.05813,-0.0,0.247,-0.0,-0.247,1.103,-4.753,0.247,27.247,6.84,0,0,0,1,0,0
1937,2023-04-21 04:15:00,0.05813,0.0,0.237,-0.0,-0.237,1.038,-4.763,0.237,27.237,6.84,0.0,0.0,0,1,0,0
1938,2023-04-21 04:30:00,0.05813,-0.0,0.133,-0.0,-0.133,0.975,-4.867,0.133,27.133,6.84,0,0,0,1,0,0
1939,2023-04-21 04:45:00,0.05813,0.0,0.185,-0.0,-0.185,0.94,-4.815,0.185,27.185,6.84,0.0,0.0,0,1,0,0
1940,2023-04-21 05:00:00,0.05813,-0.0,0.121,-0.0,-0.121,0.892,-4.879,0.121,27.121,6.84,0,0,0,1,0,0
1941,2023-04-21 05:15:00,0.05813,0.0,0.152,-0.0,-0.152,0.86,-4.848,0.152,27.152,6.84,0.0,0.0,0,1,0,0
1942,2023-04-21 05:30:00,0.05813,-0.0,0.165,-0.0,-0.165,0.819,-4.835,0.165,27.165,6.84,0,0,0,1,0,0
1943,2023-04-21 05:45:00,0.05813,-0.0,0.191,-0.0,-0.191,0.776,-4.809,0.191,27.191,6.84,0,0,0,1,0,0
1944,2023-04-21 06:00:00,0.19245,0.0,0.237,-0.0,-0.237,0.726,-4.763,0.237,27.237,6.84,0.0,0.0,0,1,0,0
1945,2023-04-21 06:15:00,0.19245,-0.0,0.274,-0.0,-0.274,0.664,-4.726,0.274,27.274,6.84,0,0,0,1,0,0
1946,2023-04-21 06:30:00,0.19245,0.0,0.769,-0.0,-0.769,0.592,-4.231,0.769,27.769,6.84,0.0,0.0,0,1,0,0
1947,2023-04-21 06:45:00,0.19245,0.0,1.024,-0.117,-0.907,0.389,-4.093,0.907,27.907,6.84,0.0,0.0,0,1,0,0
1948,2023-04-21 07:00:00,0.19245,-0.0,0.728,-0.156,-0.572,0.151,-4.428,0.572,27.572,6.84,0,0,0,1,0,0
1949,2023-04-21 07:15:00,0.19245,-0.0,0.437,-0.504,0,0.0,-5.0,0.0,27.0,6.84,0,0,0.067,1,1,0.067
1950,2023-04-21 07:30:00,0.19245,-0.0,0.344,-0.551,0,0.0,-5.0,0.0,27.0,6.824,0,0,0.207,1,1,0.207
1951,2023-04-21 07:45:00,0.19245,-0.0,0.606,-1.169,0,0.0,-5.0,0.0,27.0,6.775,0,0,0.562,1,1,0.562
1952,2023-04-21 08:00:00,0.19245,0.0,0.329,-0.677,0,0.0,-5.0,0.0,27.0,6.642,0.0,0.0,0.348,1,1,0.348
1953,2023-04-21 08:15:00,0.19245,0.0,0.192,-1.004,0,0.0,-5.0,0.0,27.0,6.559,0.0,0.0,0.812,1,1,0.812
1954,2023-04-21 08:30:00,0.19245,-0.0,0.294,-1.256,0,0.0,-5.0,0.0,27.0,6.366,0,0,0.962,1,1,0.962
1955,2023-04-21 08:45:00,0.19245,-0.0,0.322,-1.781,0,0.0,-5.294,-0.294,26.413,6.138,0,0,1.459,1,1,1.459
1956,2023-04-21 09:00:00,0.19245,0.844,0.275,-1.12,0,0.0,-5.844,-0.844,3.311,0,0.844,0.0,0,0,0,0
1957,2023-04-21 09:15:00,0.19245,0.29,0.66,-0.95,0,0.0,-5.29,-0.29,4.42,0,0.29,0.0,0,0,0,0
1958,2023-04-21 09:30:00,0.19245,0.606,0.374,-0.98,0,0.0,-5.606,-0.606,3.788,0,0.606,0.0,0,0,0,0
1959,2023-04-21 09:45:00,0.19245,1.13,0.28,-1.409,0,0.0,-6.13,-1.13,2.741,0,1.13,0.0,0,0,0,0
1960,2023-04-21 10:00:00,0.19245,3.27,0.53,-3.801,0,0.0,-8.27,-3.27,-1.541,0,3.27,0.0,0,0,0,0
1961,2023-04-21 10:15:00,0.19245,1.803,0.279,-2.082,0,0.0,-6.803,-1.803,1.393,0,1.803,0.0,0,0,0,0
1962,2023-04-21 10:30:00,0.19245,3.421,0.275,-3.696,0,0.0,-8.421,-3.421,-1.843,0,3.421,0.0,0,0,0,0
1963,2023-04-21 10:45:00,0.19245,2.64,0.216,-2.856,0,0.0,-7.64,-2.64,-0.281,0,2.64,0.0,0,0,0,0
1964,2023-04-21 11:00:00,0.19245,2.387,0.288,-2.674,0,0.0,-7.387,-2.387,0.227,0,2.387,0.0,0,0,0,0
1965,2023-04-21 11:15:00,0.19245,3.988,0.324,-4.312,0,0.0,-8.988,-3.988,-2.976,0,3.988,0.0,0,0,0,0
1966,2023-04-21 11:30:00,0.19245,2.776,0.227,-3.082,0.079,0.0,-7.855,-2.855,-0.709,0,2.776,0.0,0,0,0,0
1967,2023-04-21 11:45:00,0.19245,-0.0,0.256,-3.169,2.912,0.019,-7.912,-2.912,-0.824,0,0,0,0,0,0,0
1968,2023-04-21 12:00:00,0.19245,-0.0,0.267,-3.807,3.54,0.71,-8.54,-3.54,-2.08,0,0,0,0,0,0,0
1969,2023-04-21 12:15:00,0.19245,0.0,0.22,-3.328,3.108,1.551,-8.108,-3.108,-1.216,0,0.0,0.0,0,0,0,0
1970,2023-04-21 12:30:00,0.19245,0.0,0.266,-3.164,2.898,2.289,-7.898,-2.898,-0.796,0,0.0,0.0,0,0,0,0
1971,2023-04-21 12:45:00,0.19245,0.0,0.284,-1.965,1.681,2.978,-6.681,-1.681,1.638,0,0.0,0.0,0,0,0,0
1972,2023-04-21 13:00:00,0.19245,0.0,0.266,-2.587,2.321,3.377,-7.321,-2.321,0.358,0,0.0,0.0,0,0,0,0
1973,2023-04-21 13:15:00,0.19245,-0.0,0.296,-3.3,3.004,3.928,-8.004,-3.004,-1.008,0,0,0,0,0,0,0
1974,2023-04-21 13:30:00,0.19245,-0.0,0.296,-2.128,1.831,4.641,-6.831,-1.831,1.338,0,0,0,0,0,0,0
1975,2023-04-21 13:45:00,0.19245,-0.0,0.226,-1.599,1.373,5.076,-6.373,-1.373,2.253,0,0,0,0,0,0,0
1976,2023-04-21 14:00:00,0.19245,0.0,0.216,-1.517,1.301,5.403,-6.301,-1.301,2.398,0,0.0,0.0,0,0,0,0
1977,2023-04-21 14:15:00,0.19245,-0.0,0.193,-1.504,1.311,5.711,-6.311,-1.311,2.378,0,0,0,0,0,0,0
1978,2023-04-21 14:30:00,0.19245,0.0,0.232,-2.56,2.328,6.023,-7.328,-2.328,0.343,0,0.0,0.0,0,0,0,0
1979,2023-04-21 14:45:00,0.19245,-0.0,0.26,-1.737,1.476,6.576,-6.476,-1.476,2.047,0,0,0,0,0,0,0
1980,2023-04-21 15:00:00,0.19245,-0.0,0.273,-1.995,1.722,6.926,-6.722,-1.722,1.556,0,0,0,0,0,0,0
1981,2023-04-21 15:15:00,0.19245,0.0,0.469,-1.459,0.991,7.335,-5.991,-0.991,3.018,0,0.0,0.0,0,0,0,0
1982,2023-04-21 15:30:00,0.19245,-0.0,0.378,-2.303,1.926,7.571,-6.926,-1.926,1.149,0,0,0,0,0,0,0
1983,2023-04-21 15:45:00,0.19245,0.0,0.335,-1.816,1.481,8.028,-6.481,-1.481,2.037,0,0.0,0.0,0,0,0,0
1984,2023-04-21 16:00:00,0.19245,0.0,0.344,-1.977,1.633,8.38,-6.633,-1.633,1.734,0,0.0,0.0,0,0,0,0
1985,2023-04-21 16:15:00,0.19245,-0.0,0.343,-1.967,1.624,8.768,-6.624,-1.624,1.752,0,0,0,0,0,0,0
1986,2023-04-21 16:30:00,0.19245,0.0,0.358,-1.753,1.395,9.154,-6.395,-1.395,2.21,0,0.0,0.0,0,0,0,0
1987,2023-04-21 16:45:00,0.19245,0.0,0.459,-1.571,1.112,9.485,-6.112,-1.112,2.777,0,0.0,0.0,0,0,0,0
1988,2023-04-21 17:00:00,0.19245,-0.0,0.531,-1.011,0.479,9.749,-5.479,-0.479,4.041,0,0,0,0,0,0,0
1989,2023-04-21 17:15:00,0.19245,0.0,0.368,-0.751,0.383,9.863,-5.383,-0.383,4.235,0,0.0,0.0,0,0,0,0
1990,2023-04-21 17:30:00,0.19245,-0.0,0.323,-0.518,0.195,9.954,-5.195,-0.195,4.609,0,0,0,0,0,0,0
1991,2023-04-21 17:45:00,0.19245,0.0,0.422,-0.368,-0.053,10.0,-4.947,0.053,5.053,0,0.0,0.0,0,0,0,0
1992,2023-04-21 18:00:00,0.19245,-0.0,0.434,-0.115,-0.32,9.986,-4.68,0.32,5.32,0,0,0,0,0,0,0
1993,2023-04-21 18:15:00,0.19245,0.0,0.761,-0.0,-0.761,9.902,-4.239,0.761,5.761,0,0.0,0.0,0,0,0,0
1994,2023-04-21 18:30:00,0.19245,-0.0,0.509,-0.0,-0.509,9.702,-4.491,0.509,5.509,0,0,0,0,0,0,0
1995,2023-04-21 18:45:00,0.19245,-0.0,0.32,-0.0,-0.32,9.568,-4.68,0.32,5.32,0,0,0,0,0,0,0
1996,2023-04-21 19:00:00,0.19245,0.0,0.351,-0.0,-0.351,9.484,-4.649,0.351,5.351,0,0.0,0.0,0,0,0,0
1997,2023-04-21 19:15:00,0.19245,-0.0,0.365,-0.0,-0.365,9.391,-4.635,0.365,27.365,10.148,0,0,0,1,0,0
1998,2023-04-21 19:30:00,0.19245,0.0,0.319,-0.0,-0.319,9.295,-4.681,0.319,27.319,10.148,0.0,0.0,0,1,0,0
1999,2023-04-21 19:45:00,0.19245,-0.0,0.337,-0.0,-0.337,9.211,-4.663,0.337,27.337,10.148,0,0,0,1,0,0
2000,2023-04-21 20:00:00,0.10224,-0.0,0.315,-0.0,-0.315,9.123,-4.685,0.315,27.315,10.148,0,0,0,1,0,0
2001,2023-04-21 20:15:00,0.10224,0.0,0.948,-0.0,-0.948,9.04,-4.052,0.948,27.948,10.148,0.0,0.0,0,1,0,0
2002,2023-04-21 20:30:00,0.10224,0.0,1.164,-0.0,-1.164,8.791,-3.836,1.164,28.164,10.148,0.0,0.0,0,1,0,0
2003,2023-04-21 20:45:00,0.10224,-0.0,0.486,-0.0,-0.486,8.484,-4.514,0.486,27.486,10.148,0,0,0,1,0,0
2004,2023-04-21 21:00:00,0.10224,0.0,0.314,-0.0,-0.314,8.356,-4.686,0.314,27.314,10.148,0.0,0.0,0,1,0,0
2005,2023-04-21 21:15:00,0.10224,-0.0,0.335,-0.0,-0.335,8.274,-4.665,0.335,27.335,10.148,0,0,0,1,0,0
2006,2023-04-21 21:30:00,0.10224,0.0,0.395,-0.0,-0.395,8.185,-4.605,0.395,27.395,10.148,0.0,0.0,0,1,0,0
2007,2023-04-21 21:45:00,0.10224,0.0,0.309,-0.0,-0.309,8.081,-4.691,0.309,27.309,10.148,0.0,0.0,0,1,0,0
2008,2023-04-21 22:00:00,0.10224,-0.0,0.506,-0.0,-0.506,8.0,-4.494,0.506,27.506,10.148,0,0,0,1,0,0
2009,2023-04-21 22:15:00,0.10224,0.0,0.352,-0.0,-0.352,7.867,-4.648,0.352,27.352,10.148,0.0,0.0,0,1,0,0
2010,2023-04-21 22:30:00,0.10224,0.0,0.376,-0.0,-0.376,7.774,-4.624,0.376,27.376,10.148,0.0,0.0,0,1,0,0
2011,2023-04-21 22:45:00,0.10224,-0.0,0.442,-0.0,-0.442,7.675,-4.558,0.442,27.442,10.148,0,0,0,1,0,0
2012,2023-04-21 23:00:00,0.10224,-0.0,0.564,-0.0,-0.564,7.559,-4.436,0.564,27.564,10.148,0,0,0,1,0,0
2013,2023-04-21 23:15:00,0.10224,0.0,0.767,-0.0,-0.767,7.411,-4.233,0.767,27.767,10.148,0.0,0.0,0,1,0,0
2014,2023-04-21 23:30:00,0.10224,0.0,0.694,-0.0,-0.694,7.209,-4.306,0.694,27.694,10.148,0.0,0.0,0,1,0,0
2015,2023-04-21 23:45:00,0.10224,0.0,0.557,-0.0,-0.557,7.026,-4.443,0.557,27.557,10.148,0.0,0.0,0,1,0,0
2016,2023-04-22 00:00:00,0.10224,-0.0,3.824,-0.0,-3.824,6.879,-1.176,3.824,30.824,10.148,0,0,0,1,0,0
2017,2023-04-22 00:15:00,0.10224,0.0,0.154,-0.0,-0.154,5.873,-4.846,0.154,27.154,10.148,0.0,0.0,0,1,0,0
2018,2023-04-22 00:30:00,0.10224,0.0,0.203,-0.0,-0.203,5.833,-4.797,0.203,27.203,10.148,0.0,0.0,0,1,0,0
2019,2023-04-22 00:45:00,0.10224,-0.0,0.191,-0.0,-0.191,5.779,-4.809,0.191,27.191,10.148,0,0,0,1,0,0
2020,2023-04-22 01:00:00,0.10224,0.0,0.211,-0.0,-0.211,5.729,-4.789,0.211,27.211,10.148,0.0,0.0,0,1,0,0
2021,2023-04-22 01:15:00,0.10224,-0.0,0.32,-0.0,-0.32,5.673,-4.68,0.32,27.32,10.148,0,0,0,1,0,0
2022,2023-04-22 01:30:00,0.10224,-0.0,0.246,-0.0,-0.246,5.589,-4.754,0.246,27.246,10.148,0,0,0,1,0,0
2023,2023-04-22 01:45:00,0.10224,0.0,0.216,-0.0,-0.216,5.524,-4.784,0.216,27.216,10.148,0.0,0.0,0,1,0,0
2024,2023-04-22 02:00:00,0.10224,-0.0,0.208,-0.0,-0.208,5.468,-4.792,0.208,27.208,10.148,0,0,0,1,0,0
2025,2023-04-22 02:15:00,0.10224,0.0,0.247,-0.0,-0.247,5.413,-4.753,0.247,27.247,10.148,0.0,0.0,0,1,0,0
2026,2023-04-22 02:30:00,0.10224,0.0,0.244,-0.0,-0.244,5.348,-4.756,0.244,27.244,10.148,0.0,0.0,0,1,0,0
2027,2023-04-22 02:45:00,0.10224,0.0,0.253,-0.0,-0.253,5.283,-4.747,0.253,27.253,10.148,0.0,0.0,0,1,0,0
2028,2023-04-22 03:00:00,0.10224,-0.0,0.189,-0.0,-0.189,5.217,-4.811,0.189,27.189,10.148,0,0,0,1,0,0
2029,2023-04-22 03:15:00,0.10224,-0.0,0.22,-0.0,-0.22,5.167,-4.78,0.22,27.22,10.148,0,0,0,1,0,0
2030,2023-04-22 03:30:00,0.10224,0.0,0.176,-0.0,-0.176,5.109,-4.824,0.176,27.176,10.148,0.0,0.0,0,1,0,0
2031,2023-04-22 03:45:00,0.10224,0.0,0.396,-0.0,-0.396,5.063,-4.604,0.396,27.396,10.148,0.0,0.0,0,1,0,0
2032,2023-04-22 04:00:00,0.10224,-0.0,0.281,-0.0,-0.281,4.958,-4.719,0.281,27.281,10.148,0,0,0,1,0,0
2033,2023-04-22 04:15:00,0.10224,0.0,0.209,-0.0,-0.209,4.885,-4.791,0.209,27.209,10.148,0.0,0.0,0,1,0,0
2034,2023-04-22 04:30:00,0.10224,-0.0,0.255,-0.0,-0.255,4.829,-4.745,0.255,27.255,10.148,0,0,0,1,0,0
2035,2023-04-22 04:45:00,0.10224,0.0,0.237,-0.0,-0.237,4.762,-4.763,0.237,27.237,10.148,0.0,0.0,0,1,0,0
2036,2023-04-22 05:00:00,0.10224,-0.0,0.253,-0.0,-0.253,4.7,-4.747,0.253,27.253,10.148,0,0,0,1,0,0
2037,2023-04-22 05:15:00,0.10224,0.0,0.322,-0.0,-0.322,4.633,-4.678,0.322,27.322,10.148,0.0,0.0,0,1,0,0
2038,2023-04-22 05:30:00,0.10224,-0.0,0.268,-0.0,-0.268,4.548,-4.732,0.268,27.268,10.148,0,0,0,1,0,0
2039,2023-04-22 05:45:00,0.10224,0.0,0.308,-0.0,-0.308,4.478,-4.692,0.308,27.308,10.148,0.0,0.0,0,1,0,0
2040,2023-04-22 06:00:00,0.1429,-0.0,0.301,-0.0,-0.301,4.397,-4.699,0.301,27.301,10.148,0,0,0,1,0,0
2041,2023-04-22 06:15:00,0.1429,0.0,0.699,-0.133,-0.699,4.318,-4.434,0.566,27.566,10.148,0.0,0.0,0.133,1,1,0.133
2042,2023-04-22 06:30:00,0.1429,-0.0,1.276,-0.426,-1.276,4.134,-4.15,0.85,27.85,10.116,0,0,0.426,1,1,0.426
2043,2023-04-22 06:45:00,0.1429,-0.0,1.118,-1.09,-1.118,3.798,-4.972,0.028,27.028,10.015,0,0,1.09,1,1,1.09
2044,2023-04-22 07:00:00,0.1429,0.0,0.319,-0.916,-3.315,3.504,-5.0,0.0,27.0,9.756,0.0,0.0,3.912,1,1,3.912
2045,2023-04-22 07:15:00,0.1429,0.0,0.477,-0.639,-5.0,2.632,-5.0,0.0,27.0,8.827,0.0,0.0,5.162,1,1,5.162
2046,2023-04-22 07:30:00,0.1429,0.0,0.738,-2.653,-5.0,1.316,-5.0,0.0,27.0,7.601,0.0,0.0,6.915,1,1,6.915
2047,2023-04-22 07:45:00,0.1429,1.257,0.232,-1.489,0,0.0,-6.257,-1.257,2.486,0,1.257,0.0,0,0,0,0
2048,2023-04-22 08:00:00,0.1429,0.146,0.358,-0.504,0,0.0,-5.146,-0.146,4.707,0,0.146,0.0,0,0,0,0
2049,2023-04-22 08:15:00,0.1429,0.163,0.417,-0.58,0,0.0,-5.163,-0.163,4.674,0,0.163,0.0,0,0,0,0
2050,2023-04-22 08:30:00,0.1429,0.656,0.305,-0.961,0,0.0,-5.656,-0.656,3.687,0,0.656,0.0,0,0,0,0
2051,2023-04-22 08:45:00,0.1429,0.013,0.381,-0.395,0,0.0,-5.013,-0.013,4.973,0,0.013,0.0,0,0,0,0
2052,2023-04-22 09:00:00,0.1429,0.528,0.298,-0.826,0,0.0,-5.528,-0.528,3.944,0,0.528,0.0,0,0,0,0
2053,2023-04-22 09:15:00,0.1429,0.529,0.332,-0.861,0,0.0,-5.529,-0.529,3.943,0,0.529,0.0,0,0,0,0
2054,2023-04-22 09:30:00,0.1429,0.462,0.386,-0.848,0,0.0,-5.462,-0.462,4.076,0,0.462,0.0,0,0,0,0
2055,2023-04-22 09:45:00,0.1429,1.446,0.391,-1.837,0,0.0,-6.446,-1.446,2.107,0,1.446,0.0,0,0,0,0
2056,2023-04-22 10:00:00,0.1429,1.978,0.446,-2.425,0,0.0,-6.978,-1.978,1.043,0,1.978,0.0,0,0,0,0
2057,2023-04-22 10:15:00,0.1429,4.782,0.272,-5.054,0,0.0,-9.782,-4.782,-4.565,0,4.782,0.0,0,0,0,0
2058,2023-04-22 10:30:00,0.1429,7.359,0.364,-7.723,0,0.0,-12.359,-7.359,-7.359,0,7.359,0.0,0,0,0,0
2059,2023-04-22 10:45:00,0.1429,7.221,0.826,-8.047,0,0.0,-12.221,-7.221,-7.221,0,7.221,0.0,0,0,0,0
2060,2023-04-22 11:00:00,0.1429,5.035,0.565,-5.6,0,0.0,-10.035,-5.035,-5.035,0,5.035,0.0,0,0,0,0
2061,2023-04-22 11:15:00,0.1429,6.047,2.199,-8.246,0,0.0,-11.047,-6.047,-6.047,0,6.047,0.0,0,0,0,0
2062,2023-04-22 11:30:00,0.1429,6.568,2.163,-8.731,0,0.0,-11.568,-6.568,-6.568,0,6.568,0.0,0,0,0,0
2063,2023-04-22 11:45:00,0.1429,6.988,0.653,-7.991,0.35,0.0,-12.338,-7.338,-7.338,0,6.988,0.0,0,0,0,0
2064,2023-04-22 12:00:00,0.1429,1.815,1.532,-8.347,5.0,0.083,-11.815,-6.815,-6.815,0,1.815,0.0,0,0,0,0
2065,2023-04-22 12:15:00,0.1429,0.0,2.924,-5.709,2.785,1.271,-7.785,-2.785,-0.57,0,0.0,0.0,0,0,0,0
2066,2023-04-22 12:30:00,0.1429,1.976,1.874,-8.85,5.0,1.932,-11.976,-6.976,-6.976,0,1.976,0.0,0,0,0,0
2067,2023-04-22 12:45:00,0.1429,1.044,0.454,-6.498,5.0,3.12,-11.044,-6.044,-6.044,0,1.044,0.0,0,0,0,0
2068,2023-04-22 13:00:00,0.1429,-0.0,0.497,-3.705,3.207,4.307,-8.207,-3.207,-1.415,0,0,0,0,0,0,0
2069,2023-04-22 13:15:00,0.1429,-0.0,0.527,-4.175,3.649,5.069,-8.649,-3.649,-2.298,0,0,0,0,0,0,0
2070,2023-04-22 13:30:00,0.1429,1.908,0.589,-7.497,5.0,5.935,-11.908,-6.908,-6.908,0,1.908,0.0,0,0,0,0
2071,2023-04-22 13:45:00,0.1429,1.193,1.243,-7.436,5.0,7.123,-11.193,-6.193,-6.193,0,1.193,0.0,0,0,0,0
2072,2023-04-22 14:00:00,0.1429,-0.0,6.643,-1.835,-4.808,8.31,-0.192,4.808,9.808,0,0,0,0,0,0,0
2073,2023-04-22 14:15:00,0.1429,0.0,2.606,-2.832,0.226,7.045,-5.226,-0.226,4.548,0,0.0,0.0,0,0,0,0
2074,2023-04-22 14:30:00,0.1429,-0.0,0.429,-2.697,2.268,7.099,-7.268,-2.268,0.464,0,0,0,0,0,0,0
2075,2023-04-22 14:45:00,0.1429,0.0,0.248,-4.015,3.767,7.638,-8.767,-3.767,-2.534,0,0.0,0.0,0,0,0,0
2076,2023-04-22 15:00:00,0.1429,0.0,0.216,-1.851,1.636,8.532,-6.636,-1.636,1.729,0,0.0,0.0,0,0,0,0
2077,2023-04-22 15:15:00,0.1429,0.0,0.276,-1.536,1.26,8.921,-6.26,-1.26,2.48,0,0.0,0.0,0,0,0,0
2078,2023-04-22 15:30:00,0.1429,-0.0,0.247,-1.856,1.609,9.22,-6.609,-1.609,1.782,0,0,0,0,0,0,0
2079,2023-04-22 15:45:00,0.1429,0.0,0.463,-2.138,1.675,9.602,-6.675,-1.675,1.65,0,0.0,0.0,0,0,0,0
2080,2023-04-22 16:00:00,0.1429,-0.0,1.197,-2.659,-1.197,10.0,-5.0,0.0,27.0,15.817,0,0,2.659,1,1,2.659
2081,2023-04-22 16:15:00,0.1429,0.0,1.105,-1.501,-1.105,9.685,-5.0,0.0,27.0,15.186,0.0,0.0,1.501,1,1,1.501
2082,2023-04-22 16:30:00,0.1429,0.0,0.306,-1.178,-0.306,9.394,-5.0,0.0,27.0,14.829,0.0,0.0,1.178,1,1,1.178
2083,2023-04-22 16:45:00,0.1429,0.0,0.18,-0.943,-0.18,9.314,-5.0,0.0,27.0,14.549,0.0,0.0,0.943,1,1,0.943
2084,2023-04-22 17:00:00,0.1429,0.0,0.154,-0.864,-0.154,9.266,-5.0,0.0,27.0,14.326,0.0,0.0,0.864,1,1,0.864
2085,2023-04-22 17:15:00,0.1429,-0.0,0.187,-1.016,-0.187,9.226,-5.0,0.0,27.0,14.12,0,0,1.016,1,1,1.016
2086,2023-04-22 17:30:00,0.1429,-0.0,0.142,-0.434,-0.142,9.176,-5.0,0.0,27.0,13.879,0,0,0.434,1,1,0.434
2087,2023-04-22 17:45:00,0.1429,-0.0,0.124,-0.0,-0.124,9.139,-4.876,0.124,27.124,13.776,0,0,0,1,0,0
2088,2023-04-22 18:00:00,0.1429,0.0,0.127,-0.0,-0.127,9.106,-4.873,0.127,27.127,13.776,0.0,0.0,0,1,0,0
2089,2023-04-22 18:15:00,0.1429,-0.0,0.156,-0.0,-0.156,9.073,-4.844,0.156,27.156,13.776,0,0,0,1,0,0
2090,2023-04-22 18:30:00,0.1429,0.0,0.11,-0.0,-0.11,9.032,-4.89,0.11,27.11,13.776,0.0,0.0,0,1,0,0
2091,2023-04-22 18:45:00,0.1429,0.0,0.212,-0.0,-0.212,9.003,-4.788,0.212,27.212,13.776,0.0,0.0,0,1,0,0
2092,2023-04-22 19:00:00,0.1429,-0.0,0.237,-0.0,-0.237,8.947,-4.763,0.237,27.237,13.776,0,0,0,1,0,0
2093,2023-04-22 19:15:00,0.1429,0.0,0.352,-0.0,-0.352,8.885,-4.648,0.352,27.352,13.776,0.0,0.0,0,1,0,0
2094,2023-04-22 19:30:00,0.1429,-0.0,1.13,-0.0,-1.13,8.792,-3.87,1.13,28.13,13.776,0,0,0,1,0,0
2095,2023-04-22 19:45:00,0.1429,-0.0,2.095,-0.0,-2.095,8.495,-2.905,2.095,29.095,13.776,0,0,0,1,0,0
2096,2023-04-22 20:00:00,0.03897,-0.0,2.743,-0.0,-2.743,7.944,-2.257,2.743,29.743,13.776,0,0,0,1,0,0
2097,2023-04-22 20:15:00,0.03897,0.0,1.991,-0.0,-1.991,7.222,-3.009,1.991,28.991,13.776,0.0,0.0,0,1,0,0
2098,2023-04-22 20:30:00,0.03897,-0.0,1.044,-0.0,-1.044,6.698,-3.956,1.044,28.044,13.776,0,0,0,1,0,0
2099,2023-04-22 20:45:00,0.03897,0.0,0.584,-0.0,-0.584,6.423,-4.416,0.584,27.584,13.776,0.0,0.0,0,1,0,0
2100,2023-04-22 21:00:00,0.03897,-0.0,0.65,-0.0,-0.65,6.269,-4.35,0.65,27.65,13.776,0,0,0,1,0,0
2101,2023-04-22 21:15:00,0.03897,-0.0,0.822,-0.0,-0.822,6.098,-4.178,0.822,27.822,13.776,0,0,0,1,0,0
2102,2023-04-22 21:30:00,0.03897,-0.0,0.709,-0.0,-0.709,5.882,-4.291,0.709,27.709,13.776,0,0,0,1,0,0
2103,2023-04-22 21:45:00,0.03897,0.0,0.68,-0.0,-0.68,5.695,-4.32,0.68,27.68,13.776,0.0,0.0,0,1,0,0
2104,2023-04-22 22:00:00,0.03897,-0.0,0.573,-0.0,-0.573,5.516,-4.427,0.573,27.573,13.776,0,0,0,1,0,0
2105,2023-04-22 22:15:00,0.03897,0.0,0.545,-0.0,-0.545,5.366,-4.455,0.545,27.545,13.776,0.0,0.0,0,1,0,0
2106,2023-04-22 22:30:00,0.03897,0.0,0.524,-0.0,-0.524,5.222,-4.476,0.524,27.524,13.776,0.0,0.0,0,1,0,0
2107,2023-04-22 22:45:00,0.03897,-0.0,0.524,-0.0,-0.524,5.084,-4.476,0.524,27.524,13.776,0,0,0,1,0,0
2108,2023-04-22 23:00:00,0.03897,0.0,0.379,-0.0,-0.379,4.947,-4.621,0.379,27.379,13.776,0.0,0.0,0,1,0,0
2109,2023-04-22 23:15:00,0.03897,0.0,0.344,-0.0,-0.344,4.847,-4.656,0.344,27.344,13.776,0.0,0.0,0,1,0,0
2110,2023-04-22 23:30:00,0.03897,0.0,0.346,-0.0,-0.346,4.756,-4.654,0.346,27.346,13.776,0.0,0.0,0,1,0,0
2111,2023-04-22 23:45:00,0.03897,0.0,0.959,-0.0,-0.959,4.665,-4.041,0.959,27.959,13.776,0.0,0.0,0,1,0,0
2112,2023-04-23 00:00:00,0.03897,-0.0,0.432,-0.0,-0.432,4.413,-4.568,0.432,27.432,13.776,0,0,0,1,0,0
2113,2023-04-23 00:15:00,0.03897,-0.0,0.376,-0.0,-0.376,4.299,-4.624,0.376,27.376,13.776,0,0,0,1,0,0
2114,2023-04-23 00:30:00,0.03897,0.0,0.437,-0.0,-0.437,4.2,-4.563,0.437,27.437,13.776,0.0,0.0,0,1,0,0
2115,2023-04-23 00:45:00,0.03897,0.0,0.558,-0.0,-0.558,4.085,-4.442,0.558,27.558,13.776,0.0,0.0,0,1,0,0
2116,2023-04-23 01:00:00,0.03897,-0.0,0.442,-0.0,-0.442,3.938,-4.558,0.442,27.442,13.776,0,0,0,1,0,0
2117,2023-04-23 01:15:00,0.03897,-0.0,0.5,-0.0,-0.5,3.822,-4.5,0.5,27.5,13.776,0,0,0,1,0,0
2118,2023-04-23 01:30:00,0.03897,0.0,0.445,-0.0,-0.445,3.69,-4.555,0.445,27.445,13.776,0.0,0.0,0,1,0,0
2119,2023-04-23 01:45:00,0.03897,0.0,0.462,-0.0,-0.462,3.573,-4.538,0.462,27.462,13.776,0.0,0.0,0,1,0,0
2120,2023-04-23 02:00:00,0.03897,-0.0,0.418,-0.0,-0.418,3.452,-4.582,0.418,27.418,13.776,0,0,0,1,0,0
2121,2023-04-23 02:15:00,0.03897,0.0,0.434,-0.0,-0.434,3.342,-4.566,0.434,27.434,13.776,0.0,0.0,0,1,0,0
2122,2023-04-23 02:30:00,0.03897,-0.0,0.333,-0.0,-0.333,3.227,-4.667,0.333,27.333,13.776,0,0,0,1,0,0
2123,2023-04-23 02:45:00,0.03897,0.0,0.301,-0.0,-0.301,3.14,-4.699,0.301,27.301,13.776,0.0,0.0,0,1,0,0
2124,2023-04-23 03:00:00,0.03897,-0.0,0.927,-0.0,-0.927,3.061,-4.073,0.927,27.927,13.776,0,0,0,1,0,0
2125,2023-04-23 03:15:00,0.03897,-0.0,0.511,-0.0,-0.511,2.817,-4.489,0.511,27.511,13.776,0,0,0,1,0,0
2126,2023-04-23 03:30:00,0.03897,0.0,0.469,-0.0,-0.469,2.682,-4.531,0.469,27.469,13.776,0.0,0.0,0,1,0,0
2127,2023-04-23 03:45:00,0.03897,-0.0,0.312,-0.0,-0.312,2.559,-4.688,0.312,27.312,13.776,0,0,0,1,0,0
2128,2023-04-23 04:00:00,0.03897,-0.0,0.288,-0.0,-0.288,2.477,-4.712,0.288,27.288,13.776,0,0,0,1,0,0
2129,2023-04-23 04:15:00,0.03897,0.0,0.285,-0.0,-0.285,2.401,-4.715,0.285,27.285,13.776,0.0,0.0,0,1,0,0
2130,2023-04-23 04:30:00,0.03897,0.0,0.252,-0.0,-0.252,2.326,-4.748,0.252,27.252,13.776,0.0,0.0,0,1,0,0
2131,2023-04-23 04:45:00,0.03897,0.0,0.148,-0.0,-0.148,2.26,-4.852,0.148,27.148,13.776,0.0,0.0,0,1,0,0
2132,2023-04-23 05:00:00,0.03897,-0.0,0.106,-0.0,-0.106,2.221,-4.894,0.106,27.106,13.776,0,0,0,1,0,0
2133,2023-04-23 05:15:00,0.03897,-0.0,0.155,-0.0,-0.155,2.193,-4.845,0.155,27.155,13.776,0,0,0,1,0,0
2134,2023-04-23 05:30:00,0.03897,-0.0,0.116,-0.0,-0.116,2.152,-4.884,0.116,27.116,13.776,0,0,0,1,0,0
2135,2023-04-23 05:45:00,0.03897,-0.0,0.234,-0.0,-0.234,2.122,-4.766,0.234,27.234,13.776,0,0,0,1,0,0
2136,2023-04-23 06:00:00,0.17933,-0.0,0.295,-0.052,-0.295,2.06,-4.757,0.243,27.243,13.776,0,0,0.052,1,1,0.052
2137,2023-04-23 06:15:00,0.17933,0.0,0.247,-0.13,-0.247,1.982,-4.884,0.116,27.116,13.764,0.0,0.0,0.13,1,1,0.13
2138,2023-04-23 06:30:00,0.17933,0.0,0.234,-0.471,-0.234,1.918,-5.0,0.0,27.0,13.733,0.0,0.0,0.471,1,1,0.471
2139,2023-04-23 06:45:00,0.17933,-0.0,1.284,-0.911,-1.284,1.856,-4.627,0.373,27.373,13.621,0,0,0.911,1,1,0.911
2140,2023-04-23 07:00:00,0.17933,0.0,0.425,-1.319,-0.425,1.518,-5.0,0.0,27.0,13.405,0.0,0.0,1.319,1,1,1.319
2141,2023-04-23 07:15:00,0.17933,0.0,0.211,-1.692,-0.211,1.406,-5.0,0.0,27.0,13.091,0.0,0.0,1.692,1,1,1.692
2142,2023-04-23 07:30:00,0.17933,-0.0,0.252,-2.086,-0.252,1.351,-5.0,0.0,27.0,12.689,0,0,2.086,1,1,2.086
2143,2023-04-23 07:45:00,0.17933,0.0,0.698,-2.663,-0.698,1.284,-5.0,0.0,27.0,12.194,0.0,0.0,2.663,1,1,2.663
2144,2023-04-23 08:00:00,0.17933,-0.0,0.477,-2.87,-4.182,1.101,-5.0,0.0,27.0,11.562,0,0,6.575,1,1,6.575
2145,2023-04-23 08:15:00,0.17933,-0.0,0.251,-3.466,0,0.0,-5.0,0.0,27.0,10.0,0,0,3.214,1,1,3.214
2146,2023-04-23 08:30:00,0.17933,2.865,0.213,-3.078,0,0.0,-7.865,-2.865,-0.729,0,2.865,0.0,0,0,0,0
2147,2023-04-23 08:45:00,0.17933,4.284,0.188,-4.472,0,0.0,-9.284,-4.284,-3.568,0,4.284,0.0,0,0,0,0
2148,2023-04-23 09:00:00,0.17933,4.619,0.134,-4.753,0,0.0,-9.619,-4.619,-4.238,0,4.619,0.0,0,0,0,0
2149,2023-04-23 09:15:00,0.17933,5.101,0.213,-5.315,0,0.0,-10.101,-5.101,-5.101,0,5.101,0.0,0,0,0,0
2150,2023-04-23 09:30:00,0.17933,5.286,0.241,-5.527,0,0.0,-10.286,-5.286,-5.286,0,5.286,0.0,0,0,0,0
2151,2023-04-23 09:45:00,0.17933,5.569,0.171,-5.74,0,0.0,-10.569,-5.569,-5.569,0,5.569,0.0,0,0,0,0
2152,2023-04-23 10:00:00,0.17933,6.086,0.628,-6.713,0,0.0,-11.086,-6.086,-6.086,0,6.086,0.0,0,0,0,0
2153,2023-04-23 10:15:00,0.17933,3.589,0.51,-4.099,0,0.0,-8.589,-3.589,-2.178,0,3.589,0.0,0,0,0,0
2154,2023-04-23 10:30:00,0.17933,5.337,0.48,-5.816,0,0.0,-10.337,-5.337,-5.337,0,5.337,0.0,0,0,0,0
2155,2023-04-23 10:45:00,0.17933,4.05,0.526,-4.576,0,0.0,-9.05,-4.05,-3.101,0,4.05,0.0,0,0,0,0
2156,2023-04-23 11:00:00,0.17933,4.38,0.695,-5.075,0,0.0,-9.38,-4.38,-3.76,0,4.38,0.0,0,0,0,0
2157,2023-04-23 11:15:00,0.17933,5.991,0.624,-6.614,0,0.0,-10.991,-5.991,-5.991,0,5.991,0.0,0,0,0,0
2158,2023-04-23 11:30:00,0.17933,6.263,0.335,-6.597,0,0.0,-11.263,-6.263,-6.263,0,6.263,0.0,0,0,0,0
2159,2023-04-23 11:45:00,0.17933,3.899,0.168,-4.067,0,0.0,-8.899,-3.899,-2.798,0,3.899,0.0,0,0,0,0
2160,2023-04-23 12:00:00,0.17933,5.122,0.119,-5.24,0,0.0,-10.122,-5.122,-5.122,0,5.122,0.0,0,0,0,0
2161,2023-04-23 12:15:00,0.17933,1.411,0.175,-2.844,1.258,0.0,-7.669,-2.669,-0.337,0,1.411,0.0,0,0,0,0
2162,2023-04-23 12:30:00,0.17933,0.0,0.124,-4.08,3.956,0.299,-8.956,-3.956,-2.912,0,0.0,0.0,0,0,0,0
2163,2023-04-23 12:45:00,0.17933,0.0,0.205,-3.823,3.618,1.238,-8.618,-3.618,-2.235,0,0.0,0.0,0,0,0,0
2164,2023-04-23 13:00:00,0.17933,1.677,0.233,-6.91,5.0,2.097,-11.677,-6.677,-6.677,0,1.677,0.0,0,0,0,0
2165,2023-04-23 13:15:00,0.17933,-0.0,0.224,-3.173,2.949,3.285,-7.949,-2.949,-0.898,0,0,0,0,0,0,0
2166,2023-04-23 13:30:00,0.17933,0.0,0.191,-1.86,1.669,3.985,-6.669,-1.669,1.661,0,0.0,0.0,0,0,0,0
2167,2023-04-23 13:45:00,0.17933,0.0,0.32,-1.654,1.333,4.382,-6.333,-1.333,2.333,0,0.0,0.0,0,0,0,0
2168,2023-04-23 14:00:00,0.17933,0.0,0.464,-1.121,0.658,4.698,-5.658,-0.658,3.684,0,0.0,0.0,0,0,0,0
2169,2023-04-23 14:15:00,0.17933,-0.0,1.22,-0.975,-0.245,4.855,-4.755,0.245,5.245,0,0,0,0,0,0,0
2170,2023-04-23 14:30:00,0.17933,-0.0,0.969,-1.391,0.422,4.79,-5.422,-0.422,4.155,0,0,0,0,0,0,0
2171,2023-04-23 14:45:00,0.17933,0.0,2.419,-1.528,-0.891,4.89,-4.109,0.891,5.891,0,0.0,0.0,0,0,0,0
2172,2023-04-23 15:00:00,0.17933,0.0,1.055,-1.393,0.338,4.656,-5.338,-0.338,4.323,0,0.0,0.0,0,0,0,0
2173,2023-04-23 15:15:00,0.17933,0.0,0.461,-0.995,0.534,4.736,-5.534,-0.534,3.931,0,0.0,0.0,0,0,0,0
2174,2023-04-23 15:30:00,0.17933,-0.0,0.415,-1.416,1.001,4.863,-6.001,-1.001,2.997,0,0,0,0,0,0,0
2175,2023-04-23 15:45:00,0.17933,0.0,0.454,-2.923,2.47,5.101,-7.47,-2.47,0.061,0,0.0,0.0,0,0,0,0
2176,2023-04-23 16:00:00,0.17933,-0.0,0.363,-2.641,2.277,5.688,-7.277,-2.277,0.446,0,0,0,0,0,0,0
2177,2023-04-23 16:15:00,0.17933,0.0,0.353,-1.695,1.343,6.228,-6.343,-1.343,2.314,0,0.0,0.0,0,0,0,0
2178,2023-04-23 16:30:00,0.17933,-0.0,0.323,-1.671,1.349,6.547,-6.349,-1.349,2.303,0,0,0,0,0,0,0
2179,2023-04-23 16:45:00,0.17933,0.0,0.298,-1.731,1.434,6.868,-6.434,-1.434,2.132,0,0.0,0.0,0,0,0,0
2180,2023-04-23 17:00:00,0.17933,0.0,0.409,-1.487,1.078,7.208,-6.078,-1.078,2.845,0,0.0,0.0,0,0,0,0
2181,2023-04-23 17:15:00,0.17933,0.0,0.334,-0.988,-0.334,7.464,-5.0,0.0,27.0,13.631,0.0,0.0,0.988,1,1,0.988
2182,2023-04-23 17:30:00,0.17933,-0.0,0.506,-0.411,-0.506,7.376,-4.905,0.095,27.095,13.396,0,0,0.411,1,1,0.411
2183,2023-04-23 17:45:00,0.17933,-0.0,0.614,-0.193,-0.614,7.243,-4.579,0.421,27.421,13.298,0,0,0.193,1,1,0.193
2184,2023-04-23 18:00:00,0.17933,-0.0,0.399,-0.008,-0.399,7.081,-4.609,0.391,27.391,13.252,0,0,0.008,1,1,0.008
2185,2023-04-23 18:15:00,0.17933,-0.0,0.517,-0.0,-0.517,6.976,-4.483,0.517,27.517,13.25,0,0,0,1,0,0
2186,2023-04-23 18:30:00,0.17933,0.0,0.357,-0.0,-0.357,6.84,-4.643,0.357,27.357,13.25,0.0,0.0,0,1,0,0
2187,2023-04-23 18:45:00,0.17933,-0.0,0.398,-0.0,-0.398,6.746,-4.602,0.398,27.398,13.25,0,0,0,1,0,0
2188,2023-04-23 19:00:00,0.17933,0.0,0.353,-0.0,-0.353,6.642,-4.647,0.353,27.353,13.25,0.0,0.0,0,1,0,0
2189,2023-04-23 19:15:00,0.17933,0.0,0.428,-0.0,-0.428,6.549,-4.572,0.428,27.428,13.25,0.0,0.0,0,1,0,0
2190,2023-04-23 19:30:00,0.17933,0.0,0.391,-0.0,-0.391,6.436,-4.609,0.391,27.391,13.25,0.0,0.0,0,1,0,0
2191,2023-04-23 19:45:00,0.17933,-0.0,0.346,-0.0,-0.346,6.333,-4.654,0.346,27.346,13.25,0,0,0,1,0,0
2192,2023-04-23 20:00:00,0.02385,-0.0,0.576,-0.0,-0.576,6.242,-4.424,0.576,27.576,13.25,0,0,0,1,0,0
2193,2023-04-23 20:15:00,0.02385,0.0,0.647,-0.0,-0.647,6.091,-4.353,0.647,27.647,13.25,0.0,0.0,0,1,0,0
2194,2023-04-23 20:30:00,0.02385,0.0,0.439,-0.0,-0.439,5.92,-4.561,0.439,27.439,13.25,0.0,0.0,0,1,0,0
2195,2023-04-23 20:45:00,0.02385,-0.0,0.217,-0.0,-0.217,5.805,-4.783,0.217,27.217,13.25,0,0,0,1,0,0
2196,2023-04-23 21:00:00,0.02385,0.0,0.255,-0.0,-0.255,5.748,-4.745,0.255,27.255,13.25,0.0,0.0,0,1,0,0
2197,2023-04-23 21:15:00,0.02385,-0.0,0.196,-0.0,-0.196,5.681,-4.804,0.196,27.196,13.25,0,0,0,1,0,0
2198,2023-04-23 21:30:00,0.02385,0.0,0.198,-0.0,-0.198,5.629,-4.802,0.198,27.198,13.25,0.0,0.0,0,1,0,0
2199,2023-04-23 21:45:00,0.02385,-0.0,0.214,-0.0,-0.214,5.577,-4.786,0.214,27.214,13.25,0,0,0,1,0,0
2200,2023-04-23 22:00:00,0.02385,0.0,0.197,-0.0,-0.197,5.521,-4.803,0.197,27.197,13.25,0.0,0.0,0,1,0,0
2201,2023-04-23 22:15:00,0.02385,-0.0,0.43,-0.0,-0.43,5.469,-4.57,0.43,27.43,13.25,0,0,0,1,0,0
2202,2023-04-23 22:30:00,0.02385,0.0,0.422,-0.0,-0.422,5.356,-4.578,0.422,27.422,13.25,0.0,0.0,0,1,0,0
2203,2023-04-23 22:45:00,0.02385,-0.0,0.426,-0.0,-0.426,5.245,-4.574,0.426,27.426,13.25,0,0,0,1,0,0
2204,2023-04-23 23:00:00,0.02385,0.0,0.35,-0.0,-0.35,5.133,-4.65,0.35,27.35,13.25,0.0,0.0,0,1,0,0
2205,2023-04-23 23:15:00,0.02385,-0.0,0.542,-0.0,-0.542,5.04,-4.458,0.542,27.542,13.25,0,0,0,1,0,0
2206,2023-04-23 23:30:00,0.02385,-0.0,0.476,-0.0,-0.476,4.898,-4.524,0.476,27.476,13.25,0,0,0,1,0,0
2207,2023-04-23 23:45:00,0.02385,0.0,0.332,-0.0,-0.332,4.773,-4.668,0.332,27.332,13.25,0.0,0.0,0,1,0,0
2208,2023-04-24 00:00:00,0.02385,0.0,0.345,-0.0,-0.345,4.685,-4.655,0.345,27.345,13.25,0.0,0.0,0,1,0,0
2209,2023-04-24 00:15:00,0.02385,-0.0,0.468,-0.0,-0.468,4.594,-4.532,0.468,27.468,13.25,0,0,0,1,0,0
2210,2023-04-24 00:30:00,0.02385,0.0,0.487,-0.0,-0.487,4.471,-4.513,0.487,27.487,13.25,0.0,0.0,0,1,0,0
2211,2023-04-24 00:45:00,0.02385,-0.0,0.389,-0.0,-0.389,4.343,-4.611,0.389,27.389,13.25,0,0,0,1,0,0
2212,2023-04-24 01:00:00,0.02385,0.0,0.366,-0.0,-0.366,4.241,-4.634,0.366,27.366,13.25,0.0,0.0,0,1,0,0
2213,2023-04-24 01:15:00,0.02385,-0.0,0.401,-0.0,-0.401,4.144,-4.599,0.401,27.401,13.25,0,0,0,1,0,0
2214,2023-04-24 01:30:00,0.02385,0.0,0.273,-0.0,-0.273,4.039,-4.727,0.273,27.273,13.25,0.0,0.0,0,1,0,0
2215,2023-04-24 01:45:00,0.02385,0.0,0.301,-0.0,-0.301,3.967,-4.699,0.301,27.301,13.25,0.0,0.0,0,1,0,0
2216,2023-04-24 02:00:00,0.02385,-0.0,0.319,-0.0,-0.319,3.888,-4.681,0.319,27.319,13.25,0,0,0,1,0,0
2217,2023-04-24 02:15:00,0.02385,0.0,0.275,-0.0,-0.275,3.804,-4.725,0.275,27.275,13.25,0.0,0.0,0,1,0,0
2218,2023-04-24 02:30:00,0.02385,-0.0,0.329,-0.0,-0.329,3.731,-4.671,0.329,27.329,13.25,0,0,0,1,0,0
2219,2023-04-24 02:45:00,0.02385,0.0,0.35,-0.0,-0.35,3.645,-4.65,0.35,27.35,13.25,0.0,0.0,0,1,0,0
2220,2023-04-24 03:00:00,0.02385,-0.0,0.328,-0.0,-0.328,3.553,-4.672,0.328,27.328,13.25,0,0,0,1,0,0
2221,2023-04-24 03:15:00,0.02385,0.0,0.262,-0.0,-0.262,3.467,-4.738,0.262,27.262,13.25,0.0,0.0,0,1,0,0
2222,2023-04-24 03:30:00,0.02385,0.0,0.298,-0.0,-0.298,3.398,-4.702,0.298,27.298,13.25,0.0,0.0,0,1,0,0
2223,2023-04-24 03:45:00,0.02385,-0.0,0.317,-0.0,-0.317,3.319,-4.683,0.317,27.317,13.25,0,0,0,1,0,0
2224,2023-04-24 04:00:00,0.02385,0.0,0.284,-0.0,-0.284,3.236,-4.716,0.284,27.284,13.25,0.0,0.0,0,1,0,0
2225,2023-04-24 04:15:00,0.02385,0.0,0.256,-0.0,-0.256,3.161,-4.744,0.256,27.256,13.25,0.0,0.0,0,1,0,0
2226,2023-04-24 04:30:00,0.02385,-0.0,0.33,-0.0,-0.33,3.093,-4.67,0.33,27.33,13.25,0,0,0,1,0,0
2227,2023-04-24 04:45:00,0.02385,-0.0,0.346,-0.0,-0.346,3.007,-4.654,0.346,27.346,13.25,0,0,0,1,0,0
2228,2023-04-24 05:00:00,0.02385,0.0,0.343,-0.0,-0.343,2.915,-4.657,0.343,27.343,13.25,0.0,0.0,0,1,0,0
2229,2023-04-24 05:15:00,0.02385,-0.0,0.406,-0.0,-0.406,2.825,-4.594,0.406,27.406,13.25,0,0,0,1,0,0
2230,2023-04-24 05:30:00,0.02385,-0.0,0.304,-0.0,-0.304,2.718,-4.696,0.304,27.304,13.25,0,0,0,1,0,0
2231,2023-04-24 05:45:00,0.02385,0.0,0.367,-0.0,-0.367,2.639,-4.633,0.367,27.367,13.25,0.0,0.0,0,1,0,0
2232,2023-04-24 06:00:00,0.06519,-0.0,0.265,-0.122,-0.265,2.542,-4.857,0.143,27.143,13.25,0,0,0.122,1,1,0.122
2233,2023-04-24 06:15:00,0.06519,0.0,0.294,-0.338,-0.294,2.472,-5.0,0.0,27.0,13.221,0.0,0.0,0.338,1,1,0.338
2234,2023-04-24 06:30:00,0.06519,0.0,0.301,-0.579,-0.301,2.395,-5.0,0.0,27.0,13.141,0.0,0.0,0.579,1,1,0.579
2235,2023-04-24 06:45:00,0.06519,-0.0,0.527,-1.173,-0.527,2.316,-5.0,0.0,27.0,13.004,0,0,1.173,1,1,1.173
2236,2023-04-24 07:00:00,0.06519,0.0,0.657,-0.827,-0.657,2.177,-5.0,0.0,27.0,12.725,0.0,0.0,0.827,1,1,0.827
2237,2023-04-24 07:15:00,0.06519,0.0,0.48,-1.224,-0.48,2.004,-5.0,0.0,27.0,12.529,0.0,0.0,1.224,1,1,1.224
2238,2023-04-24 07:30:00,0.06519,-0.0,0.376,-1.813,-0.376,1.878,-5.0,0.0,27.0,12.238,0,0,1.813,1,1,1.813
2239,2023-04-24 07:45:00,0.06519,-0.0,0.259,-2.113,-0.259,1.779,-5.0,0.0,27.0,11.807,0,0,2.113,1,1,2.113
2240,2023-04-24 08:00:00,0.06519,-0.0,0.257,-2.213,-3.541,1.71,-5.0,0.0,27.0,11.305,0,0,5.496,1,1,5.496
2241,2023-04-24 08:15:00,0.06519,0.0,0.208,-2.362,-2.959,0.779,-5.0,0.0,27.0,10.0,0.0,0.0,5.113,1,1,5.113
2242,2023-04-24 08:30:00,0.06519,2.668,0.227,-2.895,0,0.0,-7.668,-2.668,-0.337,0,2.668,0.0,0,0,0,0
2243,2023-04-24 08:45:00,0.06519,2.821,0.226,-3.047,0,0.0,-7.821,-2.821,-0.643,0,2.821,0.0,0,0,0,0
2244,2023-04-24 09:00:00,0.06519,4.065,0.208,-4.273,0,0.0,-9.065,-4.065,-3.129,0,4.065,0.0,0,0,0,0
2245,2023-04-24 09:15:00,0.06519,5.002,0.257,-5.259,0,0.0,-10.002,-5.002,-5.002,0,5.002,0.0,0,0,0,0
2246,2023-04-24 09:30:00,0.06519,5.228,0.297,-5.525,0,0.0,-10.228,-5.228,-5.228,0,5.228,0.0,0,0,0,0
2247,2023-04-24 09:45:00,0.06519,3.81,0.339,-4.149,0,0.0,-8.81,-3.81,-2.621,0,3.81,0.0,0,0,0,0
2248,2023-04-24 10:00:00,0.06519,4.931,0.247,-5.178,0,0.0,-9.931,-4.931,-4.861,0,4.931,0.0,0,0,0,0
2249,2023-04-24 10:15:00,0.06519,5.821,0.25,-6.071,0,0.0,-10.821,-5.821,-5.821,0,5.821,0.0,0,0,0,0
2250,2023-04-24 10:30:00,0.06519,5.066,0.202,-5.268,0,0.0,-10.066,-5.066,-5.066,0,5.066,0.0,0,0,0,0
2251,2023-04-24 10:45:00,0.06519,4.704,0.243,-4.947,0,0.0,-9.704,-4.704,-4.408,0,4.704,0.0,0,0,0,0
2252,2023-04-24 11:00:00,0.06519,6.158,0.197,-6.355,0,0.0,-11.158,-6.158,-6.158,0,6.158,0.0,0,0,0,0
2253,2023-04-24 11:15:00,0.06519,5.794,0.282,-6.076,0,0.0,-10.794,-5.794,-5.794,0,5.794,0.0,0,0,0,0
2254,2023-04-24 11:30:00,0.06519,5.504,0.422,-5.927,0,0.0,-10.504,-5.504,-5.504,0,5.504,0.0,0,0,0,0
2255,2023-04-24 11:45:00,0.06519,6.23,0.238,-6.468,0,0.0,-11.23,-6.23,-6.23,0,6.23,0.0,0,0,0,0
2256,2023-04-24 12:00:00,0.06519,7.289,0.365,-7.654,0,0.0,-12.289,-7.289,-7.289,0,7.289,0.0,0,0,0,0
2257,2023-04-24 12:15:00,0.06519,6.973,0.419,-7.392,0,0.0,-11.973,-6.973,-6.973,0,6.973,0.0,0,0,0,0
2258,2023-04-24 12:30:00,0.06519,6.228,0.484,-6.713,0,0.0,-11.228,-6.228,-6.228,0,6.228,0.0,0,0,0,0
2259,2023-04-24 12:45:00,0.06519,4.04,0.421,-4.461,0,0.0,-9.04,-4.04,-3.08,0,4.04,0.0,0,0,0,0
2260,2023-04-24 13:00:00,0.06519,3.845,0.858,-4.703,0,0.0,-8.845,-3.845,-2.689,0,3.845,0.0,0,0,0,0
2261,2023-04-24 13:15:00,0.06519,5.733,1.196,-6.929,0,0.0,-10.733,-5.733,-5.733,0,5.733,0.0,0,0,0,0
2262,2023-04-24 13:30:00,0.06519,6.268,0.9,-7.167,0,0.0,-11.268,-6.268,-6.268,0,6.268,0.0,0,0,0,0
2263,2023-04-24 13:45:00,0.06519,4.446,0.959,-6.876,1.47,0.0,-10.916,-5.916,-5.916,0,4.446,0.0,0,0,0,0
2264,2023-04-24 14:00:00,0.06519,1.307,0.948,-7.254,5.0,0.349,-11.307,-6.307,-6.307,0,1.307,0.0,0,0,0,0
2265,2023-04-24 14:15:00,0.06519,0.102,0.733,-5.834,5.0,1.537,-10.102,-5.102,-5.102,0,0.102,0.0,0,0,0,0
2266,2023-04-24 14:30:00,0.06519,-0.0,2.407,-3.462,1.055,2.724,-6.055,-1.055,2.889,0,0,0,0,0,0,0
2267,2023-04-24 14:45:00,0.06519,0.0,2.339,-3.666,1.327,2.975,-6.327,-1.327,2.347,0,0.0,0.0,0,0,0,0
2268,2023-04-24 15:00:00,0.06519,-0.0,0.724,-4.355,3.631,3.29,-8.631,-3.631,-2.261,0,0,0,0,0,0,0
2269,2023-04-24 15:15:00,0.06519,-0.0,0.428,-3.327,2.899,4.152,-7.899,-2.899,-0.799,0,0,0,0,0,0,0
2270,2023-04-24 15:30:00,0.06519,-0.0,0.43,-3.867,3.437,4.841,-8.437,-3.437,-1.875,0,0,0,0,0,0,0
2271,2023-04-24 15:45:00,0.06519,0.0,0.504,-5.251,4.748,5.657,-9.748,-4.748,-4.495,0,0.0,0.0,0,0,0,0
2272,2023-04-24 16:00:00,0.06519,0.0,0.494,-4.042,3.547,6.785,-8.547,-3.547,-2.095,0,0.0,0.0,0,0,0,0
2273,2023-04-24 16:15:00,0.06519,-0.0,0.397,-3.982,3.584,7.627,-8.584,-3.584,-2.169,0,0,0,0,0,0,0
2274,2023-04-24 16:30:00,0.06519,-0.0,0.492,-3.606,3.115,8.478,-8.115,-3.115,-1.229,0,0,0,0,0,0,0
2275,2023-04-24 16:45:00,0.06519,0.0,0.4,-2.627,2.227,9.218,-7.227,-2.227,0.547,0,0.0,0.0,0,0,0,0
2276,2023-04-24 17:00:00,0.06519,0.0,0.842,-1.729,0.887,9.747,-5.887,-0.887,3.226,0,0.0,0.0,0,0,0,0
2277,2023-04-24 17:15:00,0.06519,-0.0,0.856,-1.034,0.178,9.958,-5.178,-0.178,4.644,0,0,0,0,0,0,0
2278,2023-04-24 17:30:00,0.06519,-0.0,0.974,-0.606,-0.368,10.0,-4.632,0.368,5.368,0,0,0,0,0,0,0
2279,2023-04-24 17:45:00,0.06519,-0.0,1.149,-0.366,-0.783,9.903,-4.217,0.783,5.783,0,0,0,0,0,0,0
2280,2023-04-24 18:00:00,0.06519,0.0,0.424,-0.165,-0.259,9.697,-4.741,0.259,5.259,0,0.0,0.0,0,0,0,0
2281,2023-04-24 18:15:00,0.06519,-0.0,0.27,-0.0,-0.27,9.629,-4.73,0.27,5.27,0,0,0,0,0,0,0
2282,2023-04-24 18:30:00,0.06519,0.0,0.198,-0.0,-0.198,9.558,-4.802,0.198,27.198,14.94,0.0,0.0,0,1,0,0
2283,2023-04-24 18:45:00,0.06519,0.0,0.245,-0.0,-0.245,9.506,-4.755,0.245,27.245,14.94,0.0,0.0,0,1,0,0
2284,2023-04-24 19:00:00,0.06519,-0.0,0.248,-0.0,-0.248,9.442,-4.752,0.248,27.248,14.94,0,0,0,1,0,0
2285,2023-04-24 19:15:00,0.06519,0.0,0.279,-0.0,-0.279,9.376,-4.721,0.279,27.279,14.94,0.0,0.0,0,1,0,0
2286,2023-04-24 19:30:00,0.06519,0.0,0.409,-0.0,-0.409,9.303,-4.591,0.409,27.409,14.94,0.0,0.0,0,1,0,0
2287,2023-04-24 19:45:00,0.06519,-0.0,0.784,-0.0,-0.784,9.195,-4.216,0.784,27.784,14.94,0,0,0,1,0,0
2288,2023-04-24 20:00:00,0.07508,-0.0,0.831,-0.0,-0.831,8.989,-4.169,0.831,27.831,14.94,0,0,0,1,0,0
2289,2023-04-24 20:15:00,0.07508,0.0,0.889,-0.0,-0.889,8.771,-4.111,0.889,27.889,14.94,0.0,0.0,0,1,0,0
2290,2023-04-24 20:30:00,0.07508,-0.0,0.65,-0.0,-0.65,8.537,-4.35,0.65,27.65,14.94,0,0,0,1,0,0
2291,2023-04-24 20:45:00,0.07508,0.0,0.711,-0.0,-0.711,8.366,-4.289,0.711,27.711,14.94,0.0,0.0,0,1,0,0
2292,2023-04-24 21:00:00,0.07508,-0.0,0.463,-0.0,-0.463,8.178,-4.537,0.463,27.463,14.94,0,0,0,1,0,0
2293,2023-04-24 21:15:00,0.07508,0.0,0.422,-0.0,-0.422,8.057,-4.578,0.422,27.422,14.94,0.0,0.0,0,1,0,0
2294,2023-04-24 21:30:00,0.07508,-0.0,0.482,-0.0,-0.482,7.945,-4.518,0.482,27.482,14.94,0,0,0,1,0,0
2295,2023-04-24 21:45:00,0.07508,-0.0,0.377,-0.0,-0.377,7.819,-4.623,0.377,27.377,14.94,0,0,0,1,0,0
2296,2023-04-24 22:00:00,0.07508,0.0,0.57,-0.0,-0.57,7.719,-4.43,0.57,27.57,14.94,0.0,0.0,0,1,0,0
2297,2023-04-24 22:15:00,0.07508,0.0,0.345,-0.0,-0.345,7.569,-4.655,0.345,27.345,14.94,0.0,0.0,0,1,0,0
2298,2023-04-24 22:30:00,0.07508,0.0,0.42,-0.0,-0.42,7.478,-4.58,0.42,27.42,14.94,0.0,0.0,0,1,0,0
2299,2023-04-24 22:45:00,0.07508,-0.0,0.353,-0.0,-0.353,7.368,-4.647,0.353,27.353,14.94,0,0,0,1,0,0
2300,2023-04-24 23:00:00,0.07508,0.0,0.243,-0.0,-0.243,7.275,-4.757,0.243,27.243,14.94,0.0,0.0,0,1,0,0
2301,2023-04-24 23:15:00,0.07508,-0.0,0.267,-0.0,-0.267,7.211,-4.733,0.267,27.267,14.94,0,0,0,1,0,0
2302,2023-04-24 23:30:00,0.07508,0.0,0.262,-0.0,-0.262,7.141,-4.738,0.262,27.262,14.94,0.0,0.0,0,1,0,0
2303,2023-04-24 23:45:00,0.07508,-0.0,0.284,-0.0,-0.284,7.072,-4.716,0.284,27.284,14.94,0,0,0,1,0,0
2304,2023-04-25 00:00:00,0.07508,0.0,0.675,-0.0,-0.675,6.997,-4.325,0.675,27.675,14.94,0.0,0.0,0,1,0,0
2305,2023-04-25 00:15:00,0.07508,0.0,0.236,-0.0,-0.236,6.82,-4.764,0.236,27.236,14.94,0.0,0.0,0,1,0,0
2306,2023-04-25 00:30:00,0.07508,-0.0,0.278,-0.0,-0.278,6.757,-4.722,0.278,27.278,14.94,0,0,0,1,0,0
2307,2023-04-25 00:45:00,0.07508,-0.0,0.24,-0.0,-0.24,6.684,-4.76,0.24,27.24,14.94,0,0,0,1,0,0
2308,2023-04-25 01:00:00,0.07508,0.0,0.307,-0.0,-0.307,6.621,-4.693,0.307,27.307,14.94,0.0,0.0,0,1,0,0
2309,2023-04-25 01:15:00,0.07508,0.0,0.38,-0.0,-0.38,6.54,-4.62,0.38,27.38,14.94,0.0,0.0,0,1,0,0
2310,2023-04-25 01:30:00,0.07508,-0.0,0.256,-0.0,-0.256,6.44,-4.744,0.256,27.256,14.94,0,0,0,1,0,0
2311,2023-04-25 01:45:00,0.07508,0.0,0.319,-0.0,-0.319,6.373,-4.681,0.319,27.319,14.94,0.0,0.0,0,1,0,0
2312,2023-04-25 02:00:00,0.07508,0.0,0.263,-0.0,-0.263,6.289,-4.737,0.263,27.263,14.94,0.0,0.0,0,1,0,0
2313,2023-04-25 02:15:00,0.07508,-0.0,0.289,-0.0,-0.289,6.22,-4.711,0.289,27.289,14.94,0,0,0,1,0,0
2314,2023-04-25 02:30:00,0.07508,-0.0,0.19,-0.0,-0.19,6.144,-4.81,0.19,27.19,14.94,0,0,0,1,0,0
2315,2023-04-25 02:45:00,0.07508,0.0,0.164,-0.0,-0.164,6.094,-4.836,0.164,27.164,14.94,0.0,0.0,0,1,0,0
2316,2023-04-25 03:00:00,0.07508,-0.0,0.127,-0.0,-0.127,6.051,-4.873,0.127,27.127,14.94,0,0,0,1,0,0
2317,2023-04-25 03:15:00,0.07508,0.0,0.119,-0.0,-0.119,6.017,-4.881,0.119,27.119,14.94,0.0,0.0,0,1,0,0
2318,2023-04-25 03:30:00,0.07508,0.0,0.207,-0.0,-0.207,5.986,-4.793,0.207,27.207,14.94,0.0,0.0,0,1,0,0
2319,2023-04-25 03:45:00,0.07508,-0.0,0.232,-0.0,-0.232,5.931,-4.768,0.232,27.232,14.94,0,0,0,1,0,0
2320,2023-04-25 04:00:00,0.07508,-0.0,0.194,-0.0,-0.194,5.871,-4.806,0.194,27.194,14.94,0,0,0,1,0,0
2321,2023-04-25 04:15:00,0.07508,-0.0,0.117,-0.0,-0.117,5.82,-4.883,0.117,27.117,14.94,0,0,0,1,0,0
2322,2023-04-25 04:30:00,0.07508,0.0,0.165,-0.0,-0.165,5.789,-4.835,0.165,27.165,14.94,0.0,0.0,0,1,0,0
2323,2023-04-25 04:45:00,0.07508,-0.0,0.113,-0.0,-0.113,5.745,-4.887,0.113,27.113,14.94,0,0,0,1,0,0
2324,2023-04-25 05:00:00,0.07508,-0.0,0.149,-0.0,-0.149,5.716,-4.851,0.149,27.149,14.94,0,0,0,1,0,0
2325,2023-04-25 05:15:00,0.07508,0.0,0.121,-0.0,-0.121,5.676,-4.879,0.121,27.121,14.94,0.0,0.0,0,1,0,0
2326,2023-04-25 05:30:00,0.07508,0.0,0.137,-0.0,-0.137,5.645,-4.863,0.137,27.137,14.94,0.0,0.0,0,1,0,0
2327,2023-04-25 05:45:00,0.07508,-0.0,0.285,-0.0,-0.285,5.609,-4.715,0.285,27.285,14.94,0,0,0,1,0,0
2328,2023-04-25 06:00:00,0.13103,0.0,0.294,-0.0,-0.294,5.534,-4.706,0.294,27.294,14.94,0.0,0.0,0,1,0,0
2329,2023-04-25 06:15:00,0.13103,-0.0,0.358,-0.067,-0.733,5.456,-4.709,0.291,27.291,14.94,0,0,0.443,1,1,0.443
2330,2023-04-25 06:30:00,0.13103,0.0,0.339,-0.28,-5.0,5.263,-4.941,0.059,27.059,14.835,0.0,0.0,4.941,1,1,4.941
2331,2023-04-25 06:45:00,0.13103,-0.0,0.302,-0.416,-5.0,3.947,-5.0,0.0,27.0,13.661,0,0,5.114,1,1,5.114
2332,2023-04-25 07:00:00,0.13103,0.0,0.238,-0.359,-5.0,2.632,-5.0,0.0,27.0,12.447,0.0,0.0,5.12,1,1,5.12
2333,2023-04-25 07:15:00,0.13103,0.0,0.257,-0.439,-5.0,1.316,-5.0,0.0,27.0,11.231,0.0,0.0,5.182,1,1,5.182
2334,2023-04-25 07:30:00,0.13103,0.14,0.231,-0.371,0,0.0,-5.0,0.0,27.0,10.0,0.14,0.0,0,1,0,0
2335,2023-04-25 07:45:00,0.13103,0.061,0.246,-0.373,0.067,0.0,-5.128,-0.128,4.745,0,0.061,0.0,0,0,0,0
2336,2023-04-25 08:00:00,0.13103,0.0,0.289,-0.446,0.157,0.016,-5.157,-0.157,4.685,0,0.0,0.0,0,0,0,0
2337,2023-04-25 08:15:00,0.13103,-0.0,0.267,-0.88,0.613,0.053,-5.613,-0.613,3.773,0,0,0,0,0,0,0
2338,2023-04-25 08:30:00,0.13103,-0.0,0.853,-0.778,-0.075,0.199,-4.925,0.075,5.075,0,0,0,0,0,0,0
2339,2023-04-25 08:45:00,0.13103,0.0,0.345,-0.704,0.36,0.179,-5.36,-0.36,4.28,0,0.0,0.0,0,0,0,0
2340,2023-04-25 09:00:00,0.13103,-0.0,2.014,-1.008,-1.006,0.265,-3.994,1.006,6.006,0,0,0,0,0,0,0
2341,2023-04-25 09:15:00,0.13103,0.512,0.285,-0.797,0,-0.0,-5.512,-0.512,3.977,0,0.512,0.0,0,0,0,0
2342,2023-04-25 09:30:00,0.13103,0.939,0.257,-1.196,0,-0.0,-5.939,-0.939,3.122,0,0.939,0.0,0,0,0,0
2343,2023-04-25 09:45:00,0.13103,1.23,0.283,-1.513,0,-0.0,-6.23,-1.23,2.54,0,1.23,0.0,0,0,0,0
2344,2023-04-25 10:00:00,0.13103,2.084,0.318,-2.403,0,-0.0,-7.084,-2.084,0.832,0,2.084,0.0,0,0,0,0
2345,2023-04-25 10:15:00,0.13103,3.595,0.3,-3.895,0,-0.0,-8.595,-3.595,-2.19,0,3.595,0.0,0,0,0,0
2346,2023-04-25 10:30:00,0.13103,7.371,0.363,-7.734,0,-0.0,-12.371,-7.371,-7.371,0,7.371,0.0,0,0,0,0
2347,2023-04-25 10:45:00,0.13103,4.803,0.5,-5.303,0,-0.0,-9.803,-4.803,-4.605,0,4.803,0.0,0,0,0,0
2348,2023-04-25 11:00:00,0.13103,7.092,0.393,-7.485,0,-0.0,-12.092,-7.092,-7.092,0,7.092,0.0,0,0,0,0
2349,2023-04-25 11:15:00,0.13103,5.231,2.161,-7.393,0,-0.0,-10.231,-5.231,-5.231,0,5.231,0.0,0,0,0,0
2350,2023-04-25 11:30:00,0.13103,5.222,2.892,-8.114,0,-0.0,-10.222,-5.222,-5.222,0,5.222,0.0,0,0,0,0
2351,2023-04-25 11:45:00,0.13103,5.156,2.444,-7.601,0,-0.0,-10.156,-5.156,-5.156,0,5.156,0.0,0,0,0,0
2352,2023-04-25 12:00:00,0.13103,6.356,1.528,-7.884,0,-0.0,-11.356,-6.356,-6.356,0,6.356,0.0,0,0,0,0
2353,2023-04-25 12:15:00,0.13103,6.541,0.679,-7.22,0,-0.0,-11.541,-6.541,-6.541,0,6.541,0.0,0,0,0,0
2354,2023-04-25 12:30:00,0.13103,7.466,0.278,-7.744,0,-0.0,-12.466,-7.466,-7.466,0,7.466,0.0,0,0,0,0
2355,2023-04-25 12:45:00,0.13103,8.058,0.21,-8.267,0,-0.0,-13.058,-8.058,-8.058,0,8.058,0.0,0,0,0,0
2356,2023-04-25 13:00:00,0.13103,8.208,0.22,-8.428,0,-0.0,-13.208,-8.208,-8.208,0,8.208,0.0,0,0,0,0
2357,2023-04-25 13:15:00,0.13103,7.159,1.523,-8.682,0,-0.0,-12.159,-7.159,-7.159,0,7.159,0.0,0,0,0,0
2358,2023-04-25 13:30:00,0.13103,7.196,1.218,-8.414,0,-0.0,-12.196,-7.196,-7.196,0,7.196,0.0,0,0,0,0
2359,2023-04-25 13:45:00,0.13103,8.126,0.232,-8.358,0,-0.0,-13.126,-8.126,-8.126,0,8.126,0.0,0,0,0,0
2360,2023-04-25 14:00:00,0.13103,8.134,0.16,-8.293,0,-0.0,-13.134,-8.134,-8.134,0,8.134,0.0,0,0,0,0
2361,2023-04-25 14:15:00,0.13103,7.833,0.206,-8.038,0,-0.0,-12.833,-7.833,-7.833,0,7.833,0.0,0,0,0,0
2362,2023-04-25 14:30:00,0.13103,7.41,0.268,-7.678,0,-0.0,-12.41,-7.41,-7.41,0,7.41,0.0,0,0,0,0
2363,2023-04-25 14:45:00,0.13103,1.988,0.252,-6.831,4.591,-0.0,-11.579,-6.579,-6.579,0,1.988,0.0,0,0,0,0
2364,2023-04-25 15:00:00,0.13103,1.451,0.208,-6.659,5.0,1.09,-5.0,0.0,27.0,19.965,1.451,0.0,0,1,0,0
2365,2023-04-25 15:15:00,0.13103,0.895,0.303,-6.199,5.0,2.278,-5.0,0.0,27.0,19.965,0.895,0.0,0,1,0,0
2366,2023-04-25 15:30:00,0.13103,0.525,0.29,-5.815,5.0,3.465,-5.0,0.0,27.0,19.965,0.525,0.0,0,1,0,0
2367,2023-04-25 15:45:00,0.13103,-0.0,0.203,-5.123,4.92,4.653,-5.0,0.0,27.0,19.965,0,0,0,1,0,0
2368,2023-04-25 16:00:00,0.13103,0.0,0.119,-4.641,4.522,5.821,-5.0,0.0,27.0,19.965,0.0,0.0,0,1,0,0
2369,2023-04-25 16:15:00,0.13103,0.0,0.139,-3.955,3.816,6.895,-5.0,0.0,27.0,19.965,0.0,0.0,0,1,0,0
2370,2023-04-25 16:30:00,0.13103,0.0,0.129,-3.125,2.996,7.801,-5.0,0.0,27.0,19.965,0.0,0.0,0,1,0,0
2371,2023-04-25 16:45:00,0.13103,0.0,0.153,-2.283,2.13,8.513,-5.0,0.0,27.0,19.965,0.0,0.0,0,1,0,0
2372,2023-04-25 17:00:00,0.13103,-0.0,0.248,-1.475,1.227,9.019,-5.0,0.0,27.0,19.965,0,0,0,1,0,0
2373,2023-04-25 17:15:00,0.13103,-0.0,0.205,-0.719,0.515,9.31,-5.0,0.0,27.0,19.965,0,0,0,1,0,0
2374,2023-04-25 17:30:00,0.13103,0.0,0.196,-0.441,0.246,9.433,-5.0,0.0,27.0,19.965,0.0,0.0,0,1,0,0
2375,2023-04-25 17:45:00,0.13103,-0.0,0.12,-0.39,0.27,9.491,-5.0,0.0,27.0,19.965,0,0,0,1,0,0
2376,2023-04-25 18:00:00,0.13103,0.0,0.136,-0.31,0.174,9.555,-5.0,0.0,27.0,19.965,0.0,0.0,0,1,0,0
2377,2023-04-25 18:15:00,0.13103,0.0,0.13,-0.128,-0.001,9.596,-4.999,0.001,27.001,19.965,0.0,0.0,0,1,0,0
2378,2023-04-25 18:30:00,0.13103,-0.0,0.193,-0.0,-0.193,9.596,-4.807,0.193,27.193,19.965,0,0,0,1,0,0
2379,2023-04-25 18:45:00,0.13103,0.0,0.152,-0.0,-0.152,9.545,-4.848,0.152,27.152,19.965,0.0,0.0,0,1,0,0
2380,2023-04-25 19:00:00,0.13103,0.0,0.109,-0.0,-0.109,9.505,-4.891,0.109,27.109,19.965,0.0,0.0,0,1,0,0
2381,2023-04-25 19:15:00,0.13103,-0.0,0.157,-0.0,-0.157,9.476,-4.843,0.157,27.157,19.965,0,0,0,1,0,0
2382,2023-04-25 19:30:00,0.13103,-0.0,0.126,-0.0,-0.126,9.435,-4.874,0.126,27.126,19.965,0,0,0,1,0,0
2383,2023-04-25 19:45:00,0.13103,0.0,0.208,-0.0,-0.208,9.402,-4.792,0.208,27.208,19.965,0.0,0.0,0,1,0,0
2384,2023-04-25 20:00:00,0.0838,-0.0,0.221,-0.0,-0.221,9.347,-4.779,0.221,27.221,19.965,0,0,0,1,0,0
2385,2023-04-25 20:15:00,0.0838,-0.0,0.158,-0.0,-0.158,9.289,-4.842,0.158,27.158,19.965,0,0,0,1,0,0
2386,2023-04-25 20:30:00,0.0838,0.0,0.167,-0.0,-0.167,9.248,-4.833,0.167,27.167,19.965,0.0,0.0,0,1,0,0
2387,2023-04-25 20:45:00,0.0838,-0.0,1.455,-0.0,-1.455,9.204,-3.545,1.455,28.455,19.965,0,0,0,1,0,0
2388,2023-04-25 21:00:00,0.0838,-0.0,1.481,-0.0,-1.481,8.821,-3.519,1.481,28.481,19.965,0,0,0,1,0,0
2389,2023-04-25 21:15:00,0.0838,-0.0,0.875,-0.0,-0.875,8.431,-4.125,0.875,27.875,19.965,0,0,0,1,0,0
2390,2023-04-25 21:30:00,0.0838,0.0,1.165,-0.0,-1.165,8.201,-3.835,1.165,28.165,19.965,0.0,0.0,0,1,0,0
2391,2023-04-25 21:45:00,0.0838,-0.0,1.652,-0.0,-1.652,7.894,-3.348,1.652,28.652,19.965,0,0,0,1,0,0
2392,2023-04-25 22:00:00,0.0838,0.0,0.697,-0.0,-0.697,7.46,-4.303,0.697,27.697,19.965,0.0,0.0,0,1,0,0
2393,2023-04-25 22:15:00,0.0838,0.0,2.933,-0.0,-2.933,7.276,-2.067,2.933,29.933,19.965,0.0,0.0,0,1,0,0
2394,2023-04-25 22:30:00,0.0838,-0.0,1.042,-0.0,-1.042,6.504,-3.958,1.042,28.042,19.965,0,0,0,1,0,0
2395,2023-04-25 22:45:00,0.0838,0.0,0.79,-0.0,-0.79,6.23,-4.21,0.79,27.79,19.965,0.0,0.0,0,1,0,0
2396,2023-04-25 23:00:00,0.0838,0.0,2.863,-0.0,-2.863,6.022,-2.137,2.863,29.863,19.965,0.0,0.0,0,1,0,0
2397,2023-04-25 23:15:00,0.0838,-0.0,1.616,-0.0,-1.616,5.269,-3.384,1.616,28.616,19.965,0,0,0,1,0,0
2398,2023-04-25 23:30:00,0.0838,0.0,1.414,-0.0,-1.414,4.844,-3.586,1.414,28.414,19.965,0.0,0.0,0,1,0,0
2399,2023-04-25 23:45:00,0.0838,0.0,1.884,-0.0,-1.884,4.472,-3.116,1.884,28.884,19.965,0.0,0.0,0,1,0,0
2400,2023-04-26 00:00:00,0.0838,0.0,1.183,-0.0,-1.183,3.976,-3.817,1.183,28.183,19.965,0.0,0.0,0,1,0,0
2401,2023-04-26 00:15:00,0.0838,-0.0,1.977,-0.0,-1.977,3.665,-3.023,1.977,28.977,19.965,0,0,0,1,0,0
2402,2023-04-26 00:30:00,0.0838,-0.0,1.074,-0.0,-1.074,3.144,-3.926,1.074,28.074,19.965,0,0,0,1,0,0
2403,2023-04-26 00:45:00,0.0838,-0.0,0.521,-0.0,-0.521,2.862,-4.479,0.521,27.521,19.965,0,0,0,1,0,0
2404,2023-04-26 01:00:00,0.0838,0.0,0.569,-0.0,-0.569,2.725,-4.431,0.569,27.569,19.965,0.0,0.0,0,1,0,0
2405,2023-04-26 01:15:00,0.0838,0.0,0.519,-0.0,-0.519,2.575,-4.481,0.519,27.519,19.965,0.0,0.0,0,1,0,0
2406,2023-04-26 01:30:00,0.0838,0.0,0.554,-0.0,-0.554,2.438,-4.446,0.554,27.554,19.965,0.0,0.0,0,1,0,0
2407,2023-04-26 01:45:00,0.0838,-0.0,0.489,-0.0,-0.489,2.292,-4.511,0.489,27.489,19.965,0,0,0,1,0,0
2408,2023-04-26 02:00:00,0.0838,-0.0,0.335,-0.0,-0.335,2.164,-4.665,0.335,27.335,19.965,0,0,0,1,0,0
2409,2023-04-26 02:15:00,0.0838,0.0,0.559,-0.0,-0.559,2.076,-4.441,0.559,27.559,19.965,0.0,0.0,0,1,0,0
2410,2023-04-26 02:30:00,0.0838,0.0,0.427,-0.0,-0.427,1.928,-4.573,0.427,27.427,19.965,0.0,0.0,0,1,0,0
2411,2023-04-26 02:45:00,0.0838,-0.0,0.464,-0.0,-0.464,1.816,-4.536,0.464,27.464,19.965,0,0,0,1,0,0
2412,2023-04-26 03:00:00,0.0838,-0.0,0.469,-0.0,-0.469,1.694,-4.531,0.469,27.469,19.965,0,0,0,1,0,0
2413,2023-04-26 03:15:00,0.0838,0.0,0.386,-0.0,-0.386,1.571,-4.614,0.386,27.386,19.965,0.0,0.0,0,1,0,0
2414,2023-04-26 03:30:00,0.0838,0.0,0.428,-0.0,-0.428,1.469,-4.572,0.428,27.428,19.965,0.0,0.0,0,1,0,0
2415,2023-04-26 03:45:00,0.0838,0.0,0.546,-0.0,-0.546,1.356,-4.454,0.546,27.546,19.965,0.0,0.0,0,1,0,0
2416,2023-04-26 04:00:00,0.0838,-0.0,0.377,-0.0,-0.377,1.212,-4.623,0.377,27.377,19.965,0,0,0,1,0,0
2417,2023-04-26 04:15:00,0.0838,0.0,0.618,-0.0,-0.618,1.113,-4.382,0.618,27.618,19.965,0.0,0.0,0,1,0,0
2418,2023-04-26 04:30:00,0.0838,-0.0,1.831,-0.0,-1.831,0.951,-3.169,1.831,28.831,19.965,0,0,0,1,0,0
2419,2023-04-26 04:45:00,0.0838,-0.0,0.704,-0.0,-0.704,0.469,-4.296,0.704,27.704,19.965,0,0,0,1,0,0
2420,2023-04-26 05:00:00,0.0838,-0.0,0.318,-0.0,-0.318,0.284,-4.682,0.318,27.318,19.965,0,0,0,1,0,0
2421,2023-04-26 05:15:00,0.0838,0.0,0.278,-0.0,-0.278,0.2,-4.722,0.278,27.278,19.965,0.0,0.0,0,1,0,0
2422,2023-04-26 05:30:00,0.0838,0.0,0.142,-0.0,-0.142,0.127,-4.858,0.142,27.142,19.965,0.0,0.0,0,1,0,0
2423,2023-04-26 05:45:00,0.0838,0.0,0.163,-0.026,-0.138,0.089,-4.862,0.138,27.138,19.965,0.0,0.0,0,1,0,0
2424,2023-04-26 06:00:00,0.09867,-0.0,0.201,-0.205,0.004,0.053,-5.0,0.0,27.0,19.965,0,0,0,1,0,0
2425,2023-04-26 06:15:00,0.09867,0.0,0.31,-0.48,0.171,0.054,-5.0,0.0,27.0,19.965,0.0,0.0,0,1,0,0
2426,2023-04-26 06:30:00,0.09867,-0.0,1.218,-0.858,-0.36,0.095,-4.64,0.36,27.36,19.965,0,0,0,1,0,0
2427,2023-04-26 06:45:00,0.09867,0.695,0.589,-1.284,0,-0.0,-5.0,0.0,27.0,19.965,0.695,0.0,0,1,0,0
2428,2023-04-26 07:00:00,0.09867,0.0,0.261,-1.769,0,-0.0,-5.0,0.0,27.0,19.965,0.0,0.0,1.508,1,1,1.508
2429,2023-04-26 07:15:00,0.09867,-0.0,0.289,-2.29,0,-0.0,-6.107,-1.107,24.786,19.607,0,0,2.0,1,1,2.0
2430,2023-04-26 07:30:00,0.09867,0.0,0.294,-2.814,0,-0.0,-7.519,-2.519,21.962,19.131,0.0,0.0,2.519,1,1,2.519
2431,2023-04-26 07:45:00,0.09867,3.118,0.237,-3.355,0,-0.0,-8.118,-3.118,20.765,18.533,3.118,0.0,0,1,0,0
2432,2023-04-26 08:00:00,0.09867,3.608,0.253,-3.861,0,-0.0,-8.608,-3.608,19.784,18.533,3.608,0.0,0,1,0,0
2433,2023-04-26 08:15:00,0.09867,4.103,0.253,-4.355,0,-0.0,-9.103,-4.103,18.795,18.533,4.103,0.0,0,1,0,0
2434,2023-04-26 08:30:00,0.09867,0.0,0.205,-4.872,0,-0.0,-9.667,-4.667,17.667,18.533,0.0,0.0,4.667,1,1,4.667
2435,2023-04-26 08:45:00,0.09867,-0.0,0.307,-5.352,0,-0.0,-10.044,-5.044,16.956,17.425,0,0,5.044,1,1,5.044
2436,2023-04-26 09:00:00,0.09867,0.0,0.278,-5.81,0,-0.0,-10.533,-5.533,16.467,16.227,0.0,0.0,5.533,1,1,5.533
2437,2023-04-26 09:15:00,0.09867,6.015,0.261,-6.276,0,-0.0,-11.015,-6.015,15.985,14.913,6.015,0.0,0,1,0,0
2438,2023-04-26 09:30:00,0.09867,0.0,0.165,-6.685,0,-0.0,-11.52,-6.52,15.48,14.913,0.0,0.0,6.52,1,1,6.52
2439,2023-04-26 09:45:00,0.09867,6.488,0.204,-6.691,0,-0.0,-11.488,-6.488,15.512,13.364,6.488,0.0,0,1,0,0
2440,2023-04-26 10:00:00,0.09867,0.0,0.214,-7.352,0,-0.0,-12.138,-7.138,14.862,13.364,0.0,0.0,7.138,1,1,7.138
2441,2023-04-26 10:15:00,0.09867,7.458,0.181,-7.639,0,-0.0,-12.458,-7.458,14.542,11.669,7.458,0.0,0,1,0,0
2442,2023-04-26 10:30:00,0.09867,7.761,0.16,-7.921,0,-0.0,-12.761,-7.761,14.239,11.669,7.761,0.0,0,1,0,0
2443,2023-04-26 10:45:00,0.09867,8.023,0.119,-8.142,0,-0.0,-13.023,-8.023,13.977,11.669,8.023,0.0,0,1,0,0
2444,2023-04-26 11:00:00,0.09867,1.458,0.169,-8.389,0,-0.0,-13.22,-8.22,13.78,11.669,1.458,0.0,6.762,1,1,6.762
2445,2023-04-26 11:15:00,0.09867,8.442,0.157,-8.599,0,-0.0,-13.442,-8.442,13.558,10.063,8.442,0.0,0,1,0,0
2446,2023-04-26 11:30:00,0.09867,8.458,0.301,-8.76,0,-0.0,-13.458,-8.458,13.542,10.063,8.458,0.0,0,1,0,0
2447,2023-04-26 11:45:00,0.09867,7.154,1.681,-8.836,0,-0.0,-12.154,-7.154,14.846,10.063,7.154,0.0,0,1,0,0
2448,2023-04-26 12:00:00,0.09867,8.342,0.632,-8.973,0,-0.0,-13.342,-8.342,13.658,10.063,8.342,0.0,0,1,0,0
2449,2023-04-26 12:15:00,0.09867,8.491,0.483,-8.974,0,-0.0,-13.491,-8.491,13.509,10.063,8.491,0.0,0,1,0,0
2450,2023-04-26 12:30:00,0.09867,-0.0,0.447,-9.027,0,-0.0,-13.58,-8.58,13.42,10.063,0,0,8.58,1,1,8.58
2451,2023-04-26 12:45:00,0.09867,0.0,0.536,-8.984,0,-0.0,-13.448,-8.448,13.552,8.025,0.0,0.0,8.448,1,1,8.448
2452,2023-04-26 13:00:00,0.09867,0.0,1.061,-8.935,0,-0.0,-12.874,-7.874,14.126,6.019,0.0,0.0,7.874,1,1,7.874
2453,2023-04-26 13:15:00,0.09867,7.061,1.827,-8.888,0,-0.0,-12.061,-7.061,14.939,4.149,7.061,0.0,0,1,0,0
2454,2023-04-26 13:30:00,0.09867,-0.0,0.99,-8.719,0,-0.0,-12.729,-7.729,14.271,4.149,0,0,7.729,1,1,7.729
2455,2023-04-26 13:45:00,0.09867,7.858,0.645,-8.503,0,-0.0,-12.858,-7.858,14.142,2.313,7.858,0.0,0,1,0,0
2456,2023-04-26 14:00:00,0.09867,7.634,0.656,-8.29,0,-0.0,-12.634,-7.634,14.366,2.313,7.634,0.0,0,1,0,0
2457,2023-04-26 14:15:00,0.09867,6.978,1.043,-8.021,0,-0.0,-11.978,-6.978,15.022,2.313,6.978,0.0,0,1,0,0
2458,2023-04-26 14:30:00,0.09867,0.0,0.769,-7.712,0,-0.0,-11.943,-6.943,15.057,2.313,0.0,0.0,6.943,1,1,6.943
2459,2023-04-26 14:45:00,0.09867,3.416,0.62,-7.337,3.302,-0.0,-11.717,-6.717,15.283,0.664,3.416,0.0,0,1,0,0
2460,2023-04-26 15:00:00,0.09867,1.176,0.686,-6.862,5.0,0.784,-11.176,-6.176,15.824,0.664,1.176,0.0,0,1,0,0
2461,2023-04-26 15:15:00,0.09867,0.816,0.631,-6.446,5.0,1.972,-10.816,-5.816,16.184,0.664,0.816,0.0,0,1,0,0
2462,2023-04-26 15:30:00,0.09867,0.0,5.191,-5.915,0.724,3.159,-5.724,-0.724,25.552,0.664,0.0,0.0,0,1,0,0
2463,2023-04-26 15:45:00,0.09867,-0.0,5.659,-5.305,-0.354,3.331,-4.646,0.354,27.354,0.664,0,0,0,1,0,0
2464,2023-04-26 16:00:00,0.09867,0.0,1.737,-4.622,2.885,3.238,-7.885,-2.885,21.231,0.664,0.0,0.0,0,1,0,0
2465,2023-04-26 16:15:00,0.09867,-0.0,0.729,-3.882,3.153,3.923,-8.153,-3.153,20.694,0.664,0,0,0,1,0,0
2466,2023-04-26 16:30:00,0.09867,-0.0,0.297,-3.093,2.796,4.672,-7.796,-2.796,21.408,0.664,0,0,0,1,0,0
2467,2023-04-26 16:45:00,0.09867,0.0,0.372,-2.252,1.881,5.336,-6.881,-1.881,23.239,0.664,0.0,0.0,0,1,0,0
2468,2023-04-26 17:00:00,0.09867,-0.0,0.473,-1.419,0.946,5.782,-5.946,-0.946,25.108,0.664,0,0,0,1,0,0
2469,2023-04-26 17:15:00,0.09867,-0.0,0.536,-0.699,0.162,6.007,-5.162,-0.162,26.676,0.664,0,0,0,1,0,0
2470,2023-04-26 17:30:00,0.09867,0.0,1.423,-0.39,-1.032,6.046,-3.968,1.032,28.032,0.664,0.0,0.0,0,1,0,0
2471,2023-04-26 17:45:00,0.09867,-0.0,1.011,-0.354,-0.658,5.774,-4.342,0.658,27.658,0.664,0,0,0,1,0,0
2472,2023-04-26 18:00:00,0.09867,0.0,0.428,-0.297,-0.13,5.601,-4.87,0.13,27.13,0.664,0.0,0.0,0,1,0,0
2473,2023-04-26 18:15:00,0.09867,-0.0,0.419,-0.157,-0.262,5.567,-4.738,0.262,27.262,0.664,0,0,0,1,0,0
2474,2023-04-26 18:30:00,0.09867,0.0,0.608,-0.0,-0.608,5.498,-4.392,0.608,27.608,0.664,0.0,0.0,0,1,0,0
2475,2023-04-26 18:45:00,0.09867,0.0,0.634,-0.0,-0.634,5.338,-4.366,0.634,27.634,0.664,0.0,0.0,0,1,0,0
2476,2023-04-26 19:00:00,0.09867,-0.0,0.649,-0.0,-0.649,5.171,-4.351,0.649,27.649,0.664,0,0,0,1,0,0
2477,2023-04-26 19:15:00,0.09867,-0.0,0.744,-0.0,-0.744,5.0,-4.256,0.744,27.744,0.664,0,0,0,1,0,0
2478,2023-04-26 19:30:00,0.09867,0.0,0.567,-0.0,-0.567,4.804,-4.433,0.567,27.567,0.664,0.0,0.0,0,1,0,0
2479,2023-04-26 19:45:00,0.09867,0.0,0.539,-0.0,-0.539,4.655,-4.461,0.539,27.539,0.664,0.0,0.0,0,1,0,0
2480,2023-04-26 20:00:00,-0.03689,-0.0,0.454,-0.0,-0.454,4.513,-4.546,0.454,27.454,0.664,0,0,0,1,0,0
2481,2023-04-26 20:15:00,-0.03689,-0.0,0.819,-0.0,-0.819,4.394,-4.181,0.819,27.819,0.664,0,0,0,1,0,0
2482,2023-04-26 20:30:00,-0.03689,0.0,0.879,-0.0,-0.879,4.178,-4.121,0.879,27.879,0.664,0.0,0.0,0,1,0,0
2483,2023-04-26 20:45:00,-0.03689,0.0,0.664,-0.0,-0.664,3.947,-4.336,0.664,27.664,0.664,0.0,0.0,0,1,0,0
2484,2023-04-26 21:00:00,-0.03689,-0.0,0.601,-0.0,-0.601,3.772,-4.399,0.601,27.601,0.664,0,0,0,1,0,0
2485,2023-04-26 21:15:00,-0.03689,0.0,0.621,-0.0,-0.621,3.614,-4.379,0.621,27.621,0.664,0.0,0.0,0,1,0,0
2486,2023-04-26 21:30:00,-0.03689,-0.0,0.755,-0.0,-0.755,3.451,-4.245,0.755,27.755,0.664,0,0,0,1,0,0
2487,2023-04-26 21:45:00,-0.03689,-0.0,0.656,-0.0,-0.656,3.252,-4.344,0.656,27.656,0.664,0,0,0,1,0,0
2488,2023-04-26 22:00:00,-0.03689,0.0,0.722,-0.0,-0.722,3.079,-4.278,0.722,27.722,0.664,0.0,0.0,0,1,0,0
2489,2023-04-26 22:15:00,-0.03689,0.0,0.698,-0.0,-0.698,2.889,-4.302,0.698,27.698,0.664,0.0,0.0,0,1,0,0
2490,2023-04-26 22:30:00,-0.03689,-0.0,0.643,-0.0,-0.643,2.706,-4.357,0.643,27.643,0.664,0,0,0,1,0,0
2491,2023-04-26 22:45:00,-0.03689,-0.0,0.485,-0.0,-0.485,2.537,-4.515,0.485,27.485,0.664,0,0,0,1,0,0
2492,2023-04-26 23:00:00,-0.03689,0.0,0.456,-0.0,-0.456,2.409,-4.544,0.456,27.456,0.664,0.0,0.0,0,1,0,0
2493,2023-04-26 23:15:00,-0.03689,-0.0,0.527,-0.0,-0.527,2.289,-4.473,0.527,27.527,0.664,0,0,0,1,0,0
2494,2023-04-26 23:30:00,-0.03689,-0.0,0.475,-0.0,-0.475,2.15,-4.525,0.475,27.475,0.664,0,0,0,1,0,0
2495,2023-04-26 23:45:00,-0.03689,0.0,0.598,-0.0,-0.598,2.025,-4.402,0.598,27.598,0.664,0.0,0.0,0,1,0,0
2496,2023-04-27 00:00:00,-0.03689,0.0,0.576,-0.0,-0.576,1.868,-4.424,0.576,27.576,0.664,0.0,0.0,0,1,0,0
2497,2023-04-27 00:15:00,-0.03689,-0.0,0.524,-0.0,-0.524,1.717,-4.476,0.524,27.524,0.664,0,0,0,1,0,0
2498,2023-04-27 00:30:00,-0.03689,0.0,0.483,-0.0,-0.483,1.579,-4.517,0.483,27.483,0.664,0.0,0.0,0,1,0,0
2499,2023-04-27 00:45:00,-0.03689,-0.0,0.481,-0.0,-0.481,1.451,-4.519,0.481,27.481,0.664,0,0,0,1,0,0
2500,2023-04-27 01:00:00,-0.03689,-0.0,0.343,-0.0,-0.343,1.325,-4.657,0.343,27.343,0.664,0,0,0,1,0,0
2501,2023-04-27 01:15:00,-0.03689,-0.0,0.249,-0.0,-0.249,1.235,-4.751,0.249,27.249,0.664,0,0,0,1,0,0
2502,2023-04-27 01:30:00,-0.03689,0.0,0.285,-0.0,-0.285,1.169,-4.715,0.285,27.285,0.664,0.0,0.0,0,1,0,0
2503,2023-04-27 01:45:00,-0.03689,-0.0,0.254,-0.0,-0.254,1.094,-4.746,0.254,27.254,0.664,0,0,0,1,0,0
2504,2023-04-27 02:00:00,-0.03689,-0.0,0.386,-0.0,-0.386,1.027,-4.614,0.386,27.386,0.664,0,0,0,1,0,0
2505,2023-04-27 02:15:00,-0.03689,0.0,0.324,-0.0,-0.324,0.926,-4.676,0.324,27.324,0.664,0.0,0.0,0,1,0,0
2506,2023-04-27 02:30:00,-0.03689,-0.0,0.311,-0.0,-0.311,0.841,-4.689,0.311,27.311,0.664,0,0,0,1,0,0
2507,2023-04-27 02:45:00,-0.03689,0.0,0.318,-0.0,-0.318,0.759,-4.682,0.318,27.318,0.664,0.0,0.0,0,1,0,0
2508,2023-04-27 03:00:00,-0.03689,-0.0,0.267,-0.0,-0.267,0.675,-4.733,0.267,27.267,0.664,0,0,0,1,0,0
2509,2023-04-27 03:15:00,-0.03689,-0.0,0.264,-0.0,-0.264,0.605,-4.736,0.264,27.264,0.664,0,0,0,1,0,0
2510,2023-04-27 03:30:00,-0.03689,-0.0,0.281,-0.0,-0.281,0.535,-4.719,0.281,27.281,0.664,0,0,0,1,0,0
2511,2023-04-27 03:45:00,-0.03689,-0.0,0.266,-0.0,-0.266,0.461,-4.734,0.266,27.266,0.664,0,0,0,1,0,0
2512,2023-04-27 04:00:00,-0.03689,0.0,0.154,-0.0,-0.154,0.391,-4.846,0.154,27.154,0.664,0.0,0.0,0,1,0,0
2513,2023-04-27 04:15:00,-0.03689,0.0,0.211,-0.0,-0.211,0.351,-4.789,0.211,27.211,0.664,0.0,0.0,0,1,0,0
2514,2023-04-27 04:30:00,-0.03689,0.0,0.225,-0.0,-0.225,0.295,-4.775,0.225,27.225,0.664,0.0,0.0,0,1,0,0
2515,2023-04-27 04:45:00,-0.03689,-0.0,0.195,-0.0,-0.195,0.236,-4.805,0.195,27.195,0.664,0,0,0,1,0,0
2516,2023-04-27 05:00:00,-0.03689,-0.0,0.208,-0.0,-0.208,0.185,-4.792,0.208,27.208,0.664,0,0,0,1,0,0
2517,2023-04-27 05:15:00,-0.03689,0.0,0.124,-0.0,-0.124,0.13,-4.876,0.124,27.124,0.664,0.0,0.0,0,1,0,0
2518,2023-04-27 05:30:00,-0.03689,-0.0,0.164,-0.0,-0.164,0.097,-4.836,0.164,27.164,0.664,0,0,0,1,0,0
2519,2023-04-27 05:45:00,-0.03689,0.0,0.128,-0.016,-0.112,0.054,-4.888,0.112,27.112,0.664,0.0,0.0,0,1,0,0
2520,2023-04-27 06:00:00,0.16415,-0.0,0.269,-0.176,-0.094,0.025,-4.906,0.094,27.094,0.664,0,0,0,1,0,0
2521,2023-04-27 06:15:00,0.16415,0.277,0.236,-0.513,0,0.0,-5.277,-0.277,26.445,0.664,0.277,0.0,0,1,0,0
2522,2023-04-27 06:30:00,0.16415,0.49,0.426,-0.916,0,0.0,-5.49,-0.49,26.021,0.664,0.49,0.0,0,1,0,0
2523,2023-04-27 06:45:00,0.16415,-0.0,1.065,-1.347,0,0.0,-5.282,-0.282,26.436,0.664,0,0,0.282,1,1,0.282
2524,2023-04-27 07:00:00,0.16415,1.435,0.404,-1.839,0,0.0,-6.435,-1.435,24.129,0.597,1.435,0.0,0,1,0,0
2525,2023-04-27 07:15:00,0.16415,2.006,0.346,-2.352,0,0.0,-7.006,-2.006,22.987,0.597,2.006,0.0,0,1,0,0
2526,2023-04-27 07:30:00,0.16415,0.0,0.38,-2.893,0,0.0,-7.513,-2.513,21.973,0.597,0.0,0.0,2.513,1,1,2.513
2527,2023-04-27 07:45:00,0.16415,2.999,0.441,-3.44,0,0.0,-7.999,-2.999,-0.999,0,2.999,0.0,0,0,0,0
2528,2023-04-27 08:00:00,0.16415,3.584,0.407,-3.991,0,0.0,-8.584,-3.584,-2.169,0,3.584,0.0,0,0,0,0
2529,2023-04-27 08:15:00,0.16415,4.017,0.491,-4.508,0,0.0,-9.017,-4.017,-3.035,0,4.017,0.0,0,0,0,0
2530,2023-04-27 08:30:00,0.16415,4.658,0.319,-4.977,0,0.0,-9.658,-4.658,-4.315,0,4.658,0.0,0,0,0,0
2531,2023-04-27 08:45:00,0.16415,4.589,0.852,-5.44,0,0.0,-9.589,-4.589,-4.177,0,4.589,0.0,0,0,0,0
2532,2023-04-27 09:00:00,0.16415,4.679,1.234,-5.913,0,0.0,-9.679,-4.679,-4.358,0,4.679,0.0,0,0,0,0
2533,2023-04-27 09:15:00,0.16415,6.025,0.332,-6.358,0,0.0,-11.025,-6.025,-6.025,0,6.025,0.0,0,0,0,0
2534,2023-04-27 09:30:00,0.16415,6.201,0.541,-6.741,0,0.0,-11.201,-6.201,-6.201,0,6.201,0.0,0,0,0,0
2535,2023-04-27 09:45:00,0.16415,6.517,0.389,-6.906,0,0.0,-11.517,-6.517,-6.517,0,6.517,0.0,0,0,0,0
2536,2023-04-27 10:00:00,0.16415,7.1,0.356,-7.456,0,0.0,-12.1,-7.1,-7.1,0,7.1,0.0,0,0,0,0
2537,2023-04-27 10:15:00,0.16415,7.512,0.259,-7.771,0,0.0,-12.512,-7.512,-7.512,0,7.512,0.0,0,0,0,0
2538,2023-04-27 10:30:00,0.16415,7.751,0.277,-8.028,0,0.0,-12.751,-7.751,-7.751,0,7.751,0.0,0,0,0,0
2539,2023-04-27 10:45:00,0.16415,7.931,0.34,-8.271,0,0.0,-12.931,-7.931,-7.931,0,7.931,0.0,0,0,0,0
2540,2023-04-27 11:00:00,0.16415,8.102,0.404,-8.506,0,0.0,-13.102,-8.102,-8.102,0,8.102,0.0,0,0,0,0
2541,2023-04-27 11:15:00,0.16415,7.891,0.73,-8.621,0,0.0,-12.891,-7.891,-7.891,0,7.891,0.0,0,0,0,0
2542,2023-04-27 11:30:00,0.16415,8.026,0.671,-8.697,0,0.0,-13.026,-8.026,-8.026,0,8.026,0.0,0,0,0,0
2543,2023-04-27 11:45:00,0.16415,8.239,0.631,-8.871,0,0.0,-13.239,-8.239,-8.239,0,8.239,0.0,0,0,0,0
2544,2023-04-27 12:00:00,0.16415,8.181,0.77,-8.952,0,0.0,-13.181,-8.181,-8.181,0,8.181,0.0,0,0,0,0
2545,2023-04-27 12:15:00,0.16415,8.595,0.404,-8.999,0,0.0,-13.595,-8.595,-8.595,0,8.595,0.0,0,0,0,0
2546,2023-04-27 12:30:00,0.16415,8.646,0.361,-9.007,0,0.0,-13.646,-8.646,-8.646,0,8.646,0.0,0,0,0,0
2547,2023-04-27 12:45:00,0.16415,8.494,0.423,-8.917,0,0.0,-13.494,-8.494,-8.494,0,8.494,0.0,0,0,0,0
2548,2023-04-27 13:00:00,0.16415,8.413,0.466,-8.879,0,0.0,-13.413,-8.413,-8.413,0,8.413,0.0,0,0,0,0
2549,2023-04-27 13:15:00,0.16415,8.309,0.483,-8.792,0,0.0,-13.309,-8.309,-8.309,0,8.309,0.0,0,0,0,0
2550,2023-04-27 13:30:00,0.16415,8.119,0.583,-8.702,0,0.0,-13.119,-8.119,-8.119,0,8.119,0.0,0,0,0,0
2551,2023-04-27 13:45:00,0.16415,7.668,0.833,-8.501,0,0.0,-12.668,-7.668,-7.668,0,7.668,0.0,0,0,0,0
2552,2023-04-27 14:00:00,0.16415,6.716,1.509,-8.225,0,0.0,-11.716,-6.716,-6.716,0,6.716,0.0,0,0,0,0
2553,2023-04-27 14:15:00,0.16415,5.04,2.813,-7.853,0,0.0,-10.04,-5.04,-5.04,0,5.04,0.0,0,0,0,0
2554,2023-04-27 14:30:00,0.16415,5.479,2.179,-7.659,0,0.0,-10.479,-5.479,-5.479,0,5.479,0.0,0,0,0,0
2555,2023-04-27 14:45:00,0.16415,6.802,0.491,-7.293,0,0.0,-11.802,-6.802,-6.802,0,6.802,0.0,0,0,0,0
2556,2023-04-27 15:00:00,0.16415,6.385,0.501,-6.886,0,0.0,-11.385,-6.385,-6.385,0,6.385,0.0,0,0,0,0
2557,2023-04-27 15:15:00,0.16415,0.78,0.657,-6.437,5.0,0.0,-10.78,-5.78,-5.78,0,0.78,0.0,0,0,0,0
2558,2023-04-27 15:30:00,0.16415,2.906,0.442,-5.872,2.524,1.188,-10.43,-5.43,-5.43,0,2.906,0.0,0,0,0,0
2559,2023-04-27 15:45:00,0.16415,-0.0,0.598,-5.32,0,1.787,-5.0,0.0,27.0,4.387,0,0,4.722,1,1,4.722
2560,2023-04-27 16:00:00,0.16415,0.0,0.507,-4.638,3.787,1.787,-5.0,0.0,27.0,3.266,0.0,0.0,0.344,1,1,0.344
2561,2023-04-27 16:15:00,0.16415,-0.0,0.566,-3.88,3.314,2.686,-5.0,0.0,27.0,3.184,0,0,0,1,0,0
2562,2023-04-27 16:30:00,0.16415,0.0,0.678,-3.084,2.406,3.474,-5.0,0.0,27.0,3.184,0.0,0.0,0,1,0,0
2563,2023-04-27 16:45:00,0.16415,-0.0,1.987,-2.24,0.253,4.045,-5.0,0.0,27.0,3.184,0,0,0,1,0,0
2564,2023-04-27 17:00:00,0.16415,0.0,0.373,-1.409,1.036,4.105,-5.0,0.0,27.0,3.184,0.0,0.0,0,1,0,0
2565,2023-04-27 17:15:00,0.16415,-0.0,0.312,-0.702,0.389,4.351,-5.0,0.0,27.0,3.184,0,0,0,1,0,0
2566,2023-04-27 17:30:00,0.16415,0.0,0.459,-0.393,-0.066,4.444,-4.934,0.066,27.066,3.184,0.0,0.0,0,1,0,0
2567,2023-04-27 17:45:00,0.16415,-0.0,0.317,-0.354,0.037,4.426,-5.0,0.0,27.0,3.184,0,0,0,1,0,0
2568,2023-04-27 18:00:00,0.16415,0.0,0.365,-0.303,-0.062,4.435,-4.938,0.062,27.062,3.184,0.0,0.0,0,1,0,0
2569,2023-04-27 18:15:00,0.16415,-0.0,0.401,-0.174,-0.227,4.419,-4.773,0.227,27.227,3.184,0,0,0,1,0,0
2570,2023-04-27 18:30:00,0.16415,-0.0,0.359,-0.0,-0.359,4.359,-4.641,0.359,27.359,3.184,0,0,0,1,0,0
2571,2023-04-27 18:45:00,0.16415,0.0,0.438,-0.0,-0.438,4.264,-4.562,0.438,27.438,3.184,0.0,0.0,0,1,0,0
2572,2023-04-27 19:00:00,0.16415,-0.0,0.453,-0.0,-0.453,4.149,-4.547,0.453,27.453,3.184,0,0,0,1,0,0
2573,2023-04-27 19:15:00,0.16415,0.0,0.508,-0.0,-0.508,4.03,-4.492,0.508,27.508,3.184,0.0,0.0,0,1,0,0
2574,2023-04-27 19:30:00,0.16415,-0.0,2.372,-0.0,-2.372,3.896,-2.628,2.372,29.372,3.184,0,0,0,1,0,0
2575,2023-04-27 19:45:00,0.16415,0.0,0.397,-0.0,-0.397,3.272,-4.603,0.397,27.397,3.184,0.0,0.0,0,1,0,0
2576,2023-04-27 20:00:00,0.05465,0.0,0.857,-0.0,-0.857,3.168,-4.143,0.857,27.857,3.184,0.0,0.0,0,1,0,0
2577,2023-04-27 20:15:00,0.05465,-0.0,1.331,-0.0,-1.331,2.942,-3.669,1.331,28.331,3.184,0,0,0,1,0,0
2578,2023-04-27 20:30:00,0.05465,-0.0,0.45,-0.0,-0.45,2.592,-4.55,0.45,27.45,3.184,0,0,0,1,0,0
2579,2023-04-27 20:45:00,0.05465,0.0,0.393,-0.0,-0.393,2.474,-4.607,0.393,27.393,3.184,0.0,0.0,0,1,0,0
2580,2023-04-27 21:00:00,0.05465,0.0,0.458,-0.0,-0.458,2.37,-4.542,0.458,27.458,3.184,0.0,0.0,0,1,0,0
2581,2023-04-27 21:15:00,0.05465,-0.0,0.472,-0.0,-0.472,2.25,-4.528,0.472,27.472,3.184,0,0,0,1,0,0
2582,2023-04-27 21:30:00,0.05465,0.0,0.463,-0.0,-0.463,2.125,-4.537,0.463,27.463,3.184,0.0,0.0,0,1,0,0
2583,2023-04-27 21:45:00,0.05465,0.0,0.299,-0.0,-0.299,2.003,-4.701,0.299,27.299,3.184,0.0,0.0,0,1,0,0
2584,2023-04-27 22:00:00,0.05465,-0.0,0.194,-0.0,-0.194,1.925,-4.806,0.194,27.194,3.184,0,0,0,1,0,0
2585,2023-04-27 22:15:00,0.05465,0.0,0.26,-0.0,-0.26,1.874,-4.74,0.26,27.26,3.184,0.0,0.0,0,1,0,0
2586,2023-04-27 22:30:00,0.05465,-0.0,0.233,-0.0,-0.233,1.805,-4.767,0.233,27.233,3.184,0,0,0,1,0,0
2587,2023-04-27 22:45:00,0.05465,-0.0,0.299,-0.0,-0.299,1.744,-4.701,0.299,27.299,3.184,0,0,0,1,0,0
2588,2023-04-27 23:00:00,0.05465,-0.0,0.292,-0.0,-0.292,1.665,-4.708,0.292,27.292,3.184,0,0,0,1,0,0
2589,2023-04-27 23:15:00,0.05465,0.0,0.355,-0.0,-0.355,1.589,-4.645,0.355,27.355,3.184,0.0,0.0,0,1,0,0
2590,2023-04-27 23:30:00,0.05465,-0.0,0.264,-0.0,-0.264,1.495,-4.736,0.264,27.264,3.184,0,0,0,1,0,0
2591,2023-04-27 23:45:00,0.05465,0.0,0.388,-0.0,-0.388,1.426,-4.612,0.388,27.388,3.184,0.0,0.0,0,1,0,0
2592,2023-04-28 00:00:00,0.05465,-0.0,0.374,-0.0,-0.374,1.323,-4.626,0.374,27.374,3.184,0,0,0,1,0,0
2593,2023-04-28 00:15:00,0.05465,-0.0,0.36,-0.0,-0.36,1.225,-4.64,0.36,27.36,3.184,0,0,0,1,0,0
2594,2023-04-28 00:30:00,0.05465,0.0,0.289,-0.0,-0.289,1.13,-4.711,0.289,27.289,3.184,0.0,0.0,0,1,0,0
2595,2023-04-28 00:45:00,0.05465,-0.0,0.259,-0.0,-0.259,1.054,-4.741,0.259,27.259,3.184,0,0,0,1,0,0
2596,2023-04-28 01:00:00,0.05465,-0.0,0.145,-0.0,-0.145,0.986,-4.855,0.145,27.145,3.184,0,0,0,1,0,0
2597,2023-04-28 01:15:00,0.05465,-0.0,0.159,-0.0,-0.159,0.948,-4.841,0.159,27.159,3.184,0,0,0,1,0,0
2598,2023-04-28 01:30:00,0.05465,0.0,0.236,-0.0,-0.236,0.906,-4.764,0.236,27.236,3.184,0.0,0.0,0,1,0,0
2599,2023-04-28 01:45:00,0.05465,-0.0,0.337,-0.0,-0.337,0.844,-4.663,0.337,27.337,3.184,0,0,0,1,0,0
2600,2023-04-28 02:00:00,0.05465,0.0,0.166,-0.0,-0.166,0.755,-4.834,0.166,27.166,3.184,0.0,0.0,0,1,0,0
2601,2023-04-28 02:15:00,0.05465,-0.0,0.19,-0.0,-0.19,0.711,-4.81,0.19,27.19,3.184,0,0,0,1,0,0
2602,2023-04-28 02:30:00,0.05465,-0.0,0.256,-0.0,-0.256,0.661,-4.744,0.256,27.256,3.184,0,0,0,1,0,0
2603,2023-04-28 02:45:00,0.05465,0.0,0.218,-0.0,-0.218,0.594,-4.782,0.218,27.218,3.184,0.0,0.0,0,1,0,0
2604,2023-04-28 03:00:00,0.05465,-0.0,0.234,-0.0,-0.234,0.537,-4.766,0.234,27.234,3.184,0,0,0,1,0,0
2605,2023-04-28 03:15:00,0.05465,-0.0,0.16,-0.0,-0.16,0.475,-4.84,0.16,27.16,3.184,0,0,0,1,0,0
2606,2023-04-28 03:30:00,0.05465,-0.0,0.128,-0.0,-0.128,0.433,-4.872,0.128,27.128,3.184,0,0,0,1,0,0
2607,2023-04-28 03:45:00,0.05465,0.0,0.162,-0.0,-0.162,0.399,-4.838,0.162,27.162,3.184,0.0,0.0,0,1,0,0
2608,2023-04-28 04:00:00,0.05465,0.0,0.134,-0.0,-0.134,0.357,-4.866,0.134,27.134,3.184,0.0,0.0,0,1,0,0
2609,2023-04-28 04:15:00,0.05465,-0.0,0.182,-0.0,-0.182,0.321,-4.818,0.182,27.182,3.184,0,0,0,1,0,0
2610,2023-04-28 04:30:00,0.05465,-0.0,0.109,-0.0,-0.109,0.273,-4.891,0.109,27.109,3.184,0,0,0,1,0,0
2611,2023-04-28 04:45:00,0.05465,0.0,0.158,-0.0,-0.158,0.245,-4.842,0.158,27.158,3.184,0.0,0.0,0,1,0,0
2612,2023-04-28 05:00:00,0.05465,-0.0,0.185,-0.0,-0.185,0.203,-4.815,0.185,27.185,3.184,0,0,0,1,0,0
2613,2023-04-28 05:15:00,0.05465,0.0,0.204,-0.0,-0.204,0.154,-4.796,0.204,27.204,3.184,0.0,0.0,0,1,0,0
2614,2023-04-28 05:30:00,0.05465,-0.0,0.257,-0.0,-0.257,0.101,-4.743,0.257,27.257,3.184,0,0,0,1,0,0
2615,2023-04-28 05:45:00,0.05465,-0.0,0.162,-0.037,-0.125,0.033,-4.875,0.125,27.125,3.184,0,0,0,1,0,0
2616,2023-04-28 06:00:00,0.23002,-0.0,0.14,-0.234,0,0.0,-5.0,0.0,27.0,3.184,0,0,0.094,1,1,0.094
2617,2023-04-28 06:15:00,0.23002,0.0,0.167,-0.541,0,0.0,-5.0,0.0,27.0,3.162,0.0,0.0,0.375,1,1,0.375
2618,2023-04-28 06:30:00,0.23002,-0.0,0.876,-0.928,0,0.0,-5.0,0.0,27.0,3.073,0,0,0.052,1,1,0.052
2619,2023-04-28 06:45:00,0.23002,-0.0,1.0,-1.363,0,0.0,-5.0,0.0,27.0,3.06,0,0,0.363,1,1,0.363
2620,2023-04-28 07:00:00,0.23002,-0.0,0.325,-1.836,0,0.0,-5.211,-0.211,26.579,2.974,0,0,1.511,1,1,1.511
2621,2023-04-28 07:15:00,0.23002,0.0,0.336,-2.353,0,0.0,-7.017,-2.017,22.967,2.615,0.0,0.0,2.017,1,1,2.017
2622,2023-04-28 07:30:00,0.23002,-0.0,0.363,-2.873,0,0.0,-7.509,-2.509,21.981,2.136,0,0,2.509,1,1,2.509
2623,2023-04-28 07:45:00,0.23002,-0.0,0.49,-3.319,0,0.0,-7.829,-2.829,21.342,1.54,0,0,2.829,1,1,2.829
2624,2023-04-28 08:00:00,0.23002,0.0,0.243,-3.9,0,0.0,-8.657,-3.657,19.686,0.869,0.0,0.0,3.657,1,1,3.657
2625,2023-04-28 08:15:00,0.23002,4.09,0.248,-4.338,0,0.0,-9.09,-4.09,-3.181,0,4.09,0.0,0,0,0,0
2626,2023-04-28 08:30:00,0.23002,4.617,0.199,-4.816,0,0.0,-9.617,-4.617,-4.235,0,4.617,0.0,0,0,0,0
2627,2023-04-28 08:45:00,0.23002,5.016,0.265,-5.281,0,0.0,-10.016,-5.016,-5.016,0,5.016,0.0,0,0,0,0
2628,2023-04-28 09:00:00,0.23002,5.573,0.184,-5.757,0,0.0,-10.573,-5.573,-5.573,0,5.573,0.0,0,0,0,0
2629,2023-04-28 09:15:00,0.23002,5.915,0.268,-6.183,0,0.0,-10.915,-5.915,-5.915,0,5.915,0.0,0,0,0,0
2630,2023-04-28 09:30:00,0.23002,6.058,0.466,-6.524,0,0.0,-11.058,-6.058,-6.058,0,6.058,0.0,0,0,0,0
2631,2023-04-28 09:45:00,0.23002,6.044,0.645,-6.689,0,0.0,-11.044,-6.044,-6.044,0,6.044,0.0,0,0,0,0
2632,2023-04-28 10:00:00,0.23002,7.061,0.164,-7.226,0,0.0,-12.061,-7.061,-7.061,0,7.061,0.0,0,0,0,0
2633,2023-04-28 10:15:00,0.23002,7.25,0.247,-7.498,0,0.0,-12.25,-7.25,-7.25,0,7.25,0.0,0,0,0,0
2634,2023-04-28 10:30:00,0.23002,7.455,0.304,-7.759,0,0.0,-12.455,-7.455,-7.455,0,7.455,0.0,0,0,0,0
2635,2023-04-28 10:45:00,0.23002,7.762,0.261,-8.023,0,0.0,-12.762,-7.762,-7.762,0,7.762,0.0,0,0,0,0
2636,2023-04-28 11:00:00,0.23002,7.975,0.256,-8.23,0,0.0,-12.975,-7.975,-7.975,0,7.975,0.0,0,0,0,0
2637,2023-04-28 11:15:00,0.23002,7.993,0.404,-8.397,0,0.0,-12.993,-7.993,-7.993,0,7.993,0.0,0,0,0,0
2638,2023-04-28 11:30:00,0.23002,8.167,0.449,-8.615,0,0.0,-13.167,-8.167,-8.167,0,8.167,0.0,0,0,0,0
2639,2023-04-28 11:45:00,0.23002,8.444,0.215,-8.659,0,0.0,-13.444,-8.444,-8.444,0,8.444,0.0,0,0,0,0
2640,2023-04-28 12:00:00,0.23002,8.14,0.569,-8.709,0,0.0,-13.14,-8.14,-8.14,0,8.14,0.0,0,0,0,0
2641,2023-04-28 12:15:00,0.23002,7.774,0.944,-8.718,0,0.0,-12.774,-7.774,-7.774,0,7.774,0.0,0,0,0,0
2642,2023-04-28 12:30:00,0.23002,8.137,0.577,-8.714,0,0.0,-13.137,-8.137,-8.137,0,8.137,0.0,0,0,0,0
2643,2023-04-28 12:45:00,0.23002,7.741,0.885,-8.626,0,0.0,-12.741,-7.741,-7.741,0,7.741,0.0,0,0,0,0
2644,2023-04-28 13:00:00,0.23002,7.952,0.613,-8.565,0,0.0,-12.952,-7.952,-7.952,0,7.952,0.0,0,0,0,0
2645,2023-04-28 13:15:00,0.23002,8.136,0.401,-8.537,0,0.0,-13.136,-8.136,-8.136,0,8.136,0.0,0,0,0,0
2646,2023-04-28 13:30:00,0.23002,8.024,0.437,-8.461,0,0.0,-13.024,-8.024,-8.024,0,8.024,0.0,0,0,0,0
2647,2023-04-28 13:45:00,0.23002,7.716,0.528,-8.244,0,0.0,-12.716,-7.716,-7.716,0,7.716,0.0,0,0,0,0
2648,2023-04-28 14:00:00,0.23002,7.534,0.454,-7.988,0,0.0,-12.534,-7.534,-7.534,0,7.534,0.0,0,0,0,0
2649,2023-04-28 14:15:00,0.23002,7.236,0.516,-7.752,0,0.0,-12.236,-7.236,-7.236,0,7.236,0.0,0,0,0,0
2650,2023-04-28 14:30:00,0.23002,3.46,0.701,-7.431,3.27,0.0,-11.73,-6.73,-6.73,0,3.46,0.0,0,0,0,0
2651,2023-04-28 14:45:00,0.23002,1.411,0.695,-7.106,5.0,0.777,-11.411,-6.411,-6.411,0,1.411,0.0,0,0,0,0
2652,2023-04-28 15:00:00,0.23002,1.414,0.231,-6.645,5.0,1.964,-11.414,-6.414,-6.414,0,1.414,0.0,0,0,0,0
2653,2023-04-28 15:15:00,0.23002,0.55,0.636,-6.185,5.0,3.152,-10.55,-5.55,-5.55,0,0.55,0.0,0,0,0,0
2654,2023-04-28 15:30:00,0.23002,-0.0,1.104,-5.691,4.587,4.339,-9.587,-4.587,-4.175,0,0,0,0,0,0,0
2655,2023-04-28 15:45:00,0.23002,0.0,0.638,-5.138,4.5,5.429,-9.5,-4.5,-4.0,0,0.0,0.0,0,0,0,0
2656,2023-04-28 16:00:00,0.23002,-0.0,0.69,-4.451,3.761,6.497,-8.761,-3.761,-2.522,0,0,0,0,0,0,0
2657,2023-04-28 16:15:00,0.23002,0.0,1.254,-3.748,-1.254,7.391,-5.0,0.0,27.0,7.591,0.0,0.0,3.748,1,1,3.748
2658,2023-04-28 16:30:00,0.23002,-0.0,3.308,-2.996,-3.308,7.061,-4.688,0.312,27.312,6.701,0,0,2.996,1,1,2.996
2659,2023-04-28 16:45:00,0.23002,0.0,2.891,-2.194,-0.76,6.19,-4.303,0.697,27.697,5.989,0.0,0.0,0.063,1,1,0.063
2660,2023-04-28 17:00:00,0.23002,0.0,1.614,-1.398,-0.216,5.99,-4.784,0.216,27.216,5.975,0.0,0.0,0,1,0,0
2661,2023-04-28 17:15:00,0.23002,0.0,1.634,-0.721,-0.913,5.933,-4.087,0.913,27.913,5.975,0.0,0.0,0,1,0,0
2662,2023-04-28 17:30:00,0.23002,-0.0,0.74,-0.423,-0.316,5.693,-4.684,0.316,27.316,5.975,0,0,0,1,0,0
2663,2023-04-28 17:45:00,0.23002,0.0,1.353,-0.383,-0.97,5.61,-4.03,0.97,27.97,5.975,0.0,0.0,0,1,0,0
2664,2023-04-28 18:00:00,0.23002,-0.0,1.302,-0.317,-0.986,5.354,-4.014,0.986,27.986,5.975,0,0,0,1,0,0
2665,2023-04-28 18:15:00,0.23002,0.0,0.62,-0.184,-0.436,5.095,-4.564,0.436,27.436,5.975,0.0,0.0,0,1,0,0
2666,2023-04-28 18:30:00,0.23002,0.0,0.25,-0.0,-0.25,4.98,-4.75,0.25,27.25,5.975,0.0,0.0,0,1,0,0
2667,2023-04-28 18:45:00,0.23002,0.0,0.169,-0.0,-0.169,4.915,-4.831,0.169,27.169,5.975,0.0,0.0,0,1,0,0
2668,2023-04-28 19:00:00,0.23002,-0.0,0.338,-0.0,-0.338,4.87,-4.662,0.338,27.338,5.975,0,0,0,1,0,0
2669,2023-04-28 19:15:00,0.23002,0.0,0.573,-0.0,-0.573,4.781,-4.427,0.573,27.573,5.975,0.0,0.0,0,1,0,0
2670,2023-04-28 19:30:00,0.23002,0.0,0.487,-0.0,-0.487,4.63,-4.513,0.487,27.487,5.975,0.0,0.0,0,1,0,0
2671,2023-04-28 19:45:00,0.23002,-0.0,0.602,-0.0,-0.602,4.502,-4.398,0.602,27.602,5.975,0,0,0,1,0,0
2672,2023-04-28 20:00:00,0.06577,-0.0,0.327,-0.0,-0.327,4.343,-4.673,0.327,27.327,5.975,0,0,0,1,0,0
2673,2023-04-28 20:15:00,0.06577,-0.0,0.247,-0.0,-0.247,4.257,-4.753,0.247,27.247,5.975,0,0,0,1,0,0
2674,2023-04-28 20:30:00,0.06577,0.0,0.281,-0.0,-0.281,4.192,-4.719,0.281,27.281,5.975,0.0,0.0,0,1,0,0
2675,2023-04-28 20:45:00,0.06577,0.0,0.255,-0.0,-0.255,4.119,-4.745,0.255,27.255,5.975,0.0,0.0,0,1,0,0
2676,2023-04-28 21:00:00,0.06577,0.0,0.283,-0.0,-0.283,4.052,-4.717,0.283,27.283,5.975,0.0,0.0,0,1,0,0
2677,2023-04-28 21:15:00,0.06577,-0.0,0.205,-0.0,-0.205,3.977,-4.795,0.205,27.205,5.975,0,0,0,1,0,0
2678,2023-04-28 21:30:00,0.06577,0.0,0.177,-0.0,-0.177,3.923,-4.823,0.177,27.177,5.975,0.0,0.0,0,1,0,0
2679,2023-04-28 21:45:00,0.06577,-0.0,0.319,-0.0,-0.319,3.877,-4.681,0.319,27.319,5.975,0,0,0,1,0,0
2680,2023-04-28 22:00:00,0.06577,-0.0,0.49,-0.0,-0.49,3.793,-4.51,0.49,27.49,5.975,0,0,0,1,0,0
2681,2023-04-28 22:15:00,0.06577,-0.0,0.702,-0.0,-0.702,3.664,-4.298,0.702,27.702,5.975,0,0,0,1,0,0
2682,2023-04-28 22:30:00,0.06577,-0.0,0.832,-0.0,-0.832,3.479,-4.168,0.832,27.832,5.975,0,0,0,1,0,0
2683,2023-04-28 22:45:00,0.06577,0.0,0.68,-0.0,-0.68,3.26,-4.32,0.68,27.68,5.975,0.0,0.0,0,1,0,0
2684,2023-04-28 23:00:00,0.06577,0.0,0.637,-0.0,-0.637,3.081,-4.363,0.637,27.637,5.975,0.0,0.0,0,1,0,0
2685,2023-04-28 23:15:00,0.06577,-0.0,0.606,-0.0,-0.606,2.913,-4.394,0.606,27.606,5.975,0,0,0,1,0,0
2686,2023-04-28 23:30:00,0.06577,-0.0,0.476,-0.0,-0.476,2.754,-4.524,0.476,27.476,5.975,0,0,0,1,0,0
2687,2023-04-28 23:45:00,0.06577,-0.0,0.433,-0.0,-0.433,2.629,-4.567,0.433,27.433,5.975,0,0,0,1,0,0
2688,2023-04-29 00:00:00,0.06577,0.0,0.447,-0.0,-0.447,2.515,-4.553,0.447,27.447,5.975,0.0,0.0,0,1,0,0
2689,2023-04-29 00:15:00,0.06577,-0.0,0.421,-0.0,-0.421,2.397,-4.579,0.421,27.421,5.975,0,0,0,1,0,0
2690,2023-04-29 00:30:00,0.06577,0.0,0.492,-0.0,-0.492,2.286,-4.508,0.492,27.492,5.975,0.0,0.0,0,1,0,0
2691,2023-04-29 00:45:00,0.06577,-0.0,0.442,-0.0,-0.442,2.157,-4.558,0.442,27.442,5.975,0,0,0,1,0,0
2692,2023-04-29 01:00:00,0.06577,-0.0,0.494,-0.0,-0.494,2.041,-4.506,0.494,27.494,5.975,0,0,0,1,0,0
2693,2023-04-29 01:15:00,0.06577,0.0,0.396,-0.0,-0.396,1.911,-4.604,0.396,27.396,5.975,0.0,0.0,0,1,0,0
2694,2023-04-29 01:30:00,0.06577,-0.0,0.455,-0.0,-0.455,1.806,-4.545,0.455,27.455,5.975,0,0,0,1,0,0
2695,2023-04-29 01:45:00,0.06577,0.0,0.341,-0.0,-0.341,1.687,-4.659,0.341,27.341,5.975,0.0,0.0,0,1,0,0
2696,2023-04-29 02:00:00,0.06577,-0.0,0.422,-0.0,-0.422,1.597,-4.578,0.422,27.422,5.975,0,0,0,1,0,0
2697,2023-04-29 02:15:00,0.06577,0.0,0.376,-0.0,-0.376,1.486,-4.624,0.376,27.376,5.975,0.0,0.0,0,1,0,0
2698,2023-04-29 02:30:00,0.06577,0.0,0.394,-0.0,-0.394,1.387,-4.606,0.394,27.394,5.975,0.0,0.0,0,1,0,0
2699,2023-04-29 02:45:00,0.06577,-0.0,0.391,-0.0,-0.391,1.283,-4.609,0.391,27.391,5.975,0,0,0,1,0,0
2700,2023-04-29 03:00:00,0.06577,0.0,0.365,-0.0,-0.365,1.18,-4.635,0.365,27.365,5.975,0.0,0.0,0,1,0,0
2701,2023-04-29 03:15:00,0.06577,0.0,0.454,-0.0,-0.454,1.084,-4.546,0.454,27.454,5.975,0.0,0.0,0,1,0,0
2702,2023-04-29 03:30:00,0.06577,0.0,0.471,-0.0,-0.471,0.965,-4.529,0.471,27.471,5.975,0.0,0.0,0,1,0,0
2703,2023-04-29 03:45:00,0.06577,-0.0,0.414,-0.0,-0.414,0.841,-4.586,0.414,27.414,5.975,0,0,0,1,0,0
2704,2023-04-29 04:00:00,0.06577,0.0,0.451,-0.0,-0.451,0.732,-4.549,0.451,27.451,5.975,0.0,0.0,0,1,0,0
2705,2023-04-29 04:15:00,0.06577,-0.0,0.353,-0.0,-0.353,0.613,-4.647,0.353,27.353,5.975,0,0,0,1,0,0
2706,2023-04-29 04:30:00,0.06577,0.0,0.483,-0.0,-0.483,0.521,-4.517,0.483,27.483,5.975,0.0,0.0,0,1,0,0
2707,2023-04-29 04:45:00,0.06577,-0.0,0.269,-0.0,-0.269,0.393,-4.731,0.269,27.269,5.975,0,0,0,1,0,0
2708,2023-04-29 05:00:00,0.06577,-0.0,0.171,-0.0,-0.171,0.323,-4.829,0.171,27.171,5.975,0,0,0,1,0,0
2709,2023-04-29 05:15:00,0.06577,-0.0,0.2,-0.0,-0.2,0.278,-4.8,0.2,27.2,5.975,0,0,0,1,0,0
2710,2023-04-29 05:30:00,0.06577,0.0,0.243,-0.0,-0.243,0.225,-4.757,0.243,27.243,5.975,0.0,0.0,0,1,0,0
2711,2023-04-29 05:45:00,0.06577,-0.0,0.257,-0.018,-0.239,0.161,-4.761,0.239,27.239,5.975,0,0,0,1,0,0
2712,2023-04-29 06:00:00,0.16547,0.0,0.338,-0.177,-0.161,0.098,-4.839,0.161,27.161,5.975,0.0,0.0,0,1,0,0
2713,2023-04-29 06:15:00,0.16547,-0.0,0.272,-0.479,0,0.056,-5.0,0.0,27.0,5.975,0,0,0.207,1,1,0.207
2714,2023-04-29 06:30:00,0.16547,-0.0,0.271,-0.695,0,0.056,-5.0,0.0,27.0,5.925,0,0,0.424,1,1,0.424
2715,2023-04-29 06:45:00,0.16547,-0.0,1.302,-1.089,-0.213,0.056,-4.787,0.213,27.213,5.825,0,0,0,1,0,0
2716,2023-04-29 07:00:00,0.16547,-0.0,0.466,-1.586,0,0.0,-5.0,0.0,27.0,5.825,0,0,1.121,1,1,1.121
2717,2023-04-29 07:15:00,0.16547,0.0,0.293,-2.154,0,0.0,-5.0,0.0,27.0,5.559,0.0,0.0,1.861,1,1,1.861
2718,2023-04-29 07:30:00,0.16547,-0.0,0.211,-2.61,0,0.0,-5.0,0.0,27.0,5.117,0,0,2.399,1,1,2.399
2719,2023-04-29 07:45:00,0.16547,0.0,0.254,-3.065,0,0.0,-5.0,0.0,27.0,4.547,0.0,0.0,2.811,1,1,2.811
2720,2023-04-29 08:00:00,0.16547,0.0,0.223,-3.666,0,0.0,-5.0,0.0,27.0,3.879,0.0,0.0,3.443,1,1,3.443
2721,2023-04-29 08:15:00,0.16547,-0.0,0.182,-3.872,0,0.0,-5.0,0.0,27.0,3.061,0,0,3.69,1,1,3.69
2722,2023-04-29 08:30:00,0.16547,0.0,0.238,-4.473,0,0.0,-5.0,0.0,27.0,2.185,0.0,0.0,4.235,1,1,4.235
2723,2023-04-29 08:45:00,0.16547,0.0,0.235,-5.2,0,0.0,-5.0,0.0,27.0,1.179,0.0,0.0,4.965,1,1,4.965
2724,2023-04-29 09:00:00,0.16547,5.291,0.183,-5.473,0,0.0,-10.291,-5.291,-5.291,0,5.291,0.0,0,0,0,0
2725,2023-04-29 09:15:00,0.16547,5.07,0.136,-5.206,0,0.0,-10.07,-5.07,-5.07,0,5.07,0.0,0,0,0,0
2726,2023-04-29 09:30:00,0.16547,4.476,0.165,-4.641,0,0.0,-9.476,-4.476,-3.952,0,4.476,0.0,0,0,0,0
2727,2023-04-29 09:45:00,0.16547,5.493,0.124,-5.617,0,0.0,-10.493,-5.493,-5.493,0,5.493,0.0,0,0,0,0
2728,2023-04-29 10:00:00,0.16547,5.719,0.52,-6.239,0,0.0,-10.719,-5.719,-5.719,0,5.719,0.0,0,0,0,0
2729,2023-04-29 10:15:00,0.16547,5.532,0.623,-6.155,0,0.0,-10.532,-5.532,-5.532,0,5.532,0.0,0,0,0,0
2730,2023-04-29 10:30:00,0.16547,4.277,0.267,-4.543,0,0.0,-9.277,-4.277,-3.553,0,4.277,0.0,0,0,0,0
2731,2023-04-29 10:45:00,0.16547,3.461,0.285,-3.745,0,0.0,-8.461,-3.461,-1.922,0,3.461,0.0,0,0,0,0
2732,2023-04-29 11:00:00,0.16547,3.749,0.321,-4.07,0,0.0,-8.749,-3.749,-2.498,0,3.749,0.0,0,0,0,0
2733,2023-04-29 11:15:00,0.16547,5.425,2.497,-7.922,0,0.0,-10.425,-5.425,-5.425,0,5.425,0.0,0,0,0,0
2734,2023-04-29 11:30:00,0.16547,3.878,4.471,-8.349,0,0.0,-8.878,-3.878,-2.756,0,3.878,0.0,0,0,0,0
2735,2023-04-29 11:45:00,0.16547,2.854,5.606,-8.461,0,0.0,-7.854,-2.854,-0.709,0,2.854,0.0,0,0,0,0
2736,2023-04-29 12:00:00,0.16547,6.469,2.121,-8.59,0,0.0,-11.469,-6.469,-6.469,0,6.469,0.0,0,0,0,0
2737,2023-04-29 12:15:00,0.16547,7.049,1.607,-8.657,0,0.0,-12.049,-7.049,-7.049,0,7.049,0.0,0,0,0,0
2738,2023-04-29 12:30:00,0.16547,7.162,1.445,-8.607,0,0.0,-12.162,-7.162,-7.162,0,7.162,0.0,0,0,0,0
2739,2023-04-29 12:45:00,0.16547,6.42,2.29,-8.71,0,0.0,-11.42,-6.42,-6.42,0,6.42,0.0,0,0,0,0
2740,2023-04-29 13:00:00,0.16547,6.756,1.589,-8.345,0,0.0,-11.756,-6.756,-6.756,0,6.756,0.0,0,0,0,0
2741,2023-04-29 13:15:00,0.16547,7.32,1.488,-8.808,0,0.0,-12.32,-7.32,-7.32,0,7.32,0.0,0,0,0,0
2742,2023-04-29 13:30:00,0.16547,5.581,1.736,-7.317,0,0.0,-10.581,-5.581,-5.581,0,5.581,0.0,0,0,0,0
2743,2023-04-29 13:45:00,0.16547,5.672,2.058,-7.73,0,0.0,-10.672,-5.672,-5.672,0,5.672,0.0,0,0,0,0
2744,2023-04-29 14:00:00,0.16547,6.196,1.727,-7.923,0,0.0,-11.196,-6.196,-6.196,0,6.196,0.0,0,0,0,0
2745,2023-04-29 14:15:00,0.16547,3.19,2.557,-7.386,1.639,0.0,-9.829,-4.829,-4.658,0,3.19,0.0,0,0,0,0
2746,2023-04-29 14:30:00,0.16547,0.646,1.616,-7.262,5.0,0.389,-10.646,-5.646,-5.646,0,0.646,0.0,0,0,0,0
2747,2023-04-29 14:45:00,0.16547,0.0,1.876,-6.835,4.959,1.577,-9.959,-4.959,-4.919,0,0.0,0.0,0,0,0,0
2748,2023-04-29 15:00:00,0.16547,0.313,1.162,-6.474,5.0,2.755,-10.313,-5.313,-5.313,0,0.313,0.0,0,0,0,0
2749,2023-04-29 15:15:00,0.16547,0.723,0.454,-6.177,5.0,3.942,-10.723,-5.723,-5.723,0,0.723,0.0,0,0,0,0
2750,2023-04-29 15:30:00,0.16547,0.063,0.44,-5.503,5.0,5.13,-10.063,-5.063,-5.063,0,0.063,0.0,0,0,0,0
2751,2023-04-29 15:45:00,0.16547,-0.0,0.331,-4.943,4.612,6.317,-9.612,-4.612,-4.224,0,0,0,0,0,0,0
2752,2023-04-29 16:00:00,0.16547,-0.0,0.28,-4.502,4.222,7.412,-9.222,-4.222,-3.444,0,0,0,0,0,0,0
2753,2023-04-29 16:15:00,0.16547,0.0,0.308,-3.741,3.433,8.415,-8.433,-3.433,-1.867,0,0.0,0.0,0,0,0,0
2754,2023-04-29 16:30:00,0.16547,-0.0,0.632,-3.078,2.446,9.231,-7.446,-2.446,0.107,0,0,0,0,0,0,0
2755,2023-04-29 16:45:00,0.16547,-0.0,2.679,-2.398,-0.281,9.812,-4.719,0.281,5.281,0,0,0,0,0,0,0
2756,2023-04-29 17:00:00,0.16547,0.0,1.04,-1.781,0.741,9.738,-5.741,-0.741,3.518,0,0.0,0.0,0,0,0,0
2757,2023-04-29 17:15:00,0.16547,0.0,1.451,-1.421,-0.03,9.914,-4.97,0.03,5.03,0,0.0,0.0,0,0,0,0
2758,2023-04-29 17:30:00,0.16547,-0.0,0.903,-1.3,0.397,9.906,-5.397,-0.397,4.205,0,0,0,0,0,0,0
2759,2023-04-29 17:45:00,0.16547,0.0,1.407,-0.884,-1.407,10.0,-4.477,0.523,27.523,10.723,0.0,0.0,0.884,1,1,0.884
2760,2023-04-29 18:00:00,0.16547,-0.0,2.186,-0.354,-1.837,9.63,-3.168,1.832,28.832,10.513,0,0,0.005,1,1,0.005
2761,2023-04-29 18:15:00,0.16547,0.0,2.68,-0.0,-2.68,9.146,-2.32,2.68,29.68,10.512,0.0,0.0,0,1,0,0
2762,2023-04-29 18:30:00,0.16547,-0.0,2.354,-0.0,-2.354,8.441,-2.646,2.354,29.354,10.512,0,0,0,1,0,0
2763,2023-04-29 18:45:00,0.16547,0.0,1.167,-0.0,-1.167,7.822,-3.833,1.167,28.167,10.512,0.0,0.0,0,1,0,0
2764,2023-04-29 19:00:00,0.16547,-0.0,0.79,-0.0,-0.79,7.514,-4.21,0.79,27.79,10.512,0,0,0,1,0,0
2765,2023-04-29 19:15:00,0.16547,0.0,0.805,-0.0,-0.805,7.307,-4.195,0.805,27.805,10.512,0.0,0.0,0,1,0,0
2766,2023-04-29 19:30:00,0.16547,-0.0,1.026,-0.0,-1.026,7.095,-3.974,1.026,28.026,10.512,0,0,0,1,0,0
2767,2023-04-29 19:45:00,0.16547,-0.0,3.219,-0.0,-3.219,6.825,-1.781,3.219,30.219,10.512,0,0,0,1,0,0
2768,2023-04-29 20:00:00,0.0676,0.0,1.241,-0.0,-1.241,5.978,-3.759,1.241,28.241,10.512,0.0,0.0,0,1,0,0
2769,2023-04-29 20:15:00,0.0676,-0.0,0.441,-0.0,-0.441,5.651,-4.559,0.441,27.441,10.512,0,0,0,1,0,0
2770,2023-04-29 20:30:00,0.0676,0.0,0.512,-0.0,-0.512,5.535,-4.488,0.512,27.512,10.512,0.0,0.0,0,1,0,0
2771,2023-04-29 20:45:00,0.0676,-0.0,0.51,-0.0,-0.51,5.4,-4.49,0.51,27.51,10.512,0,0,0,1,0,0
2772,2023-04-29 21:00:00,0.0676,0.0,0.51,-0.0,-0.51,5.266,-4.49,0.51,27.51,10.512,0.0,0.0,0,1,0,0
2773,2023-04-29 21:15:00,0.0676,-0.0,0.556,-0.0,-0.556,5.132,-4.444,0.556,27.556,10.512,0,0,0,1,0,0
2774,2023-04-29 21:30:00,0.0676,0.0,0.569,-0.0,-0.569,4.986,-4.431,0.569,27.569,10.512,0.0,0.0,0,1,0,0
2775,2023-04-29 21:45:00,0.0676,0.0,1.687,-0.0,-1.687,4.836,-3.313,1.687,28.687,10.512,0.0,0.0,0,1,0,0
2776,2023-04-29 22:00:00,0.0676,-0.0,1.372,-0.0,-1.372,4.392,-3.628,1.372,28.372,10.512,0,0,0,1,0,0
2777,2023-04-29 22:15:00,0.0676,0.0,1.216,-0.0,-1.216,4.031,-3.784,1.216,28.216,10.512,0.0,0.0,0,1,0,0
2778,2023-04-29 22:30:00,0.0676,0.0,0.919,-0.0,-0.919,3.711,-4.081,0.919,27.919,10.512,0.0,0.0,0,1,0,0
2779,2023-04-29 22:45:00,0.0676,0.0,0.578,-0.0,-0.578,3.47,-4.422,0.578,27.578,10.512,0.0,0.0,0,1,0,0
2780,2023-04-29 23:00:00,0.0676,-0.0,0.8,-0.0,-0.8,3.317,-4.2,0.8,27.8,10.512,0,0,0,1,0,0
2781,2023-04-29 23:15:00,0.0676,-0.0,1.394,-0.0,-1.394,3.107,-3.606,1.394,28.394,10.512,0,0,0,1,0,0
2782,2023-04-29 23:30:00,0.0676,0.0,1.822,-0.0,-1.822,2.74,-3.178,1.822,28.822,10.512,0.0,0.0,0,1,0,0
2783,2023-04-29 23:45:00,0.0676,-0.0,0.74,-0.0,-0.74,2.261,-4.26,0.74,27.74,10.512,0,0,0,1,0,0
2784,2023-04-30 00:00:00,0.0676,-0.0,0.779,-0.0,-0.779,2.066,-4.221,0.779,27.779,10.512,0,0,0,1,0,0
2785,2023-04-30 00:15:00,0.0676,0.0,1.704,-0.0,-1.704,1.861,-3.296,1.704,28.704,10.512,0.0,0.0,0,1,0,0
2786,2023-04-30 00:30:00,0.0676,-0.0,2.18,-0.0,-2.18,1.412,-2.82,2.18,29.18,10.512,0,0,0,1,0,0
2787,2023-04-30 00:45:00,0.0676,-1.133,1.649,-0.0,-0.517,0.839,-3.351,1.649,28.649,10.512,0,0,0,1,0,0
2788,2023-04-30 01:00:00,0.0676,-1.278,1.278,-0.0,0,0.703,-3.722,1.278,28.278,10.512,0,0,0,1,0,0
2789,2023-04-30 01:15:00,0.0676,-1.455,1.455,-0.0,0,0.703,-3.545,1.455,28.455,10.512,0,0,0,1,0,0
2790,2023-04-30 01:30:00,0.0676,-0.428,0.428,-0.0,0,0.703,-4.572,0.428,27.428,10.512,0,0,0,1,0,0
2791,2023-04-30 01:45:00,0.0676,-0.28,0.28,-0.0,0,0.703,-4.72,0.28,27.28,10.512,0,0,0,1,0,0
2792,2023-04-30 02:00:00,0.0676,-0.376,0.376,-0.0,0,0.703,-4.624,0.376,27.376,10.512,0,0,0,1,0,0
2793,2023-04-30 02:15:00,0.0676,-0.355,0.355,-0.0,0,0.703,-4.645,0.355,27.355,10.512,0,0,0,1,0,0
2794,2023-04-30 02:30:00,0.0676,-0.338,0.338,-0.0,0,0.703,-4.662,0.338,27.338,10.512,0,0,0,1,0,0
2795,2023-04-30 02:45:00,0.0676,-0.319,0.319,-0.0,0,0.703,-4.681,0.319,27.319,10.512,0,0,0,1,0,0
2796,2023-04-30 03:00:00,0.0676,-0.331,0.331,-0.0,0,0.703,-4.669,0.331,27.331,10.512,0,0,0,1,0,0
2797,2023-04-30 03:15:00,0.0676,-0.265,0.265,-0.0,0,0.703,-4.735,0.265,27.265,10.512,0,0,0,1,0,0
2798,2023-04-30 03:30:00,0.0676,-0.251,0.251,-0.0,0,0.703,-4.749,0.251,27.251,10.512,0,0,0,1,0,0
2799,2023-04-30 03:45:00,0.0676,-0.324,0.324,-0.0,0,0.703,-4.676,0.324,27.324,10.512,0,0,0,1,0,0
2800,2023-04-30 04:00:00,0.0676,-0.425,0.425,-0.0,0,0.703,-4.575,0.425,27.425,10.512,0,0,0,1,0,0
2801,2023-04-30 04:15:00,0.0676,-0.381,0.381,-0.0,0,0.703,-4.619,0.381,27.381,10.512,0,0,0,1,0,0
2802,2023-04-30 04:30:00,0.0676,-0.487,0.487,-0.0,0,0.703,-4.513,0.487,27.487,10.512,0,0,0,1,0,0
2803,2023-04-30 04:45:00,0.0676,-0.794,0.794,-0.0,0,0.703,-4.206,0.794,27.794,10.512,0,0,0,1,0,0
2804,2023-04-30 05:00:00,0.0676,-0.813,0.813,-0.0,0,0.703,-4.187,0.813,27.813,10.512,0,0,0,1,0,0
2805,2023-04-30 05:15:00,0.0676,-0.668,0.668,-0.0,0,0.703,-4.332,0.668,27.668,10.512,0,0,0,1,0,0
2806,2023-04-30 05:30:00,0.0676,-0.404,0.404,-0.0,0,0.703,-4.596,0.404,27.404,10.512,0,0,0,1,0,0
2807,2023-04-30 05:45:00,0.0676,-0.218,0.256,-0.038,0,0.703,-4.782,0.218,27.218,10.512,0,0,0,1,0,0
2808,2023-04-30 06:00:00,0.13164,0.0,1.615,-0.135,-1.48,0.703,-3.52,1.48,28.48,10.512,0.0,0.0,0,1,0,0
2809,2023-04-30 06:15:00,0.13164,0.0,1.139,-0.396,-0.743,0.313,-4.257,0.743,27.743,10.512,0.0,0.0,0,1,0,0
2810,2023-04-30 06:30:00,0.13164,0.0,0.334,-0.581,0,0.118,-5.0,0.0,27.0,10.512,0.0,0.0,0.247,1,1,0.247
2811,2023-04-30 06:45:00,0.13164,-0.0,0.548,-0.463,-0.085,0.118,-4.915,0.085,27.085,10.453,0,0,0,1,0,0
2812,2023-04-30 07:00:00,0.13164,-0.0,0.986,-0.622,-0.363,0.096,-4.637,0.363,27.363,10.453,0,0,0,1,0,0
2813,2023-04-30 07:15:00,0.13164,0.0,0.509,-0.806,0,0.0,-5.0,0.0,27.0,10.453,0.0,0.0,0.297,1,1,0.297
2814,2023-04-30 07:30:00,0.13164,-0.0,0.377,-1.073,0,0.0,-5.0,0.0,27.0,10.383,0,0,0.696,1,1,0.696
2815,2023-04-30 07:45:00,0.13164,-0.0,0.396,-1.312,0,0.0,-5.0,0.0,27.0,10.218,0,0,0.916,1,1,0.916
2816,2023-04-30 08:00:00,0.13164,0.0,0.263,-2.454,0,0.0,-5.0,0.0,27.0,10.0,0.0,0.0,2.191,1,1,2.191
2817,2023-04-30 08:15:00,0.13164,3.77,0.275,-4.046,0,0.0,-8.77,-3.77,-2.541,0,3.77,0.0,0,0,0,0
2818,2023-04-30 08:30:00,0.13164,3.809,0.53,-4.339,0,0.0,-8.809,-3.809,-2.618,0,3.809,0.0,0,0,0,0
2819,2023-04-30 08:45:00,0.13164,2.358,2.56,-4.919,0,0.0,-7.358,-2.358,0.283,0,2.358,0.0,0,0,0,0
2820,2023-04-30 09:00:00,0.13164,4.083,1.29,-5.373,0,0.0,-9.083,-4.083,-3.166,0,4.083,0.0,0,0,0,0
2821,2023-04-30 09:15:00,0.13164,4.285,1.413,-5.699,0,0.0,-9.285,-4.285,-3.571,0,4.285,0.0,0,0,0,0
2822,2023-04-30 09:30:00,0.13164,5.47,0.516,-5.985,0,0.0,-10.47,-5.47,-5.47,0,5.47,0.0,0,0,0,0
2823,2023-04-30 09:45:00,0.13164,6.079,0.367,-6.446,0,0.0,-11.079,-6.079,-6.079,0,6.079,0.0,0,0,0,0
2824,2023-04-30 10:00:00,0.13164,6.496,0.359,-6.855,0,0.0,-11.496,-6.496,-6.496,0,6.496,0.0,0,0,0,0
2825,2023-04-30 10:15:00,0.13164,6.94,0.409,-7.349,0,0.0,-11.94,-6.94,-6.94,0,6.94,0.0,0,0,0,0
2826,2023-04-30 10:30:00,0.13164,5.919,0.848,-6.767,0,0.0,-10.919,-5.919,-5.919,0,5.919,0.0,0,0,0,0
2827,2023-04-30 10:45:00,0.13164,4.415,3.495,-7.91,0,0.0,-9.415,-4.415,-3.83,0,4.415,0.0,0,0,0,0
2828,2023-04-30 11:00:00,0.13164,4.528,1.99,-6.517,0,0.0,-9.528,-4.528,-4.055,0,4.528,0.0,0,0,0,0
2829,2023-04-30 11:15:00,0.13164,3.641,1.027,-4.668,0,0.0,-8.641,-3.641,-2.282,0,3.641,0.0,0,0,0,0
2830,2023-04-30 11:30:00,0.13164,5.671,2.266,-7.937,0,0.0,-10.671,-5.671,-5.671,0,5.671,0.0,0,0,0,0
2831,2023-04-30 11:45:00,0.13164,7.332,1.572,-8.904,0,0.0,-12.332,-7.332,-7.332,0,7.332,0.0,0,0,0,0
2832,2023-04-30 12:00:00,0.13164,6.439,0.979,-7.418,0,0.0,-11.439,-6.439,-6.439,0,6.439,0.0,0,0,0,0
2833,2023-04-30 12:15:00,0.13164,7.841,0.698,-8.539,0,0.0,-12.841,-7.841,-7.841,0,7.841,0.0,0,0,0,0
2834,2023-04-30 12:30:00,0.13164,7.619,0.501,-8.12,0,0.0,-12.619,-7.619,-7.619,0,7.619,0.0,0,0,0,0
2835,2023-04-30 12:45:00,0.13164,6.194,1.707,-7.9,0,0.0,-11.194,-6.194,-6.194,0,6.194,0.0,0,0,0,0
2836,2023-04-30 13:00:00,0.13164,6.335,1.794,-8.128,0,0.0,-11.335,-6.335,-6.335,0,6.335,0.0,0,0,0,0
2837,2023-04-30 13:15:00,0.13164,7.946,0.186,-8.132,0,0.0,-12.946,-7.946,-7.946,0,7.946,0.0,0,0,0,0
2838,2023-04-30 13:30:00,0.13164,7.995,0.218,-8.213,0,0.0,-12.995,-7.995,-7.995,0,7.995,0.0,0,0,0,0
2839,2023-04-30 13:45:00,0.13164,7.497,0.168,-7.665,0,0.0,-12.497,-7.497,-7.497,0,7.497,0.0,0,0,0,0
2840,2023-04-30 14:00:00,0.13164,7.621,0.151,-7.773,0,0.0,-12.621,-7.621,-7.621,0,7.621,0.0,0,0,0,0
2841,2023-04-30 14:15:00,0.13164,7.427,0.147,-7.574,0,0.0,-12.427,-7.427,-7.427,0,7.427,0.0,0,0,0,0
2842,2023-04-30 14:30:00,0.13164,2.997,0.233,-6.824,3.594,0.0,-11.591,-6.591,-6.591,0,2.997,0.0,0,0,0,0
2843,2023-04-30 14:45:00,0.13164,1.721,0.22,-6.941,5.0,0.854,-11.721,-6.721,-6.721,0,1.721,0.0,0,0,0,0
2844,2023-04-30 15:00:00,0.13164,1.256,0.219,-6.475,5.0,2.041,-11.256,-6.256,-6.256,0,1.256,0.0,0,0,0,0
2845,2023-04-30 15:15:00,0.13164,0.687,0.138,-5.825,5.0,3.229,-10.687,-5.687,-5.687,0,0.687,0.0,0,0,0,0
2846,2023-04-30 15:30:00,0.13164,0.0,0.151,-4.004,3.852,4.416,-8.852,-3.852,-2.705,0,0.0,0.0,0,0,0,0
2847,2023-04-30 15:45:00,0.13164,0.003,0.121,-5.124,5.0,5.331,-10.003,-5.003,-5.003,0,0.003,0.0,0,0,0,0
2848,2023-04-30 16:00:00,0.13164,-0.0,0.136,-4.064,-0.136,6.518,-5.0,0.0,27.0,18.226,0,0,4.064,1,1,4.064
2849,2023-04-30 16:15:00,0.13164,0.0,0.159,-3.665,-0.159,6.483,-5.0,0.0,27.0,17.261,0.0,0.0,3.665,1,1,3.665
2850,2023-04-30 16:30:00,0.13164,-0.0,0.184,-3.025,-0.184,6.441,-5.0,0.0,27.0,16.39,0,0,3.025,1,1,3.025
2851,2023-04-30 16:45:00,0.13164,0.0,0.24,-2.294,-0.24,6.392,-5.0,0.0,27.0,15.672,0.0,0.0,2.294,1,1,2.294
2852,2023-04-30 17:00:00,0.13164,-0.0,0.211,-1.474,-0.211,6.329,-5.0,0.0,27.0,15.127,0,0,1.474,1,1,1.474
2853,2023-04-30 17:15:00,0.13164,0.0,0.141,-0.815,-0.141,6.274,-5.0,0.0,27.0,14.777,0.0,0.0,0.815,1,1,0.815
2854,2023-04-30 17:30:00,0.13164,0.0,0.144,-0.503,-0.144,6.236,-5.0,0.0,27.0,14.584,0.0,0.0,0.503,1,1,0.503
2855,2023-04-30 17:45:00,0.13164,-0.0,0.165,-0.515,-0.165,6.199,-5.0,0.0,27.0,14.464,0,0,0.515,1,1,0.515
2856,2023-04-30 18:00:00,0.13164,0.0,0.177,-0.467,-0.177,6.155,-5.0,0.0,27.0,14.342,0.0,0.0,0.467,1,1,0.467
2857,2023-04-30 18:15:00,0.13164,0.0,0.165,-0.026,-0.165,6.109,-4.861,0.139,27.139,14.231,0.0,0.0,0.026,1,1,0.026
2858,2023-04-30 18:30:00,0.13164,-0.0,0.094,-0.0,-0.094,6.065,-4.906,0.094,27.094,14.225,0,0,0,1,0,0
2859,2023-04-30 18:45:00,0.13164,0.0,0.159,-0.0,-0.159,6.041,-4.841,0.159,27.159,14.225,0.0,0.0,0,1,0,0
2860,2023-04-30 19:00:00,0.13164,-0.0,0.19,-0.0,-0.19,5.999,-4.81,0.19,27.19,14.225,0,0,0,1,0,0
2861,2023-04-30 19:15:00,0.13164,-0.0,0.196,-0.0,-0.196,5.949,-4.804,0.196,27.196,14.225,0,0,0,1,0,0
2862,2023-04-30 19:30:00,0.13164,0.0,0.24,-0.0,-0.24,5.897,-4.76,0.24,27.24,14.225,0.0,0.0,0,1,0,0
2863,2023-04-30 19:45:00,0.13164,-0.0,0.169,-0.0,-0.169,5.834,-4.831,0.169,27.169,14.225,0,0,0,1,0,0
2864,2023-04-30 20:00:00,0.05233,-0.0,0.123,-0.0,-0.123,5.79,-4.877,0.123,27.123,14.225,0,0,0,1,0,0
2865,2023-04-30 20:15:00,0.05233,0.0,0.152,-0.0,-0.152,5.757,-4.848,0.152,27.152,14.225,0.0,0.0,0,1,0,0
2866,2023-04-30 20:30:00,0.05233,0.0,0.14,-0.0,-0.14,5.717,-4.86,0.14,27.14,14.225,0.0,0.0,0,1,0,0
2867,2023-04-30 20:45:00,0.05233,-0.0,0.137,-0.0,-0.137,5.68,-4.863,0.137,27.137,14.225,0,0,0,1,0,0
2868,2023-04-30 21:00:00,0.05233,0.0,0.127,-0.0,-0.127,5.644,-4.873,0.127,27.127,14.225,0.0,0.0,0,1,0,0
2869,2023-04-30 21:15:00,0.05233,-0.0,0.181,-0.0,-0.181,5.611,-4.819,0.181,27.181,14.225,0,0,0,1,0,0
2870,2023-04-30 21:30:00,0.05233,0.0,0.245,-0.0,-0.245,5.563,-4.755,0.245,27.245,14.225,0.0,0.0,0,1,0,0
2871,2023-04-30 21:45:00,0.05233,0.0,0.212,-0.0,-0.212,5.498,-4.788,0.212,27.212,14.225,0.0,0.0,0,1,0,0
2872,2023-04-30 22:00:00,0.05233,-0.0,0.189,-0.0,-0.189,5.443,-4.811,0.189,27.189,14.225,0,0,0,1,0,0
2873,2023-04-30 22:15:00,0.05233,-0.0,0.146,-0.0,-0.146,5.393,-4.854,0.146,27.146,14.225,0,0,0,1,0,0
2874,2023-04-30 22:30:00,0.05233,0.0,0.111,-0.0,-0.111,5.354,-4.889,0.111,27.111,14.225,0.0,0.0,0,1,0,0
2875,2023-04-30 22:45:00,0.05233,-0.0,0.155,-0.0,-0.155,5.325,-4.845,0.155,27.155,14.225,0,0,0,1,0,0
2876,2023-04-30 23:00:00,0.05233,-0.0,0.125,-0.0,-0.125,5.284,-4.875,0.125,27.125,14.225,0,0,0,1,0,0
2877,2023-04-30 23:15:00,0.05233,0.0,0.13,-0.0,-0.13,5.251,-4.87,0.13,27.13,14.225,0.0,0.0,0,1,0,0
2878,2023-04-30 23:30:00,0.05233,-0.0,0.216,-0.0,-0.216,5.217,-4.784,0.216,27.216,14.225,0,0,0,1,0,0
2879,2023-04-30 23:45:00,0.05233,0.0,0.203,-0.0,-0.203,5.16,-4.797,0.203,27.203,14.225,0.0,0.0,0,1,0,0
2880,2023-05-01 00:00:00,0.05233,0.0,0.215,-0.0,-0.215,5.107,-4.785,0.215,27.215,14.225,0.0,0.0,0,1,0,0
2881,2023-05-01 00:15:00,0.05233,-0.0,0.219,-0.0,-0.219,5.05,-4.781,0.219,27.219,14.225,0,0,0,1,0,0
2882,2023-05-01 00:30:00,0.05233,0.0,0.229,-0.0,-0.229,4.993,-4.771,0.229,27.229,14.225,0.0,0.0,0,1,0,0
2883,2023-05-01 00:45:00,0.05233,0.0,0.167,-0.0,-0.167,4.933,-4.833,0.167,27.167,14.225,0.0,0.0,0,1,0,0
2884,2023-05-01 01:00:00,0.05233,-0.0,0.11,-0.0,-0.11,4.889,-4.89,0.11,27.11,14.225,0,0,0,1,0,0
2885,2023-05-01 01:15:00,0.05233,0.0,0.129,-0.0,-0.129,4.86,-4.871,0.129,27.129,14.225,0.0,0.0,0,1,0,0
2886,2023-05-01 01:30:00,0.05233,-0.0,0.158,-0.0,-0.158,4.826,-4.842,0.158,27.158,14.225,0,0,0,1,0,0
2887,2023-05-01 01:45:00,0.05233,-0.0,0.096,-0.0,-0.096,4.784,-4.904,0.096,27.096,14.225,0,0,0,1,0,0
2888,2023-05-01 02:00:00,0.05233,0.0,0.144,-0.0,-0.144,4.759,-4.856,0.144,27.144,14.225,0.0,0.0,0,1,0,0
2889,2023-05-01 02:15:00,0.05233,0.0,0.195,-0.0,-0.195,4.721,-4.805,0.195,27.195,14.225,0.0,0.0,0,1,0,0
2890,2023-05-01 02:30:00,0.05233,-0.0,0.215,-0.0,-0.215,4.67,-4.785,0.215,27.215,14.225,0,0,0,1,0,0
2891,2023-05-01 02:45:00,0.05233,0.0,0.189,-0.0,-0.189,4.613,-4.811,0.189,27.189,14.225,0.0,0.0,0,1,0,0
2892,2023-05-01 03:00:00,0.05233,-0.0,0.196,-0.0,-0.196,4.563,-4.804,0.196,27.196,14.225,0,0,0,1,0,0
2893,2023-05-01 03:15:00,0.05233,0.0,0.113,-0.0,-0.113,4.512,-4.887,0.113,27.113,14.225,0.0,0.0,0,1,0,0
2894,2023-05-01 03:30:00,0.05233,-0.0,0.143,-0.0,-0.143,4.482,-4.857,0.143,27.143,14.225,0,0,0,1,0,0
2895,2023-05-01 03:45:00,0.05233,-0.0,0.126,-0.0,-0.126,4.445,-4.874,0.126,27.126,14.225,0,0,0,1,0,0
2896,2023-05-01 04:00:00,0.05233,0.0,0.222,-0.0,-0.222,4.411,-4.778,0.222,27.222,14.225,0.0,0.0,0,1,0,0
2897,2023-05-01 04:15:00,0.05233,0.0,0.152,-0.0,-0.152,4.353,-4.848,0.152,27.152,14.225,0.0,0.0,0,1,0,0
2898,2023-05-01 04:30:00,0.05233,-0.0,0.12,-0.0,-0.12,4.313,-4.88,0.12,27.12,14.225,0,0,0,1,0,0
2899,2023-05-01 04:45:00,0.05233,-0.0,0.129,-0.0,-0.129,4.281,-4.871,0.129,27.129,14.225,0,0,0,1,0,0
2900,2023-05-01 05:00:00,0.05233,0.0,0.196,-0.0,-0.196,4.248,-4.804,0.196,27.196,14.225,0.0,0.0,0,1,0,0
2901,2023-05-01 05:15:00,0.05233,-0.0,0.211,-0.0,-0.211,4.196,-4.789,0.211,27.211,14.225,0,0,0,1,0,0
2902,2023-05-01 05:30:00,0.05233,0.0,0.196,-0.0,-0.196,4.14,-4.804,0.196,27.196,14.225,0.0,0.0,0,1,0,0
2903,2023-05-01 05:45:00,0.05233,-0.0,0.176,-0.063,-0.176,4.089,-4.887,0.113,27.113,14.225,0,0,0.063,1,1,0.063
2904,2023-05-01 06:00:00,0.08241,0.0,0.154,-0.276,-0.228,4.042,-5.0,0.0,27.0,14.21,0.0,0.0,0.35,1,1,0.35
2905,2023-05-01 06:15:00,0.08241,-0.0,0.155,-0.569,-5.0,3.982,-5.0,0.0,27.0,14.127,0,0,5.414,1,1,5.414
2906,2023-05-01 06:30:00,0.08241,0.0,0.192,-0.948,-5.0,2.666,-5.0,0.0,27.0,12.841,0.0,0.0,5.756,1,1,5.756
2907,2023-05-01 06:45:00,0.08241,-0.0,0.149,-1.356,-5.0,1.351,-5.0,0.0,27.0,11.474,0,0,6.207,1,1,6.207
2908,2023-05-01 07:00:00,0.08241,0.0,0.133,-1.813,-0.133,0.035,-5.0,0.0,27.0,10.0,0.0,0.0,1.813,1,1,1.813
2909,2023-05-01 07:15:00,0.08241,2.131,0.156,-2.287,0,-0.0,-7.131,-2.131,0.738,0,2.131,0.0,0,0,0,0
2910,2023-05-01 07:30:00,0.08241,2.553,0.217,-2.77,0,-0.0,-7.553,-2.553,-0.106,0,2.553,0.0,0,0,0,0
2911,2023-05-01 07:45:00,0.08241,3.017,0.232,-3.249,0,-0.0,-8.017,-3.017,-1.034,0,3.017,0.0,0,0,0,0
2912,2023-05-01 08:00:00,0.08241,3.549,0.201,-3.75,0,-0.0,-8.549,-3.549,-2.097,0,3.549,0.0,0,0,0,0
2913,2023-05-01 08:15:00,0.08241,4.053,0.166,-4.219,0,-0.0,-9.053,-4.053,-3.105,0,4.053,0.0,0,0,0,0
2914,2023-05-01 08:30:00,0.08241,4.493,0.188,-4.681,0,-0.0,-9.493,-4.493,-3.986,0,4.493,0.0,0,0,0,0
2915,2023-05-01 08:45:00,0.08241,4.998,0.159,-5.158,0,-0.0,-9.998,-4.998,-4.997,0,4.998,0.0,0,0,0,0
2916,2023-05-01 09:00:00,0.08241,5.429,0.138,-5.566,0,-0.0,-10.429,-5.429,-5.429,0,5.429,0.0,0,0,0,0
2917,2023-05-01 09:15:00,0.08241,5.858,0.161,-6.018,0,-0.0,-10.858,-5.858,-5.858,0,5.858,0.0,0,0,0,0
2918,2023-05-01 09:30:00,0.08241,6.118,0.14,-6.258,0,-0.0,-11.118,-6.118,-6.118,0,6.118,0.0,0,0,0,0
2919,2023-05-01 09:45:00,0.08241,6.286,0.193,-6.478,0,-0.0,-11.286,-6.286,-6.286,0,6.286,0.0,0,0,0,0
2920,2023-05-01 10:00:00,0.08241,6.679,0.205,-6.884,0,-0.0,-11.679,-6.679,-6.679,0,6.679,0.0,0,0,0,0
2921,2023-05-01 10:15:00,0.08241,6.92,0.248,-7.168,0,-0.0,-11.92,-6.92,-6.92,0,6.92,0.0,0,0,0,0
2922,2023-05-01 10:30:00,0.08241,7.294,0.177,-7.471,0,-0.0,-12.294,-7.294,-7.294,0,7.294,0.0,0,0,0,0
2923,2023-05-01 10:45:00,0.08241,7.545,0.13,-7.675,0,-0.0,-12.545,-7.545,-7.545,0,7.545,0.0,0,0,0,0
2924,2023-05-01 11:00:00,0.08241,7.7,0.17,-7.869,0,-0.0,-12.7,-7.7,-7.7,0,7.7,0.0,0,0,0,0
2925,2023-05-01 11:15:00,0.08241,7.943,0.137,-8.079,0,-0.0,-12.943,-7.943,-7.943,0,7.943,0.0,0,0,0,0
2926,2023-05-01 11:30:00,0.08241,8.034,0.175,-8.209,0,-0.0,-13.034,-8.034,-8.034,0,8.034,0.0,0,0,0,0
2927,2023-05-01 11:45:00,0.08241,8.043,0.197,-8.24,0,-0.0,-13.043,-8.043,-8.043,0,8.043,0.0,0,0,0,0
2928,2023-05-01 12:00:00,0.08241,8.294,0.115,-8.409,0,-0.0,-13.294,-8.294,-8.294,0,8.294,0.0,0,0,0,0
2929,2023-05-01 12:15:00,0.08241,8.148,0.2,-8.349,0,-0.0,-13.148,-8.148,-8.148,0,8.148,0.0,0,0,0,0
2930,2023-05-01 12:30:00,0.08241,8.135,0.221,-8.356,0,-0.0,-13.135,-8.135,-8.135,0,8.135,0.0,0,0,0,0
2931,2023-05-01 12:45:00,0.08241,7.968,0.229,-8.197,0,-0.0,-12.968,-7.968,-7.968,0,7.968,0.0,0,0,0,0
2932,2023-05-01 13:00:00,0.08241,8.189,0.194,-8.383,0,-0.0,-13.189,-8.189,-8.189,0,8.189,0.0,0,0,0,0
2933,2023-05-01 13:15:00,0.08241,8.127,0.224,-8.351,0,-0.0,-13.127,-8.127,-8.127,0,8.127,0.0,0,0,0,0
2934,2023-05-01 13:30:00,0.08241,7.658,0.45,-8.108,0,-0.0,-12.658,-7.658,-7.658,0,7.658,0.0,0,0,0,0
2935,2023-05-01 13:45:00,0.08241,2.232,1.38,-3.612,0,-0.0,-7.232,-2.232,0.536,0,2.232,0.0,0,0,0,0
2936,2023-05-01 14:00:00,0.08241,1.944,1.829,-7.371,3.598,-0.0,-10.542,-5.542,-5.542,0,1.944,0.0,0,0,0,0
2937,2023-05-01 14:15:00,0.08241,1.205,0.474,-6.679,5.0,0.855,-11.205,-6.205,-6.205,0,1.205,0.0,0,0,0,0
2938,2023-05-01 14:30:00,0.08241,0.837,0.368,-6.205,5.0,2.042,-10.837,-5.837,-5.837,0,0.837,0.0,0,0,0,0
2939,2023-05-01 14:45:00,0.08241,0.0,0.515,-4.366,3.851,3.23,-8.851,-3.851,-2.701,0,0.0,0.0,0,0,0,0
2940,2023-05-01 15:00:00,0.08241,0.7,0.394,-6.093,5.0,4.144,-10.7,-5.7,-5.7,0,0.7,0.0,0,0,0,0
2941,2023-05-01 15:15:00,0.08241,0.599,0.418,-6.017,5.0,5.332,-10.599,-5.599,-5.599,0,0.599,0.0,0,0,0,0
2942,2023-05-01 15:30:00,0.08241,-0.0,0.332,-5.51,-0.332,6.519,-5.0,0.0,27.0,17.62,0,0,5.51,1,1,5.51
2943,2023-05-01 15:45:00,0.08241,0.0,0.364,-4.687,-0.364,6.432,-5.0,0.0,27.0,16.311,0.0,0.0,4.687,1,1,4.687
2944,2023-05-01 16:00:00,0.08241,-0.0,0.365,-4.493,-0.365,6.336,-5.0,0.0,27.0,15.198,0,0,4.493,1,1,4.493
2945,2023-05-01 16:15:00,0.08241,0.0,0.282,-3.791,-0.282,6.24,-5.0,0.0,27.0,14.131,0.0,0.0,3.791,1,1,3.791
2946,2023-05-01 16:30:00,0.08241,0.0,0.327,-2.995,-0.327,6.166,-5.0,0.0,27.0,13.231,0.0,0.0,2.995,1,1,2.995
2947,2023-05-01 16:45:00,0.08241,-0.0,0.296,-2.215,-0.296,6.08,-5.0,0.0,27.0,12.519,0,0,2.215,1,1,2.215
2948,2023-05-01 17:00:00,0.08241,-0.0,0.393,-1.408,-0.393,6.002,-5.0,0.0,27.0,11.993,0,0,1.408,1,1,1.408
2949,2023-05-01 17:15:00,0.08241,-0.0,0.452,-0.771,-0.452,5.899,-5.0,0.0,27.0,11.659,0,0,0.771,1,1,0.771
2950,2023-05-01 17:30:00,0.08241,-0.0,0.74,-0.432,-0.74,5.78,-4.692,0.308,27.308,11.476,0,0,0.432,1,1,0.432
2951,2023-05-01 17:45:00,0.08241,0.0,0.565,-0.376,-0.565,5.585,-4.811,0.189,27.189,11.373,0.0,0.0,0.376,1,1,0.376
2952,2023-05-01 18:00:00,0.08241,-0.0,0.367,-0.32,-0.367,5.436,-4.952,0.048,27.048,11.284,0,0,0.32,1,1,0.32
2953,2023-05-01 18:15:00,0.08241,-0.0,0.356,-0.223,-0.356,5.34,-4.866,0.134,27.134,11.208,0,0,0.223,1,1,0.223
2954,2023-05-01 18:30:00,0.08241,0.0,0.343,-0.071,-0.343,5.246,-4.728,0.272,27.272,11.155,0.0,0.0,0.071,1,1,0.071
2955,2023-05-01 18:45:00,0.08241,-0.0,0.386,-0.0,-0.386,5.155,-4.614,0.386,27.386,11.138,0,0,0,1,0,0
2956,2023-05-01 19:00:00,0.08241,0.0,0.398,-0.0,-0.398,5.054,-4.602,0.398,27.398,11.138,0.0,0.0,0,1,0,0
2957,2023-05-01 19:15:00,0.08241,0.0,0.349,-0.0,-0.349,4.949,-4.651,0.349,27.349,11.138,0.0,0.0,0,1,0,0
2958,2023-05-01 19:30:00,0.08241,-0.0,0.366,-0.0,-0.366,4.857,-4.634,0.366,27.366,11.138,0,0,0,1,0,0
2959,2023-05-01 19:45:00,0.08241,0.0,0.403,-0.0,-0.403,4.761,-4.597,0.403,27.403,11.138,0.0,0.0,0,1,0,0
2960,2023-05-01 20:00:00,0.08241,0.0,0.47,-0.0,-0.47,4.655,-4.53,0.47,27.47,11.138,0.0,0.0,0,1,0,0
2961,2023-05-01 20:15:00,0.08241,-0.0,0.397,-0.0,-0.397,4.531,-4.603,0.397,27.397,11.138,0,0,0,1,0,0
2962,2023-05-01 20:30:00,0.08241,-0.0,0.384,-0.0,-0.384,4.427,-4.616,0.384,27.384,11.138,0,0,0,1,0,0
2963,2023-05-01 20:45:00,0.08241,0.0,0.429,-0.0,-0.429,4.326,-4.571,0.429,27.429,11.138,0.0,0.0,0,1,0,0
2964,2023-05-01 21:00:00,0.06557,0.0,1.085,-0.0,-1.085,4.213,-3.915,1.085,28.085,11.138,0.0,0.0,0,1,0,0
2965,2023-05-01 21:15:00,0.06557,-0.0,3.683,-0.0,-3.683,3.927,-1.317,3.683,30.683,11.138,0,0,0,1,0,0
2966,2023-05-01 21:30:00,0.06557,-0.0,1.143,-0.0,-1.143,2.958,-3.857,1.143,28.143,11.138,0,0,0,1,0,0
2967,2023-05-01 21:45:00,0.06557,0.0,0.857,-0.0,-0.857,2.657,-4.143,0.857,27.857,11.138,0.0,0.0,0,1,0,0
2968,2023-05-01 22:00:00,0.06557,0.0,0.751,-0.0,-0.751,2.432,-4.249,0.751,27.751,11.138,0.0,0.0,0,1,0,0
2969,2023-05-01 22:15:00,0.06557,-0.0,0.386,-0.0,-0.386,2.234,-4.614,0.386,27.386,11.138,0,0,0,1,0,0
2970,2023-05-01 22:30:00,0.06557,0.0,0.752,-0.0,-0.752,2.132,-4.248,0.752,27.752,11.138,0.0,0.0,0,1,0,0
2971,2023-05-01 22:45:00,0.06557,0.0,0.586,-0.0,-0.586,1.934,-4.414,0.586,27.586,11.138,0.0,0.0,0,1,0,0
2972,2023-05-01 23:00:00,0.06557,-0.0,0.446,-0.0,-0.446,1.78,-4.554,0.446,27.446,11.138,0,0,0,1,0,0
2973,2023-05-01 23:15:00,0.06557,-0.0,0.312,-0.0,-0.312,1.663,-4.688,0.312,27.312,11.138,0,0,0,1,0,0
2974,2023-05-01 23:30:00,0.06557,0.0,0.117,-0.0,-0.117,1.581,-4.883,0.117,27.117,11.138,0.0,0.0,0,1,0,0
2975,2023-05-01 23:45:00,0.06557,-0.0,0.108,-0.0,-0.108,1.55,-4.892,0.108,27.108,11.138,0,0,0,1,0,0
2976,2023-05-02 00:00:00,0.06557,0.0,0.152,-0.0,-0.152,1.521,-4.848,0.152,27.152,11.138,0.0,0.0,0,1,0,0
2977,2023-05-02 00:15:00,0.06557,0.0,0.169,-0.0,-0.169,1.481,-4.831,0.169,27.169,11.138,0.0,0.0,0,1,0,0
2978,2023-05-02 00:30:00,0.06557,-0.0,0.131,-0.0,-0.131,1.437,-4.869,0.131,27.131,11.138,0,0,0,1,0,0
2979,2023-05-02 00:45:00,0.06557,0.0,0.173,-0.0,-0.173,1.402,-4.827,0.173,27.173,11.138,0.0,0.0,0,1,0,0
2980,2023-05-02 01:00:00,0.06557,0.0,0.231,-0.0,-0.231,1.357,-4.769,0.231,27.231,11.138,0.0,0.0,0,1,0,0
2981,2023-05-02 01:15:00,0.06557,0.0,0.157,-0.0,-0.157,1.296,-4.843,0.157,27.157,11.138,0.0,0.0,0,1,0,0
2982,2023-05-02 01:30:00,0.06557,-0.0,0.127,-0.0,-0.127,1.254,-4.873,0.127,27.127,11.138,0,0,0,1,0,0
2983,2023-05-02 01:45:00,0.06557,0.0,0.153,-0.0,-0.153,1.221,-4.847,0.153,27.153,11.138,0.0,0.0,0,1,0,0
2984,2023-05-02 02:00:00,0.06557,-0.0,0.198,-0.0,-0.198,1.181,-4.802,0.198,27.198,11.138,0,0,0,1,0,0
2985,2023-05-02 02:15:00,0.06557,0.0,0.139,-0.0,-0.139,1.129,-4.861,0.139,27.139,11.138,0.0,0.0,0,1,0,0
2986,2023-05-02 02:30:00,0.06557,-0.0,0.113,-0.0,-0.113,1.092,-4.887,0.113,27.113,11.138,0,0,0,1,0,0
2987,2023-05-02 02:45:00,0.06557,-0.0,0.235,-0.0,-0.235,1.062,-4.765,0.235,27.235,11.138,0,0,0,1,0,0
2988,2023-05-02 03:00:00,0.06557,0.0,0.266,-0.0,-0.266,1.0,-4.734,0.266,27.266,11.138,0.0,0.0,0,1,0,0
2989,2023-05-02 03:15:00,0.06557,0.0,0.314,-0.0,-0.314,0.93,-4.686,0.314,27.314,11.138,0.0,0.0,0,1,0,0
2990,2023-05-02 03:30:00,0.06557,-0.0,0.3,-0.0,-0.3,0.848,-4.7,0.3,27.3,11.138,0,0,0,1,0,0
2991,2023-05-02 03:45:00,0.06557,-0.0,0.238,-0.0,-0.238,0.769,-4.762,0.238,27.238,11.138,0,0,0,1,0,0
2992,2023-05-02 04:00:00,0.06557,0.0,0.287,-0.0,-0.287,0.706,-4.713,0.287,27.287,11.138,0.0,0.0,0,1,0,0
2993,2023-05-02 04:15:00,0.06557,-0.0,0.175,-0.0,-0.175,0.63,-4.825,0.175,27.175,11.138,0,0,0,1,0,0
2994,2023-05-02 04:30:00,0.06557,0.0,0.187,-0.0,-0.187,0.584,-4.813,0.187,27.187,11.138,0.0,0.0,0,1,0,0
2995,2023-05-02 04:45:00,0.06557,0.0,0.166,-0.0,-0.166,0.535,-4.834,0.166,27.166,11.138,0.0,0.0,0,1,0,0
2996,2023-05-02 05:00:00,0.06557,-0.0,0.147,-0.0,-0.147,0.491,-4.853,0.147,27.147,11.138,0,0,0,1,0,0
2997,2023-05-02 05:15:00,0.06557,0.0,0.173,-0.0,-0.173,0.453,-4.827,0.173,27.173,11.138,0.0,0.0,0,1,0,0
2998,2023-05-02 05:30:00,0.06557,0.0,0.143,-0.0,-0.143,0.407,-4.857,0.143,27.143,11.138,0.0,0.0,0,1,0,0
2999,2023-05-02 05:45:00,0.06557,-0.0,0.241,-0.003,-0.241,0.37,-4.762,0.238,27.238,11.138,0,0,0.003,1,1,0.003
3000,2023-05-02 06:00:00,0.10973,0.0,0.257,-0.178,-0.257,0.306,-4.921,0.079,27.079,11.138,0.0,0.0,0.178,1,1,0.178
3001,2023-05-02 06:15:00,0.10973,-0.0,0.143,-0.133,-0.143,0.238,-4.991,0.009,27.009,11.095,0,0,0.133,1,1,0.133
3002,2023-05-02 06:30:00,0.10973,0.0,0.177,-0.217,-0.177,0.201,-5.0,0.0,27.0,11.064,0.0,0.0,0.217,1,1,0.217
3003,2023-05-02 06:45:00,0.10973,0.0,0.186,-0.386,-0.186,0.154,-5.0,0.0,27.0,11.012,0.0,0.0,0.386,1,1,0.386
3004,2023-05-02 07:00:00,0.10973,-0.0,0.17,-1.557,-0.17,0.105,-5.0,0.0,27.0,10.921,0,0,1.557,1,1,1.557
3005,2023-05-02 07:15:00,0.10973,0.0,0.142,-2.23,-0.23,0.061,-5.0,0.0,27.0,10.551,0.0,0.0,2.318,1,1,2.318
3006,2023-05-02 07:30:00,0.10973,1.518,0.146,-1.664,0,0.0,-5.0,0.0,27.0,10.0,1.518,0.0,0,1,0,0
3007,2023-05-02 07:45:00,0.10973,2.501,0.147,-2.648,0,0.0,-7.501,-2.501,-0.002,0,2.501,0.0,0,0,0,0
3008,2023-05-02 08:00:00,0.10973,1.641,0.224,-1.865,0,0.0,-6.641,-1.641,1.717,0,1.641,0.0,0,0,0,0
3009,2023-05-02 08:15:00,0.10973,3.17,0.254,-3.424,0,0.0,-8.17,-3.17,-1.34,0,3.17,0.0,0,0,0,0
3010,2023-05-02 08:30:00,0.10973,4.171,0.145,-4.316,0,0.0,-9.171,-4.171,-3.342,0,4.171,0.0,0,0,0,0
3011,2023-05-02 08:45:00,0.10973,4.703,0.221,-4.924,0,0.0,-9.703,-4.703,-4.406,0,4.703,0.0,0,0,0,0
3012,2023-05-02 09:00:00,0.10973,5.067,0.141,-5.208,0,0.0,-10.067,-5.067,-5.067,0,5.067,0.0,0,0,0,0
3013,2023-05-02 09:15:00,0.10973,5.395,0.148,-5.543,0,0.0,-10.395,-5.395,-5.395,0,5.395,0.0,0,0,0,0
3014,2023-05-02 09:30:00,0.10973,5.439,0.147,-5.586,0,0.0,-10.439,-5.439,-5.439,0,5.439,0.0,0,0,0,0
3015,2023-05-02 09:45:00,0.10973,6.394,0.142,-6.536,0,0.0,-11.394,-6.394,-6.394,0,6.394,0.0,0,0,0,0
3016,2023-05-02 10:00:00,0.10973,5.12,0.179,-5.298,0,0.0,-10.12,-5.12,-5.12,0,5.12,0.0,0,0,0,0
3017,2023-05-02 10:15:00,0.10973,4.091,0.138,-4.229,0,0.0,-9.091,-4.091,-3.182,0,4.091,0.0,0,0,0,0
3018,2023-05-02 10:30:00,0.10973,5.139,0.251,-5.391,0,0.0,-10.139,-5.139,-5.139,0,5.139,0.0,0,0,0,0
3019,2023-05-02 10:45:00,0.10973,6.823,0.234,-7.057,0,0.0,-11.823,-6.823,-6.823,0,6.823,0.0,0,0,0,0
3020,2023-05-02 11:00:00,0.10973,5.224,0.119,-5.343,0,0.0,-10.224,-5.224,-5.224,0,5.224,0.0,0,0,0,0
3021,2023-05-02 11:15:00,0.10973,5.555,0.174,-5.729,0,0.0,-10.555,-5.555,-5.555,0,5.555,0.0,0,0,0,0
3022,2023-05-02 11:30:00,0.10973,4.92,0.123,-5.043,0,0.0,-9.92,-4.92,-4.841,0,4.92,0.0,0,0,0,0
3023,2023-05-02 11:45:00,0.10973,5.636,0.196,-5.832,0,0.0,-10.636,-5.636,-5.636,0,5.636,0.0,0,0,0,0
3024,2023-05-02 12:00:00,0.10973,8.083,0.289,-8.372,0,0.0,-13.083,-8.083,-8.083,0,8.083,0.0,0,0,0,0
3025,2023-05-02 12:15:00,0.10973,8.057,0.343,-8.4,0,0.0,-13.057,-8.057,-8.057,0,8.057,0.0,0,0,0,0
3026,2023-05-02 12:30:00,0.10973,7.981,0.463,-8.444,0,0.0,-12.981,-7.981,-7.981,0,7.981,0.0,0,0,0,0
3027,2023-05-02 12:45:00,0.10973,8.039,0.366,-8.405,0,0.0,-13.039,-8.039,-8.039,0,8.039,0.0,0,0,0,0
3028,2023-05-02 13:00:00,0.10973,7.799,0.473,-8.273,0,0.0,-12.799,-7.799,-7.799,0,7.799,0.0,0,0,0,0
3029,2023-05-02 13:15:00,0.10973,6.601,0.578,-7.179,0,0.0,-11.601,-6.601,-6.601,0,6.601,0.0,0,0,0,0
3030,2023-05-02 13:30:00,0.10973,5.285,1.669,-6.954,0,0.0,-10.285,-5.285,-5.285,0,5.285,0.0,0,0,0,0
3031,2023-05-02 13:45:00,0.10973,5.712,0.994,-6.707,0,0.0,-10.712,-5.712,-5.712,0,5.712,0.0,0,0,0,0
3032,2023-05-02 14:00:00,0.10973,6.826,0.445,-7.272,0,0.0,-11.826,-6.826,-6.826,0,6.826,0.0,0,0,0,0
3033,2023-05-02 14:15:00,0.10973,1.617,0.604,-2.221,0,0.0,-6.617,-1.617,1.766,0,1.617,0.0,0,0,0,0
3034,2023-05-02 14:30:00,0.10973,1.758,0.339,-2.097,0,0.0,-6.758,-1.758,1.484,0,1.758,0.0,0,0,0,0
3035,2023-05-02 14:45:00,0.10973,6.579,0.381,-6.96,0,0.0,-11.579,-6.579,-6.579,0,6.579,0.0,0,0,0,0
3036,2023-05-02 15:00:00,0.10973,5.878,0.456,-6.334,0,0.0,-10.878,-5.878,-5.878,0,5.878,0.0,0,0,0,0
3037,2023-05-02 15:15:00,0.10973,0.456,0.372,-0.827,0,0.0,-5.456,-0.456,4.089,0,0.456,0.0,0,0,0,0
3038,2023-05-02 15:30:00,0.10973,3.629,0.314,-3.943,0,0.0,-8.629,-3.629,-2.258,0,3.629,0.0,0,0,0,0
3039,2023-05-02 15:45:00,0.10973,2.379,0.214,-2.593,0,0.0,-7.379,-2.379,0.243,0,2.379,0.0,0,0,0,0
3040,2023-05-02 16:00:00,0.10973,1.091,0.273,-4.568,3.205,0.0,-9.295,-4.295,-3.59,0,1.091,0.0,0,0,0,0
3041,2023-05-02 16:15:00,0.10973,0.0,0.3,-3.811,3.511,0.761,-8.511,-3.511,-2.023,0,0.0,0.0,0,0,0,0
3042,2023-05-02 16:30:00,0.10973,-0.0,0.221,-3.294,3.072,1.595,-8.072,-3.072,-1.145,0,0,0,0,0,0,0
3043,2023-05-02 16:45:00,0.10973,-0.0,0.253,-2.536,2.283,2.325,-5.0,0.0,27.0,15.761,0,0,0,1,0,0
3044,2023-05-02 17:00:00,0.10973,0.0,0.232,-1.959,1.727,2.867,-5.0,0.0,27.0,15.761,0.0,0.0,0,1,0,0
3045,2023-05-02 17:15:00,0.10973,0.0,0.281,-1.327,1.046,3.277,-5.0,0.0,27.0,15.761,0.0,0.0,0,1,0,0
3046,2023-05-02 17:30:00,0.10973,-0.0,0.325,-0.865,0.54,3.526,-5.0,0.0,27.0,15.761,0,0,0,1,0,0
3047,2023-05-02 17:45:00,0.10973,0.0,0.268,-0.481,0.213,3.654,-5.0,0.0,27.0,15.761,0.0,0.0,0,1,0,0
3048,2023-05-02 18:00:00,0.10973,-0.0,0.256,-0.388,0.132,3.704,-5.0,0.0,27.0,15.761,0,0,0,1,0,0
3049,2023-05-02 18:15:00,0.10973,0.0,0.278,-0.219,-0.058,3.736,-4.942,0.058,27.058,15.761,0.0,0.0,0,1,0,0
3050,2023-05-02 18:30:00,0.10973,0.0,0.301,-0.06,-0.24,3.72,-4.76,0.24,27.24,15.761,0.0,0.0,0,1,0,0
3051,2023-05-02 18:45:00,0.10973,-0.0,0.198,-0.0,-0.198,3.657,-4.802,0.198,27.198,15.761,0,0,0,1,0,0
3052,2023-05-02 19:00:00,0.10973,-0.0,0.215,-0.0,-0.215,3.605,-4.785,0.215,27.215,15.761,0,0,0,1,0,0
3053,2023-05-02 19:15:00,0.10973,-0.0,0.248,-0.0,-0.248,3.548,-4.752,0.248,27.248,15.761,0,0,0,1,0,0
3054,2023-05-02 19:30:00,0.10973,0.0,0.229,-0.0,-0.229,3.483,-4.771,0.229,27.229,15.761,0.0,0.0,0,1,0,0
3055,2023-05-02 19:45:00,0.10973,-0.0,0.324,-0.0,-0.324,3.423,-4.676,0.324,27.324,15.761,0,0,0,1,0,0
3056,2023-05-02 20:00:00,0.10973,-0.0,0.315,-0.0,-0.315,3.338,-4.685,0.315,27.315,15.761,0,0,0,1,0,0
3057,2023-05-02 20:15:00,0.10973,0.0,0.28,-0.0,-0.28,3.255,-4.72,0.28,27.28,15.761,0.0,0.0,0,1,0,0
3058,2023-05-02 20:30:00,0.10973,-0.0,0.267,-0.0,-0.267,3.181,-4.733,0.267,27.267,15.761,0,0,0,1,0,0
3059,2023-05-02 20:45:00,0.10973,0.0,0.243,-0.0,-0.243,3.111,-4.757,0.243,27.243,15.761,0.0,0.0,0,1,0,0
3060,2023-05-02 21:00:00,0.03663,-0.0,0.213,-0.0,-0.213,3.047,-4.787,0.213,27.213,15.761,0,0,0,1,0,0
3061,2023-05-02 21:15:00,0.03663,0.0,0.235,-0.0,-0.235,2.991,-4.765,0.235,27.235,15.761,0.0,0.0,0,1,0,0
3062,2023-05-02 21:30:00,0.03663,-0.0,0.301,-0.0,-0.301,2.929,-4.699,0.301,27.301,15.761,0,0,0,1,0,0
3063,2023-05-02 21:45:00,0.03663,-0.0,0.417,-0.0,-0.417,2.85,-4.583,0.417,27.417,15.761,0,0,0,1,0,0
3064,2023-05-02 22:00:00,0.03663,0.0,0.428,-0.0,-0.428,2.74,-4.572,0.428,27.428,15.761,0.0,0.0,0,1,0,0
3065,2023-05-02 22:15:00,0.03663,0.0,0.553,-0.0,-0.553,2.628,-4.447,0.553,27.553,15.761,0.0,0.0,0,1,0,0
3066,2023-05-02 22:30:00,0.03663,-0.0,0.422,-0.0,-0.422,2.482,-4.578,0.422,27.422,15.761,0,0,0,1,0,0
3067,2023-05-02 22:45:00,0.03663,-0.0,0.444,-0.0,-0.444,2.371,-4.556,0.444,27.444,15.761,0,0,0,1,0,0
3068,2023-05-02 23:00:00,0.03663,0.0,0.435,-0.0,-0.435,2.254,-4.565,0.435,27.435,15.761,0.0,0.0,0,1,0,0
3069,2023-05-02 23:15:00,0.03663,-0.0,0.421,-0.0,-0.421,2.139,-4.579,0.421,27.421,15.761,0,0,0,1,0,0
3070,2023-05-02 23:30:00,0.03663,-0.0,0.429,-0.0,-0.429,2.029,-4.571,0.429,27.429,15.761,0,0,0,1,0,0
3071,2023-05-02 23:45:00,0.03663,0.0,0.359,-0.0,-0.359,1.916,-4.641,0.359,27.359,15.761,0.0,0.0,0,1,0,0
3072,2023-05-03 00:00:00,0.03663,0.0,0.487,-0.0,-0.487,1.821,-4.513,0.487,27.487,15.761,0.0,0.0,0,1,0,0
3073,2023-05-03 00:15:00,0.03663,-0.0,0.534,-0.0,-0.534,1.693,-4.466,0.534,27.534,15.761,0,0,0,1,0,0
3074,2023-05-03 00:30:00,0.03663,-0.0,0.382,-0.0,-0.382,1.553,-4.618,0.382,27.382,15.761,0,0,0,1,0,0
3075,2023-05-03 00:45:00,0.03663,0.0,0.548,-0.0,-0.548,1.452,-4.452,0.548,27.548,15.761,0.0,0.0,0,1,0,0
3076,2023-05-03 01:00:00,0.03663,-0.0,0.378,-0.0,-0.378,1.308,-4.622,0.378,27.378,15.761,0,0,0,1,0,0
3077,2023-05-03 01:15:00,0.03663,-0.0,0.504,-0.0,-0.504,1.209,-4.496,0.504,27.504,15.761,0,0,0,1,0,0
3078,2023-05-03 01:30:00,0.03663,0.0,0.422,-0.0,-0.422,1.076,-4.578,0.422,27.422,15.761,0.0,0.0,0,1,0,0
3079,2023-05-03 01:45:00,0.03663,-0.0,0.448,-0.0,-0.448,0.965,-4.552,0.448,27.448,15.761,0,0,0,1,0,0
3080,2023-05-03 02:00:00,0.03663,0.0,0.411,-0.0,-0.411,0.847,-4.589,0.411,27.411,15.761,0.0,0.0,0,1,0,0
3081,2023-05-03 02:15:00,0.03663,0.0,0.305,-0.0,-0.305,0.739,-4.695,0.305,27.305,15.761,0.0,0.0,0,1,0,0
3082,2023-05-03 02:30:00,0.03663,-0.0,0.248,-0.0,-0.248,0.659,-4.752,0.248,27.248,15.761,0,0,0,1,0,0
3083,2023-05-03 02:45:00,0.03663,0.0,0.189,-0.0,-0.189,0.593,-4.811,0.189,27.189,15.761,0.0,0.0,0,1,0,0
3084,2023-05-03 03:00:00,0.03663,-0.0,0.165,-0.0,-0.165,0.543,-4.835,0.165,27.165,15.761,0,0,0,1,0,0
3085,2023-05-03 03:15:00,0.03663,0.0,0.158,-0.0,-0.158,0.5,-4.842,0.158,27.158,15.761,0.0,0.0,0,1,0,0
3086,2023-05-03 03:30:00,0.03663,-0.0,0.169,-0.0,-0.169,0.458,-4.831,0.169,27.169,15.761,0,0,0,1,0,0
3087,2023-05-03 03:45:00,0.03663,-0.0,0.197,-0.0,-0.197,0.414,-4.803,0.197,27.197,15.761,0,0,0,1,0,0
3088,2023-05-03 04:00:00,0.03663,0.0,0.135,-0.0,-0.135,0.362,-4.865,0.135,27.135,15.761,0.0,0.0,0,1,0,0
3089,2023-05-03 04:15:00,0.03663,-0.0,0.172,-0.0,-0.172,0.327,-4.828,0.172,27.172,15.761,0,0,0,1,0,0
3090,2023-05-03 04:30:00,0.03663,-0.0,0.15,-0.0,-0.15,0.281,-4.85,0.15,27.15,15.761,0,0,0,1,0,0
3091,2023-05-03 04:45:00,0.03663,0.0,0.21,-0.0,-0.21,0.242,-4.79,0.21,27.21,15.761,0.0,0.0,0,1,0,0
3092,2023-05-03 05:00:00,0.03663,-0.0,0.234,-0.0,-0.234,0.186,-4.766,0.234,27.234,15.761,0,0,0,1,0,0
3093,2023-05-03 05:15:00,0.03663,0.0,0.147,-0.0,-0.147,0.125,-4.853,0.147,27.147,15.761,0.0,0.0,0,1,0,0
3094,2023-05-03 05:30:00,0.03663,-0.0,0.16,-0.0,-0.16,0.086,-4.84,0.16,27.16,15.761,0,0,0,1,0,0
3095,2023-05-03 05:45:00,0.03663,0.0,0.14,-0.033,-0.107,0.044,-4.893,0.107,27.107,15.761,0.0,0.0,0,1,0,0
3096,2023-05-03 06:00:00,0.18499,0.0,0.189,-0.13,-0.059,0.016,-4.941,0.059,27.059,15.761,0.0,0.0,0,1,0,0
3097,2023-05-03 06:15:00,0.18499,-0.0,0.163,-0.288,0,0.0,-5.0,0.0,27.0,15.761,0,0,0.125,1,1,0.125
3098,2023-05-03 06:30:00,0.18499,0.0,0.141,-0.563,0,0.0,-5.0,0.0,27.0,15.731,0.0,0.0,0.422,1,1,0.422
3099,2023-05-03 06:45:00,0.18499,-0.0,0.135,-1.048,0,0.0,-5.0,0.0,27.0,15.631,0,0,0.913,1,1,0.913
3100,2023-05-03 07:00:00,0.18499,1.298,0.144,-1.443,0,0.0,-5.0,0.0,27.0,15.414,1.298,0.0,0,1,0,0
3101,2023-05-03 07:15:00,0.18499,0.0,0.268,-1.334,0,0.0,-5.0,0.0,27.0,15.414,0.0,0.0,1.065,1,1,1.065
3102,2023-05-03 07:30:00,0.18499,1.249,0.171,-1.42,0,0.0,-5.0,0.0,27.0,15.161,1.249,0.0,0,1,0,0
3103,2023-05-03 07:45:00,0.18499,-0.0,0.132,-2.716,0,0.0,-5.0,0.0,27.0,15.161,0,0,2.584,1,1,2.584
3104,2023-05-03 08:00:00,0.18499,0.0,0.236,-3.324,0,0.0,-5.0,0.0,27.0,14.548,0.0,0.0,3.088,1,1,3.088
3105,2023-05-03 08:15:00,0.18499,-0.0,0.161,-4.02,0,0.0,-5.0,0.0,27.0,13.814,0,0,3.859,1,1,3.859
3106,2023-05-03 08:30:00,0.18499,0.0,0.143,-4.53,0,0.0,-5.673,-0.673,25.653,12.898,0.0,0.0,4.387,1,1,4.387
3107,2023-05-03 08:45:00,0.18499,3.229,0.13,-3.359,0,0.0,-8.229,-3.229,20.542,11.856,3.229,0.0,0,1,0,0
3108,2023-05-03 09:00:00,0.18499,4.461,0.119,-4.579,0,0.0,-9.461,-4.461,18.078,11.856,4.461,0.0,0,1,0,0
3109,2023-05-03 09:15:00,0.18499,-0.0,0.191,-5.723,0,0.0,-10.531,-5.531,16.469,11.856,0,0,5.531,1,1,5.531
3110,2023-05-03 09:30:00,0.18499,0.0,0.181,-6.246,0,0.0,-11.065,-6.065,15.935,10.542,0.0,0.0,6.065,1,1,6.065
3111,2023-05-03 09:45:00,0.18499,6.286,0.24,-6.527,0,0.0,-11.286,-6.286,15.714,9.102,6.286,0.0,0,1,0,0
3112,2023-05-03 10:00:00,0.18499,0.0,0.169,-7.033,0,0.0,-11.864,-6.864,15.136,9.102,0.0,0.0,6.864,1,1,6.864
3113,2023-05-03 10:15:00,0.18499,2.392,0.223,-7.31,0,0.0,-12.086,-7.086,14.914,7.472,2.392,0.0,4.695,1,1,4.695
3114,2023-05-03 10:30:00,0.18499,7.502,0.11,-7.612,0,0.0,-12.502,-7.502,14.498,6.357,7.502,0.0,0,1,0,0
3115,2023-05-03 10:45:00,0.18499,7.783,0.164,-7.947,0,0.0,-12.783,-7.783,14.217,6.357,7.783,0.0,0,1,0,0
3116,2023-05-03 11:00:00,0.18499,8.059,0.129,-8.188,0,0.0,-13.059,-8.059,13.941,6.357,8.059,0.0,0,1,0,0
3117,2023-05-03 11:15:00,0.18499,8.122,0.157,-8.279,0,0.0,-13.122,-8.122,13.878,6.357,8.122,0.0,0,1,0,0
3118,2023-05-03 11:30:00,0.18499,-0.0,0.143,-8.345,0,0.0,-13.202,-8.202,13.798,6.357,0,0,8.202,1,1,8.202
3119,2023-05-03 11:45:00,0.18499,8.235,0.172,-8.407,0,0.0,-13.235,-8.235,13.765,4.409,8.235,0.0,0,1,0,0
3120,2023-05-03 12:00:00,0.18499,6.877,0.348,-7.224,0,0.0,-11.877,-6.877,15.123,4.409,6.877,0.0,0,1,0,0
3121,2023-05-03 12:15:00,0.18499,-0.0,0.386,-5.529,0,0.0,-10.143,-5.143,16.857,4.409,0,0,5.143,1,1,5.143
3122,2023-05-03 12:30:00,0.18499,-0.0,0.262,-4.801,0,0.0,-9.539,-4.539,17.922,3.187,0,0,4.539,1,1,4.539
3123,2023-05-03 12:45:00,0.18499,0.0,0.151,-9.032,0,0.0,-13.881,-8.881,13.119,2.109,0.0,0.0,8.881,1,1,8.881
3124,2023-05-03 13:00:00,0.18499,2.241,0.148,-6.819,4.43,0.0,-11.67,-6.67,15.33,0.0,2.241,0.0,0,1,0,0
3125,2023-05-03 13:15:00,0.18499,-0.0,0.142,-2.825,2.683,1.052,-7.683,-2.683,21.635,0.0,0,0,0,1,0,0
3126,2023-05-03 13:30:00,0.18499,0.0,0.128,-2.274,2.146,1.689,-7.146,-2.146,22.708,0.0,0.0,0.0,0,1,0,0
3127,2023-05-03 13:45:00,0.18499,-0.0,0.214,-4.491,4.278,2.199,-9.278,-4.278,18.445,0.0,0,0,0,1,0,0
3128,2023-05-03 14:00:00,0.18499,-0.0,0.148,-4.59,4.442,3.215,-9.442,-4.442,18.116,0.0,0,0,0,1,0,0
3129,2023-05-03 14:15:00,0.18499,0.0,0.167,-2.532,2.365,4.27,-7.365,-2.365,22.27,0.0,0.0,0.0,0,1,0,0
3130,2023-05-03 14:30:00,0.18499,-0.0,0.153,-1.549,1.396,4.832,-6.396,-1.396,24.209,0.0,0,0,0,1,0,0
3131,2023-05-03 14:45:00,0.18499,-0.0,0.228,-1.08,0.851,5.163,-5.851,-0.851,25.297,0.0,0,0,0,1,0,0
3132,2023-05-03 15:00:00,0.18499,0.0,0.222,-0.522,0.3,5.365,-5.3,-0.3,26.401,0.0,0.0,0.0,0,1,0,0
3133,2023-05-03 15:15:00,0.18499,0.0,0.122,-0.589,0.466,5.436,-5.466,-0.466,26.067,0.0,0.0,0.0,0,1,0,0
3134,2023-05-03 15:30:00,0.18499,-0.0,0.228,-0.816,0.588,5.547,-5.588,-0.588,25.824,0.0,0,0,0,1,0,0
3135,2023-05-03 15:45:00,0.18499,-0.0,0.348,-0.773,0.425,5.687,-5.425,-0.425,26.15,0.0,0,0,0,1,0,0
3136,2023-05-03 16:00:00,0.18499,0.0,0.396,-0.387,-0.01,5.788,-4.99,0.01,27.01,0.0,0.0,0.0,0,1,0,0
3137,2023-05-03 16:15:00,0.18499,-0.0,0.733,-0.252,-0.481,5.785,-4.519,0.481,27.481,0.0,0,0,0,1,0,0
3138,2023-05-03 16:30:00,0.18499,-0.0,0.582,-0.308,-0.274,5.659,-4.726,0.274,27.274,0.0,0,0,0,1,0,0
3139,2023-05-03 16:45:00,0.18499,0.0,0.656,-1.226,0.571,5.586,-5.571,-0.571,25.859,0.0,0.0,0.0,0,1,0,0
3140,2023-05-03 17:00:00,0.18499,-0.0,0.656,-0.819,0.163,5.722,-5.163,-0.163,26.674,0.0,0,0,0,1,0,0
3141,2023-05-03 17:15:00,0.18499,0.0,1.228,-0.34,-0.888,5.761,-4.112,0.888,27.888,0.0,0.0,0.0,0,1,0,0
3142,2023-05-03 17:30:00,0.18499,-0.0,1.372,-0.47,-0.902,5.527,-4.098,0.902,27.902,0.0,0,0,0,1,0,0
3143,2023-05-03 17:45:00,0.18499,0.0,0.926,-0.461,-0.465,5.29,-4.535,0.465,27.465,0.0,0.0,0.0,0,1,0,0
3144,2023-05-03 18:00:00,0.18499,-0.0,0.552,-0.4,-0.152,5.167,-4.848,0.152,27.152,0.0,0,0,0,1,0,0
3145,2023-05-03 18:15:00,0.18499,0.0,0.457,-0.186,-0.271,5.127,-4.729,0.271,27.271,0.0,0.0,0.0,0,1,0,0
3146,2023-05-03 18:30:00,0.18499,-0.0,0.552,-0.094,-0.458,5.056,-4.542,0.458,27.458,0.0,0,0,0,1,0,0
3147,2023-05-03 18:45:00,0.18499,0.0,0.664,-0.0,-0.664,4.935,-4.336,0.664,27.664,0.0,0.0,0.0,0,1,0,0
3148,2023-05-03 19:00:00,0.18499,0.0,0.575,-0.0,-0.575,4.761,-4.425,0.575,27.575,0.0,0.0,0.0,0,1,0,0
3149,2023-05-03 19:15:00,0.18499,-0.0,0.539,-0.0,-0.539,4.609,-4.461,0.539,27.539,0.0,0,0,0,1,0,0
3150,2023-05-03 19:30:00,0.18499,0.0,0.579,-0.0,-0.579,4.468,-4.421,0.579,27.579,0.0,0.0,0.0,0,1,0,0
3151,2023-05-03 19:45:00,0.18499,0.0,0.469,-0.0,-0.469,4.315,-4.531,0.469,27.469,0.0,0.0,0.0,0,1,0,0
3152,2023-05-03 20:00:00,0.18499,-0.0,0.547,-0.0,-0.547,4.192,-4.453,0.547,27.547,0.0,0,0,0,1,0,0
3153,2023-05-03 20:15:00,0.18499,-0.0,0.446,-0.0,-0.446,4.048,-4.554,0.446,27.446,0.0,0,0,0,1,0,0
3154,2023-05-03 20:30:00,0.18499,0.0,0.427,-0.0,-0.427,3.93,-4.573,0.427,27.427,0.0,0.0,0.0,0,1,0,0
3155,2023-05-03 20:45:00,0.18499,0.0,0.445,-0.0,-0.445,3.818,-4.555,0.445,27.445,0.0,0.0,0.0,0,1,0,0
3156,2023-05-03 21:00:00,0.07747,-0.0,0.425,-0.0,-0.425,3.701,-4.575,0.425,27.425,0.0,0,0,0,1,0,0
3157,2023-05-03 21:15:00,0.07747,0.0,0.46,-0.0,-0.46,3.589,-4.54,0.46,27.46,0.0,0.0,0.0,0,1,0,0
3158,2023-05-03 21:30:00,0.07747,-0.0,0.459,-0.0,-0.459,3.468,-4.541,0.459,27.459,0.0,0,0,0,1,0,0
3159,2023-05-03 21:45:00,0.07747,-0.0,0.647,-0.0,-0.647,3.347,-4.353,0.647,27.647,0.0,0,0,0,1,0,0
3160,2023-05-03 22:00:00,0.07747,0.0,0.535,-0.0,-0.535,3.177,-4.465,0.535,27.535,0.0,0.0,0.0,0,1,0,0
3161,2023-05-03 22:15:00,0.07747,-0.0,0.457,-0.0,-0.457,3.036,-4.543,0.457,27.457,0.0,0,0,0,1,0,0
3162,2023-05-03 22:30:00,0.07747,-0.0,0.462,-0.0,-0.462,2.916,-4.538,0.462,27.462,0.0,0,0,0,1,0,0
3163,2023-05-03 22:45:00,0.07747,0.0,0.363,-0.0,-0.363,2.794,-4.637,0.363,27.363,0.0,0.0,0.0,0,1,0,0
3164,2023-05-03 23:00:00,0.07747,0.0,0.482,-0.0,-0.482,2.699,-4.518,0.482,27.482,0.0,0.0,0.0,0,1,0,0
3165,2023-05-03 23:15:00,0.07747,-0.0,0.476,-0.0,-0.476,2.572,-4.524,0.476,27.476,0.0,0,0,0,1,0,0
3166,2023-05-03 23:30:00,0.07747,-0.0,0.452,-0.0,-0.452,2.446,-4.548,0.452,27.452,0.0,0,0,0,1,0,0
3167,2023-05-03 23:45:00,0.07747,0.0,0.4,-0.0,-0.4,2.328,-4.6,0.4,27.4,0.0,0.0,0.0,0,1,0,0
3168,2023-05-04 00:00:00,0.07747,-0.0,0.212,-0.0,-0.212,2.222,-4.788,0.212,27.212,0.0,0,0,0,1,0,0
3169,2023-05-04 00:15:00,0.07747,0.0,0.309,-0.0,-0.309,2.167,-4.691,0.309,27.309,0.0,0.0,0.0,0,1,0,0
3170,2023-05-04 00:30:00,0.07747,-0.0,0.291,-0.0,-0.291,2.085,-4.709,0.291,27.291,0.0,0,0,0,1,0,0
3171,2023-05-04 00:45:00,0.07747,-0.0,0.252,-0.0,-0.252,2.008,-4.748,0.252,27.252,0.0,0,0,0,1,0,0
3172,2023-05-04 01:00:00,0.07747,0.0,0.257,-0.0,-0.257,1.942,-4.743,0.257,27.257,0.0,0.0,0.0,0,1,0,0
3173,2023-05-04 01:15:00,0.07747,0.0,0.246,-0.0,-0.246,1.874,-4.754,0.246,27.246,0.0,0.0,0.0,0,1,0,0
3174,2023-05-04 01:30:00,0.07747,-0.0,0.25,-0.0,-0.25,1.81,-4.75,0.25,27.25,0.0,0,0,0,1,0,0
3175,2023-05-04 01:45:00,0.07747,-0.0,0.218,-0.0,-0.218,1.744,-4.782,0.218,27.218,0.0,0,0,0,1,0,0
3176,2023-05-04 02:00:00,0.07747,-0.0,0.239,-0.0,-0.239,1.686,-4.761,0.239,27.239,0.0,0,0,0,1,0,0
3177,2023-05-04 02:15:00,0.07747,0.0,0.228,-0.0,-0.228,1.624,-4.772,0.228,27.228,0.0,0.0,0.0,0,1,0,0
3178,2023-05-04 02:30:00,0.07747,0.0,0.27,-0.0,-0.27,1.564,-4.73,0.27,27.27,0.0,0.0,0.0,0,1,0,0
3179,2023-05-04 02:45:00,0.07747,0.0,0.345,-0.0,-0.345,1.493,-4.655,0.345,27.345,0.0,0.0,0.0,0,1,0,0
3180,2023-05-04 03:00:00,0.07747,0.0,0.324,-0.0,-0.324,1.402,-4.676,0.324,27.324,0.0,0.0,0.0,0,1,0,0
3181,2023-05-04 03:15:00,0.07747,-0.0,0.307,-0.0,-0.307,1.317,-4.693,0.307,27.307,0.0,0,0,0,1,0,0
3182,2023-05-04 03:30:00,0.07747,0.0,0.233,-0.0,-0.233,1.236,-4.767,0.233,27.233,0.0,0.0,0.0,0,1,0,0
3183,2023-05-04 03:45:00,0.07747,0.0,0.27,-0.0,-0.27,1.174,-4.73,0.27,27.27,0.0,0.0,0.0,0,1,0,0
3184,2023-05-04 04:00:00,0.07747,-0.0,0.275,-0.0,-0.275,1.103,-4.725,0.275,27.275,0.0,0,0,0,1,0,0
3185,2023-05-04 04:15:00,0.07747,0.0,0.215,-0.0,-0.215,1.031,-4.785,0.215,27.215,0.0,0.0,0.0,0,1,0,0
3186,2023-05-04 04:30:00,0.07747,-0.0,0.257,-0.0,-0.257,0.975,-4.743,0.257,27.257,0.0,0,0,0,1,0,0
3187,2023-05-04 04:45:00,0.07747,0.0,0.243,-0.0,-0.243,0.907,-4.757,0.243,27.243,0.0,0.0,0.0,0,1,0,0
3188,2023-05-04 05:00:00,0.07747,0.0,0.334,-0.0,-0.334,0.843,-4.666,0.334,27.334,0.0,0.0,0.0,0,1,0,0
3189,2023-05-04 05:15:00,0.07747,-0.0,0.348,-0.0,-0.348,0.755,-4.652,0.348,27.348,0.0,0,0,0,1,0,0
3190,2023-05-04 05:30:00,0.07747,0.0,0.273,-0.0,-0.273,0.664,-4.727,0.273,27.273,0.0,0.0,0.0,0,1,0,0
3191,2023-05-04 05:45:00,0.07747,-0.0,0.268,-0.053,-0.215,0.592,-4.785,0.215,27.215,0.0,0,0,0,1,0,0
3192,2023-05-04 06:00:00,0.09964,-0.0,0.208,-0.073,-0.136,0.535,-4.864,0.136,27.136,0.0,0,0,0,1,0,0
3193,2023-05-04 06:15:00,0.09964,0.0,0.297,-0.264,-0.034,0.5,-4.966,0.034,27.034,0.0,0.0,0.0,0,1,0,0
3194,2023-05-04 06:30:00,0.09964,-0.0,0.24,-0.386,0.146,0.491,-5.146,-0.146,26.708,0.0,0,0,0,1,0,0
3195,2023-05-04 06:45:00,0.09964,0.0,0.255,-0.466,0.21,0.526,-5.21,-0.21,26.579,0.0,0.0,0.0,0,1,0,0
3196,2023-05-04 07:00:00,0.09964,-0.0,0.288,-0.567,0.279,0.575,-5.279,-0.279,26.442,0.0,0,0,0,1,0,0
3197,2023-05-04 07:15:00,0.09964,0.0,0.245,-0.656,0.411,0.642,-5.411,-0.411,4.178,0,0.0,0.0,0,0,0,0
3198,2023-05-04 07:30:00,0.09964,-0.0,0.258,-0.701,0.444,0.739,-5.444,-0.444,4.113,0,0,0,0,0,0,0
3199,2023-05-04 07:45:00,0.09964,0.0,1.261,-0.71,-0.551,0.845,-4.449,0.551,5.551,0,0.0,0.0,0,0,0,0
3200,2023-05-04 08:00:00,0.09964,-0.0,1.765,-0.951,-0.815,0.7,-4.185,0.815,5.815,0,0,0,0,0,0,0
3201,2023-05-04 08:15:00,0.09964,0.0,2.026,-0.682,-1.344,0.485,-3.656,1.344,6.344,0,0.0,0.0,0,0,0,0
3202,2023-05-04 08:30:00,0.09964,-0.0,1.662,-1.162,-0.5,0.131,-4.5,0.5,5.5,0,0,0,0,0,0,0
3203,2023-05-04 08:45:00,0.09964,1.965,0.373,-2.339,0,0.0,-6.965,-1.965,1.07,0,1.965,0.0,0,0,0,0
3204,2023-05-04 09:00:00,0.09964,1.125,0.28,-1.404,0,0.0,-6.125,-1.125,2.75,0,1.125,0.0,0,0,0,0
3205,2023-05-04 09:15:00,0.09964,0.86,0.926,-2.126,0.34,0.0,-6.199,-1.199,2.601,0,0.86,0.0,0,0,0,0
3206,2023-05-04 09:30:00,0.09964,0.0,1.759,-1.452,-0.307,0.081,-4.693,0.307,5.307,0,0.0,0.0,0,0,0,0
3207,2023-05-04 09:45:00,0.09964,2.875,0.772,-3.648,0,0.0,-7.875,-2.875,-0.751,0,2.875,0.0,0,0,0,0
3208,2023-05-04 10:00:00,0.09964,3.164,0.511,-3.675,0,0.0,-8.164,-3.164,-1.329,0,3.164,0.0,0,0,0,0
3209,2023-05-04 10:15:00,0.09964,1.024,0.353,-1.378,0,0.0,-6.024,-1.024,2.951,0,1.024,0.0,0,0,0,0
3210,2023-05-04 10:30:00,0.09964,2.816,0.505,-3.321,0,0.0,-7.816,-2.816,-0.632,0,2.816,0.0,0,0,0,0
3211,2023-05-04 10:45:00,0.09964,0.573,1.056,-2.983,1.354,0.0,-6.927,-1.927,1.147,0,0.573,0.0,0,0,0,0
3212,2023-05-04 11:00:00,0.09964,0.0,1.636,-1.783,0.147,0.321,-5.147,-0.147,4.706,0,0.0,0.0,0,0,0,0
3213,2023-05-04 11:15:00,0.09964,-0.0,2.677,-1.86,-0.817,0.356,-4.183,0.817,5.817,0,0,0,0,0,0,0
3214,2023-05-04 11:30:00,0.09964,0.0,2.703,-2.166,-0.537,0.141,-4.463,0.537,5.537,0,0.0,0.0,0,0,0,0
3215,2023-05-04 11:45:00,0.09964,0.535,0.902,-1.437,0,0.0,-5.535,-0.535,3.93,0,0.535,0.0,0,0,0,0
3216,2023-05-04 12:00:00,0.09964,0.79,0.689,-1.478,0,0.0,-5.79,-0.79,3.42,0,0.79,0.0,0,0,0,0
3217,2023-05-04 12:15:00,0.09964,2.628,0.264,-2.892,0,0.0,-7.628,-2.628,-0.255,0,2.628,0.0,0,0,0,0
3218,2023-05-04 12:30:00,0.09964,2.448,0.361,-2.809,0,0.0,-7.448,-2.448,0.103,0,2.448,0.0,0,0,0,0
3219,2023-05-04 12:45:00,0.09964,5.245,0.283,-5.528,0,0.0,-10.245,-5.245,-5.245,0,5.245,0.0,0,0,0,0
3220,2023-05-04 13:00:00,0.09964,2.213,0.314,-2.527,0,0.0,-7.213,-2.213,0.573,0,2.213,0.0,0,0,0,0
3221,2023-05-04 13:15:00,0.09964,3.418,0.23,-4.701,1.052,0.0,-9.471,-4.471,-3.941,0,3.418,0.0,0,0,0,0
3222,2023-05-04 13:30:00,0.09964,-0.0,0.313,-4.27,3.956,0.25,-8.956,-3.956,-2.912,0,0,0,0,0,0,0
3223,2023-05-04 13:45:00,0.09964,0.0,0.366,-4.304,3.939,1.19,-8.939,-3.939,-2.877,0,0.0,0.0,0,0,0,0
3224,2023-05-04 14:00:00,0.09964,-0.0,0.939,-1.925,0.986,2.125,-5.986,-0.986,3.028,0,0,0,0,0,0,0
3225,2023-05-04 14:15:00,0.09964,0.0,0.33,-3.134,2.804,2.359,-7.804,-2.804,-0.608,0,0.0,0.0,0,0,0,0
3226,2023-05-04 14:30:00,0.09964,0.0,0.387,-3.082,2.695,3.025,-7.695,-2.695,-0.39,0,0.0,0.0,0,0,0,0
3227,2023-05-04 14:45:00,0.09964,-0.0,0.359,-3.083,2.724,3.665,-7.724,-2.724,-0.447,0,0,0,0,0,0,0
3228,2023-05-04 15:00:00,0.09964,-0.0,0.511,-2.874,2.363,4.312,-7.363,-2.363,0.275,0,0,0,0,0,0,0
3229,2023-05-04 15:15:00,0.09964,0.0,0.404,-1.736,0,4.873,-5.0,0.0,27.0,4.426,0.0,0.0,1.332,1,1,1.332
3230,2023-05-04 15:30:00,0.09964,-0.0,0.376,-2.439,0,4.873,-5.0,0.0,27.0,4.109,0,0,2.063,1,1,2.063
3231,2023-05-04 15:45:00,0.09964,-0.0,0.419,-1.982,0,4.873,-5.0,0.0,27.0,3.619,0,0,1.563,1,1,1.563
3232,2023-05-04 16:00:00,0.09964,0.0,0.352,-2.839,0,4.873,-5.0,0.0,27.0,3.248,0.0,0.0,2.487,1,1,2.487
3233,2023-05-04 16:15:00,0.09964,-0.0,0.415,-2.932,0,4.873,-5.0,0.0,27.0,2.657,0,0,2.516,1,1,2.516
3234,2023-05-04 16:30:00,0.09964,0.0,0.373,-3.306,0,4.873,-5.0,0.0,27.0,2.06,0.0,0.0,2.932,1,1,2.932
3235,2023-05-04 16:45:00,0.09964,-0.0,0.402,-2.014,0,4.873,-5.0,0.0,27.0,1.363,0,0,1.611,1,1,1.611
3236,2023-05-04 17:00:00,0.09964,-0.0,0.493,-1.527,0,4.873,-5.0,0.0,27.0,0.981,0,0,1.033,1,1,1.033
3237,2023-05-04 17:15:00,0.09964,0.0,0.353,-1.215,0,4.873,-5.0,0.0,27.0,0.735,0.0,0.0,0.862,1,1,0.862
3238,2023-05-04 17:30:00,0.09964,0.0,0.452,-0.853,0.202,4.873,-5.0,0.0,27.0,0.531,0.0,0.0,0.198,1,1,0.198
3239,2023-05-04 17:45:00,0.09964,-0.0,0.476,-0.471,-0.005,4.921,-4.995,0.005,27.005,0.483,0,0,0,1,0,0
3240,2023-05-04 18:00:00,0.09964,-0.0,0.353,-0.435,0.082,4.92,-5.0,0.0,27.0,0.483,0,0,0,1,0,0
3241,2023-05-04 18:15:00,0.09964,0.0,0.387,-0.224,-0.163,4.939,-4.837,0.163,27.163,0.483,0.0,0.0,0,1,0,0
3242,2023-05-04 18:30:00,0.09964,0.0,0.549,-0.108,-0.441,4.896,-4.559,0.441,27.441,0.483,0.0,0.0,0,1,0,0
3243,2023-05-04 18:45:00,0.09964,-0.0,0.445,-0.0,-0.445,4.78,-4.555,0.445,27.445,0.483,0,0,0,1,0,0
3244,2023-05-04 19:00:00,0.09964,-0.0,0.353,-0.0,-0.353,4.663,-4.647,0.353,27.353,0.483,0,0,0,1,0,0
3245,2023-05-04 19:15:00,0.09964,-0.0,0.387,-0.0,-0.387,4.57,-4.613,0.387,27.387,0.483,0,0,0,1,0,0
3246,2023-05-04 19:30:00,0.09964,-0.0,0.379,-0.0,-0.379,4.468,-4.621,0.379,27.379,0.483,0,0,0,1,0,0
3247,2023-05-04 19:45:00,0.09964,0.0,0.313,-0.0,-0.313,4.369,-4.687,0.313,27.313,0.483,0.0,0.0,0,1,0,0
3248,2023-05-04 20:00:00,0.09964,-0.0,1.68,-0.0,-1.68,4.286,-3.32,1.68,28.68,0.483,0,0,0,1,0,0
3249,2023-05-04 20:15:00,0.09964,0.0,0.777,-0.0,-0.777,3.844,-4.223,0.777,27.777,0.483,0.0,0.0,0,1,0,0
3250,2023-05-04 20:30:00,0.09964,-0.0,0.68,-0.0,-0.68,3.64,-4.32,0.68,27.68,0.483,0,0,0,1,0,0
3251,2023-05-04 20:45:00,0.09964,0.0,0.62,-0.0,-0.62,3.461,-4.38,0.62,27.62,0.483,0.0,0.0,0,1,0,0
3252,2023-05-04 21:00:00,0.11012,-0.0,0.964,-0.0,-0.964,3.298,-4.036,0.964,27.964,0.483,0,0,0,1,0,0
3253,2023-05-04 21:15:00,0.11012,0.0,0.502,-0.0,-0.502,3.044,-4.498,0.502,27.502,0.483,0.0,0.0,0,1,0,0
3254,2023-05-04 21:30:00,0.11012,0.0,0.5,-0.0,-0.5,2.912,-4.5,0.5,27.5,0.483,0.0,0.0,0,1,0,0
3255,2023-05-04 21:45:00,0.11012,-0.0,0.532,-0.0,-0.532,2.78,-4.468,0.532,27.532,0.483,0,0,0,1,0,0
3256,2023-05-04 22:00:00,0.11012,0.0,0.487,-0.0,-0.487,2.64,-4.513,0.487,27.487,0.483,0.0,0.0,0,1,0,0
3257,2023-05-04 22:15:00,0.11012,-0.0,0.613,-0.0,-0.613,2.512,-4.387,0.613,27.613,0.483,0,0,0,1,0,0
3258,2023-05-04 22:30:00,0.11012,0.0,0.815,-0.0,-0.815,2.351,-4.185,0.815,27.815,0.483,0.0,0.0,0,1,0,0
3259,2023-05-04 22:45:00,0.11012,-0.0,0.759,-0.0,-0.759,2.136,-4.241,0.759,27.759,0.483,0,0,0,1,0,0
3260,2023-05-04 23:00:00,0.11012,0.0,0.928,-0.0,-0.928,1.937,-4.072,0.928,27.928,0.483,0.0,0.0,0,1,0,0
3261,2023-05-04 23:15:00,0.11012,-0.0,1.674,-0.0,-1.674,1.692,-3.326,1.674,28.674,0.483,0,0,0,1,0,0
3262,2023-05-04 23:30:00,0.11012,0.0,0.468,-0.0,-0.468,1.252,-4.532,0.468,27.468,0.483,0.0,0.0,0,1,0,0
3263,2023-05-04 23:45:00,0.11012,0.0,0.221,-0.0,-0.221,1.129,-4.779,0.221,27.221,0.483,0.0,0.0,0,1,0,0
3264,2023-05-05 00:00:00,0.11012,-0.0,0.198,-0.0,-0.198,1.071,-4.802,0.198,27.198,0.483,0,0,0,1,0,0
3265,2023-05-05 00:15:00,0.11012,0.0,0.225,-0.0,-0.225,1.019,-4.775,0.225,27.225,0.483,0.0,0.0,0,1,0,0
3266,2023-05-05 00:30:00,0.11012,-0.0,0.277,-0.0,-0.277,0.959,-4.723,0.277,27.277,0.483,0,0,0,1,0,0
3267,2023-05-05 00:45:00,0.11012,0.0,0.289,-0.0,-0.289,0.886,-4.711,0.289,27.289,0.483,0.0,0.0,0,1,0,0
3268,2023-05-05 01:00:00,0.11012,-0.0,0.208,-0.0,-0.208,0.81,-4.792,0.208,27.208,0.483,0,0,0,1,0,0
3269,2023-05-05 01:15:00,0.11012,-0.0,0.114,-0.0,-0.114,0.756,-4.886,0.114,27.114,0.483,0,0,0,1,0,0
3270,2023-05-05 01:30:00,0.11012,0.0,0.153,-0.0,-0.153,0.726,-4.847,0.153,27.153,0.483,0.0,0.0,0,1,0,0
3271,2023-05-05 01:45:00,0.11012,-0.0,0.12,-0.0,-0.12,0.685,-4.88,0.12,27.12,0.483,0,0,0,1,0,0
3272,2023-05-05 02:00:00,0.11012,0.0,0.127,-0.0,-0.127,0.654,-4.873,0.127,27.127,0.483,0.0,0.0,0,1,0,0
3273,2023-05-05 02:15:00,0.11012,-0.0,0.175,-0.0,-0.175,0.62,-4.825,0.175,27.175,0.483,0,0,0,1,0,0
3274,2023-05-05 02:30:00,0.11012,-0.0,0.159,-0.0,-0.159,0.574,-4.841,0.159,27.159,0.483,0,0,0,1,0,0
3275,2023-05-05 02:45:00,0.11012,0.0,0.169,-0.0,-0.169,0.532,-4.831,0.169,27.169,0.483,0.0,0.0,0,1,0,0
3276,2023-05-05 03:00:00,0.11012,0.0,0.212,-0.0,-0.212,0.488,-4.788,0.212,27.212,0.483,0.0,0.0,0,1,0,0
3277,2023-05-05 03:15:00,0.11012,-0.0,0.226,-0.0,-0.226,0.432,-4.774,0.226,27.226,0.483,0,0,0,1,0,0
3278,2023-05-05 03:30:00,0.11012,-0.0,0.149,-0.0,-0.149,0.372,-4.851,0.149,27.149,0.483,0,0,0,1,0,0
3279,2023-05-05 03:45:00,0.11012,0.0,0.109,-0.0,-0.109,0.333,-4.891,0.109,27.109,0.483,0.0,0.0,0,1,0,0
3280,2023-05-05 04:00:00,0.11012,-0.0,0.167,-0.0,-0.167,0.304,-4.833,0.167,27.167,0.483,0,0,0,1,0,0
3281,2023-05-05 04:15:00,0.11012,-0.0,0.145,-0.0,-0.145,0.261,-4.855,0.145,27.145,0.483,0,0,0,1,0,0
3282,2023-05-05 04:30:00,0.11012,0.0,0.181,-0.0,-0.181,0.223,-4.819,0.181,27.181,0.483,0.0,0.0,0,1,0,0
3283,2023-05-05 04:45:00,0.11012,0.0,0.124,-0.0,-0.124,0.175,-4.876,0.124,27.124,0.483,0.0,0.0,0,1,0,0
3284,2023-05-05 05:00:00,0.11012,-0.0,0.124,-0.0,-0.124,0.142,-4.876,0.124,27.124,0.483,0,0,0,1,0,0
3285,2023-05-05 05:15:00,0.11012,-0.0,0.219,-0.0,-0.219,0.11,-4.781,0.219,27.219,0.483,0,0,0,1,0,0
3286,2023-05-05 05:30:00,0.11012,-0.0,0.214,-0.023,-0.192,0.052,-4.808,0.192,27.192,0.483,0,0,0,1,0,0
3287,2023-05-05 05:45:00,0.11012,-0.0,0.21,-0.204,-0.006,0.002,-4.994,0.006,27.006,0.483,0,0,0,1,0,0
3288,2023-05-05 06:00:00,0.12042,-0.0,0.284,-0.464,0,-0.0,-5.0,0.0,27.0,0.483,0,0,0.18,1,1,0.18
3289,2023-05-05 06:15:00,0.12042,-0.0,0.28,-0.714,0.121,-0.0,-5.0,0.0,27.0,0.441,0,0,0.313,1,1,0.313
3290,2023-05-05 06:30:00,0.12042,-0.0,0.249,-0.461,0.211,0.029,-5.0,0.0,27.0,0.366,0,0,0,1,0,0
3291,2023-05-05 06:45:00,0.12042,0.0,0.208,-0.485,0.277,0.079,-5.0,0.0,27.0,0.366,0.0,0.0,0,1,0,0
3292,2023-05-05 07:00:00,0.12042,-0.0,0.371,-0.477,0.106,0.145,-5.0,0.0,27.0,0.366,0,0,0,1,0,0
3293,2023-05-05 07:15:00,0.12042,0.0,0.96,-0.499,-0.461,0.17,-4.539,0.461,27.461,0.366,0.0,0.0,0,1,0,0
3294,2023-05-05 07:30:00,0.12042,0.0,0.809,-0.624,-0.186,0.049,-4.814,0.186,27.186,0.366,0.0,0.0,0,1,0,0
3295,2023-05-05 07:45:00,0.12042,0.0,0.442,-0.91,0,0.0,-5.0,0.0,27.0,0.366,0.0,0.0,0.468,1,1,0.468
3296,2023-05-05 08:00:00,0.12042,-0.0,0.283,-1.357,0,0.0,-6.001,-1.001,24.999,0.255,0,0,1.074,1,1,1.074
3297,2023-05-05 08:15:00,0.12042,1.686,0.302,-1.988,0,0.0,-6.686,-1.686,1.628,0,1.686,0.0,0,0,0,0
3298,2023-05-05 08:30:00,0.12042,1.797,0.189,-1.987,0,0.0,-6.797,-1.797,1.406,0,1.797,0.0,0,0,0,0
3299,2023-05-05 08:45:00,0.12042,1.849,0.224,-2.073,0,0.0,-6.849,-1.849,1.302,0,1.849,0.0,0,0,0,0
3300,2023-05-05 09:00:00,0.12042,1.265,0.368,-1.633,0,0.0,-6.265,-1.265,2.47,0,1.265,0.0,0,0,0,0
3301,2023-05-05 09:15:00,0.12042,0.59,1.031,-1.62,0,0.0,-5.59,-0.59,3.82,0,0.59,0.0,0,0,0,0
3302,2023-05-05 09:30:00,0.12042,3.278,0.258,-3.536,0,0.0,-8.278,-3.278,-1.556,0,3.278,0.0,0,0,0,0
3303,2023-05-05 09:45:00,0.12042,4.477,0.372,-4.849,0,0.0,-9.477,-4.477,-3.955,0,4.477,0.0,0,0,0,0
3304,2023-05-05 10:00:00,0.12042,7.052,0.52,-7.571,0,0.0,-12.052,-7.052,-7.052,0,7.052,0.0,0,0,0,0
3305,2023-05-05 10:15:00,0.12042,7.124,0.652,-7.776,0,0.0,-12.124,-7.124,-7.124,0,7.124,0.0,0,0,0,0
3306,2023-05-05 10:30:00,0.12042,6.104,1.919,-8.023,0,0.0,-11.104,-6.104,-6.104,0,6.104,0.0,0,0,0,0
3307,2023-05-05 10:45:00,0.12042,7.376,0.862,-8.238,0,0.0,-12.376,-7.376,-7.376,0,7.376,0.0,0,0,0,0
3308,2023-05-05 11:00:00,0.12042,7.854,0.653,-8.507,0,0.0,-12.854,-7.854,-7.854,0,7.854,0.0,0,0,0,0
3309,2023-05-05 11:15:00,0.12042,8.51,0.227,-8.737,0,0.0,-13.51,-8.51,-8.51,0,8.51,0.0,0,0,0,0
3310,2023-05-05 11:30:00,0.12042,8.51,0.232,-8.743,0,0.0,-13.51,-8.51,-8.51,0,8.51,0.0,0,0,0,0
3311,2023-05-05 11:45:00,0.12042,8.156,0.736,-8.892,0,0.0,-13.156,-8.156,-8.156,0,8.156,0.0,0,0,0,0
3312,2023-05-05 12:00:00,0.12042,7.402,1.605,-9.006,0,0.0,-12.402,-7.402,-7.402,0,7.402,0.0,0,0,0,0
3313,2023-05-05 12:15:00,0.12042,8.383,0.65,-9.033,0,0.0,-13.383,-8.383,-8.383,0,8.383,0.0,0,0,0,0
3314,2023-05-05 12:30:00,0.12042,8.751,0.319,-9.07,0,0.0,-13.751,-8.751,-8.751,0,8.751,0.0,0,0,0,0
3315,2023-05-05 12:45:00,0.12042,8.675,0.274,-8.948,0,0.0,-13.675,-8.675,-8.675,0,8.675,0.0,0,0,0,0
3316,2023-05-05 13:00:00,0.12042,8.855,0.238,-9.093,0,0.0,-13.855,-8.855,-8.855,0,8.855,0.0,0,0,0,0
3317,2023-05-05 13:15:00,0.12042,8.706,0.255,-8.961,0,0.0,-13.706,-8.706,-8.706,0,8.706,0.0,0,0,0,0
3318,2023-05-05 13:30:00,0.12042,7.372,0.262,-7.634,0,0.0,-12.372,-7.372,-7.372,0,7.372,0.0,0,0,0,0
3319,2023-05-05 13:45:00,0.12042,6.062,0.279,-6.341,0,0.0,-11.062,-6.062,-6.062,0,6.062,0.0,0,0,0,0
3320,2023-05-05 14:00:00,0.12042,6.784,0.283,-7.067,0,0.0,-11.784,-6.784,-6.784,0,6.784,0.0,0,0,0,0
3321,2023-05-05 14:15:00,0.12042,5.571,0.14,-5.711,0,0.0,-10.571,-5.571,-5.571,0,5.571,0.0,0,0,0,0
3322,2023-05-05 14:30:00,0.12042,7.797,0.221,-8.018,0,0.0,-12.797,-7.797,-7.797,0,7.797,0.0,0,0,0,0
3323,2023-05-05 14:45:00,0.12042,4.718,0.194,-4.912,0,0.0,-9.718,-4.718,-4.436,0,4.718,0.0,0,0,0,0
3324,2023-05-05 15:00:00,0.12042,3.929,0.205,-6.364,2.23,0.0,-11.159,-6.159,-6.159,0,3.929,0.0,0,0,0,0
3325,2023-05-05 15:15:00,0.12042,1.248,0.332,-6.581,5.0,0.53,-11.248,-6.248,-6.248,0,1.248,0.0,0,0,0,0
3326,2023-05-05 15:30:00,0.12042,0.0,0.351,-4.78,4.43,1.717,-9.43,-4.43,-3.859,0,0.0,0.0,0,0,0,0
3327,2023-05-05 15:45:00,0.12042,-0.0,0.355,-3.989,3.634,2.769,-8.634,-3.634,-2.267,0,0,0,0,0,0,0
3328,2023-05-05 16:00:00,0.12042,-0.0,0.283,-3.118,2.835,3.632,-7.835,-2.835,-0.67,0,0,0,0,0,0,0
3329,2023-05-05 16:15:00,0.12042,0.0,0.367,-4.828,-0.367,4.305,-5.0,0.0,27.0,10.723,0.0,0.0,4.828,1,1,4.828
3330,2023-05-05 16:30:00,0.12042,-0.0,0.379,-3.397,-0.379,4.209,-5.0,0.0,27.0,9.577,0,0,3.397,1,1,3.397
3331,2023-05-05 16:45:00,0.12042,-0.0,0.393,-2.475,-0.393,4.109,-5.0,0.0,27.0,8.77,0,0,2.475,1,1,2.475
3332,2023-05-05 17:00:00,0.12042,0.0,0.62,-1.525,-0.62,4.006,-5.0,0.0,27.0,8.182,0.0,0.0,1.525,1,1,1.525
3333,2023-05-05 17:15:00,0.12042,-0.0,0.578,-1.565,0,3.843,-5.0,0.0,27.0,7.82,0,0,0.986,1,1,0.986
3334,2023-05-05 17:30:00,0.12042,-0.0,0.527,-1.047,0,3.843,-5.0,0.0,27.0,7.585,0,0,0.519,1,1,0.519
3335,2023-05-05 17:45:00,0.12042,-0.0,0.466,-1.097,0,3.843,-5.0,0.0,27.0,7.462,0,0,0.632,1,1,0.632
3336,2023-05-05 18:00:00,0.12042,0.0,0.471,-0.551,0,3.843,-5.0,0.0,27.0,7.312,0.0,0.0,0.08,1,1,0.08
3337,2023-05-05 18:15:00,0.12042,-0.0,0.401,-0.387,-0.014,3.843,-4.986,0.014,27.014,7.293,0,0,0,1,0,0
3338,2023-05-05 18:30:00,0.12042,0.0,0.251,-0.064,-0.187,3.839,-4.813,0.187,27.187,7.293,0.0,0.0,0,1,0,0
3339,2023-05-05 18:45:00,0.12042,0.0,0.273,-0.0,-0.273,3.79,-4.727,0.273,27.273,7.293,0.0,0.0,0,1,0,0
3340,2023-05-05 19:00:00,0.12042,-0.0,0.213,-0.0,-0.213,3.718,-4.787,0.213,27.213,7.293,0,0,0,1,0,0
3341,2023-05-05 19:15:00,0.12042,-0.0,0.262,-0.0,-0.262,3.662,-4.738,0.262,27.262,7.293,0,0,0,1,0,0
3342,2023-05-05 19:30:00,0.12042,0.0,2.098,-0.0,-2.098,3.593,-2.902,2.098,29.098,7.293,0.0,0.0,0,1,0,0
3343,2023-05-05 19:45:00,0.12042,0.0,1.145,-0.0,-1.145,3.041,-3.855,1.145,28.145,7.293,0.0,0.0,0,1,0,0
3344,2023-05-05 20:00:00,0.12042,-0.0,0.566,-0.0,-0.566,2.739,-4.434,0.566,27.566,7.293,0,0,0,1,0,0
3345,2023-05-05 20:15:00,0.12042,0.0,0.301,-0.0,-0.301,2.59,-4.699,0.301,27.301,7.293,0.0,0.0,0,1,0,0
3346,2023-05-05 20:30:00,0.12042,0.0,0.254,-0.0,-0.254,2.511,-4.746,0.254,27.254,7.293,0.0,0.0,0,1,0,0
3347,2023-05-05 20:45:00,0.12042,0.0,0.266,-0.0,-0.266,2.444,-4.734,0.266,27.266,7.293,0.0,0.0,0,1,0,0
3348,2023-05-05 21:00:00,0.07505,-0.0,0.197,-0.0,-0.197,2.374,-4.803,0.197,27.197,7.293,0,0,0,1,0,0
3349,2023-05-05 21:15:00,0.07505,0.0,0.258,-0.0,-0.258,2.322,-4.742,0.258,27.258,7.293,0.0,0.0,0,1,0,0
3350,2023-05-05 21:30:00,0.07505,0.0,0.26,-0.0,-0.26,2.255,-4.74,0.26,27.26,7.293,0.0,0.0,0,1,0,0
3351,2023-05-05 21:45:00,0.07505,-0.0,0.315,-0.0,-0.315,2.186,-4.685,0.315,27.315,7.293,0,0,0,1,0,0
3352,2023-05-05 22:00:00,0.07505,0.0,0.318,-0.0,-0.318,2.103,-4.682,0.318,27.318,7.293,0.0,0.0,0,1,0,0
3353,2023-05-05 22:15:00,0.07505,-0.0,0.255,-0.0,-0.255,2.02,-4.745,0.255,27.255,7.293,0,0,0,1,0,0
3354,2023-05-05 22:30:00,0.07505,0.0,0.24,-0.0,-0.24,1.953,-4.76,0.24,27.24,7.293,0.0,0.0,0,1,0,0
3355,2023-05-05 22:45:00,0.07505,0.0,0.199,-0.0,-0.199,1.889,-4.801,0.199,27.199,7.293,0.0,0.0,0,1,0,0
3356,2023-05-05 23:00:00,0.07505,0.0,0.24,-0.0,-0.24,1.837,-4.76,0.24,27.24,7.293,0.0,0.0,0,1,0,0
3357,2023-05-05 23:15:00,0.07505,-0.0,0.212,-0.0,-0.212,1.774,-4.788,0.212,27.212,7.293,0,0,0,1,0,0
3358,2023-05-05 23:30:00,0.07505,0.0,0.22,-0.0,-0.22,1.718,-4.78,0.22,27.22,7.293,0.0,0.0,0,1,0,0
3359,2023-05-05 23:45:00,0.07505,0.0,0.316,-0.0,-0.316,1.66,-4.684,0.316,27.316,7.293,0.0,0.0,0,1,0,0
3360,2023-05-06 00:00:00,0.07505,-0.0,0.207,-0.0,-0.207,1.577,-4.793,0.207,27.207,7.293,0,0,0,1,0,0
3361,2023-05-06 00:15:00,0.07505,0.0,0.304,-0.0,-0.304,1.523,-4.696,0.304,27.304,7.293,0.0,0.0,0,1,0,0
3362,2023-05-06 00:30:00,0.07505,0.0,0.373,-0.0,-0.373,1.443,-4.627,0.373,27.373,7.293,0.0,0.0,0,1,0,0
3363,2023-05-06 00:45:00,0.07505,-0.0,0.323,-0.0,-0.323,1.345,-4.677,0.323,27.323,7.293,0,0,0,1,0,0
3364,2023-05-06 01:00:00,0.07505,-0.0,0.26,-0.0,-0.26,1.26,-4.74,0.26,27.26,7.293,0,0,0,1,0,0
3365,2023-05-06 01:15:00,0.07505,-0.0,0.44,-0.0,-0.44,1.191,-4.56,0.44,27.44,7.293,0,0,0,1,0,0
3366,2023-05-06 01:30:00,0.07505,0.0,0.328,-0.0,-0.328,1.075,-4.672,0.328,27.328,7.293,0.0,0.0,0,1,0,0
3367,2023-05-06 01:45:00,0.07505,-0.0,0.281,-0.0,-0.281,0.989,-4.719,0.281,27.281,7.293,0,0,0,1,0,0
3368,2023-05-06 02:00:00,0.07505,0.0,0.306,-0.0,-0.306,0.915,-4.694,0.306,27.306,7.293,0.0,0.0,0,1,0,0
3369,2023-05-06 02:15:00,0.07505,0.0,0.286,-0.0,-0.286,0.835,-4.714,0.286,27.286,7.293,0.0,0.0,0,1,0,0
3370,2023-05-06 02:30:00,0.07505,-0.0,0.24,-0.0,-0.24,0.759,-4.76,0.24,27.24,7.293,0,0,0,1,0,0
3371,2023-05-06 02:45:00,0.07505,-0.0,0.276,-0.0,-0.276,0.696,-4.724,0.276,27.276,7.293,0,0,0,1,0,0
3372,2023-05-06 03:00:00,0.07505,-0.0,0.318,-0.0,-0.318,0.623,-4.682,0.318,27.318,7.293,0,0,0,1,0,0
3373,2023-05-06 03:15:00,0.07505,-0.0,0.308,-0.0,-0.308,0.54,-4.692,0.308,27.308,7.293,0,0,0,1,0,0
3374,2023-05-06 03:30:00,0.07505,-0.0,0.21,-0.0,-0.21,0.459,-4.79,0.21,27.21,7.293,0,0,0,1,0,0
3375,2023-05-06 03:45:00,0.07505,0.0,0.177,-0.0,-0.177,0.404,-4.823,0.177,27.177,7.293,0.0,0.0,0,1,0,0
3376,2023-05-06 04:00:00,0.07505,0.0,0.188,-0.0,-0.188,0.357,-4.812,0.188,27.188,7.293,0.0,0.0,0,1,0,0
3377,2023-05-06 04:15:00,0.07505,0.0,0.168,-0.0,-0.168,0.307,-4.832,0.168,27.168,7.293,0.0,0.0,0,1,0,0
3378,2023-05-06 04:30:00,0.07505,0.0,0.181,-0.0,-0.181,0.263,-4.819,0.181,27.181,7.293,0.0,0.0,0,1,0,0
3379,2023-05-06 04:45:00,0.07505,0.0,0.136,-0.0,-0.136,0.215,-4.864,0.136,27.136,7.293,0.0,0.0,0,1,0,0
3380,2023-05-06 05:00:00,0.07505,0.0,0.164,-0.0,-0.164,0.18,-4.836,0.164,27.164,7.293,0.0,0.0,0,1,0,0
3381,2023-05-06 05:15:00,0.07505,-0.0,0.146,-0.0,-0.146,0.137,-4.854,0.146,27.146,7.293,0,0,0,1,0,0
3382,2023-05-06 05:30:00,0.07505,-0.0,0.332,-0.035,-0.297,0.098,-4.703,0.297,27.297,7.293,0,0,0,1,0,0
3383,2023-05-06 05:45:00,0.07505,-0.0,0.284,-0.207,-0.076,0.02,-4.924,0.076,27.076,7.293,0,0,0,1,0,0
3384,2023-05-06 06:00:00,0.19757,-0.0,0.246,-0.48,0,0.0,-5.0,0.0,27.0,7.293,0,0,0.235,1,1,0.235
3385,2023-05-06 06:15:00,0.19757,0.0,0.299,-0.827,0,0.0,-5.0,0.0,27.0,7.237,0.0,0.0,0.528,1,1,0.528
3386,2023-05-06 06:30:00,0.19757,0.0,0.224,-1.247,0,0.0,-5.0,0.0,27.0,7.112,0.0,0.0,1.023,1,1,1.023
3387,2023-05-06 06:45:00,0.19757,-0.0,1.441,-1.696,0,0.0,-5.0,0.0,27.0,6.869,0,0,0.256,1,1,0.256
3388,2023-05-06 07:00:00,0.19757,-0.0,0.464,-2.176,0,0.0,-5.0,0.0,27.0,6.808,0,0,1.711,1,1,1.711
3389,2023-05-06 07:15:00,0.19757,-0.0,0.235,-2.655,0,0.0,-5.0,0.0,27.0,6.402,0,0,2.42,1,1,2.42
3390,2023-05-06 07:30:00,0.19757,0.0,0.261,-3.145,0,0.0,-5.0,0.0,27.0,5.827,0.0,0.0,2.884,1,1,2.884
3391,2023-05-06 07:45:00,0.19757,-0.0,0.235,-3.666,0,0.0,-5.0,0.0,27.0,5.142,0,0,3.43,1,1,3.43
3392,2023-05-06 08:00:00,0.19757,0.0,0.337,-4.154,0,0.0,-5.0,0.0,27.0,4.328,0.0,0.0,3.818,1,1,3.818
3393,2023-05-06 08:15:00,0.19757,-0.0,0.322,-4.638,0,0.0,-5.0,0.0,27.0,3.421,0,0,4.316,1,1,4.316
3394,2023-05-06 08:30:00,0.19757,4.903,0.23,-5.133,0,0.0,-9.903,-4.903,-4.806,0,4.903,0.0,0,0,0,0
3395,2023-05-06 08:45:00,0.19757,4.589,0.782,-5.569,0.198,0.0,-9.787,-4.787,-4.574,0,4.589,0.0,0,0,0,0
3396,2023-05-06 09:00:00,0.19757,0.0,6.204,-6.026,-0.179,0.047,-4.821,0.179,5.179,0,0.0,0.0,0,0,0,0
3397,2023-05-06 09:15:00,0.19757,5.45,0.98,-6.43,0,0.0,-10.45,-5.45,-5.45,0,5.45,0.0,0,0,0,0
3398,2023-05-06 09:30:00,0.19757,6.188,0.566,-6.754,0,0.0,-11.188,-6.188,-6.188,0,6.188,0.0,0,0,0,0
3399,2023-05-06 09:45:00,0.19757,5.71,1.228,-6.938,0,0.0,-10.71,-5.71,-5.71,0,5.71,0.0,0,0,0,0
3400,2023-05-06 10:00:00,0.19757,6.985,0.483,-7.468,0,0.0,-11.985,-6.985,-6.985,0,6.985,0.0,0,0,0,0
3401,2023-05-06 10:15:00,0.19757,7.62,0.17,-7.79,0,0.0,-12.62,-7.62,-7.62,0,7.62,0.0,0,0,0,0
3402,2023-05-06 10:30:00,0.19757,7.747,0.243,-7.99,0,0.0,-12.747,-7.747,-7.747,0,7.747,0.0,0,0,0,0
3403,2023-05-06 10:45:00,0.19757,8.024,0.251,-8.275,0,0.0,-13.024,-8.024,-8.024,0,8.024,0.0,0,0,0,0
3404,2023-05-06 11:00:00,0.19757,8.257,0.13,-8.387,0,0.0,-13.257,-8.257,-8.257,0,8.257,0.0,0,0,0,0
3405,2023-05-06 11:15:00,0.19757,8.297,0.253,-8.55,0,0.0,-13.297,-8.297,-8.297,0,8.297,0.0,0,0,0,0
3406,2023-05-06 11:30:00,0.19757,8.587,0.137,-8.724,0,0.0,-13.587,-8.587,-8.587,0,8.587,0.0,0,0,0,0
3407,2023-05-06 11:45:00,0.19757,8.649,0.165,-8.815,0,0.0,-13.649,-8.649,-8.649,0,8.649,0.0,0,0,0,0
3408,2023-05-06 12:00:00,0.19757,8.731,0.244,-8.975,0,0.0,-13.731,-8.731,-8.731,0,8.731,0.0,0,0,0,0
3409,2023-05-06 12:15:00,0.19757,8.736,0.239,-8.975,0,0.0,-13.736,-8.736,-8.736,0,8.736,0.0,0,0,0,0
3410,2023-05-06 12:30:00,0.19757,8.628,0.313,-8.941,0,0.0,-13.628,-8.628,-8.628,0,8.628,0.0,0,0,0,0
3411,2023-05-06 12:45:00,0.19757,8.555,0.273,-8.829,0,0.0,-13.555,-8.555,-8.555,0,8.555,0.0,0,0,0,0
3412,2023-05-06 13:00:00,0.19757,8.41,0.38,-8.79,0,0.0,-13.41,-8.41,-8.41,0,8.41,0.0,0,0,0,0
3413,2023-05-06 13:15:00,0.19757,8.441,0.323,-8.764,0,0.0,-13.441,-8.441,-8.441,0,8.441,0.0,0,0,0,0
3414,2023-05-06 13:30:00,0.19757,8.315,0.292,-8.606,0,0.0,-13.315,-8.315,-8.315,0,8.315,0.0,0,0,0,0
3415,2023-05-06 13:45:00,0.19757,8.041,0.341,-8.381,0,0.0,-13.041,-8.041,-8.041,0,8.041,0.0,0,0,0,0
3416,2023-05-06 14:00:00,0.19757,7.824,0.291,-8.115,0,0.0,-12.824,-7.824,-7.824,0,7.824,0.0,0,0,0,0
3417,2023-05-06 14:15:00,0.19757,7.189,0.655,-7.845,0,0.0,-12.189,-7.189,-7.189,0,7.189,0.0,0,0,0,0
3418,2023-05-06 14:30:00,0.19757,6.835,0.681,-7.515,0,0.0,-11.835,-6.835,-6.835,0,6.835,0.0,0,0,0,0
3419,2023-05-06 14:45:00,0.19757,3.756,3.384,-7.14,0,0.0,-8.756,-3.756,-2.512,0,3.756,0.0,0,0,0,0
3420,2023-05-06 15:00:00,0.19757,5.861,0.943,-6.803,0,0.0,-10.861,-5.861,-5.861,0,5.861,0.0,0,0,0,0
3421,2023-05-06 15:15:00,0.19757,1.701,0.445,-6.255,4.108,0.0,-10.809,-5.809,-5.809,0,1.701,0.0,0,0,0,0
3422,2023-05-06 15:30:00,0.19757,0.295,0.446,-5.741,5.0,0.976,-10.295,-5.295,-5.295,0,0.295,0.0,0,0,0,0
3423,2023-05-06 15:45:00,0.19757,0.0,0.423,-4.989,4.566,2.163,-9.566,-4.566,-4.132,0,0.0,0.0,0,0,0,0
3424,2023-05-06 16:00:00,0.19757,-0.0,0.44,-4.375,3.936,3.248,-8.936,-3.936,-2.871,0,0,0,0,0,0,0
3425,2023-05-06 16:15:00,0.19757,-0.0,0.33,-4.223,3.893,4.182,-8.893,-3.893,-2.787,0,0,0,0,0,0,0
3426,2023-05-06 16:30:00,0.19757,-0.0,0.251,-2.444,2.194,5.107,-7.194,-2.194,0.613,0,0,0,0,0,0,0
3427,2023-05-06 16:45:00,0.19757,-0.0,0.369,-1.223,-0.369,5.628,-5.0,0.0,27.0,11.175,0,0,1.223,1,1,1.223
3428,2023-05-06 17:00:00,0.19757,0.0,0.727,-1.207,-0.727,5.531,-5.0,0.0,27.0,10.884,0.0,0.0,1.207,1,1,1.207
3429,2023-05-06 17:15:00,0.19757,-0.0,0.337,-1.228,-0.337,5.34,-5.0,0.0,27.0,10.598,0,0,1.228,1,1,1.228
3430,2023-05-06 17:30:00,0.19757,-0.0,0.438,-1.38,-0.438,5.251,-5.0,0.0,27.0,10.306,0,0,1.38,1,1,1.38
3431,2023-05-06 17:45:00,0.19757,0.0,0.4,-1.042,-0.4,5.136,-5.0,0.0,27.0,9.978,0.0,0.0,1.042,1,1,1.042
3432,2023-05-06 18:00:00,0.19757,0.0,0.472,-0.669,0,5.03,-5.0,0.0,27.0,9.731,0.0,0.0,0.196,1,1,0.196
3433,2023-05-06 18:15:00,0.19757,-0.0,0.52,-0.326,-0.195,5.03,-4.805,0.195,27.195,9.684,0,0,0,1,0,0
3434,2023-05-06 18:30:00,0.19757,-0.0,0.434,-0.079,-0.356,4.979,-4.644,0.356,27.356,9.684,0,0,0,1,0,0
3435,2023-05-06 18:45:00,0.19757,0.0,0.433,-0.0,-0.433,4.886,-4.567,0.433,27.433,9.684,0.0,0.0,0,1,0,0
3436,2023-05-06 19:00:00,0.19757,-0.0,0.427,-0.0,-0.427,4.772,-4.573,0.427,27.427,9.684,0,0,0,1,0,0
3437,2023-05-06 19:15:00,0.19757,-0.0,0.386,-0.0,-0.386,4.659,-4.614,0.386,27.386,9.684,0,0,0,1,0,0
3438,2023-05-06 19:30:00,0.19757,0.0,0.25,-0.0,-0.25,4.558,-4.75,0.25,27.25,9.684,0.0,0.0,0,1,0,0
3439,2023-05-06 19:45:00,0.19757,0.0,0.224,-0.0,-0.224,4.492,-4.776,0.224,27.224,9.684,0.0,0.0,0,1,0,0
3440,2023-05-06 20:00:00,0.19757,-0.0,0.342,-0.0,-0.342,4.433,-4.658,0.342,27.342,9.684,0,0,0,1,0,0
3441,2023-05-06 20:15:00,0.19757,0.0,0.303,-0.0,-0.303,4.343,-4.697,0.303,27.303,9.684,0.0,0.0,0,1,0,0
3442,2023-05-06 20:30:00,0.19757,-0.0,0.496,-0.0,-0.496,4.263,-4.504,0.496,27.496,9.684,0,0,0,1,0,0
3443,2023-05-06 20:45:00,0.19757,0.0,1.84,-0.0,-1.84,4.132,-3.16,1.84,28.84,9.684,0.0,0.0,0,1,0,0
3444,2023-05-06 21:00:00,0.05672,0.0,1.235,-0.0,-1.235,3.648,-3.765,1.235,28.235,9.684,0.0,0.0,0,1,0,0
3445,2023-05-06 21:15:00,0.05672,-0.0,0.774,-0.0,-0.774,3.323,-4.226,0.774,27.774,9.684,0,0,0,1,0,0
3446,2023-05-06 21:30:00,0.05672,0.0,0.748,-0.0,-0.748,3.12,-4.252,0.748,27.748,9.684,0.0,0.0,0,1,0,0
3447,2023-05-06 21:45:00,0.05672,-0.0,0.754,-0.0,-0.754,2.923,-4.246,0.754,27.754,9.684,0,0,0,1,0,0
3448,2023-05-06 22:00:00,0.05672,0.0,0.77,-0.0,-0.77,2.724,-4.23,0.77,27.77,9.684,0.0,0.0,0,1,0,0
3449,2023-05-06 22:15:00,0.05672,-0.0,0.775,-0.0,-0.775,2.522,-4.225,0.775,27.775,9.684,0,0,0,1,0,0
3450,2023-05-06 22:30:00,0.05672,0.0,0.721,-0.0,-0.721,2.318,-4.279,0.721,27.721,9.684,0.0,0.0,0,1,0,0
3451,2023-05-06 22:45:00,0.05672,-0.0,1.258,-0.0,-1.258,2.128,-3.742,1.258,28.258,9.684,0,0,0,1,0,0
3452,2023-05-06 23:00:00,0.05672,0.0,0.55,-0.0,-0.55,1.797,-4.45,0.55,27.55,9.684,0.0,0.0,0,1,0,0
3453,2023-05-06 23:15:00,0.05672,0.0,0.427,-0.0,-0.427,1.652,-4.573,0.427,27.427,9.684,0.0,0.0,0,1,0,0
3454,2023-05-06 23:30:00,0.05672,-0.0,0.215,-0.0,-0.215,1.54,-4.785,0.215,27.215,9.684,0,0,0,1,0,0
3455,2023-05-06 23:45:00,0.05672,-0.0,0.494,-0.0,-0.494,1.483,-4.506,0.494,27.494,9.684,0,0,0,1,0,0
3456,2023-05-07 00:00:00,0.05672,-0.0,0.305,-0.0,-0.305,1.353,-4.695,0.305,27.305,9.684,0,0,0,1,0,0
3457,2023-05-07 00:15:00,0.05672,0.0,0.342,-0.0,-0.342,1.273,-4.658,0.342,27.342,9.684,0.0,0.0,0,1,0,0
3458,2023-05-07 00:30:00,0.05672,-0.0,0.43,-0.0,-0.43,1.183,-4.57,0.43,27.43,9.684,0,0,0,1,0,0
3459,2023-05-07 00:45:00,0.05672,0.0,0.386,-0.0,-0.386,1.07,-4.614,0.386,27.386,9.684,0.0,0.0,0,1,0,0
3460,2023-05-07 01:00:00,0.05672,-0.0,0.319,-0.0,-0.319,0.968,-4.681,0.319,27.319,9.684,0,0,0,1,0,0
3461,2023-05-07 01:15:00,0.05672,0.0,0.235,-0.0,-0.235,0.884,-4.765,0.235,27.235,9.684,0.0,0.0,0,1,0,0
3462,2023-05-07 01:30:00,0.05672,0.0,0.151,-0.0,-0.151,0.822,-4.849,0.151,27.151,9.684,0.0,0.0,0,1,0,0
3463,2023-05-07 01:45:00,0.05672,-0.0,0.193,-0.0,-0.193,0.782,-4.807,0.193,27.193,9.684,0,0,0,1,0,0
3464,2023-05-07 02:00:00,0.05672,-0.0,0.131,-0.0,-0.131,0.731,-4.869,0.131,27.131,9.684,0,0,0,1,0,0
3465,2023-05-07 02:15:00,0.05672,-0.0,0.177,-0.0,-0.177,0.697,-4.823,0.177,27.177,9.684,0,0,0,1,0,0
3466,2023-05-07 02:30:00,0.05672,0.0,0.148,-0.0,-0.148,0.65,-4.852,0.148,27.148,9.684,0.0,0.0,0,1,0,0
3467,2023-05-07 02:45:00,0.05672,0.0,0.204,-0.0,-0.204,0.612,-4.796,0.204,27.204,9.684,0.0,0.0,0,1,0,0
3468,2023-05-07 03:00:00,0.05672,-0.0,0.239,-0.0,-0.239,0.558,-4.761,0.239,27.239,9.684,0,0,0,1,0,0
3469,2023-05-07 03:15:00,0.05672,-0.0,0.219,-0.0,-0.219,0.495,-4.781,0.219,27.219,9.684,0,0,0,1,0,0
3470,2023-05-07 03:30:00,0.05672,-0.0,0.155,-0.0,-0.155,0.437,-4.845,0.155,27.155,9.684,0,0,0,1,0,0
3471,2023-05-07 03:45:00,0.05672,0.0,0.141,-0.0,-0.141,0.396,-4.859,0.141,27.141,9.684,0.0,0.0,0,1,0,0
3472,2023-05-07 04:00:00,0.05672,0.0,0.13,-0.0,-0.13,0.359,-4.87,0.13,27.13,9.684,0.0,0.0,0,1,0,0
3473,2023-05-07 04:15:00,0.05672,0.0,0.179,-0.0,-0.179,0.325,-4.821,0.179,27.179,9.684,0.0,0.0,0,1,0,0
3474,2023-05-07 04:30:00,0.05672,-0.0,0.139,-0.0,-0.139,0.278,-4.861,0.139,27.139,9.684,0,0,0,1,0,0
3475,2023-05-07 04:45:00,0.05672,0.0,0.132,-0.0,-0.132,0.241,-4.868,0.132,27.132,9.684,0.0,0.0,0,1,0,0
3476,2023-05-07 05:00:00,0.05672,0.0,0.206,-0.0,-0.206,0.207,-4.794,0.206,27.206,9.684,0.0,0.0,0,1,0,0
3477,2023-05-07 05:15:00,0.05672,-0.0,0.27,-0.0,-0.27,0.153,-4.73,0.27,27.27,9.684,0,0,0,1,0,0
3478,2023-05-07 05:30:00,0.05672,0.0,0.178,-0.006,-0.173,0.081,-4.827,0.173,27.173,9.684,0.0,0.0,0,1,0,0
3479,2023-05-07 05:45:00,0.05672,-0.0,0.197,-0.101,-0.095,0.036,-4.905,0.095,27.095,9.684,0,0,0,1,0,0
3480,2023-05-07 06:00:00,0.15861,-0.0,0.185,-0.206,0,0.011,-5.0,0.0,27.0,9.684,0,0,0.022,1,1,0.022
3481,2023-05-07 06:15:00,0.15861,0.0,0.398,-0.357,-0.041,0.011,-4.959,0.041,27.041,9.679,0.0,0.0,0,1,0,0
3482,2023-05-07 06:30:00,0.15861,0.0,0.579,-0.597,0,0.0,-5.0,0.0,27.0,9.679,0.0,0.0,0.017,1,1,0.017
3483,2023-05-07 06:45:00,0.15861,-0.0,1.013,-1.128,0,0.0,-5.0,0.0,27.0,9.675,0,0,0.115,1,1,0.115
3484,2023-05-07 07:00:00,0.15861,-0.0,0.582,-1.133,0,0.0,-5.0,0.0,27.0,9.648,0,0,0.551,1,1,0.551
3485,2023-05-07 07:15:00,0.15861,-0.0,0.248,-1.277,0,0.0,-5.0,0.0,27.0,9.517,0,0,1.029,1,1,1.029
3486,2023-05-07 07:30:00,0.15861,1.584,0.278,-1.862,0,0.0,-6.584,-1.584,1.831,0,1.584,0.0,0,0,0,0
3487,2023-05-07 07:45:00,0.15861,2.534,0.319,-2.853,0,0.0,-7.534,-2.534,-0.069,0,2.534,0.0,0,0,0,0
3488,2023-05-07 08:00:00,0.15861,3.233,0.301,-3.533,0,0.0,-8.233,-3.233,-1.466,0,3.233,0.0,0,0,0,0
3489,2023-05-07 08:15:00,0.15861,3.452,0.203,-3.655,0,0.0,-8.452,-3.452,-1.903,0,3.452,0.0,0,0,0,0
3490,2023-05-07 08:30:00,0.15861,3.772,0.154,-3.926,0,0.0,-8.772,-3.772,-2.544,0,3.772,0.0,0,0,0,0
3491,2023-05-07 08:45:00,0.15861,5.248,0.149,-5.397,0,0.0,-10.248,-5.248,-5.248,0,5.248,0.0,0,0,0,0
3492,2023-05-07 09:00:00,0.15861,5.034,0.342,-5.376,0,0.0,-10.034,-5.034,-5.034,0,5.034,0.0,0,0,0,0
3493,2023-05-07 09:15:00,0.15861,5.414,0.377,-5.791,0,0.0,-10.414,-5.414,-5.414,0,5.414,0.0,0,0,0,0
3494,2023-05-07 09:30:00,0.15861,6.596,0.219,-6.816,0,0.0,-11.596,-6.596,-6.596,0,6.596,0.0,0,0,0,0
3495,2023-05-07 09:45:00,0.15861,6.021,0.253,-6.274,0,0.0,-11.021,-6.021,-6.021,0,6.021,0.0,0,0,0,0
3496,2023-05-07 10:00:00,0.15861,5.998,0.287,-6.285,0,0.0,-10.998,-5.998,-5.998,0,5.998,0.0,0,0,0,0
3497,2023-05-07 10:15:00,0.15861,6.043,0.32,-6.362,0,0.0,-11.043,-6.043,-6.043,0,6.043,0.0,0,0,0,0
3498,2023-05-07 10:30:00,0.15861,7.334,0.256,-7.589,0,0.0,-12.334,-7.334,-7.334,0,7.334,0.0,0,0,0,0
3499,2023-05-07 10:45:00,0.15861,7.077,0.422,-7.499,0,0.0,-12.077,-7.077,-7.077,0,7.077,0.0,0,0,0,0
3500,2023-05-07 11:00:00,0.15861,7.162,0.572,-7.734,0,0.0,-12.162,-7.162,-7.162,0,7.162,0.0,0,0,0,0
3501,2023-05-07 11:15:00,0.15861,6.965,0.407,-7.372,0,0.0,-11.965,-6.965,-6.965,0,6.965,0.0,0,0,0,0
3502,2023-05-07 11:30:00,0.15861,7.474,0.667,-8.141,0,0.0,-12.474,-7.474,-7.474,0,7.474,0.0,0,0,0,0
3503,2023-05-07 11:45:00,0.15861,8.442,0.438,-8.88,0,0.0,-13.442,-8.442,-8.442,0,8.442,0.0,0,0,0,0
3504,2023-05-07 12:00:00,0.15861,8.358,0.54,-8.898,0,0.0,-13.358,-8.358,-8.358,0,8.358,0.0,0,0,0,0
3505,2023-05-07 12:15:00,0.15861,8.394,0.574,-8.968,0,0.0,-13.394,-8.394,-8.394,0,8.394,0.0,0,0,0,0
3506,2023-05-07 12:30:00,0.15861,8.389,0.613,-9.001,0,0.0,-13.389,-8.389,-8.389,0,8.389,0.0,0,0,0,0
3507,2023-05-07 12:45:00,0.15861,7.872,1.436,-9.307,0,0.0,-12.872,-7.872,-7.872,0,7.872,0.0,0,0,0,0
3508,2023-05-07 13:00:00,0.15861,7.602,0.978,-8.581,0,0.0,-12.602,-7.602,-7.602,0,7.602,0.0,0,0,0,0
3509,2023-05-07 13:15:00,0.15861,8.415,0.582,-8.997,0,0.0,-13.415,-8.415,-8.415,0,8.415,0.0,0,0,0,0
3510,2023-05-07 13:30:00,0.15861,7.338,1.029,-8.367,0,0.0,-12.338,-7.338,-7.338,0,7.338,0.0,0,0,0,0
3511,2023-05-07 13:45:00,0.15861,6.283,2.038,-8.321,0,0.0,-11.283,-6.283,-6.283,0,6.283,0.0,0,0,0,0
3512,2023-05-07 14:00:00,0.15861,6.074,1.648,-7.722,0,0.0,-11.074,-6.074,-6.074,0,6.074,0.0,0,0,0,0
3513,2023-05-07 14:15:00,0.15861,7.287,0.49,-7.777,0,0.0,-12.287,-7.287,-7.287,0,7.287,0.0,0,0,0,0
3514,2023-05-07 14:30:00,0.15861,6.944,0.554,-7.499,0,0.0,-11.944,-6.944,-6.944,0,6.944,0.0,0,0,0,0
3515,2023-05-07 14:45:00,0.15861,4.089,0.683,-7.024,2.252,0.0,-11.342,-6.342,-6.342,0,4.089,0.0,0,0,0,0
3516,2023-05-07 15:00:00,0.15861,6.271,0.618,-6.889,0,0.535,-11.271,-6.271,-6.271,0,6.271,0.0,0,0,0,0
3517,2023-05-07 15:15:00,0.15861,0.718,0.563,-6.281,5.0,0.535,-10.718,-5.718,-5.718,0,0.718,0.0,0,0,0,0
3518,2023-05-07 15:30:00,0.15861,0.174,0.672,-5.847,5.0,1.722,-10.174,-5.174,-5.174,0,0.174,0.0,0,0,0,0
3519,2023-05-07 15:45:00,0.15861,0.0,1.006,-4.853,3.847,2.91,-8.847,-3.847,-2.694,0,0.0,0.0,0,0,0,0
3520,2023-05-07 16:00:00,0.15861,-0.0,0.881,-3.356,2.474,3.824,-7.474,-2.474,0.051,0,0,0,0,0,0,0
3521,2023-05-07 16:15:00,0.15861,0.0,0.758,-3.639,2.881,4.411,-7.881,-2.881,-0.761,0,0.0,0.0,0,0,0,0
3522,2023-05-07 16:30:00,0.15861,0.0,0.748,-3.247,2.499,5.095,-7.499,-2.499,0.002,0,0.0,0.0,0,0,0,0
3523,2023-05-07 16:45:00,0.15861,-0.0,1.012,-2.827,1.815,5.689,-6.815,-1.815,1.371,0,0,0,0,0,0,0
3524,2023-05-07 17:00:00,0.15861,0.0,0.578,-2.126,1.548,6.12,-6.548,-1.548,1.905,0,0.0,0.0,0,0,0,0
3525,2023-05-07 17:15:00,0.15861,-0.0,0.768,-1.676,0.908,6.487,-5.908,-0.908,3.184,0,0,0,0,0,0,0
3526,2023-05-07 17:30:00,0.15861,0.0,0.675,-1.106,-0.675,6.703,-5.0,0.0,27.0,13.629,0.0,0.0,1.106,1,1,1.106
3527,2023-05-07 17:45:00,0.15861,0.0,0.735,-0.959,-0.235,6.525,-5.0,0.0,27.0,13.367,0.0,0.0,0.459,1,1,0.459
3528,2023-05-07 18:00:00,0.15861,-0.0,0.611,-1.164,0,6.464,-5.0,0.0,27.0,13.257,0,0,0.553,1,1,0.553
3529,2023-05-07 18:15:00,0.15861,0.0,0.539,-0.481,-0.057,6.464,-4.943,0.057,27.057,13.126,0.0,0.0,0,1,0,0
3530,2023-05-07 18:30:00,0.15861,-0.0,0.572,-0.0,-0.572,6.449,-4.428,0.572,27.572,13.126,0,0,0,1,0,0
3531,2023-05-07 18:45:00,0.15861,0.0,0.355,-0.0,-0.355,6.298,-4.645,0.355,27.355,13.126,0.0,0.0,0,1,0,0
3532,2023-05-07 19:00:00,0.15861,-0.0,0.877,-0.0,-0.877,6.204,-4.123,0.877,27.877,13.126,0,0,0,1,0,0
3533,2023-05-07 19:15:00,0.15861,0.0,0.768,-0.0,-0.768,5.974,-4.232,0.768,27.768,13.126,0.0,0.0,0,1,0,0
3534,2023-05-07 19:30:00,0.15861,-0.0,0.644,-0.0,-0.644,5.771,-4.356,0.644,27.644,13.126,0,0,0,1,0,0
3535,2023-05-07 19:45:00,0.15861,0.0,0.682,-0.0,-0.682,5.602,-4.318,0.682,27.682,13.126,0.0,0.0,0,1,0,0
3536,2023-05-07 20:00:00,0.15861,-0.0,0.529,-0.0,-0.529,5.423,-4.471,0.529,27.529,13.126,0,0,0,1,0,0
3537,2023-05-07 20:15:00,0.15861,-0.0,1.082,-0.0,-1.082,5.283,-3.918,1.082,28.082,13.126,0,0,0,1,0,0
3538,2023-05-07 20:30:00,0.15861,0.0,1.111,-0.0,-1.111,4.999,-3.889,1.111,28.111,13.126,0.0,0.0,0,1,0,0
3539,2023-05-07 20:45:00,0.15861,0.0,0.856,-0.0,-0.856,4.706,-4.144,0.856,27.856,13.126,0.0,0.0,0,1,0,0
3540,2023-05-07 21:00:00,0.10392,-0.0,0.774,-0.0,-0.774,4.481,-4.226,0.774,27.774,13.126,0,0,0,1,0,0
3541,2023-05-07 21:15:00,0.10392,-0.0,0.777,-0.0,-0.777,4.277,-4.223,0.777,27.777,13.126,0,0,0,1,0,0
3542,2023-05-07 21:30:00,0.10392,0.0,0.497,-0.0,-0.497,4.073,-4.503,0.497,27.497,13.126,0.0,0.0,0,1,0,0
3543,2023-05-07 21:45:00,0.10392,0.0,0.699,-0.0,-0.699,3.942,-4.301,0.699,27.699,13.126,0.0,0.0,0,1,0,0
3544,2023-05-07 22:00:00,0.10392,-0.0,0.785,-0.0,-0.785,3.758,-4.215,0.785,27.785,13.126,0,0,0,1,0,0
3545,2023-05-07 22:15:00,0.10392,0.0,0.747,-0.0,-0.747,3.552,-4.253,0.747,27.747,13.126,0.0,0.0,0,1,0,0
3546,2023-05-07 22:30:00,0.10392,0.0,0.509,-0.0,-0.509,3.355,-4.491,0.509,27.509,13.126,0.0,0.0,0,1,0,0
3547,2023-05-07 22:45:00,0.10392,-0.0,0.539,-0.0,-0.539,3.221,-4.461,0.539,27.539,13.126,0,0,0,1,0,0
3548,2023-05-07 23:00:00,0.10392,-0.0,0.356,-0.0,-0.356,3.079,-4.644,0.356,27.356,13.126,0,0,0,1,0,0
3549,2023-05-07 23:15:00,0.10392,-0.0,0.323,-0.0,-0.323,2.985,-4.677,0.323,27.323,13.126,0,0,0,1,0,0
3550,2023-05-07 23:30:00,0.10392,0.0,0.387,-0.0,-0.387,2.9,-4.613,0.387,27.387,13.126,0.0,0.0,0,1,0,0
3551,2023-05-07 23:45:00,0.10392,-0.0,0.31,-0.0,-0.31,2.799,-4.69,0.31,27.31,13.126,0,0,0,1,0,0
3552,2023-05-08 00:00:00,0.10392,-0.0,0.414,-0.0,-0.414,2.717,-4.586,0.414,27.414,13.126,0,0,0,1,0,0
3553,2023-05-08 00:15:00,0.10392,0.0,0.377,-0.0,-0.377,2.608,-4.623,0.377,27.377,13.126,0.0,0.0,0,1,0,0
3554,2023-05-08 00:30:00,0.10392,-0.0,0.443,-0.0,-0.443,2.509,-4.557,0.443,27.443,13.126,0,0,0,1,0,0
3555,2023-05-08 00:45:00,0.10392,-0.0,0.419,-0.0,-0.419,2.392,-4.581,0.419,27.419,13.126,0,0,0,1,0,0
3556,2023-05-08 01:00:00,0.10392,-0.0,0.39,-0.0,-0.39,2.282,-4.61,0.39,27.39,13.126,0,0,0,1,0,0
3557,2023-05-08 01:15:00,0.10392,-0.0,0.412,-0.0,-0.412,2.179,-4.588,0.412,27.412,13.126,0,0,0,1,0,0
3558,2023-05-08 01:30:00,0.10392,0.0,0.39,-0.0,-0.39,2.071,-4.61,0.39,27.39,13.126,0.0,0.0,0,1,0,0
3559,2023-05-08 01:45:00,0.10392,0.0,0.458,-0.0,-0.458,1.968,-4.542,0.458,27.458,13.126,0.0,0.0,0,1,0,0
3560,2023-05-08 02:00:00,0.10392,0.0,0.565,-0.0,-0.565,1.847,-4.435,0.565,27.565,13.126,0.0,0.0,0,1,0,0
3561,2023-05-08 02:15:00,0.10392,-0.0,0.606,-0.0,-0.606,1.699,-4.394,0.606,27.606,13.126,0,0,0,1,0,0
3562,2023-05-08 02:30:00,0.10392,-0.0,0.707,-0.0,-0.707,1.539,-4.293,0.707,27.707,13.126,0,0,0,1,0,0
3563,2023-05-08 02:45:00,0.10392,0.0,0.613,-0.0,-0.613,1.353,-4.387,0.613,27.613,13.126,0.0,0.0,0,1,0,0
3564,2023-05-08 03:00:00,0.10392,-0.0,0.606,-0.0,-0.606,1.192,-4.394,0.606,27.606,13.126,0,0,0,1,0,0
3565,2023-05-08 03:15:00,0.10392,0.0,0.578,-0.0,-0.578,1.032,-4.422,0.578,27.578,13.126,0.0,0.0,0,1,0,0
3566,2023-05-08 03:30:00,0.10392,-0.0,0.538,-0.0,-0.538,0.88,-4.462,0.538,27.538,13.126,0,0,0,1,0,0
3567,2023-05-08 03:45:00,0.10392,-0.0,0.686,-0.0,-0.686,0.738,-4.314,0.686,27.686,13.126,0,0,0,1,0,0
3568,2023-05-08 04:00:00,0.10392,0.0,0.385,-0.0,-0.385,0.558,-4.615,0.385,27.385,13.126,0.0,0.0,0,1,0,0
3569,2023-05-08 04:15:00,0.10392,-0.0,0.299,-0.0,-0.299,0.457,-4.701,0.299,27.299,13.126,0,0,0,1,0,0
3570,2023-05-08 04:30:00,0.10392,-0.0,0.303,-0.0,-0.303,0.378,-4.697,0.303,27.303,13.126,0,0,0,1,0,0
3571,2023-05-08 04:45:00,0.10392,-0.0,0.309,-0.0,-0.309,0.298,-4.691,0.309,27.309,13.126,0,0,0,1,0,0
3572,2023-05-08 05:00:00,0.10392,-0.0,0.367,-0.0,-0.367,0.217,-4.633,0.367,27.367,13.126,0,0,0,1,0,0
3573,2023-05-08 05:15:00,0.10392,0.0,0.238,-0.0,-0.238,0.121,-4.762,0.238,27.238,13.126,0.0,0.0,0,1,0,0
3574,2023-05-08 05:30:00,0.10392,0.0,0.184,-0.008,-0.176,0.058,-4.824,0.176,27.176,13.126,0.0,0.0,0,1,0,0
3575,2023-05-08 05:45:00,0.10392,0.0,0.15,-0.106,-0.044,0.011,-4.956,0.044,27.044,13.126,0.0,0.0,0,1,0,0
3576,2023-05-08 06:00:00,0.19451,0.0,0.181,-0.212,0,0.0,-5.0,0.0,27.0,13.126,0.0,0.0,0.031,1,1,0.031
3577,2023-05-08 06:15:00,0.19451,-0.0,0.209,-0.316,0,0.0,-5.0,0.0,27.0,13.119,0,0,0.107,1,1,0.107
3578,2023-05-08 06:30:00,0.19451,0.0,0.127,-1.254,0,0.0,-5.0,0.0,27.0,13.093,0.0,0.0,1.127,1,1,1.127
3579,2023-05-08 06:45:00,0.19451,0.0,0.159,-1.699,0,0.0,-5.0,0.0,27.0,12.826,0.0,0.0,1.54,1,1,1.54
3580,2023-05-08 07:00:00,0.19451,-0.0,0.166,-2.129,0,0.0,-5.0,0.0,27.0,12.46,0,0,1.963,1,1,1.963
3581,2023-05-08 07:15:00,0.19451,0.0,0.137,-2.627,0,0.0,-5.0,0.0,27.0,11.994,0.0,0.0,2.49,1,1,2.49
3582,2023-05-08 07:30:00,0.19451,-0.0,0.263,-2.583,0,0.0,-5.0,0.0,27.0,11.402,0,0,2.32,1,1,2.32
3583,2023-05-08 07:45:00,0.19451,0.0,0.211,-1.977,0,0.0,-5.0,0.0,27.0,10.851,0.0,0.0,1.766,1,1,1.766
3584,2023-05-08 08:00:00,0.19451,-0.0,0.213,-2.032,0,0.0,-5.0,0.0,27.0,10.432,0,0,1.82,1,1,1.82
3585,2023-05-08 08:15:00,0.19451,-0.0,0.139,-2.434,0,0.0,-5.0,0.0,27.0,10.0,0,0,2.295,1,1,2.295
3586,2023-05-08 08:30:00,0.19451,2.221,0.23,-2.451,0,0.0,-7.221,-2.221,0.557,0,2.221,0.0,0,0,0,0
3587,2023-05-08 08:45:00,0.19451,2.733,0.178,-2.911,0,0.0,-7.733,-2.733,-0.466,0,2.733,0.0,0,0,0,0
3588,2023-05-08 09:00:00,0.19451,2.939,0.136,-3.075,0,0.0,-7.939,-2.939,-0.879,0,2.939,0.0,0,0,0,0
3589,2023-05-08 09:15:00,0.19451,5.207,0.161,-5.369,0,0.0,-10.207,-5.207,-5.207,0,5.207,0.0,0,0,0,0
3590,2023-05-08 09:30:00,0.19451,6.739,0.162,-6.901,0,0.0,-11.739,-6.739,-6.739,0,6.739,0.0,0,0,0,0
3591,2023-05-08 09:45:00,0.19451,6.638,0.196,-6.834,0,0.0,-11.638,-6.638,-6.638,0,6.638,0.0,0,0,0,0
3592,2023-05-08 10:00:00,0.19451,7.092,0.238,-7.329,0,0.0,-12.092,-7.092,-7.092,0,7.092,0.0,0,0,0,0
3593,2023-05-08 10:15:00,0.19451,7.097,0.508,-7.605,0,0.0,-12.097,-7.097,-7.097,0,7.097,0.0,0,0,0,0
3594,2023-05-08 10:30:00,0.19451,7.151,0.74,-7.891,0,0.0,-12.151,-7.151,-7.151,0,7.151,0.0,0,0,0,0
3595,2023-05-08 10:45:00,0.19451,4.996,1.616,-6.612,0,0.0,-9.996,-4.996,-4.991,0,4.996,0.0,0,0,0,0
3596,2023-05-08 11:00:00,0.19451,5.856,0.523,-6.379,0,0.0,-10.856,-5.856,-5.856,0,5.856,0.0,0,0,0,0
3597,2023-05-08 11:15:00,0.19451,7.179,0.515,-7.694,0,0.0,-12.179,-7.179,-7.179,0,7.179,0.0,0,0,0,0
3598,2023-05-08 11:30:00,0.19451,5.436,0.648,-6.084,0,0.0,-10.436,-5.436,-5.436,0,5.436,0.0,0,0,0,0
3599,2023-05-08 11:45:00,0.19451,7.704,0.451,-8.155,0,0.0,-12.704,-7.704,-7.704,0,7.704,0.0,0,0,0,0
3600,2023-05-08 12:00:00,0.19451,8.751,0.484,-9.235,0,0.0,-13.751,-8.751,-8.751,0,8.751,0.0,0,0,0,0
3601,2023-05-08 12:15:00,0.19451,3.562,1.144,-4.706,0,0.0,-8.562,-3.562,-2.124,0,3.562,0.0,0,0,0,0
3602,2023-05-08 12:30:00,0.19451,3.74,0.577,-4.316,0,0.0,-8.74,-3.74,-2.479,0,3.74,0.0,0,0,0,0
3603,2023-05-08 12:45:00,0.19451,5.044,0.476,-5.52,0,0.0,-10.044,-5.044,-5.044,0,5.044,0.0,0,0,0,0
3604,2023-05-08 13:00:00,0.19451,7.363,0.463,-7.825,0,0.0,-12.363,-7.363,-7.363,0,7.363,0.0,0,0,0,0
3605,2023-05-08 13:15:00,0.19451,2.432,0.498,-2.93,0,0.0,-7.432,-2.432,0.137,0,2.432,0.0,0,0,0,0
3606,2023-05-08 13:30:00,0.19451,1.517,0.467,-1.984,0,0.0,-6.517,-1.517,1.967,0,1.517,0.0,0,0,0,0
3607,2023-05-08 13:45:00,0.19451,0.611,1.851,-4.711,2.249,0.0,-7.86,-2.86,-0.72,0,0.611,0.0,0,0,0,0
3608,2023-05-08 14:00:00,0.19451,0.0,1.611,-2.313,0.702,0.534,-5.702,-0.702,3.596,0,0.0,0.0,0,0,0,0
3609,2023-05-08 14:15:00,0.19451,-0.0,1.082,-3.401,2.318,0.701,-7.318,-2.318,0.364,0,0,0,0,0,0,0
3610,2023-05-08 14:30:00,0.19451,-0.0,0.477,-4.113,3.636,1.251,-8.636,-3.636,-2.272,0,0,0,0,0,0,0
3611,2023-05-08 14:45:00,0.19451,0.0,0.469,-1.341,0.872,2.115,-5.872,-0.872,3.256,0,0.0,0.0,0,0,0,0
3612,2023-05-08 15:00:00,0.19451,-0.0,0.414,-2.879,2.465,2.322,-7.465,-2.465,0.07,0,0,0,0,0,0,0
3613,2023-05-08 15:15:00,0.19451,-0.0,0.31,-1.642,0,2.908,-5.0,0.0,27.0,13.888,0,0,1.331,1,1,1.331
3614,2023-05-08 15:30:00,0.19451,0.0,0.359,-3.741,0,2.908,-5.0,0.0,27.0,13.572,0.0,0.0,3.382,1,1,3.382
3615,2023-05-08 15:45:00,0.19451,0.0,0.326,-1.051,0,2.908,-5.0,0.0,27.0,12.769,0.0,0.0,0.725,1,1,0.725
3616,2023-05-08 16:00:00,0.19451,0.0,1.901,-1.332,-0.569,2.908,-4.431,0.569,27.569,12.597,0.0,0.0,0,1,0,0
3617,2023-05-08 16:15:00,0.19451,-0.0,0.395,-2.228,1.678,2.758,-5.0,0.0,27.0,12.597,0,0,0.155,1,1,0.155
3618,2023-05-08 16:30:00,0.19451,-0.0,0.326,-2.647,2.321,3.156,-5.0,0.0,27.0,12.56,0,0,0,1,0,0
3619,2023-05-08 16:45:00,0.19451,0.0,0.319,-2.862,2.544,3.708,-5.0,0.0,27.0,12.56,0.0,0.0,0,1,0,0
3620,2023-05-08 17:00:00,0.19451,-0.0,0.418,-1.319,0.901,4.312,-5.0,0.0,27.0,12.56,0,0,0,1,0,0
3621,2023-05-08 17:15:00,0.19451,0.0,0.439,-0.995,0.556,4.526,-5.0,0.0,27.0,12.56,0.0,0.0,0,1,0,0
3622,2023-05-08 17:30:00,0.19451,0.0,0.374,-0.7,0.326,4.658,-5.0,0.0,27.0,12.56,0.0,0.0,0,1,0,0
3623,2023-05-08 17:45:00,0.19451,0.0,0.365,-0.618,0.253,4.735,-5.0,0.0,27.0,12.56,0.0,0.0,0,1,0,0
3624,2023-05-08 18:00:00,0.19451,-0.0,0.33,-0.477,0.147,4.795,-5.0,0.0,27.0,12.56,0,0,0,1,0,0
3625,2023-05-08 18:15:00,0.19451,0.0,0.416,-0.321,-0.094,4.83,-4.906,0.094,27.094,12.56,0.0,0.0,0,1,0,0
3626,2023-05-08 18:30:00,0.19451,-0.0,0.418,-0.0,-0.418,4.805,-4.582,0.418,27.418,12.56,0,0,0,1,0,0
3627,2023-05-08 18:45:00,0.19451,0.0,0.708,-0.0,-0.708,4.695,-4.292,0.708,27.708,12.56,0.0,0.0,0,1,0,0
3628,2023-05-08 19:00:00,0.19451,0.0,0.344,-0.0,-0.344,4.509,-4.656,0.344,27.344,12.56,0.0,0.0,0,1,0,0
3629,2023-05-08 19:15:00,0.19451,0.0,0.367,-0.0,-0.367,4.419,-4.633,0.367,27.367,12.56,0.0,0.0,0,1,0,0
3630,2023-05-08 19:30:00,0.19451,0.0,0.932,-0.0,-0.932,4.322,-4.068,0.932,27.932,12.56,0.0,0.0,0,1,0,0
3631,2023-05-08 19:45:00,0.19451,-0.0,0.407,-0.0,-0.407,4.077,-4.593,0.407,27.407,12.56,0,0,0,1,0,0
3632,2023-05-08 20:00:00,0.19451,-0.0,0.417,-0.0,-0.417,3.97,-4.583,0.417,27.417,12.56,0,0,0,1,0,0
3633,2023-05-08 20:15:00,0.19451,0.0,0.347,-0.0,-0.347,3.86,-4.653,0.347,27.347,12.56,0.0,0.0,0,1,0,0
3634,2023-05-08 20:30:00,0.19451,-0.0,0.491,-0.0,-0.491,3.768,-4.509,0.491,27.491,12.56,0,0,0,1,0,0
3635,2023-05-08 20:45:00,0.19451,0.0,0.447,-0.0,-0.447,3.639,-4.553,0.447,27.447,12.56,0.0,0.0,0,1,0,0
3636,2023-05-08 21:00:00,0.06336,0.0,0.563,-0.0,-0.563,3.522,-4.437,0.563,27.563,12.56,0.0,0.0,0,1,0,0
3637,2023-05-08 21:15:00,0.06336,-0.0,0.543,-0.0,-0.543,3.374,-4.457,0.543,27.543,12.56,0,0,0,1,0,0
3638,2023-05-08 21:30:00,0.06336,0.0,0.412,-0.0,-0.412,3.231,-4.588,0.412,27.412,12.56,0.0,0.0,0,1,0,0
3639,2023-05-08 21:45:00,0.06336,-0.0,0.488,-0.0,-0.488,3.122,-4.512,0.488,27.488,12.56,0,0,0,1,0,0
3640,2023-05-08 22:00:00,0.06336,0.0,0.498,-0.0,-0.498,2.994,-4.502,0.498,27.498,12.56,0.0,0.0,0,1,0,0
3641,2023-05-08 22:15:00,0.06336,-0.0,0.569,-0.0,-0.569,2.863,-4.431,0.569,27.569,12.56,0,0,0,1,0,0
3642,2023-05-08 22:30:00,0.06336,0.0,0.664,-0.0,-0.664,2.713,-4.336,0.664,27.664,12.56,0.0,0.0,0,1,0,0
3643,2023-05-08 22:45:00,0.06336,-0.0,0.553,-0.0,-0.553,2.538,-4.447,0.553,27.553,12.56,0,0,0,1,0,0
3644,2023-05-08 23:00:00,0.06336,0.0,0.583,-0.0,-0.583,2.393,-4.417,0.583,27.583,12.56,0.0,0.0,0,1,0,0
3645,2023-05-08 23:15:00,0.06336,-0.0,0.501,-0.0,-0.501,2.24,-4.499,0.501,27.501,12.56,0,0,0,1,0,0
3646,2023-05-08 23:30:00,0.06336,0.0,0.336,-0.0,-0.336,2.108,-4.664,0.336,27.336,12.56,0.0,0.0,0,1,0,0
3647,2023-05-08 23:45:00,0.06336,0.0,0.324,-0.0,-0.324,2.019,-4.676,0.324,27.324,12.56,0.0,0.0,0,1,0,0
3648,2023-05-09 00:00:00,0.06336,0.0,0.223,-0.0,-0.223,1.934,-4.777,0.223,27.223,12.56,0.0,0.0,0,1,0,0
3649,2023-05-09 00:15:00,0.06336,0.0,0.313,-0.0,-0.313,1.875,-4.687,0.313,27.313,12.56,0.0,0.0,0,1,0,0
3650,2023-05-09 00:30:00,0.06336,-0.0,0.272,-0.0,-0.272,1.793,-4.728,0.272,27.272,12.56,0,0,0,1,0,0
3651,2023-05-09 00:45:00,0.06336,-0.0,0.292,-0.0,-0.292,1.721,-4.708,0.292,27.292,12.56,0,0,0,1,0,0
3652,2023-05-09 01:00:00,0.06336,0.0,0.363,-0.0,-0.363,1.645,-4.637,0.363,27.363,12.56,0.0,0.0,0,1,0,0
3653,2023-05-09 01:15:00,0.06336,-0.0,0.372,-0.0,-0.372,1.549,-4.628,0.372,27.372,12.56,0,0,0,1,0,0
3654,2023-05-09 01:30:00,0.06336,0.0,0.404,-0.0,-0.404,1.451,-4.596,0.404,27.404,12.56,0.0,0.0,0,1,0,0
3655,2023-05-09 01:45:00,0.06336,-0.0,0.371,-0.0,-0.371,1.345,-4.629,0.371,27.371,12.56,0,0,0,1,0,0
3656,2023-05-09 02:00:00,0.06336,-0.0,0.367,-0.0,-0.367,1.247,-4.633,0.367,27.367,12.56,0,0,0,1,0,0
3657,2023-05-09 02:15:00,0.06336,0.0,0.301,-0.0,-0.301,1.151,-4.699,0.301,27.301,12.56,0.0,0.0,0,1,0,0
3658,2023-05-09 02:30:00,0.06336,-0.0,0.24,-0.0,-0.24,1.072,-4.76,0.24,27.24,12.56,0,0,0,1,0,0
3659,2023-05-09 02:45:00,0.06336,-0.0,0.426,-0.0,-0.426,1.008,-4.574,0.426,27.426,12.56,0,0,0,1,0,0
3660,2023-05-09 03:00:00,0.06336,-0.0,0.366,-0.0,-0.366,0.896,-4.634,0.366,27.366,12.56,0,0,0,1,0,0
3661,2023-05-09 03:15:00,0.06336,-0.0,0.327,-0.0,-0.327,0.8,-4.673,0.327,27.327,12.56,0,0,0,1,0,0
3662,2023-05-09 03:30:00,0.06336,0.0,0.287,-0.0,-0.287,0.714,-4.713,0.287,27.287,12.56,0.0,0.0,0,1,0,0
3663,2023-05-09 03:45:00,0.06336,-0.0,0.213,-0.0,-0.213,0.638,-4.787,0.213,27.213,12.56,0,0,0,1,0,0
3664,2023-05-09 04:00:00,0.06336,-0.0,0.267,-0.0,-0.267,0.582,-4.733,0.267,27.267,12.56,0,0,0,1,0,0
3665,2023-05-09 04:15:00,0.06336,0.0,0.252,-0.0,-0.252,0.512,-4.748,0.252,27.252,12.56,0.0,0.0,0,1,0,0
3666,2023-05-09 04:30:00,0.06336,-0.0,0.52,-0.0,-0.52,0.445,-4.48,0.52,27.52,12.56,0,0,0,1,0,0
3667,2023-05-09 04:45:00,0.06336,0.0,0.477,-0.0,-0.477,0.309,-4.523,0.477,27.477,12.56,0.0,0.0,0,1,0,0
3668,2023-05-09 05:00:00,0.06336,0.0,0.217,-0.0,-0.217,0.183,-4.783,0.217,27.217,12.56,0.0,0.0,0,1,0,0
3669,2023-05-09 05:15:00,0.06336,-0.0,0.254,-0.0,-0.254,0.126,-4.746,0.254,27.254,12.56,0,0,0,1,0,0
3670,2023-05-09 05:30:00,0.06336,0.0,0.136,-0.009,-0.126,0.059,-4.874,0.126,27.126,12.56,0.0,0.0,0,1,0,0
3671,2023-05-09 05:45:00,0.06336,0.0,0.155,-0.058,-0.096,0.026,-4.904,0.096,27.096,12.56,0.0,0.0,0,1,0,0
3672,2023-05-09 06:00:00,0.05879,-0.0,0.131,-0.129,-0.002,0.001,-4.998,0.002,27.002,12.56,0,0,0,1,0,0
3673,2023-05-09 06:15:00,0.05879,-0.0,0.14,-0.346,0,-0.0,-5.0,0.0,27.0,12.56,0,0,0.206,1,1,0.206
3674,2023-05-09 06:30:00,0.05879,0.0,0.138,-0.609,0,-0.0,-5.0,0.0,27.0,12.511,0.0,0.0,0.471,1,1,0.471
3675,2023-05-09 06:45:00,0.05879,0.0,0.117,-0.585,0,-0.0,-5.0,0.0,27.0,12.399,0.0,0.0,0.468,1,1,0.468
3676,2023-05-09 07:00:00,0.05879,-0.0,0.271,-1.136,0,-0.0,-5.0,0.0,27.0,12.288,0,0,0.865,1,1,0.865
3677,2023-05-09 07:15:00,0.05879,-0.0,0.228,-2.734,0,-0.0,-5.169,-0.169,26.662,12.082,0,0,2.506,1,1,2.506
3678,2023-05-09 07:30:00,0.05879,0.0,0.257,-3.165,0,-0.0,-7.909,-2.909,21.182,11.487,0.0,0.0,2.909,1,1,2.909
3679,2023-05-09 07:45:00,0.05879,-0.0,0.31,-3.663,0,-0.0,-8.353,-3.353,20.295,10.796,0,0,3.353,1,1,3.353
3680,2023-05-09 08:00:00,0.05879,2.112,0.253,-2.364,0,-0.0,-7.112,-2.112,22.776,10.0,2.112,0.0,0,1,0,0
3681,2023-05-09 08:15:00,0.05879,3.553,0.253,-3.807,0,-0.0,-8.553,-3.553,-2.106,0,3.553,0.0,0,0,0,0
3682,2023-05-09 08:30:00,0.05879,4.811,0.213,-5.024,0,-0.0,-9.811,-4.811,-4.622,0,4.811,0.0,0,0,0,0
3683,2023-05-09 08:45:00,0.05879,5.241,0.198,-5.439,0,-0.0,-10.241,-5.241,-5.241,0,5.241,0.0,0,0,0,0
3684,2023-05-09 09:00:00,0.05879,5.627,0.209,-5.837,0,-0.0,-10.627,-5.627,-5.627,0,5.627,0.0,0,0,0,0
3685,2023-05-09 09:15:00,0.05879,4.833,1.378,-6.211,0,-0.0,-9.833,-4.833,-4.667,0,4.833,0.0,0,0,0,0
3686,2023-05-09 09:30:00,0.05879,5.521,1.128,-6.648,0,-0.0,-10.521,-5.521,-5.521,0,5.521,0.0,0,0,0,0
3687,2023-05-09 09:45:00,0.05879,6.348,0.5,-6.848,0,-0.0,-11.348,-6.348,-6.348,0,6.348,0.0,0,0,0,0
3688,2023-05-09 10:00:00,0.05879,6.232,0.363,-6.595,0,-0.0,-11.232,-6.232,-6.232,0,6.232,0.0,0,0,0,0
3689,2023-05-09 10:15:00,0.05879,2.438,0.697,-3.136,0,-0.0,-7.438,-2.438,0.124,0,2.438,0.0,0,0,0,0
3690,2023-05-09 10:30:00,0.05879,2.311,0.472,-2.783,0,-0.0,-7.311,-2.311,0.379,0,2.311,0.0,0,0,0,0
3691,2023-05-09 10:45:00,0.05879,2.895,0.316,-3.21,0,-0.0,-7.895,-2.895,-0.789,0,2.895,0.0,0,0,0,0
3692,2023-05-09 11:00:00,0.05879,5.287,0.34,-5.627,0,-0.0,-10.287,-5.287,-5.287,0,5.287,0.0,0,0,0,0
3693,2023-05-09 11:15:00,0.05879,8.292,0.397,-8.689,0,-0.0,-13.292,-8.292,-8.292,0,8.292,0.0,0,0,0,0
3694,2023-05-09 11:30:00,0.05879,8.013,0.351,-8.364,0,-0.0,-13.013,-8.013,-8.013,0,8.013,0.0,0,0,0,0
3695,2023-05-09 11:45:00,0.05879,7.989,0.378,-8.367,0,-0.0,-12.989,-7.989,-7.989,0,7.989,0.0,0,0,0,0
3696,2023-05-09 12:00:00,0.05879,8.618,0.24,-8.858,0,-0.0,-13.618,-8.618,-8.618,0,8.618,0.0,0,0,0,0
3697,2023-05-09 12:15:00,0.05879,4.251,0.293,-4.544,0,-0.0,-9.251,-4.251,-3.502,0,4.251,0.0,0,0,0,0
3698,2023-05-09 12:30:00,0.05879,7.691,0.922,-8.613,0,-0.0,-12.691,-7.691,-7.691,0,7.691,0.0,0,0,0,0
3699,2023-05-09 12:45:00,0.05879,3.659,2.459,-6.117,0,-0.0,-8.659,-3.659,-2.317,0,3.659,0.0,0,0,0,0
3700,2023-05-09 13:00:00,0.05879,6.766,3.009,-9.775,0,-0.0,-11.766,-6.766,-6.766,0,6.766,0.0,0,0,0,0
3701,2023-05-09 13:15:00,0.05879,7.311,1.677,-8.988,0,-0.0,-12.311,-7.311,-7.311,0,7.311,0.0,0,0,0,0
3702,2023-05-09 13:30:00,0.05879,5.671,3.154,-8.824,0,-0.0,-10.671,-5.671,-5.671,0,5.671,0.0,0,0,0,0
3703,2023-05-09 13:45:00,0.05879,5.987,0.62,-6.607,0,-0.0,-10.987,-5.987,-5.987,0,5.987,0.0,0,0,0,0
3704,2023-05-09 14:00:00,0.05879,7.354,0.462,-7.817,0,-0.0,-12.354,-7.354,-7.354,0,7.354,0.0,0,0,0,0
3705,2023-05-09 14:15:00,0.05879,3.791,0.937,-4.729,0,-0.0,-8.791,-3.791,-2.583,0,3.791,0.0,0,0,0,0
3706,2023-05-09 14:30:00,0.05879,5.09,0.981,-6.072,0,-0.0,-10.09,-5.09,-5.09,0,5.09,0.0,0,0,0,0
3707,2023-05-09 14:45:00,0.05879,3.792,0.653,-4.445,0,-0.0,-8.792,-3.792,-2.584,0,3.792,0.0,0,0,0,0
3708,2023-05-09 15:00:00,0.05879,4.707,0.484,-5.191,0,-0.0,-9.707,-4.707,-4.414,0,4.707,0.0,0,0,0,0
3709,2023-05-09 15:15:00,0.05879,1.812,0.647,-4.479,2.02,-0.0,-8.832,-3.832,-2.663,0,1.812,0.0,0,0,0,0
3710,2023-05-09 15:30:00,0.05879,0.89,0.584,-6.473,5.0,0.48,-10.89,-5.89,-5.89,0,0.89,0.0,0,0,0,0
3711,2023-05-09 15:45:00,0.05879,0.0,0.412,-5.006,4.594,1.667,-9.594,-4.594,-4.189,0,0.0,0.0,0,0,0,0
3712,2023-05-09 16:00:00,0.05879,-0.0,0.203,-2.489,2.286,2.758,-7.286,-2.286,0.428,0,0,0,0,0,0,0
3713,2023-05-09 16:15:00,0.05879,-0.0,0.175,-2.305,2.13,3.301,-7.13,-2.13,0.741,0,0,0,0,0,0,0
3714,2023-05-09 16:30:00,0.05879,-0.0,0.172,-1.231,1.059,3.807,-6.059,-1.059,2.881,0,0,0,0,0,0,0
3715,2023-05-09 16:45:00,0.05879,0.0,0.21,-1.659,1.449,4.059,-6.449,-1.449,2.102,0,0.0,0.0,0,0,0,0
3716,2023-05-09 17:00:00,0.05879,-0.0,0.221,-2.097,1.876,4.403,-6.876,-1.876,1.249,0,0,0,0,0,0,0
3717,2023-05-09 17:15:00,0.05879,-0.0,0.205,-1.237,1.032,4.848,-6.032,-1.032,2.937,0,0,0,0,0,0,0
3718,2023-05-09 17:30:00,0.05879,-0.0,0.176,-0.835,0.659,5.093,-5.659,-0.659,3.682,0,0,0,0,0,0,0
3719,2023-05-09 17:45:00,0.05879,-0.0,0.129,-0.586,0.457,5.25,-5.457,-0.457,4.085,0,0,0,0,0,0,0
3720,2023-05-09 18:00:00,0.05879,0.0,0.136,-0.721,0.584,5.358,-5.584,-0.584,3.831,0,0.0,0.0,0,0,0,0
3721,2023-05-09 18:15:00,0.05879,-0.0,0.214,-0.375,0.161,5.497,-5.161,-0.161,4.677,0,0,0,0,0,0,0
3722,2023-05-09 18:30:00,0.05879,-0.0,0.351,-0.071,-0.28,5.536,-4.72,0.28,5.28,0,0,0,0,0,0,0
3723,2023-05-09 18:45:00,0.05879,0.0,0.784,-0.0,-0.784,5.462,-4.216,0.784,5.784,0,0.0,0.0,0,0,0,0
3724,2023-05-09 19:00:00,0.05879,0.0,0.725,-0.0,-0.725,5.256,-4.275,0.725,27.725,19.761,0.0,0.0,0,1,0,0
3725,2023-05-09 19:15:00,0.05879,0.0,0.748,-0.0,-0.748,5.065,-4.252,0.748,27.748,19.761,0.0,0.0,0,1,0,0
3726,2023-05-09 19:30:00,0.05879,-0.0,1.194,-0.0,-1.194,4.868,-3.806,1.194,28.194,19.761,0,0,0,1,0,0
3727,2023-05-09 19:45:00,0.05879,0.0,1.063,-0.0,-1.063,4.554,-3.937,1.063,28.063,19.761,0.0,0.0,0,1,0,0
3728,2023-05-09 20:00:00,0.05879,-0.0,1.05,-0.0,-1.05,4.274,-3.95,1.05,28.05,19.761,0,0,0,1,0,0
3729,2023-05-09 20:15:00,0.05879,0.0,1.152,-0.0,-1.152,3.998,-3.848,1.152,28.152,19.761,0.0,0.0,0,1,0,0
3730,2023-05-09 20:30:00,0.05879,-0.0,0.621,-0.0,-0.621,3.695,-4.379,0.621,27.621,19.761,0,0,0,1,0,0
3731,2023-05-09 20:45:00,0.05879,0.0,0.709,-0.0,-0.709,3.531,-4.291,0.709,27.709,19.761,0.0,0.0,0,1,0,0
3732,2023-05-09 21:00:00,0.02759,-0.0,1.099,-0.0,-1.099,3.345,-3.901,1.099,28.099,19.761,0,0,0,1,0,0
3733,2023-05-09 21:15:00,0.02759,-0.0,1.043,-0.0,-1.043,3.056,-3.957,1.043,28.043,19.761,0,0,0,1,0,0
3734,2023-05-09 21:30:00,0.02759,-0.0,0.781,-0.0,-0.781,2.781,-4.219,0.781,27.781,19.761,0,0,0,1,0,0
3735,2023-05-09 21:45:00,0.02759,-0.0,0.665,-0.0,-0.665,2.576,-4.335,0.665,27.665,19.761,0,0,0,1,0,0
3736,2023-05-09 22:00:00,0.02759,0.0,0.469,-0.0,-0.469,2.401,-4.531,0.469,27.469,19.761,0.0,0.0,0,1,0,0
3737,2023-05-09 22:15:00,0.02759,-0.0,0.838,-0.0,-0.838,2.277,-4.162,0.838,27.838,19.761,0,0,0,1,0,0
3738,2023-05-09 22:30:00,0.02759,-0.0,0.607,-0.0,-0.607,2.057,-4.393,0.607,27.607,19.761,0,0,0,1,0,0
3739,2023-05-09 22:45:00,0.02759,0.0,0.648,-0.0,-0.648,1.897,-4.352,0.648,27.648,19.761,0.0,0.0,0,1,0,0
3740,2023-05-09 23:00:00,0.02759,-0.0,0.589,-0.0,-0.589,1.727,-4.411,0.589,27.589,19.761,0,0,0,1,0,0
3741,2023-05-09 23:15:00,0.02759,-0.0,0.709,-0.0,-0.709,1.572,-4.291,0.709,27.709,19.761,0,0,0,1,0,0
3742,2023-05-09 23:30:00,0.02759,-0.0,0.553,-0.0,-0.553,1.385,-4.447,0.553,27.553,19.761,0,0,0,1,0,0
3743,2023-05-09 23:45:00,0.02759,0.0,0.265,-0.0,-0.265,1.239,-4.735,0.265,27.265,19.761,0.0,0.0,0,1,0,0
3744,2023-05-10 00:00:00,0.02759,0.0,0.232,-0.0,-0.232,1.17,-4.768,0.232,27.232,19.761,0.0,0.0,0,1,0,0
3745,2023-05-10 00:15:00,0.02759,-0.0,0.255,-0.0,-0.255,1.109,-4.745,0.255,27.255,19.761,0,0,0,1,0,0
3746,2023-05-10 00:30:00,0.02759,-0.0,0.23,-0.0,-0.23,1.042,-4.77,0.23,27.23,19.761,0,0,0,1,0,0
3747,2023-05-10 00:45:00,0.02759,-0.0,0.188,-0.0,-0.188,0.981,-4.812,0.188,27.188,19.761,0,0,0,1,0,0
3748,2023-05-10 01:00:00,0.02759,0.0,0.205,-0.0,-0.205,0.932,-4.795,0.205,27.205,19.761,0.0,0.0,0,1,0,0
3749,2023-05-10 01:15:00,0.02759,0.0,0.173,-0.0,-0.173,0.878,-4.827,0.173,27.173,19.761,0.0,0.0,0,1,0,0
3750,2023-05-10 01:30:00,0.02759,-0.0,0.225,-0.0,-0.225,0.832,-4.775,0.225,27.225,19.761,0,0,0,1,0,0
3751,2023-05-10 01:45:00,0.02759,0.0,0.258,-0.0,-0.258,0.773,-4.742,0.258,27.258,19.761,0.0,0.0,0,1,0,0
3752,2023-05-10 02:00:00,0.02759,-0.0,0.192,-0.0,-0.192,0.705,-4.808,0.192,27.192,19.761,0,0,0,1,0,0
3753,2023-05-10 02:15:00,0.02759,-0.0,0.357,-0.0,-0.357,0.655,-4.643,0.357,27.357,19.761,0,0,0,1,0,0
3754,2023-05-10 02:30:00,0.02759,0.0,0.138,-0.0,-0.138,0.561,-4.862,0.138,27.138,19.761,0.0,0.0,0,1,0,0
3755,2023-05-10 02:45:00,0.02759,-0.0,0.162,-0.0,-0.162,0.524,-4.838,0.162,27.162,19.761,0,0,0,1,0,0
3756,2023-05-10 03:00:00,0.02759,-0.0,0.137,-0.0,-0.137,0.482,-4.863,0.137,27.137,19.761,0,0,0,1,0,0
3757,2023-05-10 03:15:00,0.02759,0.0,0.194,-0.0,-0.194,0.446,-4.806,0.194,27.194,19.761,0.0,0.0,0,1,0,0
3758,2023-05-10 03:30:00,0.02759,-0.0,0.186,-0.0,-0.186,0.395,-4.814,0.186,27.186,19.761,0,0,0,1,0,0
3759,2023-05-10 03:45:00,0.02759,0.0,0.168,-0.0,-0.168,0.346,-4.832,0.168,27.168,19.761,0.0,0.0,0,1,0,0
3760,2023-05-10 04:00:00,0.02759,0.0,0.247,-0.0,-0.247,0.301,-4.753,0.247,27.247,19.761,0.0,0.0,0,1,0,0
3761,2023-05-10 04:15:00,0.02759,-0.0,0.216,-0.0,-0.216,0.236,-4.784,0.216,27.216,19.761,0,0,0,1,0,0
3762,2023-05-10 04:30:00,0.02759,0.0,0.166,-0.0,-0.166,0.18,-4.834,0.166,27.166,19.761,0.0,0.0,0,1,0,0
3763,2023-05-10 04:45:00,0.02759,0.0,0.142,-0.0,-0.142,0.136,-4.858,0.142,27.142,19.761,0.0,0.0,0,1,0,0
3764,2023-05-10 05:00:00,0.02759,-0.0,0.126,-0.0,-0.126,0.098,-4.874,0.126,27.126,19.761,0,0,0,1,0,0
3765,2023-05-10 05:15:00,0.02759,0.0,0.15,-0.0,-0.15,0.065,-4.85,0.15,27.15,19.761,0.0,0.0,0,1,0,0
3766,2023-05-10 05:30:00,0.02759,0.0,0.138,-0.042,-0.096,0.026,-4.904,0.096,27.096,19.761,0.0,0.0,0,1,0,0
3767,2023-05-10 05:45:00,0.02759,-0.0,0.186,-0.185,-0.001,0.0,-4.999,0.001,27.001,19.761,0,0,0,1,0,0
3768,2023-05-10 06:00:00,0.20813,-0.0,0.221,-0.315,0,-0.0,-5.0,0.0,27.0,19.761,0,0,0.093,1,1,0.093
3769,2023-05-10 06:15:00,0.20813,0.0,0.27,-0.661,0,-0.0,-5.0,0.0,27.0,19.739,0.0,0.0,0.391,1,1,0.391
3770,2023-05-10 06:30:00,0.20813,-0.0,0.343,-1.058,0,-0.0,-5.0,0.0,27.0,19.646,0,0,0.715,1,1,0.715
3771,2023-05-10 06:45:00,0.20813,0.677,0.946,-1.622,0,-0.0,-5.0,0.0,27.0,19.476,0.677,0.0,0,1,0,0
3772,2023-05-10 07:00:00,0.20813,1.439,0.565,-2.004,0,-0.0,-5.0,0.0,27.0,19.476,1.439,0.0,0,1,0,0
3773,2023-05-10 07:15:00,0.20813,-0.0,0.353,-1.583,0,-0.0,-5.0,0.0,27.0,19.476,0,0,1.23,1,1,1.23
3774,2023-05-10 07:30:00,0.20813,-0.0,0.889,-1.727,0,-0.0,-5.0,0.0,27.0,19.184,0,0,0.837,1,1,0.837
3775,2023-05-10 07:45:00,0.20813,0.0,1.454,-2.853,0,-0.0,-5.0,0.0,27.0,18.985,0.0,0.0,1.399,1,1,1.399
3776,2023-05-10 08:00:00,0.20813,-0.0,1.798,-3.802,0,-0.0,-5.0,0.0,27.0,18.653,0,0,2.003,1,1,2.003
3777,2023-05-10 08:15:00,0.20813,0.0,0.469,-4.33,0,-0.0,-5.0,0.0,27.0,18.177,0.0,0.0,3.861,1,1,3.861
3778,2023-05-10 08:30:00,0.20813,-0.0,0.326,-3.67,0,-0.0,-5.0,0.0,27.0,17.26,0,0,3.344,1,1,3.344
3779,2023-05-10 08:45:00,0.20813,0.0,0.747,-4.891,0,-0.0,-5.0,0.0,27.0,16.466,0.0,0.0,4.143,1,1,4.143
3780,2023-05-10 09:00:00,0.20813,2.91,0.679,-3.589,0,-0.0,-5.0,0.0,27.0,15.482,2.91,0.0,0,1,0,0
3781,2023-05-10 09:15:00,0.20813,0.0,1.882,-4.895,0,-0.0,-5.0,0.0,27.0,15.482,0.0,0.0,3.012,1,1,3.012
3782,2023-05-10 09:30:00,0.20813,0.0,0.998,-3.107,0,-0.0,-5.0,0.0,27.0,14.767,0.0,0.0,2.109,1,1,2.109
3783,2023-05-10 09:45:00,0.20813,-0.0,0.353,-3.084,0,-0.0,-5.0,0.0,27.0,14.266,0,0,2.731,1,1,2.731
3784,2023-05-10 10:00:00,0.20813,3.085,0.314,-3.398,0,-0.0,-5.0,0.0,27.0,13.617,3.085,0.0,0,1,0,0
3785,2023-05-10 10:15:00,0.20813,-0.0,0.561,-3.374,0,-0.0,-5.0,0.0,27.0,13.617,0,0,2.813,1,1,2.813
3786,2023-05-10 10:30:00,0.20813,0.0,0.426,-3.066,0,-0.0,-5.0,0.0,27.0,12.949,0.0,0.0,2.641,1,1,2.641
3787,2023-05-10 10:45:00,0.20813,0.0,0.37,-3.661,0,-0.0,-6.626,-1.626,23.748,12.322,0.0,0.0,3.291,1,1,3.291
3788,2023-05-10 11:00:00,0.20813,-0.0,0.268,-3.08,0,-0.0,-7.812,-2.812,21.377,11.54,0,0,2.812,1,1,2.812
3789,2023-05-10 11:15:00,0.20813,0.0,0.258,-4.823,0,-0.0,-9.565,-4.565,17.87,10.872,0.0,0.0,4.565,1,1,4.565
3790,2023-05-10 11:30:00,0.20813,3.307,0.31,-3.617,0,-0.0,-8.307,-3.307,20.387,9.788,3.307,0.0,0,1,0,0
3791,2023-05-10 11:45:00,0.20813,2.898,0.333,-3.231,0,-0.0,-7.898,-2.898,21.205,9.788,2.898,0.0,0,1,0,0
3792,2023-05-10 12:00:00,0.20813,2.649,0.368,-3.017,0,-0.0,-7.649,-2.649,21.703,9.788,2.649,0.0,0,1,0,0
3793,2023-05-10 12:15:00,0.20813,-0.0,0.364,-2.584,0,-0.0,-7.22,-2.22,22.561,9.788,0,0,2.22,1,1,2.22
3794,2023-05-10 12:30:00,0.20813,0.0,0.797,-2.687,0,-0.0,-6.89,-1.89,23.22,9.261,0.0,0.0,1.89,1,1,1.89
3795,2023-05-10 12:45:00,0.20813,0.108,0.844,-3.796,0,-0.0,-7.953,-2.953,21.095,8.812,0.108,0.0,2.844,1,1,2.844
3796,2023-05-10 13:00:00,0.20813,-0.0,0.507,-2.518,0,-0.0,-7.011,-2.011,22.978,8.137,0,0,2.011,1,1,2.011
3797,2023-05-10 13:15:00,0.20813,0.0,0.258,-2.066,0,-0.0,-6.808,-1.808,23.385,7.659,0.0,0.0,1.808,1,1,1.808
3798,2023-05-10 13:30:00,0.20813,0.0,0.217,-3.011,0,-0.0,-7.794,-2.794,21.411,7.23,0.0,0.0,2.794,1,1,2.794
3799,2023-05-10 13:45:00,0.20813,-0.0,0.212,-2.629,0,-0.0,-7.418,-2.418,22.165,6.566,0,0,2.418,1,1,2.418
3800,2023-05-10 14:00:00,0.20813,0.0,0.306,-2.798,0,-0.0,-7.493,-2.493,22.015,5.992,0.0,0.0,2.493,1,1,2.493
3801,2023-05-10 14:15:00,0.20813,-0.0,0.479,-3.736,0,-0.0,-8.257,-3.257,20.485,5.4,0,0,3.257,1,1,3.257
3802,2023-05-10 14:30:00,0.20813,0.0,0.465,-4.496,0,-0.0,-9.03,-4.03,18.939,4.626,0.0,0.0,4.03,1,1,4.03
3803,2023-05-10 14:45:00,0.20813,0.0,0.448,-4.35,0,-0.0,-8.901,-3.901,19.197,3.669,0.0,0.0,3.901,1,1,3.901
3804,2023-05-10 15:00:00,0.20813,-0.0,0.462,-6.092,0,-0.0,-10.63,-5.63,16.37,2.742,0,0,5.63,1,1,5.63
3805,2023-05-10 15:15:00,0.20813,0.412,0.468,-5.88,5.0,-0.0,-10.412,-5.412,16.588,1.405,0.412,0.0,0,1,0,0
3806,2023-05-10 15:30:00,0.20813,0.0,0.454,-5.4,3.174,1.188,-9.946,-4.946,17.107,1.405,0.0,0.0,1.772,1,1,1.772
3807,2023-05-10 15:45:00,0.20813,-0.0,0.58,-5.003,4.423,1.941,-9.423,-4.423,18.154,0.984,0,0,0,1,0,0
3808,2023-05-10 16:00:00,0.20813,-0.0,0.486,-4.75,4.264,2.992,-9.264,-4.264,18.471,0.984,0,0,0,1,0,0
3809,2023-05-10 16:15:00,0.20813,-0.0,0.462,-4.588,4.126,4.005,-9.126,-4.126,18.749,0.984,0,0,0,1,0,0
3810,2023-05-10 16:30:00,0.20813,-0.0,0.423,-2.516,2.093,4.984,-7.093,-2.093,22.813,0.984,0,0,0,1,0,0
3811,2023-05-10 16:45:00,0.20813,0.0,0.561,-1.528,0.967,5.482,-5.967,-0.967,25.066,0.984,0.0,0.0,0,1,0,0
3812,2023-05-10 17:00:00,0.20813,0.0,1.375,-1.551,0.176,5.711,-5.176,-0.176,26.648,0.984,0.0,0.0,0,1,0,0
3813,2023-05-10 17:15:00,0.20813,-0.0,0.612,-1.017,0.405,5.753,-5.405,-0.405,26.19,0.984,0,0,0,1,0,0
3814,2023-05-10 17:30:00,0.20813,0.0,0.47,-1.438,0.968,5.849,-5.968,-0.968,25.064,0.984,0.0,0.0,0,1,0,0
3815,2023-05-10 17:45:00,0.20813,-0.0,0.514,-1.058,0.544,6.079,-5.544,-0.544,25.913,0.984,0,0,0,1,0,0
3816,2023-05-10 18:00:00,0.20813,-0.0,0.527,-0.833,0.305,6.208,-5.305,-0.305,26.389,0.984,0,0,0,1,0,0
3817,2023-05-10 18:15:00,0.20813,0.0,0.52,-0.601,0.081,6.281,-5.081,-0.081,26.838,0.984,0.0,0.0,0,1,0,0
3818,2023-05-10 18:30:00,0.20813,-0.0,0.405,-0.081,-0.324,6.3,-4.676,0.324,27.324,0.984,0,0,0,1,0,0
3819,2023-05-10 18:45:00,0.20813,0.0,0.376,-0.0,-0.376,6.215,-4.624,0.376,27.376,0.984,0.0,0.0,0,1,0,0
3820,2023-05-10 19:00:00,0.20813,0.0,0.349,-0.0,-0.349,6.116,-4.651,0.349,27.349,0.984,0.0,0.0,0,1,0,0
3821,2023-05-10 19:15:00,0.20813,0.0,0.333,-0.0,-0.333,6.024,-4.667,0.333,27.333,0.984,0.0,0.0,0,1,0,0
3822,2023-05-10 19:30:00,0.20813,-0.0,1.46,-0.0,-1.46,5.937,-3.54,1.46,28.46,0.984,0,0,0,1,0,0
3823,2023-05-10 19:45:00,0.20813,-0.0,1.715,-0.0,-1.715,5.552,-3.285,1.715,28.715,0.984,0,0,0,1,0,0
3824,2023-05-10 20:00:00,0.20813,-0.0,1.038,-0.0,-1.038,5.101,-3.962,1.038,28.038,0.984,0,0,0,1,0,0
3825,2023-05-10 20:15:00,0.20813,0.0,0.62,-0.0,-0.62,4.828,-4.38,0.62,27.62,0.984,0.0,0.0,0,1,0,0
3826,2023-05-10 20:30:00,0.20813,-0.0,0.564,-0.0,-0.564,4.665,-4.436,0.564,27.564,0.984,0,0,0,1,0,0
3827,2023-05-10 20:45:00,0.20813,0.0,0.663,-0.0,-0.663,4.516,-4.337,0.663,27.663,0.984,0.0,0.0,0,1,0,0
3828,2023-05-10 21:00:00,0.05582,-0.0,0.658,-0.0,-0.658,4.342,-4.342,0.658,27.658,0.984,0,0,0,1,0,0
3829,2023-05-10 21:15:00,0.05582,-0.0,0.757,-0.0,-0.757,4.169,-4.243,0.757,27.757,0.984,0,0,0,1,0,0
3830,2023-05-10 21:30:00,0.05582,0.0,0.899,-0.0,-0.899,3.97,-4.101,0.899,27.899,0.984,0.0,0.0,0,1,0,0
3831,2023-05-10 21:45:00,0.05582,-0.0,0.749,-0.0,-0.749,3.733,-4.251,0.749,27.749,0.984,0,0,0,1,0,0
3832,2023-05-10 22:00:00,0.05582,-0.0,0.794,-0.0,-0.794,3.536,-4.206,0.794,27.794,0.984,0,0,0,1,0,0
3833,2023-05-10 22:15:00,0.05582,0.0,0.811,-0.0,-0.811,3.327,-4.189,0.811,27.811,0.984,0.0,0.0,0,1,0,0
3834,2023-05-10 22:30:00,0.05582,-0.0,0.865,-0.0,-0.865,3.114,-4.135,0.865,27.865,0.984,0,0,0,1,0,0
3835,2023-05-10 22:45:00,0.05582,-0.0,0.63,-0.0,-0.63,2.886,-4.37,0.63,27.63,0.984,0,0,0,1,0,0
3836,2023-05-10 23:00:00,0.05582,-0.0,0.522,-0.0,-0.522,2.72,-4.478,0.522,27.522,0.984,0,0,0,1,0,0
3837,2023-05-10 23:15:00,0.05582,0.0,0.6,-0.0,-0.6,2.583,-4.4,0.6,27.6,0.984,0.0,0.0,0,1,0,0
3838,2023-05-10 23:30:00,0.05582,0.0,0.562,-0.0,-0.562,2.425,-4.438,0.562,27.562,0.984,0.0,0.0,0,1,0,0
3839,2023-05-10 23:45:00,0.05582,-0.0,0.494,-0.0,-0.494,2.277,-4.506,0.494,27.494,0.984,0,0,0,1,0,0
3840,2023-05-11 00:00:00,0.05582,0.0,0.377,-0.0,-0.377,2.147,-4.623,0.377,27.377,0.984,0.0,0.0,0,1,0,0
3841,2023-05-11 00:15:00,0.05582,-0.0,0.512,-0.0,-0.512,2.048,-4.488,0.512,27.512,0.984,0,0,0,1,0,0
3842,2023-05-11 00:30:00,0.05582,-0.0,0.39,-0.0,-0.39,1.913,-4.61,0.39,27.39,0.984,0,0,0,1,0,0
3843,2023-05-11 00:45:00,0.05582,-0.0,0.351,-0.0,-0.351,1.811,-4.649,0.351,27.351,0.984,0,0,0,1,0,0
3844,2023-05-11 01:00:00,0.05582,0.0,0.596,-0.0,-0.596,1.718,-4.404,0.596,27.596,0.984,0.0,0.0,0,1,0,0
3845,2023-05-11 01:15:00,0.05582,0.0,0.46,-0.0,-0.46,1.562,-4.54,0.46,27.46,0.984,0.0,0.0,0,1,0,0
3846,2023-05-11 01:30:00,0.05582,-0.0,0.308,-0.0,-0.308,1.441,-4.692,0.308,27.308,0.984,0,0,0,1,0,0
3847,2023-05-11 01:45:00,0.05582,-0.0,0.289,-0.0,-0.289,1.36,-4.711,0.289,27.289,0.984,0,0,0,1,0,0
3848,2023-05-11 02:00:00,0.05582,0.0,0.229,-0.0,-0.229,1.284,-4.771,0.229,27.229,0.984,0.0,0.0,0,1,0,0
3849,2023-05-11 02:15:00,0.05582,-0.0,0.254,-0.0,-0.254,1.223,-4.746,0.254,27.254,0.984,0,0,0,1,0,0
3850,2023-05-11 02:30:00,0.05582,-0.0,0.245,-0.0,-0.245,1.157,-4.755,0.245,27.245,0.984,0,0,0,1,0,0
3851,2023-05-11 02:45:00,0.05582,-0.0,0.255,-0.0,-0.255,1.092,-4.745,0.255,27.255,0.984,0,0,0,1,0,0
3852,2023-05-11 03:00:00,0.05582,0.0,0.312,-0.0,-0.312,1.025,-4.688,0.312,27.312,0.984,0.0,0.0,0,1,0,0
3853,2023-05-11 03:15:00,0.05582,0.0,0.32,-0.0,-0.32,0.943,-4.68,0.32,27.32,0.984,0.0,0.0,0,1,0,0
3854,2023-05-11 03:30:00,0.05582,0.0,0.332,-0.0,-0.332,0.859,-4.668,0.332,27.332,0.984,0.0,0.0,0,1,0,0
3855,2023-05-11 03:45:00,0.05582,-0.0,0.259,-0.0,-0.259,0.772,-4.741,0.259,27.259,0.984,0,0,0,1,0,0
3856,2023-05-11 04:00:00,0.05582,-0.0,0.244,-0.0,-0.244,0.703,-4.756,0.244,27.244,0.984,0,0,0,1,0,0
3857,2023-05-11 04:15:00,0.05582,-0.0,0.274,-0.0,-0.274,0.639,-4.726,0.274,27.274,0.984,0,0,0,1,0,0
3858,2023-05-11 04:30:00,0.05582,0.0,0.243,-0.0,-0.243,0.567,-4.757,0.243,27.243,0.984,0.0,0.0,0,1,0,0
3859,2023-05-11 04:45:00,0.05582,0.0,0.225,-0.0,-0.225,0.503,-4.775,0.225,27.225,0.984,0.0,0.0,0,1,0,0
3860,2023-05-11 05:00:00,0.05582,-0.0,0.283,-0.0,-0.283,0.444,-4.717,0.283,27.283,0.984,0,0,0,1,0,0
3861,2023-05-11 05:15:00,0.05582,0.0,0.252,-0.0,-0.252,0.369,-4.748,0.252,27.252,0.984,0.0,0.0,0,1,0,0
3862,2023-05-11 05:30:00,0.05582,-0.0,0.311,-0.13,-0.181,0.303,-4.819,0.181,27.181,0.984,0,0,0,1,0,0
3863,2023-05-11 05:45:00,0.05582,0.0,0.353,-0.172,-0.181,0.255,-4.819,0.181,27.181,0.984,0.0,0.0,0,1,0,0
3864,2023-05-11 06:00:00,0.10225,-0.0,0.238,-0.253,0.015,0.208,-5.015,-0.015,26.97,0.984,0,0,0,1,0,0
3865,2023-05-11 06:15:00,0.10225,0.0,0.634,-0.417,-0.217,0.211,-4.783,0.217,27.217,0.984,0.0,0.0,0,1,0,0
3866,2023-05-11 06:30:00,0.10225,0.0,1.127,-0.627,-0.5,0.154,-4.5,0.5,27.5,0.984,0.0,0.0,0,1,0,0
3867,2023-05-11 06:45:00,0.10225,-0.0,0.907,-0.822,-0.085,0.022,-4.915,0.085,27.085,0.984,0,0,0,1,0,0
3868,2023-05-11 07:00:00,0.10225,-0.0,0.523,-1.034,0,0.0,-5.511,-0.511,25.979,0.984,0,0,0.511,1,1,0.511
3869,2023-05-11 07:15:00,0.10225,0.0,0.307,-1.278,0,0.0,-5.971,-0.971,25.059,0.863,0.0,0.0,0.971,1,1,0.971
3870,2023-05-11 07:30:00,0.10225,0.0,0.515,-1.749,0,0.0,-6.234,-1.234,24.532,0.633,0.0,0.0,1.234,1,1,1.234
3871,2023-05-11 07:45:00,0.10225,-0.0,0.546,-1.643,0,0.0,-6.097,-1.097,24.806,0.339,0,0,1.097,1,1,1.097
3872,2023-05-11 08:00:00,0.10225,0.938,0.469,-1.406,0,0.0,-5.938,-0.938,3.124,0,0.938,0.0,0,0,0,0
3873,2023-05-11 08:15:00,0.10225,1.044,0.37,-1.415,0,0.0,-6.044,-1.044,2.911,0,1.044,0.0,0,0,0,0
3874,2023-05-11 08:30:00,0.10225,0.967,0.445,-1.412,0,0.0,-5.967,-0.967,3.067,0,0.967,0.0,0,0,0,0
3875,2023-05-11 08:45:00,0.10225,4.376,0.377,-4.753,0,0.0,-9.376,-4.376,-3.753,0,4.376,0.0,0,0,0,0
3876,2023-05-11 09:00:00,0.10225,5.452,0.405,-5.857,0,0.0,-10.452,-5.452,-5.452,0,5.452,0.0,0,0,0,0
3877,2023-05-11 09:15:00,0.10225,5.159,0.635,-5.794,0,0.0,-10.159,-5.159,-5.159,0,5.159,0.0,0,0,0,0
3878,2023-05-11 09:30:00,0.10225,5.754,0.615,-6.369,0,0.0,-10.754,-5.754,-5.754,0,5.754,0.0,0,0,0,0
3879,2023-05-11 09:45:00,0.10225,6.452,0.294,-6.746,0,0.0,-11.452,-6.452,-6.452,0,6.452,0.0,0,0,0,0
3880,2023-05-11 10:00:00,0.10225,6.926,0.347,-7.273,0,0.0,-11.926,-6.926,-6.926,0,6.926,0.0,0,0,0,0
3881,2023-05-11 10:15:00,0.10225,7.046,0.406,-7.452,0,0.0,-12.046,-7.046,-7.046,0,7.046,0.0,0,0,0,0
3882,2023-05-11 10:30:00,0.10225,6.076,0.328,-6.404,0,0.0,-11.076,-6.076,-6.076,0,6.076,0.0,0,0,0,0
3883,2023-05-11 10:45:00,0.10225,5.224,0.365,-5.589,0,0.0,-10.224,-5.224,-5.224,0,5.224,0.0,0,0,0,0
3884,2023-05-11 11:00:00,0.10225,5.373,0.48,-5.853,0,0.0,-10.373,-5.373,-5.373,0,5.373,0.0,0,0,0,0
3885,2023-05-11 11:15:00,0.10225,4.452,0.401,-4.854,0,0.0,-9.452,-4.452,-3.904,0,4.452,0.0,0,0,0,0
3886,2023-05-11 11:30:00,0.10225,4.774,0.478,-5.252,0,0.0,-9.774,-4.774,-4.547,0,4.774,0.0,0,0,0,0
3887,2023-05-11 11:45:00,0.10225,7.593,0.468,-8.062,0,0.0,-12.593,-7.593,-7.593,0,7.593,0.0,0,0,0,0
3888,2023-05-11 12:00:00,0.10225,7.392,0.439,-7.831,0,0.0,-12.392,-7.392,-7.392,0,7.392,0.0,0,0,0,0
3889,2023-05-11 12:15:00,0.10225,8.151,0.357,-8.508,0,0.0,-13.151,-8.151,-8.151,0,8.151,0.0,0,0,0,0
3890,2023-05-11 12:30:00,0.10225,8.098,0.699,-8.797,0,0.0,-13.098,-8.098,-8.098,0,8.098,0.0,0,0,0,0
3891,2023-05-11 12:45:00,0.10225,7.91,0.734,-8.643,0,0.0,-12.91,-7.91,-7.91,0,7.91,0.0,0,0,0,0
3892,2023-05-11 13:00:00,0.10225,8.172,0.393,-8.566,0,0.0,-13.172,-8.172,-8.172,0,8.172,0.0,0,0,0,0
3893,2023-05-11 13:15:00,0.10225,7.911,0.616,-8.527,0,0.0,-12.911,-7.911,-7.911,0,7.911,0.0,0,0,0,0
3894,2023-05-11 13:30:00,0.10225,7.805,0.594,-8.4,0,0.0,-12.805,-7.805,-7.805,0,7.805,0.0,0,0,0,0
3895,2023-05-11 13:45:00,0.10225,7.635,0.586,-8.221,0,0.0,-12.635,-7.635,-7.635,0,7.635,0.0,0,0,0,0
3896,2023-05-11 14:00:00,0.10225,7.332,0.684,-8.017,0,0.0,-12.332,-7.332,-7.332,0,7.332,0.0,0,0,0,0
3897,2023-05-11 14:15:00,0.10225,7.047,0.67,-7.716,0,0.0,-12.047,-7.047,-7.047,0,7.047,0.0,0,0,0,0
3898,2023-05-11 14:30:00,0.10225,6.41,0.918,-7.328,0,0.0,-11.41,-6.41,-6.41,0,6.41,0.0,0,0,0,0
3899,2023-05-11 14:45:00,0.10225,6.493,0.492,-6.985,0,0.0,-11.493,-6.493,-6.493,0,6.493,0.0,0,0,0,0
3900,2023-05-11 15:00:00,0.10225,4.48,2.398,-6.878,0,0.0,-9.48,-4.48,-3.96,0,4.48,0.0,0,0,0,0
3901,2023-05-11 15:15:00,0.10225,2.28,3.261,-5.541,0,0.0,-7.28,-2.28,0.44,0,2.28,0.0,0,0,0,0
3902,2023-05-11 15:30:00,0.10225,1.909,0.905,-6.08,3.266,0.0,-10.175,-5.175,-5.175,0,1.909,0.0,0,0,0,0
3903,2023-05-11 15:45:00,0.10225,0.0,0.597,-5.569,4.972,0.776,-9.972,-4.972,-4.945,0,0.0,0.0,0,0,0,0
3904,2023-05-11 16:00:00,0.10225,0.0,0.779,-4.531,0,1.957,-5.0,0.0,27.0,4.436,0.0,0.0,3.751,1,1,3.751
3905,2023-05-11 16:15:00,0.10225,-0.0,0.51,-3.084,2.575,1.957,-5.0,0.0,27.0,3.545,0,0,0,1,0,0
3906,2023-05-11 16:30:00,0.10225,-0.0,0.685,-3.585,2.9,2.568,-5.0,0.0,27.0,3.545,0,0,0,1,0,0
3907,2023-05-11 16:45:00,0.10225,0.0,0.618,-2.505,1.887,3.257,-5.0,0.0,27.0,3.545,0.0,0.0,0,1,0,0
3908,2023-05-11 17:00:00,0.10225,0.0,0.65,-2.089,1.439,3.705,-5.0,0.0,27.0,3.545,0.0,0.0,0,1,0,0
3909,2023-05-11 17:15:00,0.10225,-0.0,0.381,-1.333,0.952,4.047,-5.0,0.0,27.0,3.545,0,0,0,1,0,0
3910,2023-05-11 17:30:00,0.10225,-0.0,0.518,-0.903,0.385,4.273,-5.0,0.0,27.0,3.545,0,0,0,1,0,0
3911,2023-05-11 17:45:00,0.10225,0.0,0.591,-0.954,0.363,4.364,-5.0,0.0,27.0,3.545,0.0,0.0,0,1,0,0
3912,2023-05-11 18:00:00,0.10225,-0.0,0.532,-0.557,0.025,4.451,-5.0,0.0,27.0,3.545,0,0,0,1,0,0
3913,2023-05-11 18:15:00,0.10225,-0.0,0.536,-0.41,-0.125,4.456,-4.875,0.125,27.125,3.545,0,0,0,1,0,0
3914,2023-05-11 18:30:00,0.10225,-0.0,0.388,-0.245,-0.143,4.423,-4.857,0.143,27.143,3.545,0,0,0,1,0,0
3915,2023-05-11 18:45:00,0.10225,-0.0,0.781,-0.054,-0.727,4.386,-4.273,0.727,27.727,3.545,0,0,0,1,0,0
3916,2023-05-11 19:00:00,0.10225,0.0,0.948,-0.0,-0.948,4.195,-4.052,0.948,27.948,3.545,0.0,0.0,0,1,0,0
3917,2023-05-11 19:15:00,0.10225,-0.0,0.434,-0.0,-0.434,3.945,-4.566,0.434,27.434,3.545,0,0,0,1,0,0
3918,2023-05-11 19:30:00,0.10225,-0.0,0.462,-0.0,-0.462,3.831,-4.538,0.462,27.462,3.545,0,0,0,1,0,0
3919,2023-05-11 19:45:00,0.10225,0.0,0.39,-0.0,-0.39,3.71,-4.61,0.39,27.39,3.545,0.0,0.0,0,1,0,0
3920,2023-05-11 20:00:00,0.10225,-0.0,0.541,-0.0,-0.541,3.607,-4.459,0.541,27.541,3.545,0,0,0,1,0,0
3921,2023-05-11 20:15:00,0.10225,-0.0,0.582,-0.0,-0.582,3.465,-4.418,0.582,27.582,3.545,0,0,0,1,0,0
3922,2023-05-11 20:30:00,0.10225,-0.0,0.399,-0.0,-0.399,3.311,-4.601,0.399,27.399,3.545,0,0,0,1,0,0
3923,2023-05-11 20:45:00,0.10225,-0.0,0.661,-0.0,-0.661,3.207,-4.339,0.661,27.661,3.545,0,0,0,1,0,0
3924,2023-05-11 21:00:00,0.03073,0.0,0.48,-0.0,-0.48,3.032,-4.52,0.48,27.48,3.545,0.0,0.0,0,1,0,0
3925,2023-05-11 21:15:00,0.03073,-0.0,0.537,-0.0,-0.537,2.906,-4.463,0.537,27.537,3.545,0,0,0,1,0,0
3926,2023-05-11 21:30:00,0.03073,0.0,0.48,-0.0,-0.48,2.765,-4.52,0.48,27.48,3.545,0.0,0.0,0,1,0,0
3927,2023-05-11 21:45:00,0.03073,-0.0,0.612,-0.0,-0.612,2.639,-4.388,0.612,27.612,3.545,0,0,0,1,0,0
3928,2023-05-11 22:00:00,0.03073,-0.0,0.569,-0.0,-0.569,2.477,-4.431,0.569,27.569,3.545,0,0,0,1,0,0
3929,2023-05-11 22:15:00,0.03073,0.0,0.273,-0.0,-0.273,2.328,-4.727,0.273,27.273,3.545,0.0,0.0,0,1,0,0
3930,2023-05-11 22:30:00,0.03073,0.0,0.411,-0.0,-0.411,2.256,-4.589,0.411,27.411,3.545,0.0,0.0,0,1,0,0
3931,2023-05-11 22:45:00,0.03073,-0.0,0.383,-0.0,-0.383,2.148,-4.617,0.383,27.383,3.545,0,0,0,1,0,0
3932,2023-05-11 23:00:00,0.03073,-0.0,0.235,-0.0,-0.235,2.047,-4.765,0.235,27.235,3.545,0,0,0,1,0,0
3933,2023-05-11 23:15:00,0.03073,-0.0,0.238,-0.0,-0.238,1.985,-4.762,0.238,27.238,3.545,0,0,0,1,0,0
3934,2023-05-11 23:30:00,0.03073,0.0,0.312,-0.0,-0.312,1.922,-4.688,0.312,27.312,3.545,0.0,0.0,0,1,0,0
3935,2023-05-11 23:45:00,0.03073,0.0,0.366,-0.0,-0.366,1.84,-4.634,0.366,27.366,3.545,0.0,0.0,0,1,0,0
3936,2023-05-12 00:00:00,0.03073,-0.0,0.44,-0.0,-0.44,1.744,-4.56,0.44,27.44,3.545,0,0,0,1,0,0
3937,2023-05-12 00:15:00,0.03073,0.0,0.305,-0.0,-0.305,1.628,-4.695,0.305,27.305,3.545,0.0,0.0,0,1,0,0
3938,2023-05-12 00:30:00,0.03073,-0.0,0.263,-0.0,-0.263,1.548,-4.737,0.263,27.263,3.545,0,0,0,1,0,0
3939,2023-05-12 00:45:00,0.03073,0.0,0.287,-0.0,-0.287,1.479,-4.713,0.287,27.287,3.545,0.0,0.0,0,1,0,0
3940,2023-05-12 01:00:00,0.03073,-0.0,0.261,-0.0,-0.261,1.403,-4.739,0.261,27.261,3.545,0,0,0,1,0,0
3941,2023-05-12 01:15:00,0.03073,-0.0,0.363,-0.0,-0.363,1.335,-4.637,0.363,27.363,3.545,0,0,0,1,0,0
3942,2023-05-12 01:30:00,0.03073,0.0,0.277,-0.0,-0.277,1.239,-4.723,0.277,27.277,3.545,0.0,0.0,0,1,0,0
3943,2023-05-12 01:45:00,0.03073,-0.0,0.287,-0.0,-0.287,1.166,-4.713,0.287,27.287,3.545,0,0,0,1,0,0
3944,2023-05-12 02:00:00,0.03073,0.0,0.309,-0.0,-0.309,1.09,-4.691,0.309,27.309,3.545,0.0,0.0,0,1,0,0
3945,2023-05-12 02:15:00,0.03073,-0.0,0.29,-0.0,-0.29,1.009,-4.71,0.29,27.29,3.545,0,0,0,1,0,0
3946,2023-05-12 02:30:00,0.03073,-0.0,0.239,-0.0,-0.239,0.933,-4.761,0.239,27.239,3.545,0,0,0,1,0,0
3947,2023-05-12 02:45:00,0.03073,0.0,0.296,-0.0,-0.296,0.87,-4.704,0.296,27.296,3.545,0.0,0.0,0,1,0,0
3948,2023-05-12 03:00:00,0.03073,0.0,0.254,-0.0,-0.254,0.792,-4.746,0.254,27.254,3.545,0.0,0.0,0,1,0,0
3949,2023-05-12 03:15:00,0.03073,0.0,0.284,-0.0,-0.284,0.725,-4.716,0.284,27.284,3.545,0.0,0.0,0,1,0,0
3950,2023-05-12 03:30:00,0.03073,-0.0,0.283,-0.0,-0.283,0.651,-4.717,0.283,27.283,3.545,0,0,0,1,0,0
3951,2023-05-12 03:45:00,0.03073,0.0,0.313,-0.0,-0.313,0.576,-4.687,0.313,27.313,3.545,0.0,0.0,0,1,0,0
3952,2023-05-12 04:00:00,0.03073,-0.0,0.328,-0.0,-0.328,0.494,-4.672,0.328,27.328,3.545,0,0,0,1,0,0
3953,2023-05-12 04:15:00,0.03073,0.0,0.364,-0.0,-0.364,0.408,-4.636,0.364,27.364,3.545,0.0,0.0,0,1,0,0
3954,2023-05-12 04:30:00,0.03073,-0.0,0.308,-0.0,-0.308,0.312,-4.692,0.308,27.308,3.545,0,0,0,1,0,0
3955,2023-05-12 04:45:00,0.03073,0.0,0.236,-0.0,-0.236,0.231,-4.764,0.236,27.236,3.545,0.0,0.0,0,1,0,0
3956,2023-05-12 05:00:00,0.03073,-0.0,0.289,-0.0,-0.289,0.169,-4.711,0.289,27.289,3.545,0,0,0,1,0,0
3957,2023-05-12 05:15:00,0.03073,-0.0,0.246,-0.0,-0.246,0.093,-4.754,0.246,27.246,3.545,0,0,0,1,0,0
3958,2023-05-12 05:30:00,0.03073,0.0,0.237,-0.131,-0.106,0.028,-4.894,0.106,27.106,3.545,0.0,0.0,0,1,0,0
3959,2023-05-12 05:45:00,0.03073,-0.0,0.295,-0.337,0,0.0,-5.0,0.0,27.0,3.545,0,0,0.042,1,1,0.042
3960,2023-05-12 06:00:00,0.13469,0.0,0.268,-0.625,0,0.0,-5.0,0.0,27.0,3.535,0.0,0.0,0.357,1,1,0.357
3961,2023-05-12 06:15:00,0.13469,-0.0,0.359,-0.975,0.461,0.0,-5.0,0.0,27.0,3.45,0,0,0.155,1,1,0.155
3962,2023-05-12 06:30:00,0.13469,-0.0,0.263,-1.393,1.13,0.109,-5.0,0.0,27.0,3.413,0,0,0,1,0,0
3963,2023-05-12 06:45:00,0.13469,0.0,3.293,-1.857,-1.436,0.378,-3.564,1.436,28.436,3.413,0.0,0.0,0,1,0,0
3964,2023-05-12 07:00:00,0.13469,-0.0,1.126,-2.337,0,0.0,-5.0,0.0,27.0,3.413,0,0,1.212,1,1,1.212
3965,2023-05-12 07:15:00,0.13469,0.0,0.222,-2.8,0,0.0,-6.867,-1.867,23.266,3.125,0.0,0.0,2.577,1,1,2.577
3966,2023-05-12 07:30:00,0.13469,0.0,0.239,-3.316,0,0.0,-8.077,-3.077,20.846,2.513,0.0,0.0,3.077,1,1,3.077
3967,2023-05-12 07:45:00,0.13469,-0.0,0.164,-3.731,0,0.0,-8.567,-3.567,19.867,1.783,0,0,3.567,1,1,3.567
3968,2023-05-12 08:00:00,0.13469,-0.0,0.283,-4.222,0,0.0,-8.939,-3.939,19.122,0.936,0,0,3.939,1,1,3.939
3969,2023-05-12 08:15:00,0.13469,4.427,0.281,-4.708,0,0.0,-9.427,-4.427,-3.854,0,4.427,0.0,0,0,0,0
3970,2023-05-12 08:30:00,0.13469,4.844,0.293,-5.137,0,0.0,-9.844,-4.844,-4.687,0,4.844,0.0,0,0,0,0
3971,2023-05-12 08:45:00,0.13469,5.364,0.199,-5.563,0,0.0,-10.364,-5.364,-5.364,0,5.364,0.0,0,0,0,0
3972,2023-05-12 09:00:00,0.13469,5.749,0.216,-5.965,0,0.0,-10.749,-5.749,-5.749,0,5.749,0.0,0,0,0,0
3973,2023-05-12 09:15:00,0.13469,6.131,0.238,-6.369,0,0.0,-11.131,-6.131,-6.131,0,6.131,0.0,0,0,0,0
3974,2023-05-12 09:30:00,0.13469,6.437,0.254,-6.691,0,0.0,-11.437,-6.437,-6.437,0,6.437,0.0,0,0,0,0
3975,2023-05-12 09:45:00,0.13469,6.547,0.264,-6.811,0,0.0,-11.547,-6.547,-6.547,0,6.547,0.0,0,0,0,0
3976,2023-05-12 10:00:00,0.13469,7.051,0.253,-7.305,0,0.0,-12.051,-7.051,-7.051,0,7.051,0.0,0,0,0,0
3977,2023-05-12 10:15:00,0.13469,7.403,0.198,-7.601,0,0.0,-12.403,-7.403,-7.403,0,7.403,0.0,0,0,0,0
3978,2023-05-12 10:30:00,0.13469,7.592,0.196,-7.788,0,0.0,-12.592,-7.592,-7.592,0,7.592,0.0,0,0,0,0
3979,2023-05-12 10:45:00,0.13469,7.707,0.284,-7.991,0,0.0,-12.707,-7.707,-7.707,0,7.707,0.0,0,0,0,0
3980,2023-05-12 11:00:00,0.13469,7.91,0.277,-8.187,0,0.0,-12.91,-7.91,-7.91,0,7.91,0.0,0,0,0,0
3981,2023-05-12 11:15:00,0.13469,8.061,0.306,-8.367,0,0.0,-13.061,-8.061,-8.061,0,8.061,0.0,0,0,0,0
3982,2023-05-12 11:30:00,0.13469,8.417,0.296,-8.713,0,0.0,-13.417,-8.417,-8.417,0,8.417,0.0,0,0,0,0
3983,2023-05-12 11:45:00,0.13469,8.91,0.202,-9.112,0,0.0,-13.91,-8.91,-8.91,0,8.91,0.0,0,0,0,0
3984,2023-05-12 12:00:00,0.13469,9.126,0.253,-9.379,0,0.0,-14.126,-9.126,-9.126,0,9.126,0.0,0,0,0,0
3985,2023-05-12 12:15:00,0.13469,9.095,0.236,-9.332,0,0.0,-14.095,-9.095,-9.095,0,9.095,0.0,0,0,0,0
3986,2023-05-12 12:30:00,0.13469,3.696,0.296,-3.992,0,0.0,-8.696,-3.696,-2.392,0,3.696,0.0,0,0,0,0
3987,2023-05-12 12:45:00,0.13469,6.374,0.315,-6.689,0,0.0,-11.374,-6.374,-6.374,0,6.374,0.0,0,0,0,0
3988,2023-05-12 13:00:00,0.13469,6.135,0.416,-6.552,0,0.0,-11.135,-6.135,-6.135,0,6.135,0.0,0,0,0,0
3989,2023-05-12 13:15:00,0.13469,5.948,0.255,-6.203,0,0.0,-10.948,-5.948,-5.948,0,5.948,0.0,0,0,0,0
3990,2023-05-12 13:30:00,0.13469,5.709,0.565,-6.275,0,0.0,-10.709,-5.709,-5.709,0,5.709,0.0,0,0,0,0
3991,2023-05-12 13:45:00,0.13469,5.164,0.414,-5.579,0,0.0,-10.164,-5.164,-5.164,0,5.164,0.0,0,0,0,0
3992,2023-05-12 14:00:00,0.13469,7.975,0.367,-8.342,0,0.0,-12.975,-7.975,-7.975,0,7.975,0.0,0,0,0,0
3993,2023-05-12 14:15:00,0.13469,2.659,0.355,-7.978,4.964,0.0,-12.623,-7.623,-7.623,0,2.659,0.0,0,0,0,0
3994,2023-05-12 14:30:00,0.13469,2.778,0.42,-8.198,5.0,1.179,-12.778,-7.778,-7.778,0,2.778,0.0,0,0,0,0
3995,2023-05-12 14:45:00,0.13469,0.0,1.064,-5.964,4.899,2.366,-9.899,-4.899,-4.799,0,0.0,0.0,0,0,0,0
3996,2023-05-12 15:00:00,0.13469,0.0,0.635,-3.614,2.979,3.53,-7.979,-2.979,-0.957,0,0.0,0.0,0,0,0,0
3997,2023-05-12 15:15:00,0.13469,0.792,0.286,-6.078,5.0,4.237,-10.792,-5.792,-5.792,0,0.792,0.0,0,0,0,0
3998,2023-05-12 15:30:00,0.13469,0.0,0.208,-4.592,4.384,5.425,-9.384,-4.384,-3.768,0,0.0,0.0,0,0,0,0
3999,2023-05-12 15:45:00,0.13469,-0.0,0.37,-4.885,4.515,6.466,-9.515,-4.515,-4.03,0,0,0,0,0,0,0
4000,2023-05-12 16:00:00,0.13469,0.0,0.677,-4.99,-0.677,7.538,-5.0,0.0,27.0,9.838,0.0,0.0,4.99,1,1,4.99
4001,2023-05-12 16:15:00,0.13469,-0.0,0.776,-3.957,-0.776,7.36,-5.0,0.0,27.0,8.653,0,0,3.957,1,1,3.957
4002,2023-05-12 16:30:00,0.13469,0.0,0.349,-1.665,-0.349,7.156,-5.0,0.0,27.0,7.713,0.0,0.0,1.665,1,1,1.665
4003,2023-05-12 16:45:00,0.13469,0.0,0.498,-3.049,-0.498,7.064,-5.0,0.0,27.0,7.318,0.0,0.0,3.049,1,1,3.049
4004,2023-05-12 17:00:00,0.13469,-0.0,0.312,-2.032,-0.312,6.933,-5.0,0.0,27.0,6.594,0,0,2.032,1,1,2.032
4005,2023-05-12 17:15:00,0.13469,-0.0,0.302,-0.972,-0.302,6.851,-5.0,0.0,27.0,6.111,0,0,0.972,1,1,0.972
4006,2023-05-12 17:30:00,0.13469,-0.0,0.309,-1.211,-0.309,6.772,-5.0,0.0,27.0,5.88,0,0,1.211,1,1,1.211
4007,2023-05-12 17:45:00,0.13469,0.0,0.319,-0.874,-0.149,6.691,-5.0,0.0,27.0,5.593,0.0,0.0,0.704,1,1,0.704
4008,2023-05-12 18:00:00,0.13469,-0.0,0.286,-0.523,0,6.651,-5.0,0.0,27.0,5.425,0,0,0.237,1,1,0.237
4009,2023-05-12 18:15:00,0.13469,0.0,0.454,-0.553,0,6.651,-5.0,0.0,27.0,5.369,0.0,0.0,0.099,1,1,0.099
4010,2023-05-12 18:30:00,0.13469,0.0,0.49,-0.188,-0.301,6.651,-4.699,0.301,27.301,5.346,0.0,0.0,0,1,0,0
4011,2023-05-12 18:45:00,0.13469,-0.0,0.503,-0.0,-0.503,6.572,-4.497,0.503,27.503,5.346,0,0,0,1,0,0
4012,2023-05-12 19:00:00,0.13469,-0.0,0.422,-0.0,-0.422,6.44,-4.578,0.422,27.422,5.346,0,0,0,1,0,0
4013,2023-05-12 19:15:00,0.13469,0.0,0.569,-0.0,-0.569,6.328,-4.431,0.569,27.569,5.346,0.0,0.0,0,1,0,0
4014,2023-05-12 19:30:00,0.13469,-0.0,0.884,-0.0,-0.884,6.179,-4.116,0.884,27.884,5.346,0,0,0,1,0,0
4015,2023-05-12 19:45:00,0.13469,0.0,0.326,-0.0,-0.326,5.946,-4.674,0.326,27.326,5.346,0.0,0.0,0,1,0,0
4016,2023-05-12 20:00:00,0.13469,-0.0,0.364,-0.0,-0.364,5.86,-4.636,0.364,27.364,5.346,0,0,0,1,0,0
4017,2023-05-12 20:15:00,0.13469,-0.0,0.406,-0.0,-0.406,5.765,-4.594,0.406,27.406,5.346,0,0,0,1,0,0
4018,2023-05-12 20:30:00,0.13469,0.0,0.677,-0.0,-0.677,5.658,-4.323,0.677,27.677,5.346,0.0,0.0,0,1,0,0
4019,2023-05-12 20:45:00,0.13469,-0.0,0.849,-0.0,-0.849,5.48,-4.151,0.849,27.849,5.346,0,0,0,1,0,0
4020,2023-05-12 21:00:00,0.07058,0.0,1.002,-0.0,-1.002,5.256,-3.998,1.002,28.002,5.346,0.0,0.0,0,1,0,0
4021,2023-05-12 21:15:00,0.07058,-0.0,0.972,-0.0,-0.972,4.993,-4.028,0.972,27.972,5.346,0,0,0,1,0,0
4022,2023-05-12 21:30:00,0.07058,-0.0,0.736,-0.0,-0.736,4.737,-4.264,0.736,27.736,5.346,0,0,0,1,0,0
4023,2023-05-12 21:45:00,0.07058,0.0,0.706,-0.0,-0.706,4.543,-4.294,0.706,27.706,5.346,0.0,0.0,0,1,0,0
4024,2023-05-12 22:00:00,0.07058,0.0,0.572,-0.0,-0.572,4.357,-4.428,0.572,27.572,5.346,0.0,0.0,0,1,0,0
4025,2023-05-12 22:15:00,0.07058,0.0,0.679,-0.0,-0.679,4.207,-4.321,0.679,27.679,5.346,0.0,0.0,0,1,0,0
4026,2023-05-12 22:30:00,0.07058,-0.0,0.398,-0.0,-0.398,4.028,-4.602,0.398,27.398,5.346,0,0,0,1,0,0
4027,2023-05-12 22:45:00,0.07058,0.0,0.504,-0.0,-0.504,3.924,-4.496,0.504,27.504,5.346,0.0,0.0,0,1,0,0
4028,2023-05-12 23:00:00,0.07058,0.0,0.456,-0.0,-0.456,3.791,-4.544,0.456,27.456,5.346,0.0,0.0,0,1,0,0
4029,2023-05-12 23:15:00,0.07058,-0.0,0.63,-0.0,-0.63,3.671,-4.37,0.63,27.63,5.346,0,0,0,1,0,0
4030,2023-05-12 23:30:00,0.07058,-0.0,0.719,-0.0,-0.719,3.505,-4.281,0.719,27.719,5.346,0,0,0,1,0,0
4031,2023-05-12 23:45:00,0.07058,0.0,0.7,-0.0,-0.7,3.316,-4.3,0.7,27.7,5.346,0.0,0.0,0,1,0,0
4032,2023-05-13 00:00:00,0.07058,-0.0,0.602,-0.0,-0.602,3.132,-4.398,0.602,27.602,5.346,0,0,0,1,0,0
4033,2023-05-13 00:15:00,0.07058,-0.0,0.576,-0.0,-0.576,2.973,-4.424,0.576,27.576,5.346,0,0,0,1,0,0
4034,2023-05-13 00:30:00,0.07058,0.0,0.773,-0.0,-0.773,2.822,-4.227,0.773,27.773,5.346,0.0,0.0,0,1,0,0
4035,2023-05-13 00:45:00,0.07058,0.0,0.608,-0.0,-0.608,2.618,-4.392,0.608,27.608,5.346,0.0,0.0,0,1,0,0
4036,2023-05-13 01:00:00,0.07058,-0.0,0.642,-0.0,-0.642,2.458,-4.358,0.642,27.642,5.346,0,0,0,1,0,0
4037,2023-05-13 01:15:00,0.07058,0.0,0.619,-0.0,-0.619,2.289,-4.381,0.619,27.619,5.346,0.0,0.0,0,1,0,0
4038,2023-05-13 01:30:00,0.07058,-0.0,0.626,-0.0,-0.626,2.127,-4.374,0.626,27.626,5.346,0,0,0,1,0,0
4039,2023-05-13 01:45:00,0.07058,0.0,0.379,-0.0,-0.379,1.962,-4.621,0.379,27.379,5.346,0.0,0.0,0,1,0,0
4040,2023-05-13 02:00:00,0.07058,0.0,0.418,-0.0,-0.418,1.862,-4.582,0.418,27.418,5.346,0.0,0.0,0,1,0,0
4041,2023-05-13 02:15:00,0.07058,-0.0,0.448,-0.0,-0.448,1.752,-4.552,0.448,27.448,5.346,0,0,0,1,0,0
4042,2023-05-13 02:30:00,0.07058,-0.0,0.375,-0.0,-0.375,1.634,-4.625,0.375,27.375,5.346,0,0,0,1,0,0
4043,2023-05-13 02:45:00,0.07058,0.0,0.276,-0.0,-0.276,1.536,-4.724,0.276,27.276,5.346,0.0,0.0,0,1,0,0
4044,2023-05-13 03:00:00,0.07058,-0.0,0.681,-0.0,-0.681,1.463,-4.319,0.681,27.681,5.346,0,0,0,1,0,0
4045,2023-05-13 03:15:00,0.07058,0.0,1.317,-0.0,-1.317,1.284,-3.683,1.317,28.317,5.346,0.0,0.0,0,1,0,0
4046,2023-05-13 03:30:00,0.07058,0.0,1.21,-0.0,-1.21,0.937,-3.79,1.21,28.21,5.346,0.0,0.0,0,1,0,0
4047,2023-05-13 03:45:00,0.07058,-0.0,0.328,-0.0,-0.328,0.619,-4.672,0.328,27.328,5.346,0,0,0,1,0,0
4048,2023-05-13 04:00:00,0.07058,0.0,0.353,-0.0,-0.353,0.533,-4.647,0.353,27.353,5.346,0.0,0.0,0,1,0,0
4049,2023-05-13 04:15:00,0.07058,-0.0,0.406,-0.0,-0.406,0.44,-4.594,0.406,27.406,5.346,0,0,0,1,0,0
4050,2023-05-13 04:30:00,0.07058,-0.0,0.383,-0.0,-0.383,0.333,-4.617,0.383,27.383,5.346,0,0,0,1,0,0
4051,2023-05-13 04:45:00,0.07058,0.0,0.31,-0.0,-0.31,0.232,-4.69,0.31,27.31,5.346,0.0,0.0,0,1,0,0
4052,2023-05-13 05:00:00,0.07058,-0.0,0.228,-0.0,-0.228,0.151,-4.772,0.228,27.228,5.346,0,0,0,1,0,0
4053,2023-05-13 05:15:00,0.07058,0.0,0.233,-0.0,-0.233,0.091,-4.767,0.233,27.233,5.346,0.0,0.0,0,1,0,0
4054,2023-05-13 05:30:00,0.07058,-0.0,0.228,-0.116,-0.112,0.029,-4.888,0.112,27.112,5.346,0,0,0,1,0,0
4055,2023-05-13 05:45:00,0.07058,0.0,0.301,-0.313,0,0.0,-5.0,0.0,27.0,5.346,0.0,0.0,0.012,1,1,0.012
4056,2023-05-13 06:00:00,0.16935,-0.0,0.254,-0.578,0,0.0,-5.0,0.0,27.0,5.343,0,0,0.323,1,1,0.323
4057,2023-05-13 06:15:00,0.16935,0.0,0.256,-0.946,0,0.0,-5.0,0.0,27.0,5.266,0.0,0.0,0.69,1,1,0.69
4058,2023-05-13 06:30:00,0.16935,0.0,0.254,-1.35,0,0.0,-5.0,0.0,27.0,5.102,0.0,0.0,1.096,1,1,1.096
4059,2023-05-13 06:45:00,0.16935,-0.0,0.258,-1.796,0,0.0,-5.0,0.0,27.0,4.842,0,0,1.538,1,1,1.538
4060,2023-05-13 07:00:00,0.16935,0.0,0.366,-2.239,0,0.0,-5.0,0.0,27.0,4.477,0.0,0.0,1.874,1,1,1.874
4061,2023-05-13 07:15:00,0.16935,-0.0,0.513,-2.715,0,0.0,-5.0,0.0,27.0,4.032,0,0,2.202,1,1,2.202
4062,2023-05-13 07:30:00,0.16935,0.0,0.562,-3.202,0,0.0,-5.0,0.0,27.0,3.509,0.0,0.0,2.641,1,1,2.641
4063,2023-05-13 07:45:00,0.16935,3.141,0.547,-3.688,0,0.0,-8.141,-3.141,-1.282,0,3.141,0.0,0,0,0,0
4064,2023-05-13 08:00:00,0.16935,3.507,0.656,-4.163,0,0.0,-8.507,-3.507,-2.013,0,3.507,0.0,0,0,0,0
4065,2023-05-13 08:15:00,0.16935,4.262,0.377,-4.639,0,0.0,-9.262,-4.262,-3.525,0,4.262,0.0,0,0,0,0
4066,2023-05-13 08:30:00,0.16935,3.966,1.127,-5.093,0,0.0,-8.966,-3.966,-2.932,0,3.966,0.0,0,0,0,0
4067,2023-05-13 08:45:00,0.16935,5.055,0.434,-5.489,0,0.0,-10.055,-5.055,-5.055,0,5.055,0.0,0,0,0,0
4068,2023-05-13 09:00:00,0.16935,2.416,3.49,-5.906,0,0.0,-7.416,-2.416,0.168,0,2.416,0.0,0,0,0,0
4069,2023-05-13 09:15:00,0.16935,5.294,0.974,-6.267,0,0.0,-10.294,-5.294,-5.294,0,5.294,0.0,0,0,0,0
4070,2023-05-13 09:30:00,0.16935,5.972,0.397,-6.369,0,0.0,-10.972,-5.972,-5.972,0,5.972,0.0,0,0,0,0
4071,2023-05-13 09:45:00,0.16935,6.289,0.391,-6.68,0,0.0,-11.289,-6.289,-6.289,0,6.289,0.0,0,0,0,0
4072,2023-05-13 10:00:00,0.16935,6.98,0.223,-7.203,0,0.0,-11.98,-6.98,-6.98,0,6.98,0.0,0,0,0,0
4073,2023-05-13 10:15:00,0.16935,7.17,0.227,-7.396,0,0.0,-12.17,-7.17,-7.17,0,7.17,0.0,0,0,0,0
4074,2023-05-13 10:30:00,0.16935,7.064,0.58,-7.644,0,0.0,-12.064,-7.064,-7.064,0,7.064,0.0,0,0,0,0
4075,2023-05-13 10:45:00,0.16935,6.605,1.442,-8.047,0,0.0,-11.605,-6.605,-6.605,0,6.605,0.0,0,0,0,0
4076,2023-05-13 11:00:00,0.16935,7.563,0.612,-8.174,0,0.0,-12.563,-7.563,-7.563,0,7.563,0.0,0,0,0,0
4077,2023-05-13 11:15:00,0.16935,6.616,1.653,-8.269,0,0.0,-11.616,-6.616,-6.616,0,6.616,0.0,0,0,0,0
4078,2023-05-13 11:30:00,0.16935,5.719,2.693,-8.413,0,0.0,-10.719,-5.719,-5.719,0,5.719,0.0,0,0,0,0
4079,2023-05-13 11:45:00,0.16935,6.518,2.127,-8.645,0,0.0,-11.518,-6.518,-6.518,0,6.518,0.0,0,0,0,0
4080,2023-05-13 12:00:00,0.16935,7.375,1.279,-8.655,0,0.0,-12.375,-7.375,-7.375,0,7.375,0.0,0,0,0,0
4081,2023-05-13 12:15:00,0.16935,8.281,0.388,-8.669,0,0.0,-13.281,-8.281,-8.281,0,8.281,0.0,0,0,0,0
4082,2023-05-13 12:30:00,0.16935,8.342,0.337,-8.68,0,0.0,-13.342,-8.342,-8.342,0,8.342,0.0,0,0,0,0
4083,2023-05-13 12:45:00,0.16935,8.444,0.259,-8.703,0,0.0,-13.444,-8.444,-8.444,0,8.444,0.0,0,0,0,0
4084,2023-05-13 13:00:00,0.16935,8.389,0.229,-8.617,0,0.0,-13.389,-8.389,-8.389,0,8.389,0.0,0,0,0,0
4085,2023-05-13 13:15:00,0.16935,8.18,0.289,-8.47,0,0.0,-13.18,-8.18,-8.18,0,8.18,0.0,0,0,0,0
4086,2023-05-13 13:30:00,0.16935,7.236,1.053,-8.289,0,0.0,-12.236,-7.236,-7.236,0,7.236,0.0,0,0,0,0
4087,2023-05-13 13:45:00,0.16935,3.568,1.051,-8.161,3.542,0.0,-12.11,-7.11,-7.11,0,3.568,0.0,0,0,0,0
4088,2023-05-13 14:00:00,0.16935,2.351,0.575,-7.926,5.0,0.841,-12.351,-7.351,-7.351,0,2.351,0.0,0,0,0,0
4089,2023-05-13 14:15:00,0.16935,2.464,0.151,-7.615,5.0,2.029,-12.464,-7.464,-7.464,0,2.464,0.0,0,0,0,0
4090,2023-05-13 14:30:00,0.16935,2.255,0.157,-7.412,5.0,3.216,-12.255,-7.255,-7.255,0,2.255,0.0,0,0,0,0
4091,2023-05-13 14:45:00,0.16935,1.798,0.202,-7.0,5.0,4.404,-11.798,-6.798,-6.798,0,1.798,0.0,0,0,0,0
4092,2023-05-13 15:00:00,0.16935,1.415,0.227,-6.642,5.0,5.591,-11.415,-6.415,-6.415,0,1.415,0.0,0,0,0,0
4093,2023-05-13 15:15:00,0.16935,1.014,0.193,-6.207,5.0,6.779,-11.014,-6.014,-6.014,0,1.014,0.0,0,0,0,0
4094,2023-05-13 15:30:00,0.16935,0.505,0.183,-5.688,5.0,7.966,-10.505,-5.505,-5.505,0,0.505,0.0,0,0,0,0
4095,2023-05-13 15:45:00,0.16935,-0.0,0.174,-5.146,-0.174,9.154,-5.0,0.0,27.0,7.743,0,0,5.146,1,1,5.146
4096,2023-05-13 16:00:00,0.16935,0.0,1.147,-4.528,-1.147,9.108,-5.0,0.0,27.0,6.521,0.0,0.0,4.528,1,1,4.528
4097,2023-05-13 16:15:00,0.16935,0.0,2.28,-3.873,-2.28,8.806,-5.0,0.0,27.0,5.445,0.0,0.0,3.873,1,1,3.873
4098,2023-05-13 16:30:00,0.16935,-0.0,0.812,-3.191,-0.812,8.206,-5.0,0.0,27.0,4.525,0,0,3.191,1,1,3.191
4099,2023-05-13 16:45:00,0.16935,0.0,0.275,-2.464,-0.275,7.992,-5.0,0.0,27.0,3.767,0.0,0.0,2.464,1,1,2.464
4100,2023-05-13 17:00:00,0.16935,0.0,0.248,-1.682,-0.248,7.92,-5.0,0.0,27.0,3.182,0.0,0.0,1.682,1,1,1.682
4101,2023-05-13 17:15:00,0.16935,-0.0,0.201,-0.999,-0.201,7.855,-5.0,0.0,27.0,2.783,0,0,0.999,1,1,0.999
4102,2023-05-13 17:30:00,0.16935,0.0,0.242,-0.566,0,7.802,-5.0,0.0,27.0,2.545,0.0,0.0,0.324,1,1,0.324
4103,2023-05-13 17:45:00,0.16935,0.0,0.148,-0.479,0,7.802,-5.0,0.0,27.0,2.468,0.0,0.0,0.33,1,1,0.33
4104,2023-05-13 18:00:00,0.16935,0.0,0.152,-0.44,0,7.802,-5.0,0.0,27.0,2.39,0.0,0.0,0.288,1,1,0.288
4105,2023-05-13 18:15:00,0.16935,0.0,1.202,-0.381,-0.821,7.802,-4.179,0.821,27.821,2.321,0.0,0.0,0,1,0,0
4106,2023-05-13 18:30:00,0.16935,-0.0,1.713,-0.303,-1.409,7.586,-3.591,1.409,28.409,2.321,0,0,0,1,0,0
4107,2023-05-13 18:45:00,0.16935,0.0,1.064,-0.081,-0.983,7.215,-4.017,0.983,27.983,2.321,0.0,0.0,0,1,0,0
4108,2023-05-13 19:00:00,0.16935,-0.0,0.627,-0.0,-0.627,6.956,-4.373,0.627,27.627,2.321,0,0,0,1,0,0
4109,2023-05-13 19:15:00,0.16935,-0.0,0.352,-0.0,-0.352,6.791,-4.648,0.352,27.352,2.321,0,0,0,1,0,0
4110,2023-05-13 19:30:00,0.16935,0.0,0.495,-0.0,-0.495,6.699,-4.505,0.495,27.495,2.321,0.0,0.0,0,1,0,0
4111,2023-05-13 19:45:00,0.16935,-0.0,0.412,-0.0,-0.412,6.568,-4.588,0.412,27.412,2.321,0,0,0,1,0,0
4112,2023-05-13 20:00:00,0.16935,0.0,1.292,-0.0,-1.292,6.46,-3.708,1.292,28.292,2.321,0.0,0.0,0,1,0,0
4113,2023-05-13 20:15:00,0.16935,-0.0,1.608,-0.0,-1.608,6.12,-3.392,1.608,28.608,2.321,0,0,0,1,0,0
4114,2023-05-13 20:30:00,0.16935,0.0,0.943,-0.0,-0.943,5.697,-4.057,0.943,27.943,2.321,0.0,0.0,0,1,0,0
4115,2023-05-13 20:45:00,0.16935,-0.0,0.886,-0.0,-0.886,5.448,-4.114,0.886,27.886,2.321,0,0,0,1,0,0
4116,2023-05-13 21:00:00,0.07992,0.0,0.663,-0.0,-0.663,5.215,-4.337,0.663,27.663,2.321,0.0,0.0,0,1,0,0
4117,2023-05-13 21:15:00,0.07992,-0.0,0.651,-0.0,-0.651,5.041,-4.349,0.651,27.651,2.321,0,0,0,1,0,0
4118,2023-05-13 21:30:00,0.07992,-1.466,6.466,-0.0,-5.0,4.87,1.466,6.466,33.466,2.321,0,0,0,1,0,0
4119,2023-05-13 21:45:00,0.07992,0.0,1.702,-0.0,-1.702,3.554,-3.298,1.702,28.702,2.321,0.0,0.0,0,1,0,0
4120,2023-05-13 22:00:00,0.07992,-0.0,0.754,-0.0,-0.754,3.106,-4.246,0.754,27.754,2.321,0,0,0,1,0,0
4121,2023-05-13 22:15:00,0.07992,0.0,0.903,-0.0,-0.903,2.908,-4.097,0.903,27.903,2.321,0.0,0.0,0,1,0,0
4122,2023-05-13 22:30:00,0.07992,-0.0,0.442,-0.0,-0.442,2.67,-4.558,0.442,27.442,2.321,0,0,0,1,0,0
4123,2023-05-13 22:45:00,0.07992,0.0,0.443,-0.0,-0.443,2.554,-4.557,0.443,27.443,2.321,0.0,0.0,0,1,0,0
4124,2023-05-13 23:00:00,0.07992,-0.0,0.346,-0.0,-0.346,2.437,-4.654,0.346,27.346,2.321,0,0,0,1,0,0
4125,2023-05-13 23:15:00,0.07992,0.0,0.43,-0.0,-0.43,2.346,-4.57,0.43,27.43,2.321,0.0,0.0,0,1,0,0
4126,2023-05-13 23:30:00,0.07992,-0.0,0.309,-0.0,-0.309,2.233,-4.691,0.309,27.309,2.321,0,0,0,1,0,0
4127,2023-05-13 23:45:00,0.07992,-0.0,0.38,-0.0,-0.38,2.152,-4.62,0.38,27.38,2.321,0,0,0,1,0,0
4128,2023-05-14 00:00:00,0.07992,-0.0,0.372,-0.0,-0.372,2.052,-4.628,0.372,27.372,2.321,0,0,0,1,0,0
4129,2023-05-14 00:15:00,0.07992,-0.0,0.3,-0.0,-0.3,1.954,-4.7,0.3,27.3,2.321,0,0,0,1,0,0
4130,2023-05-14 00:30:00,0.07992,0.0,0.282,-0.0,-0.282,1.875,-4.718,0.282,27.282,2.321,0.0,0.0,0,1,0,0
4131,2023-05-14 00:45:00,0.07992,-0.0,0.435,-0.0,-0.435,1.801,-4.565,0.435,27.435,2.321,0,0,0,1,0,0
4132,2023-05-14 01:00:00,0.07992,0.0,0.409,-0.0,-0.409,1.686,-4.591,0.409,27.409,2.321,0.0,0.0,0,1,0,0
4133,2023-05-14 01:15:00,0.07992,-0.0,0.445,-0.0,-0.445,1.579,-4.555,0.445,27.445,2.321,0,0,0,1,0,0
4134,2023-05-14 01:30:00,0.07992,0.0,0.332,-0.0,-0.332,1.461,-4.668,0.332,27.332,2.321,0.0,0.0,0,1,0,0
4135,2023-05-14 01:45:00,0.07992,0.0,0.362,-0.0,-0.362,1.374,-4.638,0.362,27.362,2.321,0.0,0.0,0,1,0,0
4136,2023-05-14 02:00:00,0.07992,0.0,0.338,-0.0,-0.338,1.279,-4.662,0.338,27.338,2.321,0.0,0.0,0,1,0,0
4137,2023-05-14 02:15:00,0.07992,-0.0,0.533,-0.0,-0.533,1.19,-4.467,0.533,27.533,2.321,0,0,0,1,0,0
4138,2023-05-14 02:30:00,0.07992,0.0,0.535,-0.0,-0.535,1.049,-4.465,0.535,27.535,2.321,0.0,0.0,0,1,0,0
4139,2023-05-14 02:45:00,0.07992,0.0,0.458,-0.0,-0.458,0.909,-4.542,0.458,27.458,2.321,0.0,0.0,0,1,0,0
4140,2023-05-14 03:00:00,0.07992,-0.0,0.37,-0.0,-0.37,0.788,-4.63,0.37,27.37,2.321,0,0,0,1,0,0
4141,2023-05-14 03:15:00,0.07992,0.0,0.262,-0.0,-0.262,0.691,-4.738,0.262,27.262,2.321,0.0,0.0,0,1,0,0
4142,2023-05-14 03:30:00,0.07992,-0.0,0.249,-0.0,-0.249,0.622,-4.751,0.249,27.249,2.321,0,0,0,1,0,0
4143,2023-05-14 03:45:00,0.07992,-0.0,0.33,-0.0,-0.33,0.557,-4.67,0.33,27.33,2.321,0,0,0,1,0,0
4144,2023-05-14 04:00:00,0.07992,-0.0,0.245,-0.0,-0.245,0.47,-4.755,0.245,27.245,2.321,0,0,0,1,0,0
4145,2023-05-14 04:15:00,0.07992,0.0,0.244,-0.0,-0.244,0.405,-4.756,0.244,27.244,2.321,0.0,0.0,0,1,0,0
4146,2023-05-14 04:30:00,0.07992,-0.0,0.299,-0.0,-0.299,0.341,-4.701,0.299,27.299,2.321,0,0,0,1,0,0
4147,2023-05-14 04:45:00,0.07992,-0.0,0.193,-0.0,-0.193,0.262,-4.807,0.193,27.193,2.321,0,0,0,1,0,0
4148,2023-05-14 05:00:00,0.07992,0.0,0.258,-0.0,-0.258,0.212,-4.742,0.258,27.258,2.321,0.0,0.0,0,1,0,0
4149,2023-05-14 05:15:00,0.07992,-0.0,0.215,-0.0,-0.215,0.144,-4.785,0.215,27.215,2.321,0,0,0,1,0,0
4150,2023-05-14 05:30:00,0.07992,-0.0,0.22,-0.081,-0.14,0.087,-4.86,0.14,27.14,2.321,0,0,0,1,0,0
4151,2023-05-14 05:45:00,0.07992,0.0,0.259,-0.135,-0.124,0.05,-4.876,0.124,27.124,2.321,0.0,0.0,0,1,0,0
4152,2023-05-14 06:00:00,0.10915,-0.0,0.286,-0.219,-0.067,0.018,-4.933,0.067,27.067,2.321,0,0,0,1,0,0
4153,2023-05-14 06:15:00,0.10915,-0.0,0.341,-0.421,0,0.0,-5.0,0.0,27.0,2.321,0,0,0.08,1,1,0.08
4154,2023-05-14 06:30:00,0.10915,0.0,0.216,-0.658,0,0.0,-5.0,0.0,27.0,2.302,0.0,0.0,0.442,1,1,0.442
4155,2023-05-14 06:45:00,0.10915,-0.0,0.22,-0.819,0,0.0,-5.0,0.0,27.0,2.197,0,0,0.599,1,1,0.599
4156,2023-05-14 07:00:00,0.10915,0.0,0.247,-1.032,0,0.0,-5.0,0.0,27.0,2.055,0.0,0.0,0.785,1,1,0.785
4157,2023-05-14 07:15:00,0.10915,-0.0,0.204,-1.87,0,0.0,-5.793,-0.793,25.413,1.869,0,0,1.667,1,1,1.667
4158,2023-05-14 07:30:00,0.10915,-0.0,0.249,-3.277,0,0.0,-8.028,-3.028,20.945,1.473,0,0,3.028,1,1,3.028
4159,2023-05-14 07:45:00,0.10915,0.0,0.241,-3.415,0,0.0,-8.174,-3.174,20.652,0.754,0.0,0.0,3.174,1,1,3.174
4160,2023-05-14 08:00:00,0.10915,3.368,0.329,-3.697,0,0.0,-8.368,-3.368,-1.735,0,3.368,0.0,0,0,0,0
4161,2023-05-14 08:15:00,0.10915,4.187,0.332,-4.518,0,0.0,-9.187,-4.187,-3.374,0,4.187,0.0,0,0,0,0
4162,2023-05-14 08:30:00,0.10915,3.66,0.978,-4.638,0,0.0,-8.66,-3.66,-2.319,0,3.66,0.0,0,0,0,0
4163,2023-05-14 08:45:00,0.10915,4.879,0.359,-5.238,0,0.0,-9.879,-4.879,-4.758,0,4.879,0.0,0,0,0,0
4164,2023-05-14 09:00:00,0.10915,4.821,0.515,-5.336,0,0.0,-9.821,-4.821,-4.642,0,4.821,0.0,0,0,0,0
4165,2023-05-14 09:15:00,0.10915,5.3,0.731,-6.03,0,0.0,-10.3,-5.3,-5.3,0,5.3,0.0,0,0,0,0
4166,2023-05-14 09:30:00,0.10915,5.627,0.527,-6.153,0,0.0,-10.627,-5.627,-5.627,0,5.627,0.0,0,0,0,0
4167,2023-05-14 09:45:00,0.10915,4.86,0.721,-5.581,0,0.0,-9.86,-4.86,-4.72,0,4.86,0.0,0,0,0,0
4168,2023-05-14 10:00:00,0.10915,5.965,0.325,-6.291,0,0.0,-10.965,-5.965,-5.965,0,5.965,0.0,0,0,0,0
4169,2023-05-14 10:15:00,0.10915,6.407,0.442,-6.849,0,0.0,-11.407,-6.407,-6.407,0,6.407,0.0,0,0,0,0
4170,2023-05-14 10:30:00,0.10915,6.427,0.318,-6.745,0,0.0,-11.427,-6.427,-6.427,0,6.427,0.0,0,0,0,0
4171,2023-05-14 10:45:00,0.10915,6.515,0.859,-7.374,0,0.0,-11.515,-6.515,-6.515,0,6.515,0.0,0,0,0,0
4172,2023-05-14 11:00:00,0.10915,6.572,0.31,-6.882,0,0.0,-11.572,-6.572,-6.572,0,6.572,0.0,0,0,0,0
4173,2023-05-14 11:15:00,0.10915,5.757,0.295,-6.052,0,0.0,-10.757,-5.757,-5.757,0,5.757,0.0,0,0,0,0
4174,2023-05-14 11:30:00,0.10915,8.548,0.156,-8.703,0,0.0,-13.548,-8.548,-8.548,0,8.548,0.0,0,0,0,0
4175,2023-05-14 11:45:00,0.10915,8.253,0.224,-8.477,0,0.0,-13.253,-8.253,-8.253,0,8.253,0.0,0,0,0,0
4176,2023-05-14 12:00:00,0.10915,8.439,0.161,-8.6,0,0.0,-13.439,-8.439,-8.439,0,8.439,0.0,0,0,0,0
4177,2023-05-14 12:15:00,0.10915,8.4,0.123,-8.523,0,0.0,-13.4,-8.4,-8.4,0,8.4,0.0,0,0,0,0
4178,2023-05-14 12:30:00,0.10915,8.397,0.147,-8.545,0,0.0,-13.397,-8.397,-8.397,0,8.397,0.0,0,0,0,0
4179,2023-05-14 12:45:00,0.10915,8.589,0.145,-8.733,0,0.0,-13.589,-8.589,-8.589,0,8.589,0.0,0,0,0,0
4180,2023-05-14 13:00:00,0.10915,8.127,0.586,-8.713,0,0.0,-13.127,-8.127,-8.127,0,8.127,0.0,0,0,0,0
4181,2023-05-14 13:15:00,0.10915,6.718,1.98,-8.698,0,0.0,-11.718,-6.718,-6.718,0,6.718,0.0,0,0,0,0
4182,2023-05-14 13:30:00,0.10915,5.15,3.272,-8.422,0,0.0,-10.15,-5.15,-5.15,0,5.15,0.0,0,0,0,0
4183,2023-05-14 13:45:00,0.10915,6.365,1.987,-8.352,0,0.0,-11.365,-6.365,-6.365,0,6.365,0.0,0,0,0,0
4184,2023-05-14 14:00:00,0.10915,7.657,0.509,-8.166,0,0.0,-12.657,-7.657,-7.657,0,7.657,0.0,0,0,0,0
4185,2023-05-14 14:15:00,0.10915,6.837,1.054,-7.89,0,0.0,-11.837,-6.837,-6.837,0,6.837,0.0,0,0,0,0
4186,2023-05-14 14:30:00,0.10915,0.227,2.102,-7.329,5.0,0.0,-10.227,-5.227,-5.227,0,0.227,0.0,0,0,0,0
4187,2023-05-14 14:45:00,0.10915,3.526,0.744,-4.716,0.447,1.188,-8.972,-3.972,-2.945,0,3.526,0.0,0,0,0,0
4188,2023-05-14 15:00:00,0.10915,0.19,0.666,-5.857,5.0,1.294,-10.19,-5.19,-5.19,0,0.19,0.0,0,0,0,0
4189,2023-05-14 15:15:00,0.10915,-0.0,0.596,-5.001,4.406,2.481,-9.406,-4.406,-3.811,0,0,0,0,0,0,0
4190,2023-05-14 15:30:00,0.10915,0.0,0.969,-4.89,3.921,3.527,-8.921,-3.921,-2.843,0,0.0,0.0,0,0,0,0
4191,2023-05-14 15:45:00,0.10915,-0.0,1.83,-4.045,2.215,4.459,-7.215,-2.215,0.57,0,0,0,0,0,0,0
4192,2023-05-14 16:00:00,0.10915,0.0,1.559,-3.743,2.184,4.985,-7.184,-2.184,0.633,0,0.0,0.0,0,0,0,0
4193,2023-05-14 16:15:00,0.10915,0.0,0.743,-3.936,3.193,5.503,-8.193,-3.193,-1.386,0,0.0,0.0,0,0,0,0
4194,2023-05-14 16:30:00,0.10915,-0.0,0.645,-3.083,2.438,6.262,-7.438,-2.438,0.125,0,0,0,0,0,0,0
4195,2023-05-14 16:45:00,0.10915,-0.0,0.573,-2.341,1.767,6.841,-6.767,-1.767,1.466,0,0,0,0,0,0,0
4196,2023-05-14 17:00:00,0.10915,0.0,0.87,-1.885,1.015,7.26,-6.015,-1.015,2.969,0,0.0,0.0,0,0,0,0
4197,2023-05-14 17:15:00,0.10915,0.0,0.449,-1.492,-0.449,7.502,-5.0,0.0,27.0,7.943,0.0,0.0,1.492,1,1,1.492
4198,2023-05-14 17:30:00,0.10915,-0.0,0.473,-1.07,-0.473,7.383,-5.0,0.0,27.0,7.588,0,0,1.07,1,1,1.07
4199,2023-05-14 17:45:00,0.10915,0.0,0.431,-0.679,-0.431,7.259,-5.0,0.0,27.0,7.334,0.0,0.0,0.679,1,1,0.679
4200,2023-05-14 18:00:00,0.10915,-0.0,0.51,-0.589,-0.51,7.146,-5.0,0.0,27.0,7.173,0,0,0.589,1,1,0.589
4201,2023-05-14 18:15:00,0.10915,0.0,0.562,-0.714,-0.562,7.011,-5.0,0.0,27.0,7.033,0.0,0.0,0.714,1,1,0.714
4202,2023-05-14 18:30:00,0.10915,-0.0,0.502,-0.765,-0.502,6.863,-5.0,0.0,27.0,6.864,0,0,0.765,1,1,0.765
4203,2023-05-14 18:45:00,0.10915,-0.0,0.477,-0.0,-0.477,6.731,-4.523,0.477,27.477,6.682,0,0,0,1,0,0
4204,2023-05-14 19:00:00,0.10915,0.0,0.419,-0.0,-0.419,6.606,-4.581,0.419,27.419,6.682,0.0,0.0,0,1,0,0
4205,2023-05-14 19:15:00,0.10915,0.0,0.453,-0.0,-0.453,6.496,-4.547,0.453,27.453,6.682,0.0,0.0,0,1,0,0
4206,2023-05-14 19:30:00,0.10915,0.0,0.467,-0.0,-0.467,6.376,-4.533,0.467,27.467,6.682,0.0,0.0,0,1,0,0
4207,2023-05-14 19:45:00,0.10915,-0.0,0.441,-0.0,-0.441,6.253,-4.559,0.441,27.441,6.682,0,0,0,1,0,0
4208,2023-05-14 20:00:00,0.10915,0.0,0.533,-0.0,-0.533,6.137,-4.467,0.533,27.533,6.682,0.0,0.0,0,1,0,0
4209,2023-05-14 20:15:00,0.10915,-0.0,0.433,-0.0,-0.433,5.997,-4.567,0.433,27.433,6.682,0,0,0,1,0,0
4210,2023-05-14 20:30:00,0.10915,0.0,0.431,-0.0,-0.431,5.883,-4.569,0.431,27.431,6.682,0.0,0.0,0,1,0,0
4211,2023-05-14 20:45:00,0.10915,-0.0,0.597,-0.0,-0.597,5.77,-4.403,0.597,27.597,6.682,0,0,0,1,0,0
4212,2023-05-14 21:00:00,0.07958,0.0,0.895,-0.0,-0.895,5.613,-4.105,0.895,27.895,6.682,0.0,0.0,0,1,0,0
4213,2023-05-14 21:15:00,0.07958,-0.0,0.703,-0.0,-0.703,5.377,-4.297,0.703,27.703,6.682,0,0,0,1,0,0
4214,2023-05-14 21:30:00,0.07958,0.0,0.646,-0.0,-0.646,5.192,-4.354,0.646,27.646,6.682,0.0,0.0,0,1,0,0
4215,2023-05-14 21:45:00,0.07958,-0.0,0.653,-0.0,-0.653,5.022,-4.347,0.653,27.653,6.682,0,0,0,1,0,0
4216,2023-05-14 22:00:00,0.07958,0.0,0.561,-0.0,-0.561,4.85,-4.439,0.561,27.561,6.682,0.0,0.0,0,1,0,0
4217,2023-05-14 22:15:00,0.07958,-0.0,0.593,-0.0,-0.593,4.703,-4.407,0.593,27.593,6.682,0,0,0,1,0,0
4218,2023-05-14 22:30:00,0.07958,-0.0,0.675,-0.0,-0.675,4.546,-4.325,0.675,27.675,6.682,0,0,0,1,0,0
4219,2023-05-14 22:45:00,0.07958,0.0,0.622,-0.0,-0.622,4.369,-4.378,0.622,27.622,6.682,0.0,0.0,0,1,0,0
4220,2023-05-14 23:00:00,0.07958,-0.0,0.558,-0.0,-0.558,4.205,-4.442,0.558,27.558,6.682,0,0,0,1,0,0
4221,2023-05-14 23:15:00,0.07958,-0.0,0.727,-0.0,-0.727,4.058,-4.273,0.727,27.727,6.682,0,0,0,1,0,0
4222,2023-05-14 23:30:00,0.07958,0.0,0.634,-0.0,-0.634,3.867,-4.366,0.634,27.634,6.682,0.0,0.0,0,1,0,0
4223,2023-05-14 23:45:00,0.07958,0.0,0.712,-0.0,-0.712,3.7,-4.288,0.712,27.712,6.682,0.0,0.0,0,1,0,0
4224,2023-05-15 00:00:00,0.07958,0.0,0.629,-0.0,-0.629,3.513,-4.371,0.629,27.629,6.682,0.0,0.0,0,1,0,0
4225,2023-05-15 00:15:00,0.07958,-0.0,0.568,-0.0,-0.568,3.347,-4.432,0.568,27.568,6.682,0,0,0,1,0,0
4226,2023-05-15 00:30:00,0.07958,0.0,0.483,-0.0,-0.483,3.198,-4.517,0.483,27.483,6.682,0.0,0.0,0,1,0,0
4227,2023-05-15 00:45:00,0.07958,0.0,0.401,-0.0,-0.401,3.071,-4.599,0.401,27.401,6.682,0.0,0.0,0,1,0,0
4228,2023-05-15 01:00:00,0.07958,-0.0,0.533,-0.0,-0.533,2.965,-4.467,0.533,27.533,6.682,0,0,0,1,0,0
4229,2023-05-15 01:15:00,0.07958,0.0,0.321,-0.0,-0.321,2.825,-4.679,0.321,27.321,6.682,0.0,0.0,0,1,0,0
4230,2023-05-15 01:30:00,0.07958,0.0,0.343,-0.0,-0.343,2.74,-4.657,0.343,27.343,6.682,0.0,0.0,0,1,0,0
4231,2023-05-15 01:45:00,0.07958,-0.0,0.363,-0.0,-0.363,2.65,-4.637,0.363,27.363,6.682,0,0,0,1,0,0
4232,2023-05-15 02:00:00,0.07958,0.0,0.388,-0.0,-0.388,2.554,-4.612,0.388,27.388,6.682,0.0,0.0,0,1,0,0
4233,2023-05-15 02:15:00,0.07958,-0.0,0.46,-0.0,-0.46,2.452,-4.54,0.46,27.46,6.682,0,0,0,1,0,0
4234,2023-05-15 02:30:00,0.07958,-0.0,0.5,-0.0,-0.5,2.331,-4.5,0.5,27.5,6.682,0,0,0,1,0,0
4235,2023-05-15 02:45:00,0.07958,0.0,0.361,-0.0,-0.361,2.2,-4.639,0.361,27.361,6.682,0.0,0.0,0,1,0,0
4236,2023-05-15 03:00:00,0.07958,0.0,0.419,-0.0,-0.419,2.105,-4.581,0.419,27.419,6.682,0.0,0.0,0,1,0,0
4237,2023-05-15 03:15:00,0.07958,0.0,0.348,-0.0,-0.348,1.994,-4.652,0.348,27.348,6.682,0.0,0.0,0,1,0,0
4238,2023-05-15 03:30:00,0.07958,-0.0,0.324,-0.0,-0.324,1.903,-4.676,0.324,27.324,6.682,0,0,0,1,0,0
4239,2023-05-15 03:45:00,0.07958,0.0,0.388,-0.0,-0.388,1.818,-4.612,0.388,27.388,6.682,0.0,0.0,0,1,0,0
4240,2023-05-15 04:00:00,0.07958,-0.0,0.389,-0.0,-0.389,1.716,-4.611,0.389,27.389,6.682,0,0,0,1,0,0
4241,2023-05-15 04:15:00,0.07958,0.0,0.35,-0.0,-0.35,1.613,-4.65,0.35,27.35,6.682,0.0,0.0,0,1,0,0
4242,2023-05-15 04:30:00,0.07958,-0.0,0.385,-0.0,-0.385,1.521,-4.615,0.385,27.385,6.682,0,0,0,1,0,0
4243,2023-05-15 04:45:00,0.07958,0.0,0.492,-0.0,-0.492,1.42,-4.508,0.492,27.492,6.682,0.0,0.0,0,1,0,0
4244,2023-05-15 05:00:00,0.07958,-0.0,0.374,-0.0,-0.374,1.29,-4.626,0.374,27.374,6.682,0,0,0,1,0,0
4245,2023-05-15 05:15:00,0.07958,0.0,0.38,-0.014,-0.38,1.192,-4.634,0.366,27.366,6.682,0.0,0.0,0.014,1,1,0.014
4246,2023-05-15 05:30:00,0.07958,0.0,0.48,-0.139,-0.48,1.092,-4.659,0.341,27.341,6.678,0.0,0.0,0.139,1,1,0.139
4247,2023-05-15 05:45:00,0.07958,0.0,0.674,-0.364,-0.674,0.965,-4.689,0.311,27.311,6.645,0.0,0.0,0.364,1,1,0.364
4248,2023-05-15 06:00:00,0.12491,-0.0,0.293,-0.638,-0.293,0.788,-5.0,0.0,27.0,6.559,0,0,0.638,1,1,0.638
4249,2023-05-15 06:15:00,0.12491,0.0,0.257,-0.978,-0.257,0.711,-5.0,0.0,27.0,6.408,0.0,0.0,0.978,1,1,0.978
4250,2023-05-15 06:30:00,0.12491,-0.0,0.282,-1.417,-0.282,0.643,-5.0,0.0,27.0,6.175,0,0,1.417,1,1,1.417
4251,2023-05-15 06:45:00,0.12491,-0.0,0.338,-1.876,-0.338,0.569,-5.0,0.0,27.0,5.839,0,0,1.876,1,1,1.876
4252,2023-05-15 07:00:00,0.12491,-0.0,0.331,-2.364,-0.331,0.48,-5.0,0.0,27.0,5.393,0,0,2.364,1,1,2.364
4253,2023-05-15 07:15:00,0.12491,0.0,0.377,-2.852,-0.377,0.393,-5.0,0.0,27.0,4.832,0.0,0.0,2.852,1,1,2.852
4254,2023-05-15 07:30:00,0.12491,-0.0,0.751,-3.358,-0.751,0.294,-5.0,0.0,27.0,4.154,0,0,3.358,1,1,3.358
4255,2023-05-15 07:45:00,0.12491,0.0,1.135,-3.847,-0.365,0.096,-5.0,0.0,27.0,3.357,0.0,0.0,3.077,1,1,3.077
4256,2023-05-15 08:00:00,0.12491,-0.0,0.39,-4.358,0,0.0,-5.0,0.0,27.0,2.626,0,0,3.967,1,1,3.967
4257,2023-05-15 08:15:00,0.12491,0.0,0.369,-4.854,0,0.0,-5.0,0.0,27.0,1.684,0.0,0.0,4.485,1,1,4.485
4258,2023-05-15 08:30:00,0.12491,4.949,0.342,-5.291,0,0.0,-9.949,-4.949,-4.898,0,4.949,0.0,0,0,0,0
4259,2023-05-15 08:45:00,0.12491,5.363,0.394,-5.757,0,0.0,-10.363,-5.363,-5.363,0,5.363,0.0,0,0,0,0
4260,2023-05-15 09:00:00,0.12491,5.863,0.334,-6.197,0,0.0,-10.863,-5.863,-5.863,0,5.863,0.0,0,0,0,0
4261,2023-05-15 09:15:00,0.12491,6.544,0.329,-6.873,0,0.0,-11.544,-6.544,-6.544,0,6.544,0.0,0,0,0,0
4262,2023-05-15 09:30:00,0.12491,6.114,0.288,-6.402,0,0.0,-11.114,-6.114,-6.114,0,6.114,0.0,0,0,0,0
4263,2023-05-15 09:45:00,0.12491,5.699,0.767,-6.466,0,0.0,-10.699,-5.699,-5.699,0,5.699,0.0,0,0,0,0
4264,2023-05-15 10:00:00,0.12491,6.162,0.75,-6.912,0,0.0,-11.162,-6.162,-6.162,0,6.162,0.0,0,0,0,0
4265,2023-05-15 10:15:00,0.12491,2.647,0.768,-3.415,0,0.0,-7.647,-2.647,-0.294,0,2.647,0.0,0,0,0,0
4266,2023-05-15 10:30:00,0.12491,4.604,0.444,-5.048,0,0.0,-9.604,-4.604,-4.208,0,4.604,0.0,0,0,0,0
4267,2023-05-15 10:45:00,0.12491,6.197,0.505,-6.702,0,0.0,-11.197,-6.197,-6.197,0,6.197,0.0,0,0,0,0
4268,2023-05-15 11:00:00,0.12491,7.665,1.112,-8.777,0,0.0,-12.665,-7.665,-7.665,0,7.665,0.0,0,0,0,0
4269,2023-05-15 11:15:00,0.12491,4.272,0.524,-4.796,0,0.0,-9.272,-4.272,-3.545,0,4.272,0.0,0,0,0,0
4270,2023-05-15 11:30:00,0.12491,1.361,1.902,-3.263,0,0.0,-6.361,-1.361,2.278,0,1.361,0.0,0,0,0,0
4271,2023-05-15 11:45:00,0.12491,1.18,1.815,-2.995,0,0.0,-6.18,-1.18,2.641,0,1.18,0.0,0,0,0,0
4272,2023-05-15 12:00:00,0.12491,5.972,1.364,-7.336,0,0.0,-10.972,-5.972,-5.972,0,5.972,0.0,0,0,0,0
4273,2023-05-15 12:15:00,0.12491,5.755,0.431,-6.185,0,0.0,-10.755,-5.755,-5.755,0,5.755,0.0,0,0,0,0
4274,2023-05-15 12:30:00,0.12491,4.642,0.449,-5.09,0,0.0,-9.642,-4.642,-4.283,0,4.642,0.0,0,0,0,0
4275,2023-05-15 12:45:00,0.12491,3.232,0.327,-3.559,0,0.0,-8.232,-3.232,-1.464,0,3.232,0.0,0,0,0,0
4276,2023-05-15 13:00:00,0.12491,1.82,0.377,-2.197,0,0.0,-6.82,-1.82,1.36,0,1.82,0.0,0,0,0,0
4277,2023-05-15 13:15:00,0.12491,0.515,0.627,-1.142,0,0.0,-5.515,-0.515,3.97,0,0.515,0.0,0,0,0,0
4278,2023-05-15 13:30:00,0.12491,1.462,0.305,-1.767,0,0.0,-6.462,-1.462,2.076,0,1.462,0.0,0,0,0,0
4279,2023-05-15 13:45:00,0.12491,1.41,0.407,-1.816,0,0.0,-6.41,-1.41,2.181,0,1.41,0.0,0,0,0,0
4280,2023-05-15 14:00:00,0.12491,1.14,0.282,-1.422,0,0.0,-6.14,-1.14,2.72,0,1.14,0.0,0,0,0,0
4281,2023-05-15 14:15:00,0.12491,0.94,0.23,-1.17,0,0.0,-5.94,-0.94,3.12,0,0.94,0.0,0,0,0,0
4282,2023-05-15 14:30:00,0.12491,1.146,0.268,-1.414,0,0.0,-6.146,-1.146,2.707,0,1.146,0.0,0,0,0,0
4283,2023-05-15 14:45:00,0.12491,0.682,0.274,-1.575,0.619,0.0,-6.301,-1.301,2.397,0,0.682,0.0,0,0,0,0
4284,2023-05-15 15:00:00,0.12491,5.41,0.325,-5.734,0,0.147,-10.41,-5.41,-5.41,0,5.41,0.0,0,0,0,0
4285,2023-05-15 15:15:00,0.12491,-0.0,0.266,-4.263,3.997,0.147,-8.997,-3.997,-2.994,0,0,0,0,0,0,0
4286,2023-05-15 15:30:00,0.12491,0.0,0.405,-4.607,4.202,1.096,-9.202,-4.202,-3.404,0,0.0,0.0,0,0,0,0
4287,2023-05-15 15:45:00,0.12491,-0.0,0.868,-1.954,1.086,2.094,-6.086,-1.086,2.827,0,0,0,0,0,0,0
4288,2023-05-15 16:00:00,0.12491,0.0,0.239,-1.893,1.654,2.352,-6.654,-1.654,1.692,0,0.0,0.0,0,0,0,0
4289,2023-05-15 16:15:00,0.12491,0.0,0.332,-1.272,0.94,2.745,-5.94,-0.94,3.119,0,0.0,0.0,0,0,0,0
4290,2023-05-15 16:30:00,0.12491,-0.0,0.852,-2.819,1.967,2.968,-6.967,-1.967,1.066,0,0,0,0,0,0,0
4291,2023-05-15 16:45:00,0.12491,0.0,0.188,-2.2,2.013,3.436,-7.013,-2.013,0.975,0,0.0,0.0,0,0,0,0
4292,2023-05-15 17:00:00,0.12491,-0.0,0.269,-1.016,0.746,3.914,-5.746,-0.746,3.507,0,0,0,0,0,0,0
4293,2023-05-15 17:15:00,0.12491,0.0,0.18,-1.111,0.932,4.091,-5.932,-0.932,3.137,0,0.0,0.0,0,0,0,0
4294,2023-05-15 17:30:00,0.12491,-0.0,0.26,-1.129,0.869,4.312,-5.869,-0.869,3.262,0,0,0,0,0,0,0
4295,2023-05-15 17:45:00,0.12491,-0.0,0.211,-0.904,0.693,4.519,-5.693,-0.693,3.614,0,0,0,0,0,0,0
4296,2023-05-15 18:00:00,0.12491,0.0,0.142,-1.062,0.92,4.683,-5.92,-0.92,3.16,0,0.0,0.0,0,0,0,0
4297,2023-05-15 18:15:00,0.12491,0.0,0.181,-0.446,0.265,4.902,-5.265,-0.265,4.471,0,0.0,0.0,0,0,0,0
4298,2023-05-15 18:30:00,0.12491,-0.0,0.199,-0.281,-0.199,4.965,-5.0,0.0,27.0,11.342,0,0,0.281,1,1,0.281
4299,2023-05-15 18:45:00,0.12491,0.0,0.221,-0.05,-0.221,4.912,-4.829,0.171,27.171,11.275,0.0,0.0,0.05,1,1,0.05
4300,2023-05-15 19:00:00,0.12491,-0.0,0.372,-0.0,-0.372,4.854,-4.628,0.372,27.372,11.264,0,0,0,1,0,0
4301,2023-05-15 19:15:00,0.12491,0.0,0.816,-0.0,-0.816,4.756,-4.184,0.816,27.816,11.264,0.0,0.0,0,1,0,0
4302,2023-05-15 19:30:00,0.12491,-0.0,0.601,-0.0,-0.601,4.541,-4.399,0.601,27.601,11.264,0,0,0,1,0,0
4303,2023-05-15 19:45:00,0.12491,0.0,0.378,-0.0,-0.378,4.383,-4.622,0.378,27.378,11.264,0.0,0.0,0,1,0,0
4304,2023-05-15 20:00:00,0.12491,0.0,0.497,-0.0,-0.497,4.284,-4.503,0.497,27.497,11.264,0.0,0.0,0,1,0,0
4305,2023-05-15 20:15:00,0.12491,0.0,0.555,-0.0,-0.555,4.153,-4.445,0.555,27.555,11.264,0.0,0.0,0,1,0,0
4306,2023-05-15 20:30:00,0.12491,-0.0,0.448,-0.0,-0.448,4.007,-4.552,0.448,27.448,11.264,0,0,0,1,0,0
4307,2023-05-15 20:45:00,0.12491,-0.0,0.448,-0.0,-0.448,3.889,-4.552,0.448,27.448,11.264,0,0,0,1,0,0
4308,2023-05-15 21:00:00,0.04103,0.0,0.384,-0.0,-0.384,3.771,-4.616,0.384,27.384,11.264,0.0,0.0,0,1,0,0
4309,2023-05-15 21:15:00,0.04103,-0.0,0.558,-0.0,-0.558,3.67,-4.442,0.558,27.558,11.264,0,0,0,1,0,0
4310,2023-05-15 21:30:00,0.04103,-0.0,0.548,-0.0,-0.548,3.523,-4.452,0.548,27.548,11.264,0,0,0,1,0,0
4311,2023-05-15 21:45:00,0.04103,-0.0,0.448,-0.0,-0.448,3.379,-4.552,0.448,27.448,11.264,0,0,0,1,0,0
4312,2023-05-15 22:00:00,0.04103,0.0,0.457,-0.0,-0.457,3.261,-4.543,0.457,27.457,11.264,0.0,0.0,0,1,0,0
4313,2023-05-15 22:15:00,0.04103,-0.0,0.393,-0.0,-0.393,3.141,-4.607,0.393,27.393,11.264,0,0,0,1,0,0
4314,2023-05-15 22:30:00,0.04103,0.0,0.392,-0.0,-0.392,3.038,-4.608,0.392,27.392,11.264,0.0,0.0,0,1,0,0
4315,2023-05-15 22:45:00,0.04103,0.0,0.456,-0.0,-0.456,2.934,-4.544,0.456,27.456,11.264,0.0,0.0,0,1,0,0
4316,2023-05-15 23:00:00,0.04103,-0.0,0.545,-0.0,-0.545,2.814,-4.455,0.545,27.545,11.264,0,0,0,1,0,0
4317,2023-05-15 23:15:00,0.04103,0.0,0.428,-0.0,-0.428,2.671,-4.572,0.428,27.428,11.264,0.0,0.0,0,1,0,0
4318,2023-05-15 23:30:00,0.04103,-0.0,0.415,-0.0,-0.415,2.558,-4.585,0.415,27.415,11.264,0,0,0,1,0,0
4319,2023-05-15 23:45:00,0.04103,-0.0,0.418,-0.0,-0.418,2.449,-4.582,0.418,27.418,11.264,0,0,0,1,0,0
4320,2023-05-16 00:00:00,0.04103,0.0,0.481,-0.0,-0.481,2.339,-4.519,0.481,27.481,11.264,0.0,0.0,0,1,0,0
4321,2023-05-16 00:15:00,0.04103,0.0,0.453,-0.0,-0.453,2.213,-4.547,0.453,27.453,11.264,0.0,0.0,0,1,0,0
4322,2023-05-16 00:30:00,0.04103,-0.0,0.429,-0.0,-0.429,2.094,-4.571,0.429,27.429,11.264,0,0,0,1,0,0
4323,2023-05-16 00:45:00,0.04103,0.0,0.394,-0.0,-0.394,1.981,-4.606,0.394,27.394,11.264,0.0,0.0,0,1,0,0
4324,2023-05-16 01:00:00,0.04103,-0.0,0.366,-0.0,-0.366,1.877,-4.634,0.366,27.366,11.264,0,0,0,1,0,0
4325,2023-05-16 01:15:00,0.04103,0.0,0.449,-0.0,-0.449,1.781,-4.551,0.449,27.449,11.264,0.0,0.0,0,1,0,0
4326,2023-05-16 01:30:00,0.04103,-0.0,0.439,-0.0,-0.439,1.663,-4.561,0.439,27.439,11.264,0,0,0,1,0,0
4327,2023-05-16 01:45:00,0.04103,-0.0,0.483,-0.0,-0.483,1.547,-4.517,0.483,27.483,11.264,0,0,0,1,0,0
4328,2023-05-16 02:00:00,0.04103,-0.0,0.396,-0.0,-0.396,1.42,-4.604,0.396,27.396,11.264,0,0,0,1,0,0
4329,2023-05-16 02:15:00,0.04103,0.0,0.434,-0.0,-0.434,1.316,-4.566,0.434,27.434,11.264,0.0,0.0,0,1,0,0
4330,2023-05-16 02:30:00,0.04103,0.0,0.189,-0.0,-0.189,1.202,-4.811,0.189,27.189,11.264,0.0,0.0,0,1,0,0
4331,2023-05-16 02:45:00,0.04103,-0.0,0.175,-0.0,-0.175,1.152,-4.825,0.175,27.175,11.264,0,0,0,1,0,0
4332,2023-05-16 03:00:00,0.04103,-0.0,0.151,-0.0,-0.151,1.106,-4.849,0.151,27.151,11.264,0,0,0,1,0,0
4333,2023-05-16 03:15:00,0.04103,0.0,0.154,-0.0,-0.154,1.066,-4.846,0.154,27.154,11.264,0.0,0.0,0,1,0,0
4334,2023-05-16 03:30:00,0.04103,0.0,0.116,-0.0,-0.116,1.025,-4.884,0.116,27.116,11.264,0.0,0.0,0,1,0,0
4335,2023-05-16 03:45:00,0.04103,0.0,0.184,-0.0,-0.184,0.995,-4.816,0.184,27.184,11.264,0.0,0.0,0,1,0,0
4336,2023-05-16 04:00:00,0.04103,-0.0,0.228,-0.0,-0.228,0.946,-4.772,0.228,27.228,11.264,0,0,0,1,0,0
4337,2023-05-16 04:15:00,0.04103,0.0,0.23,-0.0,-0.23,0.886,-4.77,0.23,27.23,11.264,0.0,0.0,0,1,0,0
4338,2023-05-16 04:30:00,0.04103,0.0,0.206,-0.0,-0.206,0.826,-4.794,0.206,27.206,11.264,0.0,0.0,0,1,0,0
4339,2023-05-16 04:45:00,0.04103,-0.0,0.244,-0.0,-0.244,0.772,-4.756,0.244,27.244,11.264,0,0,0,1,0,0
4340,2023-05-16 05:00:00,0.04103,0.0,0.239,-0.0,-0.239,0.707,-4.761,0.239,27.239,11.264,0.0,0.0,0,1,0,0
4341,2023-05-16 05:15:00,0.04103,-0.0,0.188,-0.0,-0.188,0.645,-4.812,0.188,27.188,11.264,0,0,0,1,0,0
4342,2023-05-16 05:30:00,0.04103,0.0,0.222,-0.091,-0.222,0.595,-4.869,0.131,27.131,11.264,0.0,0.0,0.091,1,1,0.091
4343,2023-05-16 05:45:00,0.04103,0.0,0.231,-0.154,-0.231,0.537,-4.924,0.076,27.076,11.242,0.0,0.0,0.154,1,1,0.154
4344,2023-05-16 06:00:00,0.23666,-0.0,0.253,-0.281,-0.253,0.476,-5.0,0.0,27.0,11.205,0,0,0.281,1,1,0.281
4345,2023-05-16 06:15:00,0.23666,0.0,0.294,-0.423,-0.294,0.409,-5.0,0.0,27.0,11.139,0.0,0.0,0.423,1,1,0.423
4346,2023-05-16 06:30:00,0.23666,0.0,0.357,-0.874,-0.357,0.332,-5.0,0.0,27.0,11.038,0.0,0.0,0.874,1,1,0.874
4347,2023-05-16 06:45:00,0.23666,-0.0,0.34,-0.825,-0.34,0.238,-5.0,0.0,27.0,10.83,0,0,0.825,1,1,0.825
4348,2023-05-16 07:00:00,0.23666,-0.0,0.295,-0.593,-0.295,0.149,-5.0,0.0,27.0,10.635,0,0,0.593,1,1,0.593
4349,2023-05-16 07:15:00,0.23666,-0.0,0.271,-2.079,-0.271,0.071,-5.0,0.0,27.0,10.494,0,0,2.079,1,1,2.079
4350,2023-05-16 07:30:00,0.23666,1.204,0.37,-1.573,0,-0.0,-5.0,0.0,27.0,10.0,1.204,0.0,0,1,0,0
4351,2023-05-16 07:45:00,0.23666,0.625,0.24,-0.865,0,-0.0,-5.625,-0.625,3.75,0,0.625,0.0,0,0,0,0
4352,2023-05-16 08:00:00,0.23666,1.183,0.298,-1.481,0,-0.0,-6.183,-1.183,2.634,0,1.183,0.0,0,0,0,0
4353,2023-05-16 08:15:00,0.23666,2.765,0.284,-3.049,0,-0.0,-7.765,-2.765,-0.53,0,2.765,0.0,0,0,0,0
4354,2023-05-16 08:30:00,0.23666,3.572,0.368,-3.94,0,-0.0,-8.572,-3.572,-2.144,0,3.572,0.0,0,0,0,0
4355,2023-05-16 08:45:00,0.23666,1.152,1.396,-2.548,0,-0.0,-6.152,-1.152,2.697,0,1.152,0.0,0,0,0,0
4356,2023-05-16 09:00:00,0.23666,3.102,0.55,-3.652,0,-0.0,-8.102,-3.102,-1.205,0,3.102,0.0,0,0,0,0
4357,2023-05-16 09:15:00,0.23666,1.371,0.335,-1.707,0,-0.0,-6.371,-1.371,2.258,0,1.371,0.0,0,0,0,0
4358,2023-05-16 09:30:00,0.23666,1.085,0.403,-1.488,0,-0.0,-6.085,-1.085,2.831,0,1.085,0.0,0,0,0,0
4359,2023-05-16 09:45:00,0.23666,0.635,0.625,-1.26,0,-0.0,-5.635,-0.635,3.73,0,0.635,0.0,0,0,0,0
4360,2023-05-16 10:00:00,0.23666,0.136,0.541,-0.677,0,-0.0,-5.136,-0.136,4.728,0,0.136,0.0,0,0,0,0
4361,2023-05-16 10:15:00,0.23666,0.259,0.37,-0.629,0,-0.0,-5.259,-0.259,4.483,0,0.259,0.0,0,0,0,0
4362,2023-05-16 10:30:00,0.23666,0.225,0.353,-0.579,0,-0.0,-5.225,-0.225,4.549,0,0.225,0.0,0,0,0,0
4363,2023-05-16 10:45:00,0.23666,0.402,0.335,-0.737,0,-0.0,-5.402,-0.402,4.196,0,0.402,0.0,0,0,0,0
4364,2023-05-16 11:00:00,0.23666,1.064,0.469,-1.533,0,-0.0,-6.064,-1.064,2.872,0,1.064,0.0,0,0,0,0
4365,2023-05-16 11:15:00,0.23666,2.327,0.702,-3.029,0,-0.0,-7.327,-2.327,0.345,0,2.327,0.0,0,0,0,0
4366,2023-05-16 11:30:00,0.23666,3.243,1.421,-4.664,0,-0.0,-8.243,-3.243,-1.487,0,3.243,0.0,0,0,0,0
4367,2023-05-16 11:45:00,0.23666,2.908,0.975,-3.883,0,-0.0,-7.908,-2.908,-0.816,0,2.908,0.0,0,0,0,0
4368,2023-05-16 12:00:00,0.23666,2.533,1.612,-4.145,0,-0.0,-7.533,-2.533,-0.065,0,2.533,0.0,0,0,0,0
4369,2023-05-16 12:15:00,0.23666,2.806,2.307,-5.113,0,-0.0,-7.806,-2.806,-0.612,0,2.806,0.0,0,0,0,0
4370,2023-05-16 12:30:00,0.23666,3.512,1.969,-5.48,0,-0.0,-8.512,-3.512,-2.023,0,3.512,0.0,0,0,0,0
4371,2023-05-16 12:45:00,0.23666,5.436,1.085,-6.521,0,-0.0,-10.436,-5.436,-5.436,0,5.436,0.0,0,0,0,0
4372,2023-05-16 13:00:00,0.23666,2.217,1.863,-4.081,0,-0.0,-7.217,-2.217,0.565,0,2.217,0.0,0,0,0,0
4373,2023-05-16 13:15:00,0.23666,6.651,0.692,-7.342,0,-0.0,-11.651,-6.651,-6.651,0,6.651,0.0,0,0,0,0
4374,2023-05-16 13:30:00,0.23666,5.11,0.367,-5.477,0,-0.0,-10.11,-5.11,-5.11,0,5.11,0.0,0,0,0,0
4375,2023-05-16 13:45:00,0.23666,1.248,0.592,-2.676,0.836,-0.0,-7.084,-2.084,0.832,0,1.248,0.0,0,0,0,0
4376,2023-05-16 14:00:00,0.23666,-0.0,0.565,-0.389,-0.176,0.199,-4.824,0.176,5.176,0,0,0,0,0,0,0
4377,2023-05-16 14:15:00,0.23666,0.0,0.616,-0.134,-0.482,0.152,-4.518,0.482,5.482,0,0.0,0.0,0,0,0,0
4378,2023-05-16 14:30:00,0.23666,0.0,0.523,-0.427,-0.096,0.025,-4.904,0.096,5.096,0,0.0,0.0,0,0,0,0
4379,2023-05-16 14:45:00,0.23666,0.989,0.489,-1.478,0,0.0,-5.989,-0.989,3.022,0,0.989,0.0,0,0,0,0
4380,2023-05-16 15:00:00,0.23666,0.928,0.635,-1.563,0,0.0,-5.928,-0.928,3.145,0,0.928,0.0,0,0,0,0
4381,2023-05-16 15:15:00,0.23666,1.66,1.112,-2.772,0,0.0,-6.66,-1.66,1.679,0,1.66,0.0,0,0,0,0
4382,2023-05-16 15:30:00,0.23666,1.095,0.455,-4.671,3.121,0.0,-9.216,-4.216,-3.433,0,1.095,0.0,0,0,0,0
4383,2023-05-16 15:45:00,0.23666,0.0,0.457,-5.438,4.981,0.741,-9.981,-4.981,-4.962,0,0.0,0.0,0,0,0,0
4384,2023-05-16 16:00:00,0.23666,-0.0,0.776,-4.873,4.097,1.924,-9.097,-4.097,-3.193,0,0,0,0,0,0,0
4385,2023-05-16 16:15:00,0.23666,0.0,0.727,-3.761,3.035,2.897,-8.035,-3.035,-1.069,0,0.0,0.0,0,0,0,0
4386,2023-05-16 16:30:00,0.23666,-0.0,0.563,-2.934,2.371,3.618,-7.371,-2.371,0.258,0,0,0,0,0,0,0
4387,2023-05-16 16:45:00,0.23666,0.0,0.431,-2.664,2.233,4.181,-5.0,0.0,27.0,14.357,0.0,0.0,0,1,0,0
4388,2023-05-16 17:00:00,0.23666,-0.0,0.423,-1.82,1.397,4.711,-5.0,0.0,27.0,14.357,0,0,0,1,0,0
4389,2023-05-16 17:15:00,0.23666,-0.0,0.326,-1.118,0.793,5.043,-5.0,0.0,27.0,14.357,0,0,0,1,0,0
4390,2023-05-16 17:30:00,0.23666,0.0,0.463,-0.644,0.181,5.231,-5.0,0.0,27.0,14.357,0.0,0.0,0,1,0,0
4391,2023-05-16 17:45:00,0.23666,-0.0,0.57,-0.875,0.306,5.274,-5.0,0.0,27.0,14.357,0,0,0,1,0,0
4392,2023-05-16 18:00:00,0.23666,0.0,0.246,-0.637,0.391,5.347,-5.0,0.0,27.0,14.357,0.0,0.0,0,1,0,0
4393,2023-05-16 18:15:00,0.23666,-0.0,0.396,-0.535,0.139,5.44,-5.0,0.0,27.0,14.357,0,0,0,1,0,0
4394,2023-05-16 18:30:00,0.23666,0.0,0.398,-0.364,-0.034,5.473,-4.966,0.034,27.034,14.357,0.0,0.0,0,1,0,0
4395,2023-05-16 18:45:00,0.23666,0.0,0.383,-0.0,-0.383,5.464,-4.617,0.383,27.383,14.357,0.0,0.0,0,1,0,0
4396,2023-05-16 19:00:00,0.23666,-0.0,0.494,-0.0,-0.494,5.363,-4.506,0.494,27.494,14.357,0,0,0,1,0,0
4397,2023-05-16 19:15:00,0.23666,0.0,0.458,-0.0,-0.458,5.233,-4.542,0.458,27.458,14.357,0.0,0.0,0,1,0,0
4398,2023-05-16 19:30:00,0.23666,0.0,0.428,-0.0,-0.428,5.112,-4.572,0.428,27.428,14.357,0.0,0.0,0,1,0,0
4399,2023-05-16 19:45:00,0.23666,-0.0,0.41,-0.0,-0.41,5.0,-4.59,0.41,27.41,14.357,0,0,0,1,0,0
4400,2023-05-16 20:00:00,0.23666,0.0,0.358,-0.0,-0.358,4.892,-4.642,0.358,27.358,14.357,0.0,0.0,0,1,0,0
4401,2023-05-16 20:15:00,0.23666,-0.0,0.404,-0.0,-0.404,4.798,-4.596,0.404,27.404,14.357,0,0,0,1,0,0
4402,2023-05-16 20:30:00,0.23666,0.0,0.596,-0.0,-0.596,4.691,-4.404,0.596,27.596,14.357,0.0,0.0,0,1,0,0
4403,2023-05-16 20:45:00,0.23666,-0.0,0.239,-0.0,-0.239,4.534,-4.761,0.239,27.239,14.357,0,0,0,1,0,0
4404,2023-05-16 21:00:00,0.05222,0.0,0.531,-0.0,-0.531,4.471,-4.469,0.531,27.531,14.357,0.0,0.0,0,1,0,0
4405,2023-05-16 21:15:00,0.05222,-0.0,0.66,-0.0,-0.66,4.332,-4.34,0.66,27.66,14.357,0,0,0,1,0,0
4406,2023-05-16 21:30:00,0.05222,-0.0,0.695,-0.0,-0.695,4.158,-4.305,0.695,27.695,14.357,0,0,0,1,0,0
4407,2023-05-16 21:45:00,0.05222,0.0,0.79,-0.0,-0.79,3.975,-4.21,0.79,27.79,14.357,0.0,0.0,0,1,0,0
4408,2023-05-16 22:00:00,0.05222,-0.0,0.613,-0.0,-0.613,3.767,-4.387,0.613,27.613,14.357,0,0,0,1,0,0
4409,2023-05-16 22:15:00,0.05222,0.0,0.736,-0.0,-0.736,3.606,-4.264,0.736,27.736,14.357,0.0,0.0,0,1,0,0
4410,2023-05-16 22:30:00,0.05222,0.0,0.747,-0.0,-0.747,3.412,-4.253,0.747,27.747,14.357,0.0,0.0,0,1,0,0
4411,2023-05-16 22:45:00,0.05222,-0.0,0.624,-0.0,-0.624,3.216,-4.376,0.624,27.624,14.357,0,0,0,1,0,0
4412,2023-05-16 23:00:00,0.05222,0.0,0.595,-0.0,-0.595,3.052,-4.405,0.595,27.595,14.357,0.0,0.0,0,1,0,0
4413,2023-05-16 23:15:00,0.05222,-0.0,0.522,-0.0,-0.522,2.895,-4.478,0.522,27.522,14.357,0,0,0,1,0,0
4414,2023-05-16 23:30:00,0.05222,0.0,0.63,-0.0,-0.63,2.758,-4.37,0.63,27.63,14.357,0.0,0.0,0,1,0,0
4415,2023-05-16 23:45:00,0.05222,-0.0,0.491,-0.0,-0.491,2.592,-4.509,0.491,27.491,14.357,0,0,0,1,0,0
4416,2023-05-17 00:00:00,0.05222,0.0,0.737,-0.0,-0.737,2.463,-4.263,0.737,27.737,14.357,0.0,0.0,0,1,0,0
4417,2023-05-17 00:15:00,0.05222,-0.0,0.557,-0.0,-0.557,2.269,-4.443,0.557,27.557,14.357,0,0,0,1,0,0
4418,2023-05-17 00:30:00,0.05222,0.0,0.592,-0.0,-0.592,2.122,-4.408,0.592,27.592,14.357,0.0,0.0,0,1,0,0
4419,2023-05-17 00:45:00,0.05222,-0.0,0.507,-0.0,-0.507,1.966,-4.493,0.507,27.507,14.357,0,0,0,1,0,0
4420,2023-05-17 01:00:00,0.05222,0.0,0.281,-0.0,-0.281,1.833,-4.719,0.281,27.281,14.357,0.0,0.0,0,1,0,0
4421,2023-05-17 01:15:00,0.05222,-0.0,0.415,-0.0,-0.415,1.759,-4.585,0.415,27.415,14.357,0,0,0,1,0,0
4422,2023-05-17 01:30:00,0.05222,-0.0,0.519,-0.0,-0.519,1.65,-4.481,0.519,27.519,14.357,0,0,0,1,0,0
4423,2023-05-17 01:45:00,0.05222,-0.0,0.572,-0.0,-0.572,1.513,-4.428,0.572,27.572,14.357,0,0,0,1,0,0
4424,2023-05-17 02:00:00,0.05222,0.0,0.543,-0.0,-0.543,1.362,-4.457,0.543,27.543,14.357,0.0,0.0,0,1,0,0
4425,2023-05-17 02:15:00,0.05222,-0.0,0.343,-0.0,-0.343,1.219,-4.657,0.343,27.343,14.357,0,0,0,1,0,0
4426,2023-05-17 02:30:00,0.05222,0.0,0.497,-0.0,-0.497,1.129,-4.503,0.497,27.497,14.357,0.0,0.0,0,1,0,0
4427,2023-05-17 02:45:00,0.05222,-0.0,0.353,-0.0,-0.353,0.998,-4.647,0.353,27.353,14.357,0,0,0,1,0,0
4428,2023-05-17 03:00:00,0.05222,0.0,0.208,-0.0,-0.208,0.905,-4.792,0.208,27.208,14.357,0.0,0.0,0,1,0,0
4429,2023-05-17 03:15:00,0.05222,-0.0,0.309,-0.0,-0.309,0.851,-4.691,0.309,27.309,14.357,0,0,0,1,0,0
4430,2023-05-17 03:30:00,0.05222,0.0,0.15,-0.0,-0.15,0.769,-4.85,0.15,27.15,14.357,0.0,0.0,0,1,0,0
4431,2023-05-17 03:45:00,0.05222,-0.0,0.132,-0.0,-0.132,0.73,-4.868,0.132,27.132,14.357,0,0,0,1,0,0
4432,2023-05-17 04:00:00,0.05222,0.0,0.153,-0.0,-0.153,0.695,-4.847,0.153,27.153,14.357,0.0,0.0,0,1,0,0
4433,2023-05-17 04:15:00,0.05222,-0.0,0.195,-0.0,-0.195,0.655,-4.805,0.195,27.195,14.357,0,0,0,1,0,0
4434,2023-05-17 04:30:00,0.05222,0.0,0.223,-0.0,-0.223,0.604,-4.777,0.223,27.223,14.357,0.0,0.0,0,1,0,0
4435,2023-05-17 04:45:00,0.05222,-0.0,0.221,-0.0,-0.221,0.545,-4.779,0.221,27.221,14.357,0,0,0,1,0,0
4436,2023-05-17 05:00:00,0.05222,0.0,0.2,-0.0,-0.2,0.487,-4.8,0.2,27.2,14.357,0.0,0.0,0,1,0,0
4437,2023-05-17 05:15:00,0.05222,0.0,0.151,-0.0,-0.151,0.434,-4.849,0.151,27.151,14.357,0.0,0.0,0,1,0,0
4438,2023-05-17 05:30:00,0.05222,-0.0,0.155,-0.093,-0.062,0.394,-4.938,0.062,27.062,14.357,0,0,0,1,0,0
4439,2023-05-17 05:45:00,0.05222,-0.0,0.197,-0.222,0.025,0.378,-5.0,0.0,27.0,14.357,0,0,0,1,0,0
4440,2023-05-17 06:00:00,0.14303,0.0,0.209,-0.346,0.138,0.384,-5.0,0.0,27.0,14.357,0.0,0.0,0,1,0,0
4441,2023-05-17 06:15:00,0.14303,0.0,0.242,-0.559,0.317,0.417,-5.0,0.0,27.0,14.357,0.0,0.0,0,1,0,0
4442,2023-05-17 06:30:00,0.14303,-0.0,2.517,-1.44,-1.077,0.492,-3.923,1.077,28.077,14.357,0,0,0,1,0,0
4443,2023-05-17 06:45:00,0.14303,-0.0,2.544,-1.751,-0.793,0.209,-4.207,0.793,27.793,14.357,0,0,0,1,0,0
4444,2023-05-17 07:00:00,0.14303,-0.0,0.362,-2.61,0,-0.0,-5.0,0.0,27.0,14.357,0,0,2.248,1,1,2.248
4445,2023-05-17 07:15:00,0.14303,-0.0,0.216,-1.056,0,-0.0,-5.0,0.0,27.0,13.823,0,0,0.84,1,1,0.84
4446,2023-05-17 07:30:00,0.14303,0.0,0.141,-1.689,0,-0.0,-5.0,0.0,27.0,13.623,0.0,0.0,1.547,1,1,1.547
4447,2023-05-17 07:45:00,0.14303,-0.0,0.156,-4.605,0,-0.0,-5.0,0.0,27.0,13.256,0,0,4.449,1,1,4.449
4448,2023-05-17 08:00:00,0.14303,0.0,0.135,-4.27,0,-0.0,-5.793,-0.793,25.414,12.199,0.0,0.0,4.135,1,1,4.135
4449,2023-05-17 08:15:00,0.14303,0.0,0.147,-4.045,0,-0.0,-8.897,-3.897,19.205,11.217,0.0,0.0,3.897,1,1,3.897
4450,2023-05-17 08:30:00,0.14303,0.0,0.175,-5.383,0,-0.0,-10.208,-5.208,16.792,10.292,0.0,0.0,5.208,1,1,5.208
4451,2023-05-17 08:45:00,0.14303,-0.0,1.232,-5.706,0,-0.0,-9.474,-4.474,18.053,9.055,0,0,4.474,1,1,4.474
4452,2023-05-17 09:00:00,0.14303,2.507,0.555,-4.951,0,-0.0,-9.396,-4.396,18.209,7.992,2.507,0.0,1.889,1,1,1.889
4453,2023-05-17 09:15:00,0.14303,-0.0,0.192,-3.889,0,-0.0,-8.696,-3.696,19.607,7.544,0,0,3.696,1,1,3.696
4454,2023-05-17 09:30:00,0.14303,-0.0,0.441,-5.769,0,-0.0,-10.328,-5.328,16.672,6.666,0,0,5.328,1,1,5.328
4455,2023-05-17 09:45:00,0.14303,0.0,0.557,-4.58,0,-0.0,-9.024,-4.024,18.953,5.4,0.0,0.0,4.024,1,1,4.024
4456,2023-05-17 10:00:00,0.14303,0.0,0.295,-3.86,0,-0.0,-8.565,-3.565,19.869,4.445,0.0,0.0,3.565,1,1,3.565
4457,2023-05-17 10:15:00,0.14303,0.0,0.183,-2.578,0,-0.0,-7.395,-2.395,22.21,3.598,0.0,0.0,2.395,1,1,2.395
4458,2023-05-17 10:30:00,0.14303,-0.0,0.266,-1.841,0,-0.0,-6.576,-1.576,23.848,3.029,0,0,1.576,1,1,1.576
4459,2023-05-17 10:45:00,0.14303,0.0,0.414,-1.359,0.396,-0.0,-5.945,-0.945,25.109,2.655,0.0,0.0,0.549,1,1,0.549
4460,2023-05-17 11:00:00,0.14303,0.0,0.276,-1.607,1.33,0.094,-6.33,-1.33,24.34,2.524,0.0,0.0,0,1,0,0
4461,2023-05-17 11:15:00,0.14303,0.0,1.064,-1.8,0.736,0.41,-5.736,-0.736,25.528,2.524,0.0,0.0,0,1,0,0
4462,2023-05-17 11:30:00,0.14303,-0.0,1.145,-0.869,-0.276,0.585,-4.724,0.276,27.276,2.524,0,0,0,1,0,0
4463,2023-05-17 11:45:00,0.14303,0.0,2.917,-1.317,-1.6,0.512,-3.4,1.6,28.6,2.524,0.0,0.0,0,1,0,0
4464,2023-05-17 12:00:00,0.14303,-0.0,2.66,-2.314,-0.346,0.091,-4.654,0.346,27.346,2.524,0,0,0,1,0,0
4465,2023-05-17 12:15:00,0.14303,0.0,1.635,-2.603,0,0.0,-5.968,-0.968,25.064,2.524,0.0,0.0,0.968,1,1,0.968
4466,2023-05-17 12:30:00,0.14303,-0.0,0.59,-4.083,0,0.0,-8.493,-3.493,20.015,2.295,0,0,3.493,1,1,3.493
4467,2023-05-17 12:45:00,0.14303,0.0,0.454,-7.985,2.66,0.0,-12.531,-7.531,14.469,1.465,0.0,0.0,4.871,1,1,4.871
4468,2023-05-17 13:00:00,0.14303,-0.0,0.375,-5.686,5.0,0.632,-10.312,-5.312,16.688,0.308,0,0,0.312,1,1,0.312
4469,2023-05-17 13:15:00,0.14303,-0.0,0.257,-0.613,0.356,1.819,-5.356,-0.356,26.288,0.234,0,0,0,1,0,0
4470,2023-05-17 13:30:00,0.14303,0.0,0.295,-0.269,-0.026,1.904,-4.974,0.026,27.026,0.234,0.0,0.0,0,1,0,0
4471,2023-05-17 13:45:00,0.14303,-0.0,0.371,-0.392,0.021,1.897,-5.021,-0.021,26.958,0.234,0,0,0,1,0,0
4472,2023-05-17 14:00:00,0.14303,0.0,0.313,-4.257,3.943,1.902,-8.943,-3.943,19.113,0.234,0.0,0.0,0,1,0,0
4473,2023-05-17 14:15:00,0.14303,-0.0,0.333,-3.763,3.43,2.839,-8.43,-3.43,20.139,0.234,0,0,0,1,0,0
4474,2023-05-17 14:30:00,0.14303,0.0,0.323,-1.71,1.387,3.653,-6.387,-1.387,24.226,0.234,0.0,0.0,0,1,0,0
4475,2023-05-17 14:45:00,0.14303,-0.0,0.309,-2.517,2.208,3.983,-7.208,-2.208,22.585,0.234,0,0,0,1,0,0
4476,2023-05-17 15:00:00,0.14303,0.0,0.374,-3.1,2.727,4.507,-7.727,-2.727,21.546,0.234,0.0,0.0,0,1,0,0
4477,2023-05-17 15:15:00,0.14303,-0.0,0.485,-3.384,2.899,5.155,-7.899,-2.899,21.202,0.234,0,0,0,1,0,0
4478,2023-05-17 15:30:00,0.14303,0.0,1.262,-1.042,-0.22,5.843,-4.78,0.22,27.22,0.234,0.0,0.0,0,1,0,0
4479,2023-05-17 15:45:00,0.14303,0.0,0.98,-0.923,-0.057,5.785,-4.943,0.057,27.057,0.234,0.0,0.0,0,1,0,0
4480,2023-05-17 16:00:00,0.14303,-0.0,1.765,-1.631,-0.133,5.77,-4.867,0.133,27.133,0.234,0,0,0,1,0,0
4481,2023-05-17 16:15:00,0.14303,0.0,2.12,-1.725,-0.394,5.735,-4.606,0.394,27.394,0.234,0.0,0.0,0,1,0,0
4482,2023-05-17 16:30:00,0.14303,-0.0,1.583,-0.998,-0.585,5.631,-4.415,0.585,27.585,0.234,0,0,0,1,0,0
4483,2023-05-17 16:45:00,0.14303,-0.0,0.762,-0.644,-0.117,5.477,-4.883,0.117,27.117,0.234,0,0,0,1,0,0
4484,2023-05-17 17:00:00,0.14303,0.0,0.739,-1.034,0.295,5.447,-5.295,-0.295,26.411,0.234,0.0,0.0,0,1,0,0
4485,2023-05-17 17:15:00,0.14303,-0.0,0.506,-1.059,0.553,5.517,-5.553,-0.553,25.894,0.234,0,0,0,1,0,0
4486,2023-05-17 17:30:00,0.14303,-0.0,2.247,-0.741,-1.506,5.648,-3.494,1.506,28.506,0.234,0,0,0,1,0,0
4487,2023-05-17 17:45:00,0.14303,0.0,1.192,-0.728,-0.465,5.252,-4.535,0.465,27.465,0.234,0.0,0.0,0,1,0,0
4488,2023-05-17 18:00:00,0.14303,-0.0,0.424,-0.655,0.232,5.129,-5.232,-0.232,26.537,0.234,0,0,0,1,0,0
4489,2023-05-17 18:15:00,0.14303,-0.0,0.425,-0.495,0.07,5.184,-5.07,-0.07,26.86,0.234,0,0,0,1,0,0
4490,2023-05-17 18:30:00,0.14303,0.0,0.303,-0.278,-0.025,5.201,-4.975,0.025,27.025,0.234,0.0,0.0,0,1,0,0
4491,2023-05-17 18:45:00,0.14303,-0.0,0.353,-0.0,-0.353,5.194,-4.647,0.353,27.353,0.234,0,0,0,1,0,0
4492,2023-05-17 19:00:00,0.14303,0.0,0.342,-0.0,-0.342,5.101,-4.658,0.342,27.342,0.234,0.0,0.0,0,1,0,0
4493,2023-05-17 19:15:00,0.14303,0.0,0.385,-0.0,-0.385,5.011,-4.615,0.385,27.385,0.234,0.0,0.0,0,1,0,0
4494,2023-05-17 19:30:00,0.14303,-0.0,0.306,-0.0,-0.306,4.91,-4.694,0.306,27.306,0.234,0,0,0,1,0,0
4495,2023-05-17 19:45:00,0.14303,-0.0,0.357,-0.0,-0.357,4.83,-4.643,0.357,27.357,0.234,0,0,0,1,0,0
4496,2023-05-17 20:00:00,0.14303,0.0,2.179,-0.0,-2.179,4.736,-2.821,2.179,29.179,0.234,0.0,0.0,0,1,0,0
4497,2023-05-17 20:15:00,0.14303,0.0,0.974,-0.0,-0.974,4.162,-4.026,0.974,27.974,0.234,0.0,0.0,0,1,0,0
4498,2023-05-17 20:30:00,0.14303,-0.0,1.049,-0.0,-1.049,3.906,-3.951,1.049,28.049,0.234,0,0,0,1,0,0
4499,2023-05-17 20:45:00,0.14303,0.0,0.64,-0.0,-0.64,3.63,-4.36,0.64,27.64,0.234,0.0,0.0,0,1,0,0
4500,2023-05-17 21:00:00,0.04369,0.0,0.666,-0.0,-0.666,3.462,-4.334,0.666,27.666,0.234,0.0,0.0,0,1,0,0
4501,2023-05-17 21:15:00,0.04369,0.0,0.777,-0.0,-0.777,3.287,-4.223,0.777,27.777,0.234,0.0,0.0,0,1,0,0
4502,2023-05-17 21:30:00,0.04369,-0.0,0.559,-0.0,-0.559,3.082,-4.441,0.559,27.559,0.234,0,0,0,1,0,0
4503,2023-05-17 21:45:00,0.04369,0.0,0.51,-0.0,-0.51,2.935,-4.49,0.51,27.51,0.234,0.0,0.0,0,1,0,0
4504,2023-05-17 22:00:00,0.04369,-0.0,0.593,-0.0,-0.593,2.801,-4.407,0.593,27.593,0.234,0,0,0,1,0,0
4505,2023-05-17 22:15:00,0.04369,0.0,0.374,-0.0,-0.374,2.645,-4.626,0.374,27.374,0.234,0.0,0.0,0,1,0,0
4506,2023-05-17 22:30:00,0.04369,-0.0,0.574,-0.0,-0.574,2.546,-4.426,0.574,27.574,0.234,0,0,0,1,0,0
4507,2023-05-17 22:45:00,0.04369,0.0,0.489,-0.0,-0.489,2.395,-4.511,0.489,27.489,0.234,0.0,0.0,0,1,0,0
4508,2023-05-17 23:00:00,0.04369,-0.0,0.29,-0.0,-0.29,2.267,-4.71,0.29,27.29,0.234,0,0,0,1,0,0
4509,2023-05-17 23:15:00,0.04369,0.0,0.268,-0.0,-0.268,2.19,-4.732,0.268,27.268,0.234,0.0,0.0,0,1,0,0
4510,2023-05-17 23:30:00,0.04369,-0.0,0.338,-0.0,-0.338,2.12,-4.662,0.338,27.338,0.234,0,0,0,1,0,0
4511,2023-05-17 23:45:00,0.04369,-0.0,0.352,-0.0,-0.352,2.031,-4.648,0.352,27.352,0.234,0,0,0,1,0,0
4512,2023-05-18 00:00:00,0.04369,0.0,0.208,-0.0,-0.208,1.938,-4.792,0.208,27.208,0.234,0.0,0.0,0,1,0,0
4513,2023-05-18 00:15:00,0.04369,-0.0,0.302,-0.0,-0.302,1.883,-4.698,0.302,27.302,0.234,0,0,0,1,0,0
4514,2023-05-18 00:30:00,0.04369,0.0,0.178,-0.0,-0.178,1.804,-4.822,0.178,27.178,0.234,0.0,0.0,0,1,0,0
4515,2023-05-18 00:45:00,0.04369,-0.0,0.215,-0.0,-0.215,1.757,-4.785,0.215,27.215,0.234,0,0,0,1,0,0
4516,2023-05-18 01:00:00,0.04369,-0.0,0.203,-0.0,-0.203,1.7,-4.797,0.203,27.203,0.234,0,0,0,1,0,0
4517,2023-05-18 01:15:00,0.04369,0.0,0.174,-0.0,-0.174,1.647,-4.826,0.174,27.174,0.234,0.0,0.0,0,1,0,0
4518,2023-05-18 01:30:00,0.04369,0.0,0.24,-0.0,-0.24,1.601,-4.76,0.24,27.24,0.234,0.0,0.0,0,1,0,0
4519,2023-05-18 01:45:00,0.04369,-0.0,0.185,-0.0,-0.185,1.538,-4.815,0.185,27.185,0.234,0,0,0,1,0,0
4520,2023-05-18 02:00:00,0.04369,-0.0,0.246,-0.0,-0.246,1.489,-4.754,0.246,27.246,0.234,0,0,0,1,0,0
4521,2023-05-18 02:15:00,0.04369,0.0,0.316,-0.0,-0.316,1.425,-4.684,0.316,27.316,0.234,0.0,0.0,0,1,0,0
4522,2023-05-18 02:30:00,0.04369,0.0,0.261,-0.0,-0.261,1.342,-4.739,0.261,27.261,0.234,0.0,0.0,0,1,0,0
4523,2023-05-18 02:45:00,0.04369,-0.0,0.345,-0.0,-0.345,1.273,-4.655,0.345,27.345,0.234,0,0,0,1,0,0
4524,2023-05-18 03:00:00,0.04369,-0.0,0.802,-0.0,-0.802,1.182,-4.198,0.802,27.802,0.234,0,0,0,1,0,0
4525,2023-05-18 03:15:00,0.04369,0.0,0.154,-0.0,-0.154,0.971,-4.846,0.154,27.154,0.234,0.0,0.0,0,1,0,0
4526,2023-05-18 03:30:00,0.04369,0.0,0.164,-0.0,-0.164,0.931,-4.836,0.164,27.164,0.234,0.0,0.0,0,1,0,0
4527,2023-05-18 03:45:00,0.04369,-0.0,0.153,-0.0,-0.153,0.888,-4.847,0.153,27.153,0.234,0,0,0,1,0,0
4528,2023-05-18 04:00:00,0.04369,-0.0,0.241,-0.0,-0.241,0.847,-4.759,0.241,27.241,0.234,0,0,0,1,0,0
4529,2023-05-18 04:15:00,0.04369,-0.0,0.167,-0.0,-0.167,0.784,-4.833,0.167,27.167,0.234,0,0,0,1,0,0
4530,2023-05-18 04:30:00,0.04369,0.0,0.23,-0.0,-0.23,0.74,-4.77,0.23,27.23,0.234,0.0,0.0,0,1,0,0
4531,2023-05-18 04:45:00,0.04369,0.0,0.27,-0.0,-0.27,0.679,-4.73,0.27,27.27,0.234,0.0,0.0,0,1,0,0
4532,2023-05-18 05:00:00,0.04369,-0.0,0.302,-0.0,-0.302,0.608,-4.698,0.302,27.302,0.234,0,0,0,1,0,0
4533,2023-05-18 05:15:00,0.04369,0.0,0.345,-0.0,-0.345,0.529,-4.655,0.345,27.345,0.234,0.0,0.0,0,1,0,0
4534,2023-05-18 05:30:00,0.04369,0.0,0.239,-0.005,-0.235,0.438,-4.765,0.235,27.235,0.234,0.0,0.0,0,1,0,0
4535,2023-05-18 05:45:00,0.04369,-0.0,0.266,-0.033,-0.232,0.376,-4.768,0.232,27.232,0.234,0,0,0,1,0,0
4536,2023-05-18 06:00:00,0.13076,0.0,0.297,-0.048,-0.249,0.315,-4.751,0.249,27.249,0.234,0.0,0.0,0,1,0,0
4537,2023-05-18 06:15:00,0.13076,-0.0,0.212,-0.087,-0.126,0.25,-4.874,0.126,27.126,0.234,0,0,0,1,0,0
4538,2023-05-18 06:30:00,0.13076,-0.0,0.262,-0.152,-0.11,0.217,-4.89,0.11,27.11,0.234,0,0,0,1,0,0
4539,2023-05-18 06:45:00,0.13076,0.0,0.261,-0.206,-0.056,0.188,-4.944,0.056,27.056,0.234,0.0,0.0,0,1,0,0
4540,2023-05-18 07:00:00,0.13076,-0.0,0.794,-0.274,-0.52,0.173,-4.48,0.52,27.52,0.234,0,0,0,1,0,0
4541,2023-05-18 07:15:00,0.13076,-0.0,0.484,-0.346,-0.138,0.036,-4.862,0.138,27.138,0.234,0,0,0,1,0,0
4542,2023-05-18 07:30:00,0.13076,-0.0,0.35,-0.661,0,0.0,-5.312,-0.312,26.377,0.234,0,0,0.312,1,1,0.312
4543,2023-05-18 07:45:00,0.13076,0.0,0.355,-0.484,0,0.0,-5.129,-0.129,26.743,0.16,0.0,0.0,0.129,1,1,0.129
4544,2023-05-18 08:00:00,0.13076,-0.0,0.324,-0.87,0,0.0,-5.545,-0.545,25.909,0.13,0,0,0.545,1,1,0.545
4545,2023-05-18 08:15:00,0.13076,1.042,0.276,-1.319,0,0.0,-6.042,-1.042,2.915,0,1.042,0.0,0,0,0,0
4546,2023-05-18 08:30:00,0.13076,1.884,0.244,-2.128,0,0.0,-6.884,-1.884,1.231,0,1.884,0.0,0,0,0,0
4547,2023-05-18 08:45:00,0.13076,2.103,0.221,-2.323,0,0.0,-7.103,-2.103,0.795,0,2.103,0.0,0,0,0,0
4548,2023-05-18 09:00:00,0.13076,2.016,0.25,-2.266,0,0.0,-7.016,-2.016,0.968,0,2.016,0.0,0,0,0,0
4549,2023-05-18 09:15:00,0.13076,2.868,0.215,-3.083,0,0.0,-7.868,-2.868,-0.737,0,2.868,0.0,0,0,0,0
4550,2023-05-18 09:30:00,0.13076,3.023,0.176,-3.199,0,0.0,-8.023,-3.023,-1.047,0,3.023,0.0,0,0,0,0
4551,2023-05-18 09:45:00,0.13076,3.65,0.262,-3.912,0,0.0,-8.65,-3.65,-2.301,0,3.65,0.0,0,0,0,0
4552,2023-05-18 10:00:00,0.13076,3.275,0.612,-3.886,0,0.0,-8.275,-3.275,-1.549,0,3.275,0.0,0,0,0,0
4553,2023-05-18 10:15:00,0.13076,4.308,0.542,-4.85,0,0.0,-9.308,-4.308,-3.615,0,4.308,0.0,0,0,0,0
4554,2023-05-18 10:30:00,0.13076,4.168,0.396,-5.118,0.554,0.0,-9.722,-4.722,-4.444,0,4.168,0.0,0,0,0,0
4555,2023-05-18 10:45:00,0.13076,1.644,0.274,-6.918,5.0,0.132,-11.644,-6.644,-6.644,0,1.644,0.0,0,0,0,0
4556,2023-05-18 11:00:00,0.13076,1.534,0.25,-6.784,5.0,1.319,-11.534,-6.534,-6.534,0,1.534,0.0,0,0,0,0
4557,2023-05-18 11:15:00,0.13076,0.0,0.246,-3.948,3.701,2.507,-8.701,-3.701,-2.402,0,0.0,0.0,0,0,0,0
4558,2023-05-18 11:30:00,0.13076,-0.0,0.435,-3.578,3.143,3.386,-8.143,-3.143,-1.285,0,0,0,0,0,0,0
4559,2023-05-18 11:45:00,0.13076,0.0,0.263,-1.271,1.009,4.132,-6.009,-1.009,2.983,0,0.0,0.0,0,0,0,0
4560,2023-05-18 12:00:00,0.13076,-0.0,0.238,-0.511,0.273,4.372,-5.273,-0.273,4.454,0,0,0,0,0,0,0
4561,2023-05-18 12:15:00,0.13076,-0.0,0.704,-2.571,1.867,4.436,-6.867,-1.867,1.266,0,0,0,0,0,0,0
4562,2023-05-18 12:30:00,0.13076,-0.035,9.652,-4.617,-5.0,4.88,0.035,5.035,10.035,0,0,0,0,0,0,0
4563,2023-05-18 12:45:00,0.13076,-0.0,0.604,-4.716,4.112,3.564,-9.112,-4.112,-3.225,0,0,0,0,0,0,0
4564,2023-05-18 13:00:00,0.13076,0.0,2.1,-3.319,1.219,4.541,-6.219,-1.219,2.562,0,0.0,0.0,0,0,0,0
4565,2023-05-18 13:15:00,0.13076,0.0,2.416,-0.789,-1.627,4.83,-3.373,1.627,6.627,0,0.0,0.0,0,0,0,0
4566,2023-05-18 13:30:00,0.13076,-0.0,1.113,-4.627,3.514,4.402,-8.514,-3.514,-2.028,0,0,0,0,0,0,0
4567,2023-05-18 13:45:00,0.13076,0.0,0.232,-3.2,2.969,5.237,-7.969,-2.969,-0.938,0,0.0,0.0,0,0,0,0
4568,2023-05-18 14:00:00,0.13076,-0.0,0.257,-0.449,0.192,5.942,-5.192,-0.192,4.615,0,0,0,0,0,0,0
4569,2023-05-18 14:15:00,0.13076,0.0,0.275,-3.171,2.896,5.987,-7.896,-2.896,-0.793,0,0.0,0.0,0,0,0,0
4570,2023-05-18 14:30:00,0.13076,-0.0,0.253,-3.511,3.258,6.675,-8.258,-3.258,-1.516,0,0,0,0,0,0,0
4571,2023-05-18 14:45:00,0.13076,0.0,0.489,-4.626,4.138,7.449,-9.138,-4.138,-3.275,0,0.0,0.0,0,0,0,0
4572,2023-05-18 15:00:00,0.13076,0.0,0.473,-2.571,2.098,8.432,-7.098,-2.098,0.804,0,0.0,0.0,0,0,0,0
4573,2023-05-18 15:15:00,0.13076,-0.0,0.46,-0.36,-0.1,8.93,-4.9,0.1,5.1,0,0,0,0,0,0,0
4574,2023-05-18 15:30:00,0.13076,0.0,0.485,-1.456,0.971,8.904,-5.971,-0.971,3.058,0,0.0,0.0,0,0,0,0
4575,2023-05-18 15:45:00,0.13076,0.0,0.458,-1.924,1.466,9.134,-6.466,-1.466,2.067,0,0.0,0.0,0,0,0,0
4576,2023-05-18 16:00:00,0.13076,-0.0,2.074,-1.991,-0.082,9.483,-4.918,0.082,5.082,0,0,0,0,0,0,0
4577,2023-05-18 16:15:00,0.13076,0.0,0.587,-1.41,0.822,9.461,-5.822,-0.822,3.355,0,0.0,0.0,0,0,0,0
4578,2023-05-18 16:30:00,0.13076,0.0,0.509,-1.48,0.971,9.656,-5.971,-0.971,3.058,0,0.0,0.0,0,0,0,0
4579,2023-05-18 16:45:00,0.13076,-0.0,1.26,-1.36,0.099,9.887,-5.099,-0.099,4.802,0,0,0,0,0,0,0
4580,2023-05-18 17:00:00,0.13076,0.0,0.63,-0.863,0.234,9.91,-5.234,-0.234,4.532,0,0.0,0.0,0,0,0,0
4581,2023-05-18 17:15:00,0.13076,-0.0,0.564,-0.675,0.111,9.966,-5.111,-0.111,4.777,0,0,0,0,0,0,0
4582,2023-05-18 17:30:00,0.13076,0.0,0.466,-0.498,0.032,9.992,-5.032,-0.032,4.936,0,0.0,0.0,0,0,0,0
4583,2023-05-18 17:45:00,0.13076,-0.0,0.503,-0.428,-0.075,10.0,-4.925,0.075,5.075,0,0,0,0,0,0,0
4584,2023-05-18 18:00:00,0.13076,0.0,0.496,-0.361,-0.135,9.98,-4.865,0.135,5.135,0,0.0,0.0,0,0,0,0
4585,2023-05-18 18:15:00,0.13076,-0.0,0.944,-0.17,-0.774,9.945,-4.226,0.774,5.774,0,0,0,0,0,0,0
4586,2023-05-18 18:30:00,0.13076,0.0,0.516,-0.214,-0.302,9.741,-4.698,0.302,5.302,0,0.0,0.0,0,0,0,0
4587,2023-05-18 18:45:00,0.13076,-0.0,0.405,-0.138,-0.267,9.661,-4.733,0.267,5.267,0,0,0,0,0,0,0
4588,2023-05-18 19:00:00,0.13076,-0.0,0.515,-0.0,-0.515,9.591,-4.485,0.515,5.515,0,0,0,0,0,0,0
4589,2023-05-18 19:15:00,0.13076,0.0,0.542,-0.0,-0.542,9.456,-4.458,0.542,27.542,6.925,0.0,0.0,0,1,0,0
4590,2023-05-18 19:30:00,0.13076,-0.0,0.516,-0.0,-0.516,9.313,-4.484,0.516,27.516,6.925,0,0,0,1,0,0
4591,2023-05-18 19:45:00,0.13076,-0.0,0.48,-0.0,-0.48,9.177,-4.52,0.48,27.48,6.925,0,0,0,1,0,0
4592,2023-05-18 20:00:00,0.13076,0.0,0.437,-0.0,-0.437,9.051,-4.563,0.437,27.437,6.925,0.0,0.0,0,1,0,0
4593,2023-05-18 20:15:00,0.13076,-0.0,1.803,-0.0,-1.803,8.936,-3.197,1.803,28.803,6.925,0,0,0,1,0,0
4594,2023-05-18 20:30:00,0.13076,-0.0,0.635,-0.0,-0.635,8.461,-4.365,0.635,27.635,6.925,0,0,0,1,0,0
4595,2023-05-18 20:45:00,0.13076,-0.0,1.056,-0.0,-1.056,8.294,-3.944,1.056,28.056,6.925,0,0,0,1,0,0
4596,2023-05-18 21:00:00,0.09678,0.0,0.603,-0.0,-0.603,8.016,-4.397,0.603,27.603,6.925,0.0,0.0,0,1,0,0
4597,2023-05-18 21:15:00,0.09678,-0.0,0.952,-0.0,-0.952,7.858,-4.048,0.952,27.952,6.925,0,0,0,1,0,0
4598,2023-05-18 21:30:00,0.09678,0.0,0.779,-0.0,-0.779,7.607,-4.221,0.779,27.779,6.925,0.0,0.0,0,1,0,0
4599,2023-05-18 21:45:00,0.09678,-0.0,0.724,-0.0,-0.724,7.402,-4.276,0.724,27.724,6.925,0,0,0,1,0,0
4600,2023-05-18 22:00:00,0.09678,0.0,0.695,-0.0,-0.695,7.212,-4.305,0.695,27.695,6.925,0.0,0.0,0,1,0,0
4601,2023-05-18 22:15:00,0.09678,0.0,0.707,-0.0,-0.707,7.029,-4.293,0.707,27.707,6.925,0.0,0.0,0,1,0,0
4602,2023-05-18 22:30:00,0.09678,-0.0,0.656,-0.0,-0.656,6.843,-4.344,0.656,27.656,6.925,0,0,0,1,0,0
4603,2023-05-18 22:45:00,0.09678,0.0,0.678,-0.0,-0.678,6.67,-4.322,0.678,27.678,6.925,0.0,0.0,0,1,0,0
4604,2023-05-18 23:00:00,0.09678,0.0,0.648,-0.0,-0.648,6.492,-4.352,0.648,27.648,6.925,0.0,0.0,0,1,0,0
4605,2023-05-18 23:15:00,0.09678,-0.0,0.708,-0.0,-0.708,6.321,-4.292,0.708,27.708,6.925,0,0,0,1,0,0
4606,2023-05-18 23:30:00,0.09678,-0.0,0.687,-0.0,-0.687,6.135,-4.313,0.687,27.687,6.925,0,0,0,1,0,0
4607,2023-05-18 23:45:00,0.09678,-0.0,0.63,-0.0,-0.63,5.954,-4.37,0.63,27.63,6.925,0,0,0,1,0,0
4608,2023-05-19 00:00:00,0.09678,0.0,0.56,-0.0,-0.56,5.788,-4.44,0.56,27.56,6.925,0.0,0.0,0,1,0,0
4609,2023-05-19 00:15:00,0.09678,-0.0,0.498,-0.0,-0.498,5.641,-4.502,0.498,27.498,6.925,0.0,-0.0,0,1,0,0
4610,2023-05-19 00:30:00,0.09678,0.0,0.465,-0.0,-0.465,5.51,-4.535,0.465,27.465,6.925,0.0,0.0,0,1,0,0
4611,2023-05-19 00:45:00,0.09678,0.0,0.565,-0.0,-0.565,5.388,-4.435,0.565,27.565,6.925,0.0,0.0,0,1,0,0
4612,2023-05-19 01:00:00,0.09678,-0.0,0.52,-0.0,-0.52,5.239,-4.48,0.52,27.52,6.925,0,0,0,1,0,0
4613,2023-05-19 01:15:00,0.09678,0.0,0.29,-0.0,-0.29,5.102,-4.71,0.29,27.29,6.925,0.0,0.0,0,1,0,0
4614,2023-05-19 01:30:00,0.09678,-0.0,0.457,-0.0,-0.457,5.026,-4.543,0.457,27.457,6.925,0,0,0,1,0,0
4615,2023-05-19 01:45:00,0.09678,-0.0,0.321,-0.0,-0.321,4.905,-4.679,0.321,27.321,6.925,0,0,0,1,0,0
4616,2023-05-19 02:00:00,0.09678,-0.0,0.289,-0.0,-0.289,4.821,-4.711,0.289,27.289,6.925,0,0,0,1,0,0
4617,2023-05-19 02:15:00,0.09678,0.0,0.278,-0.0,-0.278,4.745,-4.722,0.278,27.278,6.925,0.0,0.0,0,1,0,0
4618,2023-05-19 02:30:00,0.09678,0.0,0.332,-0.0,-0.332,4.672,-4.668,0.332,27.332,6.925,0.0,0.0,0,1,0,0
4619,2023-05-19 02:45:00,0.09678,-0.0,0.298,-0.0,-0.298,4.584,-4.702,0.298,27.298,6.925,0,0,0,1,0,0
4620,2023-05-19 03:00:00,0.09678,-0.0,0.304,-0.0,-0.304,4.506,-4.696,0.304,27.304,6.925,0,0,0,1,0,0
4621,2023-05-19 03:15:00,0.09678,0.0,0.25,-0.0,-0.25,4.426,-4.75,0.25,27.25,6.925,0.0,0.0,0,1,0,0
4622,2023-05-19 03:30:00,0.09678,-0.0,0.374,-0.0,-0.374,4.36,-4.626,0.374,27.374,6.925,0,0,0,1,0,0
4623,2023-05-19 03:45:00,0.09678,0.0,0.38,-0.0,-0.38,4.262,-4.62,0.38,27.38,6.925,0.0,0.0,0,1,0,0
4624,2023-05-19 04:00:00,0.09678,-0.0,0.284,-0.0,-0.284,4.162,-4.716,0.284,27.284,6.925,0,0,0,1,0,0
4625,2023-05-19 04:15:00,0.09678,-0.0,0.301,-0.0,-0.301,4.087,-4.699,0.301,27.301,6.925,0,0,0,1,0,0
4626,2023-05-19 04:30:00,0.09678,0.0,0.242,-0.0,-0.242,4.008,-4.758,0.242,27.242,6.925,0.0,0.0,0,1,0,0
4627,2023-05-19 04:45:00,0.09678,0.0,0.302,-0.0,-0.302,3.944,-4.698,0.302,27.302,6.925,0.0,0.0,0,1,0,0
4628,2023-05-19 05:00:00,0.09678,-0.0,0.338,-0.0,-0.338,3.865,-4.662,0.338,27.338,6.925,0,0,0,1,0,0
4629,2023-05-19 05:15:00,0.09678,-0.0,0.683,-0.0,-0.683,3.776,-4.317,0.683,27.683,6.925,0,0,0,1,0,0
4630,2023-05-19 05:30:00,0.09678,0.0,0.482,-0.0,-0.482,3.596,-4.518,0.482,27.482,6.925,0.0,0.0,0,1,0,0
4631,2023-05-19 05:45:00,0.09678,-0.0,0.273,-0.009,-0.273,3.47,-4.736,0.264,27.264,6.925,0,0,0.009,1,1,0.009
4632,2023-05-19 06:00:00,0.21883,0.001,0.249,-0.001,-0.249,3.398,-4.752,0.248,27.248,6.922,0.001,0.0,0,1,0,0
4633,2023-05-19 06:15:00,0.21883,-0.001,0.513,-0.005,-0.513,3.332,-4.492,0.508,27.508,6.922,0,0,0.006,1,1,0.006
4634,2023-05-19 06:30:00,0.21883,0.0,0.911,-0.061,-0.911,3.197,-4.15,0.85,27.85,6.921,0.0,0.0,0.061,1,1,0.061
4635,2023-05-19 06:45:00,0.21883,0.0,0.476,-0.044,-0.476,2.957,-4.568,0.432,27.432,6.906,0.0,0.0,0.044,1,1,0.044
4636,2023-05-19 07:00:00,0.21883,0.0,0.334,-0.041,-0.334,2.832,-4.707,0.293,27.293,6.896,0.0,0.0,0.041,1,1,0.041
4637,2023-05-19 07:15:00,0.21883,-0.0,0.289,-0.266,-0.289,2.744,-4.977,0.023,27.023,6.886,0,0,0.266,1,1,0.266
4638,2023-05-19 07:30:00,0.21883,0.0,0.294,-0.679,-0.294,2.668,-5.0,0.0,27.0,6.823,0.0,0.0,0.679,1,1,0.679
4639,2023-05-19 07:45:00,0.21883,-0.0,0.262,-0.952,-0.262,2.591,-5.0,0.0,27.0,6.662,0,0,0.952,1,1,0.952
4640,2023-05-19 08:00:00,0.21883,0.0,0.286,-0.835,-0.286,2.522,-5.0,0.0,27.0,6.435,0.0,0.0,0.835,1,1,0.835
4641,2023-05-19 08:15:00,0.21883,0.0,0.243,-0.994,0.751,2.447,-5.751,-0.751,3.497,0,0.0,0.0,0,0,0,0
4642,2023-05-19 08:30:00,0.21883,-0.0,0.298,-1.213,0.916,2.625,-5.916,-0.916,3.169,0,0,0,0,0,0,0
4643,2023-05-19 08:45:00,0.21883,-0.0,0.24,-1.026,0.786,2.843,-5.786,-0.786,3.428,0,0,0,0,0,0,0
4644,2023-05-19 09:00:00,0.21883,-0.0,0.32,-0.577,0.257,3.029,-5.257,-0.257,4.487,0,0,0,0,0,0,0
4645,2023-05-19 09:15:00,0.21883,0.0,0.357,-0.582,0.225,3.09,-5.225,-0.225,4.55,0,0.0,0.0,0,0,0,0
4646,2023-05-19 09:30:00,0.21883,-0.0,0.32,-0.57,0.25,3.144,-5.25,-0.25,4.5,0,0,0,0,0,0,0
4647,2023-05-19 09:45:00,0.21883,0.0,0.256,-0.362,0.106,3.203,-5.106,-0.106,4.788,0,0.0,0.0,0,0,0,0
4648,2023-05-19 10:00:00,0.21883,-0.0,0.269,-0.374,0.105,3.228,-5.105,-0.105,4.79,0,0,0,0,0,0,0
4649,2023-05-19 10:15:00,0.21883,-0.0,0.263,-0.3,0.037,3.253,-5.037,-0.037,4.927,0,0,0,0,0,0,0
4650,2023-05-19 10:30:00,0.21883,0.0,0.249,-1.058,0.809,3.262,-5.809,-0.809,3.382,0,0.0,0.0,0,0,0,0
4651,2023-05-19 10:45:00,0.21883,-0.0,0.251,-1.618,1.367,3.454,-6.367,-1.367,2.265,0,0,0,0,0,0,0
4652,2023-05-19 11:00:00,0.21883,0.0,0.309,-0.984,0.674,3.779,-5.674,-0.674,3.651,0,0.0,0.0,0,0,0,0
4653,2023-05-19 11:15:00,0.21883,0.0,0.309,-1.479,1.17,3.939,-6.17,-1.17,2.659,0,0.0,0.0,0,0,0,0
4654,2023-05-19 11:30:00,0.21883,-0.0,0.29,-1.499,1.209,4.217,-6.209,-1.209,2.582,0,0,0,0,0,0,0
4655,2023-05-19 11:45:00,0.21883,0.0,0.253,-1.018,0.765,4.504,-5.765,-0.765,3.471,0,0.0,0.0,0,0,0,0
4656,2023-05-19 12:00:00,0.21883,-0.0,0.473,-1.399,0.926,4.686,-5.926,-0.926,3.147,0,0,0,0,0,0,0
4657,2023-05-19 12:15:00,0.21883,0.0,2.671,-1.126,-1.545,4.906,-3.455,1.545,6.545,0,0.0,0.0,0,0,0,0
4658,2023-05-19 12:30:00,0.21883,-0.0,1.471,-1.857,0.386,4.499,-5.386,-0.386,4.227,0,0,0,0,0,0,0
4659,2023-05-19 12:45:00,0.21883,0.0,2.312,-0.833,-1.48,4.591,-3.52,1.48,6.48,0,0.0,0.0,0,0,0,0
4660,2023-05-19 13:00:00,0.21883,0.0,1.007,-1.199,0.192,4.202,-5.192,-0.192,4.616,0,0.0,0.0,0,0,0,0
4661,2023-05-19 13:15:00,0.21883,-0.0,0.709,-1.318,0.609,4.247,-5.609,-0.609,3.782,0,0,0,0,0,0,0
4662,2023-05-19 13:30:00,0.21883,0.0,0.549,-0.577,0.028,4.392,-5.028,-0.028,4.944,0,0.0,0.0,0,0,0,0
4663,2023-05-19 13:45:00,0.21883,0.0,0.527,-0.82,0.293,4.399,-5.293,-0.293,4.414,0,0.0,0.0,0,0,0,0
4664,2023-05-19 14:00:00,0.21883,-0.0,1.79,-0.851,-0.939,4.468,-4.061,0.939,5.939,0,0,0,0,0,0,0
4665,2023-05-19 14:15:00,0.21883,0.0,2.98,-1.023,-1.957,4.221,-3.043,1.957,6.957,0,0.0,0.0,0,0,0,0
4666,2023-05-19 14:30:00,0.21883,-0.0,0.952,-0.906,-0.046,3.706,-4.954,0.046,5.046,0,0,0,0,0,0,0
4667,2023-05-19 14:45:00,0.21883,0.0,0.697,-1.761,1.063,3.694,-6.063,-1.063,2.873,0,0.0,0.0,0,0,0,0
4668,2023-05-19 15:00:00,0.21883,-0.0,0.837,-1.448,0.611,3.947,-5.611,-0.611,3.778,0,0,0,0,0,0,0
4669,2023-05-19 15:15:00,0.21883,0.0,0.694,-1.278,0.584,4.092,-5.584,-0.584,3.831,0,0.0,0.0,0,0,0,0
4670,2023-05-19 15:30:00,0.21883,-0.0,0.712,-1.621,0.91,4.231,-5.91,-0.91,3.181,0,0,0,0,0,0,0
4671,2023-05-19 15:45:00,0.21883,0.0,0.452,-2.863,2.411,4.447,-7.411,-2.411,0.179,0,0.0,0.0,0,0,0,0
4672,2023-05-19 16:00:00,0.21883,-0.0,0.323,-2.743,2.42,5.019,-7.42,-2.42,0.16,0,0,0,0,0,0,0
4673,2023-05-19 16:15:00,0.21883,0.0,0.3,-1.9,1.6,5.594,-6.6,-1.6,1.8,0,0.0,0.0,0,0,0,0
4674,2023-05-19 16:30:00,0.21883,-0.0,0.267,-1.756,1.49,5.974,-6.49,-1.49,2.02,0,0,0,0,0,0,0
4675,2023-05-19 16:45:00,0.21883,-0.0,0.306,-1.724,-0.168,6.328,-5.0,0.0,27.0,13.835,0,0,1.585,1,1,1.585
4676,2023-05-19 17:00:00,0.21883,0.0,0.388,-1.491,0,6.284,-5.0,0.0,27.0,13.459,0.0,0.0,1.103,1,1,1.103
4677,2023-05-19 17:15:00,0.21883,0.0,0.529,-1.388,0,6.284,-5.0,0.0,27.0,13.197,0.0,0.0,0.859,1,1,0.859
4678,2023-05-19 17:30:00,0.21883,-0.0,0.502,-0.989,0,6.284,-5.0,0.0,27.0,12.993,0,0,0.486,1,1,0.486
4679,2023-05-19 17:45:00,0.21883,0.0,0.476,-0.853,0,6.284,-5.0,0.0,27.0,12.877,0.0,0.0,0.378,1,1,0.378
4680,2023-05-19 18:00:00,0.21883,-0.0,0.623,-0.622,-0.001,6.284,-4.999,0.001,27.001,12.787,0,0,0,1,0,0
4681,2023-05-19 18:15:00,0.21883,0.0,0.724,-0.375,-0.349,6.283,-4.651,0.349,27.349,12.787,0.0,0.0,0,1,0,0
4682,2023-05-19 18:30:00,0.21883,-0.0,0.887,-0.32,-0.568,6.191,-4.432,0.568,27.568,12.787,0,0,0,1,0,0
4683,2023-05-19 18:45:00,0.21883,0.0,0.702,-0.177,-0.525,6.042,-4.475,0.525,27.525,12.787,0.0,0.0,0,1,0,0
4684,2023-05-19 19:00:00,0.21883,0.0,0.987,-0.0,-0.987,5.904,-4.013,0.987,27.987,12.787,0.0,0.0,0,1,0,0
4685,2023-05-19 19:15:00,0.21883,-0.0,0.721,-0.0,-0.721,5.644,-4.279,0.721,27.721,12.787,0,0,0,1,0,0
4686,2023-05-19 19:30:00,0.21883,-0.0,0.533,-0.0,-0.533,5.454,-4.467,0.533,27.533,12.787,0,0,0,1,0,0
4687,2023-05-19 19:45:00,0.21883,-0.0,0.526,-0.0,-0.526,5.314,-4.474,0.526,27.526,12.787,0,0,0,1,0,0
4688,2023-05-19 20:00:00,0.21883,-0.0,1.034,-0.0,-1.034,5.176,-3.966,1.034,28.034,12.787,0,0,0,1,0,0
4689,2023-05-19 20:15:00,0.21883,0.0,0.862,-0.0,-0.862,4.903,-4.138,0.862,27.862,12.787,0.0,0.0,0,1,0,0
4690,2023-05-19 20:30:00,0.21883,0.0,0.875,-0.0,-0.875,4.677,-4.125,0.875,27.875,12.787,0.0,0.0,0,1,0,0
4691,2023-05-19 20:45:00,0.21883,0.0,0.795,-0.0,-0.795,4.446,-4.205,0.795,27.795,12.787,0.0,0.0,0,1,0,0
4692,2023-05-19 21:00:00,0.07151,0.0,1.057,-0.0,-1.057,4.237,-3.943,1.057,28.057,12.787,0.0,0.0,0,1,0,0
4693,2023-05-19 21:15:00,0.07151,-0.0,0.932,-0.0,-0.932,3.959,-4.068,0.932,27.932,12.787,0,0,0,1,0,0
4694,2023-05-19 21:30:00,0.07151,0.0,0.914,-0.0,-0.914,3.714,-4.086,0.914,27.914,12.787,0.0,0.0,0,1,0,0
4695,2023-05-19 21:45:00,0.07151,0.0,0.945,-0.0,-0.945,3.473,-4.055,0.945,27.945,12.787,0.0,0.0,0,1,0,0
4696,2023-05-19 22:00:00,0.07151,-0.0,0.774,-0.0,-0.774,3.225,-4.226,0.774,27.774,12.787,0,0,0,1,0,0
4697,2023-05-19 22:15:00,0.07151,0.0,0.723,-0.0,-0.723,3.021,-4.277,0.723,27.723,12.787,0.0,0.0,0,1,0,0
4698,2023-05-19 22:30:00,0.07151,-0.0,0.754,-0.0,-0.754,2.831,-4.246,0.754,27.754,12.787,0,0,0,1,0,0
4699,2023-05-19 22:45:00,0.07151,-0.0,0.641,-0.0,-0.641,2.632,-4.359,0.641,27.641,12.787,0,0,0,1,0,0
4700,2023-05-19 23:00:00,0.07151,0.0,0.653,-0.0,-0.653,2.463,-4.347,0.653,27.653,12.787,0.0,0.0,0,1,0,0
4701,2023-05-19 23:15:00,0.07151,-0.0,0.575,-0.0,-0.575,2.292,-4.425,0.575,27.575,12.787,0,0,0,1,0,0
4702,2023-05-19 23:30:00,0.07151,0.0,0.494,-0.0,-0.494,2.14,-4.506,0.494,27.494,12.787,0.0,0.0,0,1,0,0
4703,2023-05-19 23:45:00,0.07151,-0.0,0.324,-0.0,-0.324,2.01,-4.676,0.324,27.324,12.787,0,0,0,1,0,0
4704,2023-05-20 00:00:00,0.07151,0.0,0.358,-0.0,-0.358,1.925,-4.642,0.358,27.358,12.787,0.0,0.0,0,1,0,0
4705,2023-05-20 00:15:00,0.07151,0.0,0.298,-0.0,-0.298,1.831,-4.702,0.298,27.298,12.787,0.0,0.0,0,1,0,0
4706,2023-05-20 00:30:00,0.07151,-0.0,0.357,-0.0,-0.357,1.752,-4.643,0.357,27.357,12.787,0,0,0,1,0,0
4707,2023-05-20 00:45:00,0.07151,-0.0,0.299,-0.0,-0.299,1.658,-4.701,0.299,27.299,12.787,0,0,0,1,0,0
4708,2023-05-20 01:00:00,0.07151,0.0,0.339,-0.0,-0.339,1.58,-4.661,0.339,27.339,12.787,0.0,0.0,0,1,0,0
4709,2023-05-20 01:15:00,0.07151,-0.0,0.439,-0.0,-0.439,1.491,-4.561,0.439,27.439,12.787,0,0,0,1,0,0
4710,2023-05-20 01:30:00,0.07151,0.0,0.388,-0.0,-0.388,1.375,-4.612,0.388,27.388,12.787,0.0,0.0,0,1,0,0
4711,2023-05-20 01:45:00,0.07151,-0.0,0.409,-0.0,-0.409,1.273,-4.591,0.409,27.409,12.787,0,0,0,1,0,0
4712,2023-05-20 02:00:00,0.07151,-0.0,0.333,-0.0,-0.333,1.165,-4.667,0.333,27.333,12.787,0,0,0,1,0,0
4713,2023-05-20 02:15:00,0.07151,0.0,0.305,-0.0,-0.305,1.078,-4.695,0.305,27.305,12.787,0.0,0.0,0,1,0,0
4714,2023-05-20 02:30:00,0.07151,-0.0,0.363,-0.0,-0.363,0.997,-4.637,0.363,27.363,12.787,0,0,0,1,0,0
4715,2023-05-20 02:45:00,0.07151,0.0,0.367,-0.0,-0.367,0.902,-4.633,0.367,27.367,12.787,0.0,0.0,0,1,0,0
4716,2023-05-20 03:00:00,0.07151,-0.0,0.418,-0.0,-0.418,0.805,-4.582,0.418,27.418,12.787,0,0,0,1,0,0
4717,2023-05-20 03:15:00,0.07151,0.0,0.345,-0.0,-0.345,0.695,-4.655,0.345,27.345,12.787,0.0,0.0,0,1,0,0
4718,2023-05-20 03:30:00,0.07151,-0.0,0.334,-0.0,-0.334,0.604,-4.666,0.334,27.334,12.787,0,0,0,1,0,0
4719,2023-05-20 03:45:00,0.07151,-0.0,0.351,-0.0,-0.351,0.517,-4.649,0.351,27.351,12.787,0,0,0,1,0,0
4720,2023-05-20 04:00:00,0.07151,0.0,0.389,-0.0,-0.389,0.424,-4.611,0.389,27.389,12.787,0.0,0.0,0,1,0,0
4721,2023-05-20 04:15:00,0.07151,-0.0,0.429,-0.0,-0.429,0.322,-4.571,0.429,27.429,12.787,0,0,0,1,0,0
4722,2023-05-20 04:30:00,0.07151,0.0,0.476,-0.0,-0.476,0.209,-4.524,0.476,27.476,12.787,0.0,0.0,0,1,0,0
4723,2023-05-20 04:45:00,0.07151,0.0,0.267,-0.0,-0.267,0.084,-4.733,0.267,27.267,12.787,0.0,0.0,0,1,0,0
4724,2023-05-20 05:00:00,0.07151,-0.174,0.225,-0.0,-0.05,0.013,-4.775,0.225,27.225,12.787,0,0,0,1,0,0
4725,2023-05-20 05:15:00,0.07151,-0.121,0.183,-0.062,0,-0.0,-4.879,0.121,27.121,12.787,0,0,0,1,0,0
4726,2023-05-20 05:30:00,0.07151,-0.0,0.194,-0.217,0,-0.0,-5.0,0.0,27.0,12.787,0,0,0.023,1,1,0.023
4727,2023-05-20 05:45:00,0.07151,-0.0,0.227,-0.437,0,-0.0,-5.0,0.0,27.0,12.782,0,0,0.21,1,1,0.21
4728,2023-05-20 06:00:00,0.15921,0.0,0.247,-0.708,0,-0.0,-5.0,0.0,27.0,12.732,0.0,0.0,0.461,1,1,0.461
4729,2023-05-20 06:15:00,0.15921,0.0,0.319,-1.059,0,-0.0,-5.0,0.0,27.0,12.622,0.0,0.0,0.74,1,1,0.74
4730,2023-05-20 06:30:00,0.15921,-0.0,0.35,-1.451,0,-0.0,-5.0,0.0,27.0,12.447,0,0,1.102,1,1,1.102
4731,2023-05-20 06:45:00,0.15921,0.0,0.865,-1.871,0,-0.0,-5.0,0.0,27.0,12.185,0.0,0.0,1.006,1,1,1.006
4732,2023-05-20 07:00:00,0.15921,-0.0,0.739,-2.302,0,-0.0,-5.0,0.0,27.0,11.946,0,0,1.563,1,1,1.563
4733,2023-05-20 07:15:00,0.15921,0.0,0.479,-2.767,0,-0.0,-5.0,0.0,27.0,11.575,0.0,0.0,2.288,1,1,2.288
4734,2023-05-20 07:30:00,0.15921,-0.0,0.346,-3.227,0,-0.0,-5.0,0.0,27.0,11.032,0,0,2.881,1,1,2.881
4735,2023-05-20 07:45:00,0.15921,-0.0,0.305,-3.681,0,-0.0,-5.0,0.0,27.0,10.347,0,0,3.376,1,1,3.376
4736,2023-05-20 08:00:00,0.15921,0.0,0.281,-4.126,0,-0.0,-5.0,0.0,27.0,9.546,0.0,0.0,3.845,1,1,3.845
4737,2023-05-20 08:15:00,0.15921,4.282,0.294,-4.575,0,-0.0,-9.282,-4.282,-3.563,0,4.282,0.0,0,0,0,0
4738,2023-05-20 08:30:00,0.15921,4.722,0.306,-5.028,0,-0.0,-9.722,-4.722,-4.444,0,4.722,0.0,0,0,0,0
4739,2023-05-20 08:45:00,0.15921,5.083,0.341,-5.424,0,-0.0,-10.083,-5.083,-5.083,0,5.083,0.0,0,0,0,0
4740,2023-05-20 09:00:00,0.15921,5.408,0.385,-5.793,0,-0.0,-10.408,-5.408,-5.408,0,5.408,0.0,0,0,0,0
4741,2023-05-20 09:15:00,0.15921,5.84,0.324,-6.164,0,-0.0,-10.84,-5.84,-5.84,0,5.84,0.0,0,0,0,0
4742,2023-05-20 09:30:00,0.15921,6.228,0.294,-6.522,0,-0.0,-11.228,-6.228,-6.228,0,6.228,0.0,0,0,0,0
4743,2023-05-20 09:45:00,0.15921,5.79,0.858,-6.648,0,-0.0,-10.79,-5.79,-5.79,0,5.79,0.0,0,0,0,0
4744,2023-05-20 10:00:00,0.15921,6.683,0.454,-7.137,0,-0.0,-11.683,-6.683,-6.683,0,6.683,0.0,0,0,0,0
4745,2023-05-20 10:15:00,0.15921,6.853,0.494,-7.347,0,-0.0,-11.853,-6.853,-6.853,0,6.853,0.0,0,0,0,0
4746,2023-05-20 10:30:00,0.15921,7.01,0.66,-7.67,0,-0.0,-12.01,-7.01,-7.01,0,7.01,0.0,0,0,0,0
4747,2023-05-20 10:45:00,0.15921,7.336,0.48,-7.817,0,-0.0,-12.336,-7.336,-7.336,0,7.336,0.0,0,0,0,0
4748,2023-05-20 11:00:00,0.15921,7.623,0.413,-8.036,0,-0.0,-12.623,-7.623,-7.623,0,7.623,0.0,0,0,0,0
4749,2023-05-20 11:15:00,0.15921,7.761,0.433,-8.194,0,-0.0,-12.761,-7.761,-7.761,0,7.761,0.0,0,0,0,0
4750,2023-05-20 11:30:00,0.15921,7.807,0.508,-8.315,0,-0.0,-12.807,-7.807,-7.807,0,7.807,0.0,0,0,0,0
4751,2023-05-20 11:45:00,0.15921,7.943,0.52,-8.463,0,-0.0,-12.943,-7.943,-7.943,0,7.943,0.0,0,0,0,0
4752,2023-05-20 12:00:00,0.15921,7.968,0.594,-8.563,0,-0.0,-12.968,-7.968,-7.968,0,7.968,0.0,0,0,0,0
4753,2023-05-20 12:15:00,0.15921,8.128,0.509,-8.638,0,-0.0,-13.128,-8.128,-8.128,0,8.128,0.0,0,0,0,0
4754,2023-05-20 12:30:00,0.15921,6.191,0.603,-6.794,0,-0.0,-11.191,-6.191,-6.191,0,6.191,0.0,0,0,0,0
4755,2023-05-20 12:45:00,0.15921,8.373,0.521,-8.894,0,-0.0,-13.373,-8.373,-8.373,0,8.373,0.0,0,0,0,0
4756,2023-05-20 13:00:00,0.15921,5.459,1.019,-6.478,0,-0.0,-10.459,-5.459,-5.459,0,5.459,0.0,0,0,0,0
4757,2023-05-20 13:15:00,0.15921,7.402,0.44,-7.842,0,-0.0,-12.402,-7.402,-7.402,0,7.402,0.0,0,0,0,0
4758,2023-05-20 13:30:00,0.15921,2.084,0.261,-4.889,2.544,-0.0,-9.628,-4.628,-4.256,0,2.084,0.0,0,0,0,0
4759,2023-05-20 13:45:00,0.15921,-0.0,0.31,-4.871,4.561,0.604,-9.561,-4.561,-4.122,0,0,0,0,0,0,0
4760,2023-05-20 14:00:00,0.15921,2.176,0.325,-7.501,5.0,1.688,-12.176,-7.176,-7.176,0,2.176,0.0,0,0,0,0
4761,2023-05-20 14:15:00,0.15921,1.644,0.352,-6.997,5.0,2.875,-11.644,-6.644,-6.644,0,1.644,0.0,0,0,0,0
4762,2023-05-20 14:30:00,0.15921,1.987,0.551,-7.539,5.0,4.062,-11.987,-6.987,-6.987,0,1.987,0.0,0,0,0,0
4763,2023-05-20 14:45:00,0.15921,2.311,0.397,-7.708,5.0,5.25,-12.311,-7.311,-7.311,0,2.311,0.0,0,0,0,0
4764,2023-05-20 15:00:00,0.15921,1.801,0.48,-7.282,5.0,6.438,-11.801,-6.801,-6.801,0,1.801,0.0,0,0,0,0
4765,2023-05-20 15:15:00,0.15921,1.098,0.565,-6.664,5.0,7.625,-11.098,-6.098,-6.098,0,1.098,0.0,0,0,0,0
4766,2023-05-20 15:30:00,0.15921,0.66,0.504,-6.163,5.0,8.812,-10.66,-5.66,-5.66,0,0.66,0.0,0,0,0,0
4767,2023-05-20 15:45:00,0.15921,-0.0,0.519,-4.236,-0.519,10.0,-5.0,0.0,27.0,19.356,0,0,4.236,1,1,4.236
4768,2023-05-20 16:00:00,0.15921,0.0,1.013,-3.8,-1.013,9.863,-5.0,0.0,27.0,18.35,0.0,0.0,3.8,1,1,3.8
4769,2023-05-20 16:15:00,0.15921,-0.0,0.719,-4.286,-0.719,9.597,-5.0,0.0,27.0,17.447,0,0,4.286,1,1,4.286
4770,2023-05-20 16:30:00,0.15921,-0.0,0.513,-2.688,-0.513,9.408,-5.0,0.0,27.0,16.429,0,0,2.688,1,1,2.688
4771,2023-05-20 16:45:00,0.15921,0.0,0.799,-1.071,-0.799,9.273,-5.0,0.0,27.0,15.791,0.0,0.0,1.071,1,1,1.071
4772,2023-05-20 17:00:00,0.15921,-0.0,0.774,-1.534,-0.774,9.062,-5.0,0.0,27.0,15.536,0,0,1.534,1,1,1.534
4773,2023-05-20 17:15:00,0.15921,0.0,0.607,-1.26,-0.607,8.859,-5.0,0.0,27.0,15.172,0.0,0.0,1.26,1,1,1.26
4774,2023-05-20 17:30:00,0.15921,-0.0,0.538,-0.818,-0.538,8.699,-5.0,0.0,27.0,14.873,0,0,0.818,1,1,0.818
4775,2023-05-20 17:45:00,0.15921,0.0,0.591,-0.893,-0.591,8.557,-5.0,0.0,27.0,14.678,0.0,0.0,0.893,1,1,0.893
4776,2023-05-20 18:00:00,0.15921,-0.0,0.585,-0.567,-0.585,8.402,-4.982,0.018,27.018,14.466,0,0,0.567,1,1,0.567
4777,2023-05-20 18:15:00,0.15921,0.0,0.573,-0.484,-0.573,8.248,-4.911,0.089,27.089,14.331,0.0,0.0,0.484,1,1,0.484
4778,2023-05-20 18:30:00,0.15921,-0.0,0.553,-0.371,-0.553,8.097,-4.819,0.181,27.181,14.216,0,0,0.371,1,1,0.371
4779,2023-05-20 18:45:00,0.15921,0.0,0.651,-0.194,-0.651,7.951,-4.543,0.457,27.457,14.128,0.0,0.0,0.194,1,1,0.194
4780,2023-05-20 19:00:00,0.15921,-0.0,1.11,-0.0,-1.11,7.78,-3.89,1.11,28.11,14.082,0,0,0,1,0,0
4781,2023-05-20 19:15:00,0.15921,0.0,0.607,-0.0,-0.607,7.488,-4.393,0.607,27.607,14.082,0.0,0.0,0,1,0,0
4782,2023-05-20 19:30:00,0.15921,-0.0,0.671,-0.0,-0.671,7.328,-4.329,0.671,27.671,14.082,0,0,0,1,0,0
4783,2023-05-20 19:45:00,0.15921,0.0,0.591,-0.0,-0.591,7.152,-4.409,0.591,27.591,14.082,0.0,0.0,0,1,0,0
4784,2023-05-20 20:00:00,0.15921,-0.0,0.559,-0.0,-0.559,6.996,-4.441,0.559,27.559,14.082,0,0,0,1,0,0
4785,2023-05-20 20:15:00,0.15921,-0.0,0.627,-0.0,-0.627,6.849,-4.373,0.627,27.627,14.082,0,0,0,1,0,0
4786,2023-05-20 20:30:00,0.15921,0.0,0.649,-0.0,-0.649,6.684,-4.351,0.649,27.649,14.082,0.0,0.0,0,1,0,0
4787,2023-05-20 20:45:00,0.15921,0.0,0.613,-0.0,-0.613,6.513,-4.387,0.613,27.613,14.082,0.0,0.0,0,1,0,0
4788,2023-05-20 21:00:00,0.08128,0.0,0.469,-0.0,-0.469,6.352,-4.531,0.469,27.469,14.082,0.0,0.0,0,1,0,0
4789,2023-05-20 21:15:00,0.08128,-0.0,0.519,-0.0,-0.519,6.228,-4.481,0.519,27.519,14.082,0,0,0,1,0,0
4790,2023-05-20 21:30:00,0.08128,-0.0,0.625,-0.0,-0.625,6.091,-4.375,0.625,27.625,14.082,0,0,0,1,0,0
4791,2023-05-20 21:45:00,0.08128,0.0,0.527,-0.0,-0.527,5.927,-4.473,0.527,27.527,14.082,0.0,0.0,0,1,0,0
4792,2023-05-20 22:00:00,0.08128,0.0,0.637,-0.0,-0.637,5.788,-4.363,0.637,27.637,14.082,0.0,0.0,0,1,0,0
4793,2023-05-20 22:15:00,0.08128,-0.0,0.578,-0.0,-0.578,5.621,-4.422,0.578,27.578,14.082,0,0,0,1,0,0
4794,2023-05-20 22:30:00,0.08128,-0.0,0.546,-0.0,-0.546,5.469,-4.454,0.546,27.546,14.082,0,0,0,1,0,0
4795,2023-05-20 22:45:00,0.08128,0.0,0.598,-0.0,-0.598,5.325,-4.402,0.598,27.598,14.082,0.0,0.0,0,1,0,0
4796,2023-05-20 23:00:00,0.08128,-0.0,0.513,-0.0,-0.513,5.168,-4.487,0.513,27.513,14.082,0,0,0,1,0,0
4797,2023-05-20 23:15:00,0.08128,0.0,0.694,-0.0,-0.694,5.033,-4.306,0.694,27.694,14.082,0.0,0.0,0,1,0,0
4798,2023-05-20 23:30:00,0.08128,0.0,0.876,-0.0,-0.876,4.85,-4.124,0.876,27.876,14.082,0.0,0.0,0,1,0,0
4799,2023-05-20 23:45:00,0.08128,-0.0,0.54,-0.0,-0.54,4.619,-4.46,0.54,27.54,14.082,0,0,0,1,0,0
4800,2023-05-21 00:00:00,0.08128,0.0,0.575,-0.0,-0.575,4.477,-4.425,0.575,27.575,14.082,0.0,0.0,0,1,0,0
4801,2023-05-21 00:15:00,0.08128,-0.0,0.434,-0.0,-0.434,4.326,-4.566,0.434,27.434,14.082,0,0,0,1,0,0
4802,2023-05-21 00:30:00,0.08128,0.0,0.432,-0.0,-0.432,4.212,-4.568,0.432,27.432,14.082,0.0,0.0,0,1,0,0
4803,2023-05-21 00:45:00,0.08128,-0.0,0.37,-0.0,-0.37,4.098,-4.63,0.37,27.37,14.082,0,0,0,1,0,0
4804,2023-05-21 01:00:00,0.08128,-0.0,0.332,-0.0,-0.332,4.001,-4.668,0.332,27.332,14.082,0,0,0,1,0,0
4805,2023-05-21 01:15:00,0.08128,0.0,0.402,-0.0,-0.402,3.913,-4.598,0.402,27.402,14.082,0.0,0.0,0,1,0,0
4806,2023-05-21 01:30:00,0.08128,0.0,0.337,-0.0,-0.337,3.807,-4.663,0.337,27.337,14.082,0.0,0.0,0,1,0,0
4807,2023-05-21 01:45:00,0.08128,-0.0,0.397,-0.0,-0.397,3.719,-4.603,0.397,27.397,14.082,0,0,0,1,0,0
4808,2023-05-21 02:00:00,0.08128,-0.0,0.329,-0.0,-0.329,3.614,-4.671,0.329,27.329,14.082,0,0,0,1,0,0
4809,2023-05-21 02:15:00,0.08128,0.0,0.315,-0.0,-0.315,3.528,-4.685,0.315,27.315,14.082,0.0,0.0,0,1,0,0
4810,2023-05-21 02:30:00,0.08128,-0.0,1.199,-0.0,-1.199,3.445,-3.801,1.199,28.199,14.082,0,0,0,1,0,0
4811,2023-05-21 02:45:00,0.08128,-0.0,1.288,-0.0,-1.288,3.129,-3.712,1.288,28.288,14.082,0,0,0,1,0,0
4812,2023-05-21 03:00:00,0.08128,0.0,0.246,-0.0,-0.246,2.79,-4.754,0.246,27.246,14.082,0.0,0.0,0,1,0,0
4813,2023-05-21 03:15:00,0.08128,0.0,0.236,-0.0,-0.236,2.726,-4.764,0.236,27.236,14.082,0.0,0.0,0,1,0,0
4814,2023-05-21 03:30:00,0.08128,-0.0,0.172,-0.0,-0.172,2.664,-4.828,0.172,27.172,14.082,0,0,0,1,0,0
4815,2023-05-21 03:45:00,0.08128,0.0,0.204,-0.0,-0.204,2.618,-4.796,0.204,27.204,14.082,0.0,0.0,0,1,0,0
4816,2023-05-21 04:00:00,0.08128,0.0,0.144,-0.0,-0.144,2.565,-4.856,0.144,27.144,14.082,0.0,0.0,0,1,0,0
4817,2023-05-21 04:15:00,0.08128,-0.0,0.118,-0.0,-0.118,2.527,-4.882,0.118,27.118,14.082,0,0,0,1,0,0
4818,2023-05-21 04:30:00,0.08128,0.0,0.187,-0.0,-0.187,2.496,-4.813,0.187,27.187,14.082,0.0,0.0,0,1,0,0
4819,2023-05-21 04:45:00,0.08128,-0.0,0.193,-0.0,-0.193,2.446,-4.807,0.193,27.193,14.082,0,0,0,1,0,0
4820,2023-05-21 05:00:00,0.08128,-0.0,0.24,-0.0,-0.24,2.396,-4.76,0.24,27.24,14.082,0,0,0,1,0,0
4821,2023-05-21 05:15:00,0.08128,-0.0,0.171,-0.071,-0.171,2.332,-4.901,0.099,27.099,14.082,0,0,0.071,1,1,0.071
4822,2023-05-21 05:30:00,0.08128,-0.0,0.205,-0.232,-0.205,2.287,-5.0,0.0,27.0,14.065,0,0,0.232,1,1,0.232
4823,2023-05-21 05:45:00,0.08128,-0.0,0.168,-0.268,-0.168,2.233,-5.0,0.0,27.0,14.01,0,0,0.268,1,1,0.268
4824,2023-05-21 06:00:00,0.14611,0.0,0.196,-0.259,-0.196,2.189,-5.0,0.0,27.0,13.947,0.0,0.0,0.259,1,1,0.259
4825,2023-05-21 06:15:00,0.14611,-0.0,0.834,-0.175,-0.834,2.138,-4.341,0.659,27.659,13.885,0,0,0.175,1,1,0.175
4826,2023-05-21 06:30:00,0.14611,0.0,1.033,-0.162,-1.033,1.918,-4.129,0.871,27.871,13.844,0.0,0.0,0.162,1,1,0.162
4827,2023-05-21 06:45:00,0.14611,-0.0,0.428,-0.102,-0.428,1.647,-4.674,0.326,27.326,13.805,0,0,0.102,1,1,0.102
4828,2023-05-21 07:00:00,0.14611,-0.0,0.457,-0.271,-0.457,1.534,-4.814,0.186,27.186,13.781,0,0,0.271,1,1,0.271
4829,2023-05-21 07:15:00,0.14611,-0.0,0.403,-0.489,-0.403,1.414,-5.0,0.0,27.0,13.716,0,0,0.489,1,1,0.489
4830,2023-05-21 07:30:00,0.14611,0.0,0.388,-0.774,-0.388,1.307,-5.0,0.0,27.0,13.6,0.0,0.0,0.774,1,1,0.774
4831,2023-05-21 07:45:00,0.14611,-0.0,0.486,-1.897,-0.486,1.205,-5.0,0.0,27.0,13.416,0,0,1.897,1,1,1.897
4832,2023-05-21 08:00:00,0.14611,0.0,0.23,-4.258,-0.23,1.077,-5.0,0.0,27.0,12.966,0.0,0.0,4.258,1,1,4.258
4833,2023-05-21 08:15:00,0.14611,-0.0,0.397,-4.762,-3.865,1.017,-5.0,0.0,27.0,11.954,0,0,8.229,1,1,8.229
4834,2023-05-21 08:30:00,0.14611,0.0,0.305,-4.986,0,0.0,-5.0,0.0,27.0,10.0,0.0,0.0,4.68,1,1,4.68
4835,2023-05-21 08:45:00,0.14611,5.265,0.343,-5.608,0,0.0,-10.265,-5.265,-5.265,0,5.265,0.0,0,0,0,0
4836,2023-05-21 09:00:00,0.14611,5.703,0.278,-5.981,0,0.0,-10.703,-5.703,-5.703,0,5.703,0.0,0,0,0,0
4837,2023-05-21 09:15:00,0.14611,6.205,0.275,-6.479,0,0.0,-11.205,-6.205,-6.205,0,6.205,0.0,0,0,0,0
4838,2023-05-21 09:30:00,0.14611,6.269,0.326,-6.595,0,0.0,-11.269,-6.269,-6.269,0,6.269,0.0,0,0,0,0
4839,2023-05-21 09:45:00,0.14611,6.575,0.322,-6.897,0,0.0,-11.575,-6.575,-6.575,0,6.575,0.0,0,0,0,0
4840,2023-05-21 10:00:00,0.14611,7.269,0.167,-7.436,0,0.0,-12.269,-7.269,-7.269,0,7.269,0.0,0,0,0,0
4841,2023-05-21 10:15:00,0.14611,7.542,0.168,-7.71,0,0.0,-12.542,-7.542,-7.542,0,7.542,0.0,0,0,0,0
4842,2023-05-21 10:30:00,0.14611,7.69,0.246,-7.935,0,0.0,-12.69,-7.69,-7.69,0,7.69,0.0,0,0,0,0
4843,2023-05-21 10:45:00,0.14611,7.888,0.397,-8.284,0,0.0,-12.888,-7.888,-7.888,0,7.888,0.0,0,0,0,0
4844,2023-05-21 11:00:00,0.14611,8.103,0.443,-8.546,0,0.0,-13.103,-8.103,-8.103,0,8.103,0.0,0,0,0,0
4845,2023-05-21 11:15:00,0.14611,7.821,0.89,-8.711,0,0.0,-12.821,-7.821,-7.821,0,7.821,0.0,0,0,0,0
4846,2023-05-21 11:30:00,0.14611,8.327,0.374,-8.7,0,0.0,-13.327,-8.327,-8.327,0,8.327,0.0,0,0,0,0
4847,2023-05-21 11:45:00,0.14611,8.484,0.407,-8.891,0,0.0,-13.484,-8.484,-8.484,0,8.484,0.0,0,0,0,0
4848,2023-05-21 12:00:00,0.14611,8.766,0.306,-9.072,0,0.0,-13.766,-8.766,-8.766,0,8.766,0.0,0,0,0,0
4849,2023-05-21 12:15:00,0.14611,8.624,0.491,-9.115,0,0.0,-13.624,-8.624,-8.624,0,8.624,0.0,0,0,0,0
4850,2023-05-21 12:30:00,0.14611,7.625,1.447,-9.072,0,0.0,-12.625,-7.625,-7.625,0,7.625,0.0,0,0,0,0
4851,2023-05-21 12:45:00,0.14611,8.6,0.467,-9.067,0,0.0,-13.6,-8.6,-8.6,0,8.6,0.0,0,0,0,0
4852,2023-05-21 13:00:00,0.14611,8.559,0.431,-8.99,0,0.0,-13.559,-8.559,-8.559,0,8.559,0.0,0,0,0,0
4853,2023-05-21 13:15:00,0.14611,7.772,1.241,-9.013,0,0.0,-12.772,-7.772,-7.772,0,7.772,0.0,0,0,0,0
4854,2023-05-21 13:30:00,0.14611,6.039,2.805,-8.844,0,0.0,-11.039,-6.039,-6.039,0,6.039,0.0,0,0,0,0
4855,2023-05-21 13:45:00,0.14611,4.31,3.449,-8.66,0.901,0.0,-10.211,-5.211,-5.211,0,4.31,0.0,0,0,0,0
4856,2023-05-21 14:00:00,0.14611,0.0,5.285,-8.327,3.042,0.214,-8.042,-3.042,-1.084,0,0.0,0.0,0,0,0,0
4857,2023-05-21 14:15:00,0.14611,2.469,0.543,-8.012,5.0,0.937,-12.469,-7.469,-7.469,0,2.469,0.0,0,0,0,0
4858,2023-05-21 14:30:00,0.14611,2.129,0.641,-7.769,5.0,2.124,-12.129,-7.129,-7.129,0,2.129,0.0,0,0,0,0
4859,2023-05-21 14:45:00,0.14611,0.0,0.606,-5.55,4.945,3.312,-9.945,-4.945,-4.89,0,0.0,0.0,0,0,0,0
4860,2023-05-21 15:00:00,0.14611,-0.0,0.859,-2.995,2.136,4.486,-7.136,-2.136,0.729,0,0,0,0,0,0,0
4861,2023-05-21 15:15:00,0.14611,0.0,0.847,-3.633,2.787,4.993,-7.787,-2.787,-0.573,0,0.0,0.0,0,0,0,0
4862,2023-05-21 15:30:00,0.14611,-0.0,0.396,-3.247,2.851,5.655,-7.851,-2.851,-0.702,0,0,0,0,0,0,0
4863,2023-05-21 15:45:00,0.14611,-0.0,0.365,-3.973,3.608,6.332,-8.608,-3.608,-2.215,0,0,0,0,0,0,0
4864,2023-05-21 16:00:00,0.14611,0.0,0.374,-5.294,4.92,7.189,-9.92,-4.92,-4.84,0,0.0,0.0,0,0,0,0
4865,2023-05-21 16:15:00,0.14611,0.0,0.314,-4.192,3.878,8.357,-8.878,-3.878,-2.756,0,0.0,0.0,0,0,0,0
4866,2023-05-21 16:30:00,0.14611,-0.0,0.346,-3.385,3.038,9.278,-8.038,-3.038,-1.076,0,0,0,0,0,0,0
4867,2023-05-21 16:45:00,0.14611,-0.0,0.484,-2.636,-0.484,10.0,-5.0,0.0,27.0,17.431,0,0,2.636,1,1,2.636
4868,2023-05-21 17:00:00,0.14611,-0.0,0.475,-2.0,-0.475,9.873,-5.0,0.0,27.0,16.805,0,0,2.0,1,1,2.0
4869,2023-05-21 17:15:00,0.14611,-0.0,0.372,-1.387,-0.372,9.748,-5.0,0.0,27.0,16.33,0,0,1.387,1,1,1.387
4870,2023-05-21 17:30:00,0.14611,0.0,0.361,-0.971,-0.361,9.65,-5.0,0.0,27.0,16.0,0.0,0.0,0.971,1,1,0.971
4871,2023-05-21 17:45:00,0.14611,-0.0,0.378,-0.927,-0.378,9.555,-5.0,0.0,27.0,15.77,0,0,0.927,1,1,0.927
4872,2023-05-21 18:00:00,0.14611,0.0,0.403,-0.921,-0.403,9.455,-5.0,0.0,27.0,15.55,0.0,0.0,0.921,1,1,0.921
4873,2023-05-21 18:15:00,0.14611,-0.0,0.688,-0.814,-0.688,9.349,-5.0,0.0,27.0,15.331,0,0,0.814,1,1,0.814
4874,2023-05-21 18:30:00,0.14611,-0.0,0.752,-0.503,-0.752,9.168,-4.751,0.249,27.249,15.138,0,0,0.503,1,1,0.503
4875,2023-05-21 18:45:00,0.14611,0.0,2.879,-0.119,-2.879,8.97,-2.24,2.76,29.76,15.018,0.0,0.0,0.119,1,1,0.119
4876,2023-05-21 19:00:00,0.14611,-0.0,0.237,-0.0,-0.237,8.213,-4.763,0.237,27.237,14.99,0,0,0,1,0,0
4877,2023-05-21 19:15:00,0.14611,0.0,0.586,-0.0,-0.586,8.15,-4.414,0.586,27.586,14.99,0.0,0.0,0,1,0,0
4878,2023-05-21 19:30:00,0.14611,0.0,0.37,-0.0,-0.37,7.996,-4.63,0.37,27.37,14.99,0.0,0.0,0,1,0,0
4879,2023-05-21 19:45:00,0.14611,0.0,0.117,-0.0,-0.117,7.899,-4.883,0.117,27.117,14.99,0.0,0.0,0,1,0,0
4880,2023-05-21 20:00:00,0.14611,-0.0,0.16,-0.0,-0.16,7.868,-4.84,0.16,27.16,14.99,0,0,0,1,0,0
4881,2023-05-21 20:15:00,0.14611,-0.0,0.151,-0.0,-0.151,7.826,-4.849,0.151,27.151,14.99,0,0,0,1,0,0
4882,2023-05-21 20:30:00,0.14611,-0.0,0.47,-0.0,-0.47,7.786,-4.53,0.47,27.47,14.99,0,0,0,1,0,0
4883,2023-05-21 20:45:00,0.14611,-0.0,0.32,-0.0,-0.32,7.662,-4.68,0.32,27.32,14.99,0,0,0,1,0,0
4884,2023-05-21 21:00:00,0.06358,0.0,0.262,-0.0,-0.262,7.578,-4.738,0.262,27.262,14.99,0.0,0.0,0,1,0,0
4885,2023-05-21 21:15:00,0.06358,0.0,0.678,-0.0,-0.678,7.509,-4.322,0.678,27.678,14.99,0.0,0.0,0,1,0,0
4886,2023-05-21 21:30:00,0.06358,-0.0,0.644,-0.0,-0.644,7.331,-4.356,0.644,27.644,14.99,0,0,0,1,0,0
4887,2023-05-21 21:45:00,0.06358,0.0,0.675,-0.0,-0.675,7.161,-4.325,0.675,27.675,14.99,0.0,0.0,0,1,0,0
4888,2023-05-21 22:00:00,0.06358,0.0,0.442,-0.0,-0.442,6.984,-4.558,0.442,27.442,14.99,0.0,0.0,0,1,0,0
4889,2023-05-21 22:15:00,0.06358,-0.0,0.426,-0.0,-0.426,6.867,-4.574,0.426,27.426,14.99,0,0,0,1,0,0
4890,2023-05-21 22:30:00,0.06358,0.0,0.348,-0.0,-0.348,6.755,-4.652,0.348,27.348,14.99,0.0,0.0,0,1,0,0
4891,2023-05-21 22:45:00,0.06358,0.0,0.346,-0.0,-0.346,6.664,-4.654,0.346,27.346,14.99,0.0,0.0,0,1,0,0
4892,2023-05-21 23:00:00,0.06358,-0.0,0.336,-0.0,-0.336,6.573,-4.664,0.336,27.336,14.99,0,0,0,1,0,0
4893,2023-05-21 23:15:00,0.06358,0.0,0.339,-0.0,-0.339,6.484,-4.661,0.339,27.339,14.99,0.0,0.0,0,1,0,0
4894,2023-05-21 23:30:00,0.06358,-0.0,0.369,-0.0,-0.369,6.395,-4.631,0.369,27.369,14.99,0,0,0,1,0,0
4895,2023-05-21 23:45:00,0.06358,0.0,0.41,-0.0,-0.41,6.298,-4.59,0.41,27.41,14.99,0.0,0.0,0,1,0,0
4896,2023-05-22 00:00:00,0.06358,0.0,0.499,-0.0,-0.499,6.19,-4.501,0.499,27.499,14.99,0.0,0.0,0,1,0,0
4897,2023-05-22 00:15:00,0.06358,-0.0,0.389,-0.0,-0.389,6.059,-4.611,0.389,27.389,14.99,0,0,0,1,0,0
4898,2023-05-22 00:30:00,0.06358,-0.0,0.541,-0.0,-0.541,5.957,-4.459,0.541,27.541,14.99,0,0,0,1,0,0
4899,2023-05-22 00:45:00,0.06358,0.0,0.478,-0.0,-0.478,5.814,-4.522,0.478,27.478,14.99,0.0,0.0,0,1,0,0
4900,2023-05-22 01:00:00,0.06358,0.0,0.454,-0.0,-0.454,5.688,-4.546,0.454,27.454,14.99,0.0,0.0,0,1,0,0
4901,2023-05-22 01:15:00,0.06358,-0.0,0.504,-0.0,-0.504,5.569,-4.496,0.504,27.504,14.99,0,0,0,1,0,0
4902,2023-05-22 01:30:00,0.06358,0.0,0.402,-0.0,-0.402,5.436,-4.598,0.402,27.402,14.99,0.0,0.0,0,1,0,0
4903,2023-05-22 01:45:00,0.06358,0.0,0.367,-0.0,-0.367,5.33,-4.633,0.367,27.367,14.99,0.0,0.0,0,1,0,0
4904,2023-05-22 02:00:00,0.06358,0.0,0.345,-0.0,-0.345,5.234,-4.655,0.345,27.345,14.99,0.0,0.0,0,1,0,0
4905,2023-05-22 02:15:00,0.06358,-0.0,0.348,-0.0,-0.348,5.143,-4.652,0.348,27.348,14.99,0,0,0,1,0,0
4906,2023-05-22 02:30:00,0.06358,-0.0,0.415,-0.0,-0.415,5.051,-4.585,0.415,27.415,14.99,0,0,0,1,0,0
4907,2023-05-22 02:45:00,0.06358,0.0,0.303,-0.0,-0.303,4.942,-4.697,0.303,27.303,14.99,0.0,0.0,0,1,0,0
4908,2023-05-22 03:00:00,0.06358,-0.0,0.364,-0.0,-0.364,4.862,-4.636,0.364,27.364,14.99,0,0,0,1,0,0
4909,2023-05-22 03:15:00,0.06358,0.0,0.295,-0.0,-0.295,4.767,-4.705,0.295,27.295,14.99,0.0,0.0,0,1,0,0
4910,2023-05-22 03:30:00,0.06358,-0.0,0.375,-0.0,-0.375,4.689,-4.625,0.375,27.375,14.99,0,0,0,1,0,0
4911,2023-05-22 03:45:00,0.06358,-0.0,0.301,-0.0,-0.301,4.59,-4.699,0.301,27.301,14.99,0,0,0,1,0,0
4912,2023-05-22 04:00:00,0.06358,0.0,0.319,-0.0,-0.319,4.511,-4.681,0.319,27.319,14.99,0.0,0.0,0,1,0,0
4913,2023-05-22 04:15:00,0.06358,-0.0,0.325,-0.0,-0.325,4.427,-4.675,0.325,27.325,14.99,0,0,0,1,0,0
4914,2023-05-22 04:30:00,0.06358,-0.0,0.242,-0.0,-0.242,4.342,-4.758,0.242,27.242,14.99,0,0,0,1,0,0
4915,2023-05-22 04:45:00,0.06358,0.0,0.424,-0.0,-0.424,4.278,-4.576,0.424,27.424,14.99,0.0,0.0,0,1,0,0
4916,2023-05-22 05:00:00,0.06358,0.0,0.375,-0.0,-0.375,4.167,-4.625,0.375,27.375,14.99,0.0,0.0,0,1,0,0
4917,2023-05-22 05:15:00,0.06358,0.0,0.251,-0.0,-0.251,4.068,-4.749,0.251,27.251,14.99,0.0,0.0,0,1,0,0
4918,2023-05-22 05:30:00,0.06358,0.0,0.195,-0.052,-0.195,4.002,-4.858,0.142,27.142,14.99,0.0,0.0,0.052,1,1,0.052
4919,2023-05-22 05:45:00,0.06358,-0.0,0.206,-0.137,-0.206,3.951,-4.931,0.069,27.069,14.978,0,0,0.137,1,1,0.137
4920,2023-05-22 06:00:00,0.17009,0.0,0.2,-0.302,-0.2,3.896,-5.0,0.0,27.0,14.945,0.0,0.0,0.302,1,1,0.302
4921,2023-05-22 06:15:00,0.17009,-0.0,0.128,-0.504,-0.128,3.844,-5.0,0.0,27.0,14.873,0,0,0.504,1,1,0.504
4922,2023-05-22 06:30:00,0.17009,0.0,0.162,-0.769,-0.162,3.81,-5.0,0.0,27.0,14.754,0.0,0.0,0.769,1,1,0.769
4923,2023-05-22 06:45:00,0.17009,-0.0,0.168,-0.922,-0.168,3.768,-5.0,0.0,27.0,14.571,0,0,0.922,1,1,0.922
4924,2023-05-22 07:00:00,0.17009,0.0,0.188,-1.017,-0.188,3.723,-5.0,0.0,27.0,14.352,0.0,0.0,1.017,1,1,1.017
4925,2023-05-22 07:15:00,0.17009,-0.0,0.237,-1.022,-0.237,3.674,-5.0,0.0,27.0,14.111,0,0,1.022,1,1,1.022
4926,2023-05-22 07:30:00,0.17009,0.0,0.16,-1.228,-0.16,3.612,-5.0,0.0,27.0,13.868,0.0,0.0,1.228,1,1,1.228
4927,2023-05-22 07:45:00,0.17009,-0.0,0.239,-1.333,-1.049,3.57,-5.0,0.0,27.0,13.576,0,0,2.143,1,1,2.143
4928,2023-05-22 08:00:00,0.17009,0.0,0.211,-1.434,-5.0,3.293,-5.0,0.0,27.0,13.067,0.0,0.0,6.222,1,1,6.222
4929,2023-05-22 08:15:00,0.17009,-0.0,0.12,-1.812,-5.0,1.978,-5.0,0.0,27.0,11.589,0,0,6.692,1,1,6.692
4930,2023-05-22 08:30:00,0.17009,0.0,0.169,-2.517,-2.515,0.662,-5.0,0.0,27.0,10.0,0.0,0.0,4.863,1,1,4.863
4931,2023-05-22 08:45:00,0.17009,3.707,0.174,-3.881,0,0.0,-8.707,-3.707,-2.414,0,3.707,0.0,0,0,0,0
4932,2023-05-22 09:00:00,0.17009,4.081,0.176,-4.257,0,0.0,-9.081,-4.081,-3.161,0,4.081,0.0,0,0,0,0
4933,2023-05-22 09:15:00,0.17009,3.116,0.134,-3.25,0,0.0,-8.116,-3.116,-1.231,0,3.116,0.0,0,0,0,0
4934,2023-05-22 09:30:00,0.17009,3.708,0.214,-3.922,0,0.0,-8.708,-3.708,-2.416,0,3.708,0.0,0,0,0,0
4935,2023-05-22 09:45:00,0.17009,4.609,0.234,-4.843,0,0.0,-9.609,-4.609,-4.219,0,4.609,0.0,0,0,0,0
4936,2023-05-22 10:00:00,0.17009,6.27,0.205,-6.474,0,0.0,-11.27,-6.27,-6.27,0,6.27,0.0,0,0,0,0
4937,2023-05-22 10:15:00,0.17009,7.993,0.203,-8.196,0,0.0,-12.993,-7.993,-7.993,0,7.993,0.0,0,0,0,0
4938,2023-05-22 10:30:00,0.17009,5.177,0.217,-5.394,0,0.0,-10.177,-5.177,-5.177,0,5.177,0.0,0,0,0,0
4939,2023-05-22 10:45:00,0.17009,6.532,0.657,-7.189,0,0.0,-11.532,-6.532,-6.532,0,6.532,0.0,0,0,0,0
4940,2023-05-22 11:00:00,0.17009,5.612,0.402,-6.015,0,0.0,-10.612,-5.612,-5.612,0,5.612,0.0,0,0,0,0
4941,2023-05-22 11:15:00,0.17009,4.124,0.202,-4.326,0,0.0,-9.124,-4.124,-3.248,0,4.124,0.0,0,0,0,0
4942,2023-05-22 11:30:00,0.17009,5.33,0.239,-5.57,0,0.0,-10.33,-5.33,-5.33,0,5.33,0.0,0,0,0,0
4943,2023-05-22 11:45:00,0.17009,3.774,0.453,-4.227,0,0.0,-8.774,-3.774,-2.548,0,3.774,0.0,0,0,0,0
4944,2023-05-22 12:00:00,0.17009,3.383,0.641,-4.025,0,0.0,-8.383,-3.383,-1.766,0,3.383,0.0,0,0,0,0
4945,2023-05-22 12:15:00,0.17009,4.052,0.54,-4.593,0,0.0,-9.052,-4.052,-3.105,0,4.052,0.0,0,0,0,0
4946,2023-05-22 12:30:00,0.17009,4.439,0.541,-4.98,0,0.0,-9.439,-4.439,-3.877,0,4.439,0.0,0,0,0,0
4947,2023-05-22 12:45:00,0.17009,4.388,0.634,-5.022,0,0.0,-9.388,-4.388,-3.776,0,4.388,0.0,0,0,0,0
4948,2023-05-22 13:00:00,0.17009,4.76,0.807,-5.567,0,0.0,-9.76,-4.76,-4.52,0,4.76,0.0,0,0,0,0
4949,2023-05-22 13:15:00,0.17009,6.996,0.833,-7.829,0,0.0,-11.996,-6.996,-6.996,0,6.996,0.0,0,0,0,0
4950,2023-05-22 13:30:00,0.17009,7.085,0.731,-7.816,0,0.0,-12.085,-7.085,-7.085,0,7.085,0.0,0,0,0,0
4951,2023-05-22 13:45:00,0.17009,3.412,2.333,-5.745,0,0.0,-8.412,-3.412,-1.824,0,3.412,0.0,0,0,0,0
4952,2023-05-22 14:00:00,0.17009,4.071,0.748,-4.82,0,0.0,-9.071,-4.071,-3.143,0,4.071,0.0,0,0,0,0
4953,2023-05-22 14:15:00,0.17009,5.359,0.981,-7.229,0.889,0.0,-11.248,-6.248,-6.248,0,5.359,0.0,0,0,0,0
4954,2023-05-22 14:30:00,0.17009,2.107,1.413,-8.521,5.0,0.211,-12.107,-7.107,-7.107,0,2.107,0.0,0,0,0,0
4955,2023-05-22 14:45:00,0.17009,1.192,0.847,-7.039,5.0,1.399,-11.192,-6.192,-6.192,0,1.192,0.0,0,0,0,0
4956,2023-05-22 15:00:00,0.17009,0.033,0.439,-5.473,5.0,2.586,-10.033,-5.033,-5.033,0,0.033,0.0,0,0,0,0
4957,2023-05-22 15:15:00,0.17009,0.109,0.945,-6.053,5.0,3.774,-10.109,-5.109,-5.109,0,0.109,0.0,0,0,0,0
4958,2023-05-22 15:30:00,0.17009,0.0,0.647,-3.866,3.219,4.961,-8.219,-3.219,-1.438,0,0.0,0.0,0,0,0,0
4959,2023-05-22 15:45:00,0.17009,-0.0,0.466,-5.424,4.958,5.726,-9.958,-4.958,-4.916,0,0,0,0,0,0,0
4960,2023-05-22 16:00:00,0.17009,-0.0,0.541,-3.32,2.778,6.903,-7.778,-2.778,-0.557,0,0,0,0,0,0,0
4961,2023-05-22 16:15:00,0.17009,0.0,0.497,-2.567,2.069,7.563,-7.069,-2.069,0.861,0,0.0,0.0,0,0,0,0
4962,2023-05-22 16:30:00,0.17009,0.0,0.626,-3.652,3.026,8.055,-8.026,-3.026,-1.052,0,0.0,0.0,0,0,0,0
4963,2023-05-22 16:45:00,0.17009,0.0,0.634,-2.484,1.85,8.773,-6.85,-1.85,1.3,0,0.0,0.0,0,0,0,0
4964,2023-05-22 17:00:00,0.17009,-0.0,0.542,-1.701,1.158,9.213,-6.158,-1.158,2.684,0,0,0,0,0,0,0
4965,2023-05-22 17:15:00,0.17009,0.0,0.595,-1.702,1.107,9.488,-6.107,-1.107,2.787,0,0.0,0.0,0,0,0,0
4966,2023-05-22 17:30:00,0.17009,-0.0,0.456,-1.434,0.978,9.751,-5.978,-0.978,3.045,0,0,0,0,0,0,0
4967,2023-05-22 17:45:00,0.17009,0.0,0.838,-0.91,0.072,9.983,-5.072,-0.072,4.856,0,0.0,0.0,0,0,0,0
4968,2023-05-22 18:00:00,0.17009,-0.0,0.827,-0.755,-0.071,10.0,-4.929,0.071,5.071,0,0,0,0,0,0,0
4969,2023-05-22 18:15:00,0.17009,-0.0,0.703,-0.765,-0.703,9.981,-5.0,0.0,27.0,17.636,0,0,0.765,1,1,0.765
4970,2023-05-22 18:30:00,0.17009,0.0,1.173,-0.418,-1.173,9.796,-4.245,0.755,27.755,17.454,0.0,0.0,0.418,1,1,0.418
4971,2023-05-22 18:45:00,0.17009,0.0,1.996,-0.243,-1.996,9.488,-3.246,1.754,28.754,17.355,0.0,0.0,0.243,1,1,0.243
4972,2023-05-22 19:00:00,0.17009,0.0,4.268,-0.0,-4.268,8.962,-0.732,4.268,31.268,17.297,0.0,0.0,0,1,0,0
4973,2023-05-22 19:15:00,0.17009,-0.0,1.775,-0.0,-1.775,7.839,-3.225,1.775,28.775,17.297,0,0,0,1,0,0
4974,2023-05-22 19:30:00,0.17009,0.0,0.692,-0.0,-0.692,7.372,-4.308,0.692,27.692,17.297,0.0,0.0,0,1,0,0
4975,2023-05-22 19:45:00,0.17009,0.0,0.554,-0.0,-0.554,7.19,-4.446,0.554,27.554,17.297,0.0,0.0,0,1,0,0
4976,2023-05-22 20:00:00,0.17009,0.0,0.458,-0.0,-0.458,7.044,-4.542,0.458,27.458,17.297,0.0,0.0,0,1,0,0
4977,2023-05-22 20:15:00,0.17009,-0.0,1.598,-0.0,-1.598,6.923,-3.402,1.598,28.598,17.297,0,0,0,1,0,0
4978,2023-05-22 20:30:00,0.17009,-0.0,0.544,-0.0,-0.544,6.503,-4.456,0.544,27.544,17.297,0,0,0,1,0,0
4979,2023-05-22 20:45:00,0.17009,-0.0,0.39,-0.0,-0.39,6.36,-4.61,0.39,27.39,17.297,0,0,0,1,0,0
4980,2023-05-22 21:00:00,0.05267,0.0,0.322,-0.0,-0.322,6.257,-4.678,0.322,27.322,17.297,0.0,0.0,0,1,0,0
4981,2023-05-22 21:15:00,0.05267,0.0,0.365,-0.0,-0.365,6.172,-4.635,0.365,27.365,17.297,0.0,0.0,0,1,0,0
4982,2023-05-22 21:30:00,0.05267,0.0,0.361,-0.0,-0.361,6.076,-4.639,0.361,27.361,17.297,0.0,0.0,0,1,0,0
4983,2023-05-22 21:45:00,0.05267,-0.0,0.348,-0.0,-0.348,5.981,-4.652,0.348,27.348,17.297,0,0,0,1,0,0
4984,2023-05-22 22:00:00,0.05267,0.0,0.368,-0.0,-0.368,5.89,-4.632,0.368,27.368,17.297,0.0,0.0,0,1,0,0
4985,2023-05-22 22:15:00,0.05267,-0.0,0.402,-0.0,-0.402,5.793,-4.598,0.402,27.402,17.297,0,0,0,1,0,0
4986,2023-05-22 22:30:00,0.05267,0.0,0.353,-0.0,-0.353,5.687,-4.647,0.353,27.353,17.297,0.0,0.0,0,1,0,0
4987,2023-05-22 22:45:00,0.05267,-0.0,0.329,-0.0,-0.329,5.594,-4.671,0.329,27.329,17.297,0,0,0,1,0,0
4988,2023-05-22 23:00:00,0.05267,-0.0,0.302,-0.0,-0.302,5.507,-4.698,0.302,27.302,17.297,0,0,0,1,0,0
4989,2023-05-22 23:15:00,0.05267,0.0,0.35,-0.0,-0.35,5.428,-4.65,0.35,27.35,17.297,0.0,0.0,0,1,0,0
4990,2023-05-22 23:30:00,0.05267,0.0,0.501,-0.0,-0.501,5.336,-4.499,0.501,27.501,17.297,0.0,0.0,0,1,0,0
4991,2023-05-22 23:45:00,0.05267,-0.0,0.345,-0.0,-0.345,5.204,-4.655,0.345,27.345,17.297,0,0,0,1,0,0
4992,2023-05-23 00:00:00,0.05267,-0.128,0.378,-0.0,-0.251,5.113,-4.622,0.378,27.378,17.297,0,0,0,1,0,0
4993,2023-05-23 00:15:00,0.05267,-0.343,0.343,-0.0,0,5.047,-4.657,0.343,27.343,17.297,0,0,0,1,0,0
4994,2023-05-23 00:30:00,0.05267,-0.343,0.343,-0.0,0,5.047,-4.657,0.343,27.343,17.297,0,0,0,1,0,0
4995,2023-05-23 00:45:00,0.05267,-0.325,0.325,-0.0,0,5.047,-4.675,0.325,27.325,17.297,0,0,0,1,0,0
4996,2023-05-23 01:00:00,0.05267,-0.35,0.35,-0.0,0,5.047,-4.65,0.35,27.35,17.297,0,0,0,1,0,0
4997,2023-05-23 01:15:00,0.05267,-0.329,0.329,-0.0,0,5.047,-4.671,0.329,27.329,17.297,0,0,0,1,0,0
4998,2023-05-23 01:30:00,0.05267,-0.316,0.316,-0.0,0,5.047,-4.684,0.316,27.316,17.297,0,0,0,1,0,0
4999,2023-05-23 01:45:00,0.05267,-0.446,0.446,-0.0,0,5.047,-4.554,0.446,27.446,17.297,0,0,0,1,0,0
5000,2023-05-23 02:00:00,0.05267,-0.427,0.427,-0.0,0,5.047,-4.573,0.427,27.427,17.297,0,0,0,1,0,0
5001,2023-05-23 02:15:00,0.05267,-0.631,0.631,-0.0,0,5.047,-4.369,0.631,27.631,17.297,0,0,0,1,0,0
5002,2023-05-23 02:30:00,0.05267,-0.538,0.538,-0.0,0,5.047,-4.462,0.538,27.538,17.297,0,0,0,1,0,0
5003,2023-05-23 02:45:00,0.05267,-0.507,0.507,-0.0,0,5.047,-4.493,0.507,27.507,17.297,0,0,0,1,0,0
5004,2023-05-23 03:00:00,0.05267,-0.471,0.471,-0.0,0,5.047,-4.529,0.471,27.471,17.297,0,0,0,1,0,0
5005,2023-05-23 03:15:00,0.05267,-0.971,0.971,-0.0,0,5.047,-4.029,0.971,27.971,17.297,0,0,0,1,0,0
5006,2023-05-23 03:30:00,0.05267,-1.235,1.235,-0.0,0,5.047,-3.765,1.235,28.235,17.297,0,0,0,1,0,0
5007,2023-05-23 03:45:00,0.05267,-0.387,0.387,-0.0,0,5.047,-4.613,0.387,27.387,17.297,0,0,0,1,0,0
5008,2023-05-23 04:00:00,0.05267,-0.406,0.406,-0.0,0,5.047,-4.594,0.406,27.406,17.297,0,0,0,1,0,0
5009,2023-05-23 04:15:00,0.05267,-0.459,0.459,-0.0,0,5.047,-4.541,0.459,27.459,17.297,0,0,0,1,0,0
5010,2023-05-23 04:30:00,0.05267,-0.484,0.484,-0.0,0,5.047,-4.516,0.484,27.484,17.297,0,0,0,1,0,0
5011,2023-05-23 04:45:00,0.05267,-0.669,0.669,-0.0,0,5.047,-4.331,0.669,27.669,17.297,0,0,0,1,0,0
5012,2023-05-23 05:00:00,0.05267,-1.949,1.949,-0.0,0,5.047,-3.051,1.949,28.949,17.297,0,0,0,1,0,0
5013,2023-05-23 05:15:00,0.05267,-0.778,0.778,-0.096,0,5.047,-4.317,0.683,27.683,17.297,0,0,0.096,1,1,0.096
5014,2023-05-23 05:30:00,0.05267,-1.072,1.072,-0.207,0,5.047,-4.134,0.866,27.866,17.274,0,0,0.207,1,1,0.207
5015,2023-05-23 05:45:00,0.05267,-2.045,2.045,-0.439,0,5.047,-3.394,1.606,28.606,17.225,0,0,0.439,1,1,0.439
5016,2023-05-23 06:00:00,0.23242,-0.0,3.309,-0.799,-3.309,5.047,-2.49,2.51,29.51,17.121,0,0,0.799,1,1,0.799
5017,2023-05-23 06:15:00,0.23242,0.0,2.684,-1.168,-2.684,4.176,-3.484,1.516,28.516,16.931,0.0,0.0,1.168,1,1,1.168
5018,2023-05-23 06:30:00,0.23242,-0.0,3.459,-1.592,-3.459,3.47,-3.133,1.867,28.867,16.654,0,0,1.592,1,1,1.592
5019,2023-05-23 06:45:00,0.23242,-0.0,1.123,-2.024,-1.123,2.56,-5.0,0.0,27.0,16.276,0,0,2.024,1,1,2.024
5020,2023-05-23 07:00:00,0.23242,0.0,1.133,-2.467,-1.133,2.264,-5.0,0.0,27.0,15.795,0.0,0.0,2.467,1,1,2.467
5021,2023-05-23 07:15:00,0.23242,-0.0,1.284,-2.959,-1.284,1.966,-5.0,0.0,27.0,15.209,0,0,2.959,1,1,2.959
5022,2023-05-23 07:30:00,0.23242,0.0,1.162,-3.462,-1.162,1.628,-5.0,0.0,27.0,14.507,0.0,0.0,3.462,1,1,3.462
5023,2023-05-23 07:45:00,0.23242,-0.0,0.93,-3.958,-0.93,1.322,-5.0,0.0,27.0,13.684,0,0,3.958,1,1,3.958
5024,2023-05-23 08:00:00,0.23242,0.0,0.913,-4.449,-0.913,1.078,-5.0,0.0,27.0,12.744,0.0,0.0,4.449,1,1,4.449
5025,2023-05-23 08:15:00,0.23242,-0.0,1.034,-4.959,-3.182,0.837,-5.0,0.0,27.0,11.688,0,0,7.106,1,1,7.106
5026,2023-05-23 08:30:00,0.23242,4.471,0.928,-5.399,0,0.0,-5.0,0.0,27.0,10.0,4.471,0.0,0,1,0,0
5027,2023-05-23 08:45:00,0.23242,4.627,1.009,-5.636,0,0.0,-9.627,-4.627,-4.254,0,4.627,0.0,0,0,0,0
5028,2023-05-23 09:00:00,0.23242,3.743,1.784,-5.526,0,0.0,-8.743,-3.743,-2.485,0,3.743,0.0,0,0,0,0
5029,2023-05-23 09:15:00,0.23242,3.025,1.06,-4.085,0,0.0,-8.025,-3.025,-1.05,0,3.025,0.0,0,0,0,0
5030,2023-05-23 09:30:00,0.23242,3.61,0.516,-4.126,0,0.0,-8.61,-3.61,-2.219,0,3.61,0.0,0,0,0,0
5031,2023-05-23 09:45:00,0.23242,0.607,2.026,-2.632,0,0.0,-5.607,-0.607,3.787,0,0.607,0.0,0,0,0,0
5032,2023-05-23 10:00:00,0.23242,1.467,2.843,-4.31,0,0.0,-6.467,-1.467,2.066,0,1.467,0.0,0,0,0,0
5033,2023-05-23 10:15:00,0.23242,0.917,0.957,-1.874,0,0.0,-5.917,-0.917,3.165,0,0.917,0.0,0,0,0,0
5034,2023-05-23 10:30:00,0.23242,1.537,0.65,-2.188,0,0.0,-6.537,-1.537,1.925,0,1.537,0.0,0,0,0,0
5035,2023-05-23 10:45:00,0.23242,0.471,0.646,-1.116,0,0.0,-5.471,-0.471,4.059,0,0.471,0.0,0,0,0,0
5036,2023-05-23 11:00:00,0.23242,1.499,0.456,-1.955,0,0.0,-6.499,-1.499,2.002,0,1.499,0.0,0,0,0,0
5037,2023-05-23 11:15:00,0.23242,3.799,1.152,-4.952,0,0.0,-8.799,-3.799,-2.599,0,3.799,0.0,0,0,0,0
5038,2023-05-23 11:30:00,0.23242,1.58,1.383,-2.962,0,0.0,-6.58,-1.58,1.841,0,1.58,0.0,0,0,0,0
5039,2023-05-23 11:45:00,0.23242,8.275,0.85,-9.126,0,0.0,-13.275,-8.275,-8.275,0,8.275,0.0,0,0,0,0
5040,2023-05-23 12:00:00,0.23242,6.679,0.692,-7.372,0,0.0,-11.679,-6.679,-6.679,0,6.679,0.0,0,0,0,0
5041,2023-05-23 12:15:00,0.23242,0.241,0.63,-1.449,0.578,0.0,-5.819,-0.819,3.362,0,0.241,0.0,0,0,0,0
5042,2023-05-23 12:30:00,0.23242,-0.0,1.194,-0.673,-0.521,0.137,-4.479,0.521,5.521,0,0,0,0,0,0,0
5043,2023-05-23 12:45:00,0.23242,0.792,1.346,-2.138,0,0.0,-5.792,-0.792,3.416,0,0.792,0.0,0,0,0,0
5044,2023-05-23 13:00:00,0.23242,4.446,0.765,-5.211,0,0.0,-9.446,-4.446,-3.892,0,4.446,0.0,0,0,0,0
5045,2023-05-23 13:15:00,0.23242,6.299,0.583,-6.883,0,0.0,-11.299,-6.299,-6.299,0,6.299,0.0,0,0,0,0
5046,2023-05-23 13:30:00,0.23242,4.273,0.417,-4.69,0,0.0,-9.273,-4.273,-3.547,0,4.273,0.0,0,0,0,0
5047,2023-05-23 13:45:00,0.23242,5.536,0.653,-6.19,0,0.0,-10.536,-5.536,-5.536,0,5.536,0.0,0,0,0,0
5048,2023-05-23 14:00:00,0.23242,0.808,1.59,-2.398,0,0.0,-5.808,-0.808,3.383,0,0.808,0.0,0,0,0,0
5049,2023-05-23 14:15:00,0.23242,0.16,0.582,-0.742,0,0.0,-5.16,-0.16,4.681,0,0.16,0.0,0,0,0,0
5050,2023-05-23 14:30:00,0.23242,0.43,0.54,-0.97,0,0.0,-5.43,-0.43,4.141,0,0.43,0.0,0,0,0,0
5051,2023-05-23 14:45:00,0.23242,7.539,0.466,-8.098,0.093,0.0,-12.632,-7.632,-7.632,0,7.539,0.0,0,0,0,0
5052,2023-05-23 15:00:00,0.23242,1.74,0.476,-7.216,5.0,0.022,-11.74,-6.74,-6.74,0,1.74,0.0,0,0,0,0
5053,2023-05-23 15:15:00,0.23242,1.527,0.431,-6.958,5.0,1.209,-11.527,-6.527,-6.527,0,1.527,0.0,0,0,0,0
5054,2023-05-23 15:30:00,0.23242,-0.0,0.468,-3.572,3.104,2.397,-8.104,-3.104,-1.209,0,0,0,0,0,0,0
5055,2023-05-23 15:45:00,0.23242,0.0,0.691,-2.815,2.123,3.134,-7.123,-2.123,0.754,0,0.0,0.0,0,0,0,0
5056,2023-05-23 16:00:00,0.23242,0.0,0.63,-1.594,0.965,3.639,-5.965,-0.965,3.071,0,0.0,0.0,0,0,0,0
5057,2023-05-23 16:15:00,0.23242,-0.0,0.484,-2.505,2.021,3.868,-7.021,-2.021,0.959,0,0,0,0,0,0,0
5058,2023-05-23 16:30:00,0.23242,0.0,0.355,-2.721,2.366,4.348,-5.0,0.0,27.0,14.357,0.0,0.0,0,1,0,0
5059,2023-05-23 16:45:00,0.23242,-0.0,0.358,-2.206,1.848,4.909,-5.0,0.0,27.0,14.357,0,0,0,1,0,0
5060,2023-05-23 17:00:00,0.23242,-0.0,0.364,-0.796,0.432,5.348,-5.0,0.0,27.0,14.357,0,0,0,1,0,0
5061,2023-05-23 17:15:00,0.23242,0.0,0.349,-0.572,0.223,5.451,-5.0,0.0,27.0,14.357,0.0,0.0,0,1,0,0
5062,2023-05-23 17:30:00,0.23242,-0.0,0.472,-0.626,0.154,5.504,-5.0,0.0,27.0,14.357,0,0,0,1,0,0
5063,2023-05-23 17:45:00,0.23242,-0.0,0.476,-0.711,0.234,5.54,-5.0,0.0,27.0,14.357,0,0,0,1,0,0
5064,2023-05-23 18:00:00,0.23242,0.0,0.475,-0.636,0.161,5.596,-5.0,0.0,27.0,14.357,0.0,0.0,0,1,0,0
5065,2023-05-23 18:15:00,0.23242,-0.0,0.341,-0.583,0.241,5.634,-5.0,0.0,27.0,14.357,0,0,0,1,0,0
5066,2023-05-23 18:30:00,0.23242,-0.0,0.368,-0.732,0.364,5.691,-5.0,0.0,27.0,14.357,0,0,0,1,0,0
5067,2023-05-23 18:45:00,0.23242,0.0,0.396,-0.22,-0.176,5.778,-4.824,0.176,27.176,14.357,0.0,0.0,0,1,0,0
5068,2023-05-23 19:00:00,0.23242,0.0,0.348,-0.131,-0.217,5.732,-4.783,0.217,27.217,14.357,0.0,0.0,0,1,0,0
5069,2023-05-23 19:15:00,0.23242,-0.0,0.47,-0.0,-0.47,5.675,-4.53,0.47,27.47,14.357,0,0,0,1,0,0
5070,2023-05-23 19:30:00,0.23242,0.0,0.437,-0.0,-0.437,5.551,-4.563,0.437,27.437,14.357,0.0,0.0,0,1,0,0
5071,2023-05-23 19:45:00,0.23242,-0.0,0.314,-0.0,-0.314,5.436,-4.686,0.314,27.314,14.357,0,0,0,1,0,0
5072,2023-05-23 20:00:00,0.23242,0.0,0.416,-0.0,-0.416,5.353,-4.584,0.416,27.416,14.357,0.0,0.0,0,1,0,0
5073,2023-05-23 20:15:00,0.23242,-0.0,1.894,-0.0,-1.894,5.244,-3.106,1.894,28.894,14.357,0,0,0,1,0,0
5074,2023-05-23 20:30:00,0.23242,-0.0,1.253,-0.0,-1.253,4.745,-3.747,1.253,28.253,14.357,0,0,0,1,0,0
5075,2023-05-23 20:45:00,0.23242,0.0,1.216,-0.0,-1.216,4.415,-3.784,1.216,28.216,14.357,0.0,0.0,0,1,0,0
5076,2023-05-23 21:00:00,0.10266,0.0,1.251,-0.0,-1.251,4.095,-3.749,1.251,28.251,14.357,0.0,0.0,0,1,0,0
5077,2023-05-23 21:15:00,0.10266,-0.0,0.664,-0.0,-0.664,3.766,-4.336,0.664,27.664,14.357,0,0,0,1,0,0
5078,2023-05-23 21:30:00,0.10266,0.0,0.627,-0.0,-0.627,3.591,-4.373,0.627,27.627,14.357,0.0,0.0,0,1,0,0
5079,2023-05-23 21:45:00,0.10266,-0.0,0.814,-0.0,-0.814,3.426,-4.186,0.814,27.814,14.357,0,0,0,1,0,0
5080,2023-05-23 22:00:00,0.10266,0.0,0.647,-0.0,-0.647,3.212,-4.353,0.647,27.647,14.357,0.0,0.0,0,1,0,0
5081,2023-05-23 22:15:00,0.10266,-0.0,0.613,-0.0,-0.613,3.042,-4.387,0.613,27.613,14.357,0,0,0,1,0,0
5082,2023-05-23 22:30:00,0.10266,-0.0,0.616,-0.0,-0.616,2.88,-4.384,0.616,27.616,14.357,0,0,0,1,0,0
5083,2023-05-23 22:45:00,0.10266,0.0,0.586,-0.0,-0.586,2.718,-4.414,0.586,27.586,14.357,0.0,0.0,0,1,0,0
5084,2023-05-23 23:00:00,0.10266,0.0,0.547,-0.0,-0.547,2.564,-4.453,0.547,27.547,14.357,0.0,0.0,0,1,0,0
5085,2023-05-23 23:15:00,0.10266,-0.0,0.467,-0.0,-0.467,2.42,-4.533,0.467,27.467,14.357,0,0,0,1,0,0
5086,2023-05-23 23:30:00,0.10266,-0.0,0.507,-0.0,-0.507,2.297,-4.493,0.507,27.507,14.357,0,0,0,1,0,0
5087,2023-05-23 23:45:00,0.10266,0.0,0.521,-0.0,-0.521,2.164,-4.479,0.521,27.521,14.357,0.0,0.0,0,1,0,0
5088,2023-05-24 00:00:00,0.10266,0.0,0.704,-0.0,-0.704,2.027,-4.296,0.704,27.704,14.357,0.0,0.0,0,1,0,0
5089,2023-05-24 00:15:00,0.10266,-0.0,0.565,-0.0,-0.565,1.841,-4.435,0.565,27.565,14.357,0,0,0,1,0,0
5090,2023-05-24 00:30:00,0.10266,-0.0,0.361,-0.0,-0.361,1.693,-4.639,0.361,27.361,14.357,0,0,0,1,0,0
5091,2023-05-24 00:45:00,0.10266,0.0,0.311,-0.0,-0.311,1.598,-4.689,0.311,27.311,14.357,0.0,0.0,0,1,0,0
5092,2023-05-24 01:00:00,0.10266,-0.0,0.285,-0.0,-0.285,1.516,-4.715,0.285,27.285,14.357,0,0,0,1,0,0
5093,2023-05-24 01:15:00,0.10266,-0.0,0.309,-0.0,-0.309,1.441,-4.691,0.309,27.309,14.357,0,0,0,1,0,0
5094,2023-05-24 01:30:00,0.10266,0.0,0.425,-0.0,-0.425,1.36,-4.575,0.425,27.425,14.357,0.0,0.0,0,1,0,0
5095,2023-05-24 01:45:00,0.10266,-0.0,0.294,-0.0,-0.294,1.248,-4.706,0.294,27.294,14.357,0,0,0,1,0,0
5096,2023-05-24 02:00:00,0.10266,0.0,0.372,-0.0,-0.372,1.17,-4.628,0.372,27.372,14.357,0.0,0.0,0,1,0,0
5097,2023-05-24 02:15:00,0.10266,-0.0,0.407,-0.0,-0.407,1.072,-4.593,0.407,27.407,14.357,0,0,0,1,0,0
5098,2023-05-24 02:30:00,0.10266,-0.0,0.265,-0.0,-0.265,0.965,-4.735,0.265,27.265,14.357,0,0,0,1,0,0
5099,2023-05-24 02:45:00,0.10266,0.0,0.279,-0.0,-0.279,0.896,-4.721,0.279,27.279,14.357,0.0,0.0,0,1,0,0
5100,2023-05-24 03:00:00,0.10266,-0.0,0.312,-0.0,-0.312,0.822,-4.688,0.312,27.312,14.357,0,0,0,1,0,0
5101,2023-05-24 03:15:00,0.10266,0.0,0.288,-0.0,-0.288,0.74,-4.712,0.288,27.288,14.357,0.0,0.0,0,1,0,0
5102,2023-05-24 03:30:00,0.10266,0.0,0.336,-0.0,-0.336,0.664,-4.664,0.336,27.336,14.357,0.0,0.0,0,1,0,0
5103,2023-05-24 03:45:00,0.10266,0.0,0.353,-0.0,-0.353,0.576,-4.647,0.353,27.353,14.357,0.0,0.0,0,1,0,0
5104,2023-05-24 04:00:00,0.10266,-0.0,0.376,-0.0,-0.376,0.483,-4.624,0.376,27.376,14.357,0,0,0,1,0,0
5105,2023-05-24 04:15:00,0.10266,0.0,0.287,-0.0,-0.287,0.384,-4.713,0.287,27.287,14.357,0.0,0.0,0,1,0,0
5106,2023-05-24 04:30:00,0.10266,-0.0,0.395,-0.0,-0.395,0.309,-4.605,0.395,27.395,14.357,0,0,0,1,0,0
5107,2023-05-24 04:45:00,0.10266,-0.0,0.275,-0.0,-0.275,0.205,-4.725,0.275,27.275,14.357,0,0,0,1,0,0
5108,2023-05-24 05:00:00,0.10266,0.0,0.27,-0.0,-0.27,0.133,-4.73,0.27,27.27,14.357,0.0,0.0,0,1,0,0
5109,2023-05-24 05:15:00,0.10266,-0.0,0.294,-0.06,-0.234,0.062,-4.766,0.234,27.234,14.357,0,0,0,1,0,0
5110,2023-05-24 05:30:00,0.10266,0.026,0.252,-0.278,0,0.0,-5.0,0.0,27.0,14.357,0.026,0.0,0,1,0,0
5111,2023-05-24 05:45:00,0.10266,0.164,0.411,-0.575,0,0.0,-5.0,0.0,27.0,14.357,0.164,0.0,0,1,0,0
5112,2023-05-24 06:00:00,0.21618,0.0,0.455,-0.675,0,0.0,-5.0,0.0,27.0,14.357,0.0,0.0,0.22,1,1,0.22
5113,2023-05-24 06:15:00,0.21618,0.25,0.382,-0.632,0,0.0,-5.0,0.0,27.0,14.305,0.25,0.0,0,1,0,0
5114,2023-05-24 06:30:00,0.21618,0.0,0.243,-1.384,0,0.0,-5.0,0.0,27.0,14.305,0.0,0.0,1.142,1,1,1.142
5115,2023-05-24 06:45:00,0.21618,1.053,0.285,-1.338,0,0.0,-5.0,0.0,27.0,14.033,1.053,0.0,0,1,0,0
5116,2023-05-24 07:00:00,0.21618,1.818,0.252,-2.07,0,0.0,-5.0,0.0,27.0,14.033,1.818,0.0,0,1,0,0
5117,2023-05-24 07:15:00,0.21618,2.701,0.223,-2.925,0,0.0,-5.0,0.0,27.0,14.033,2.701,0.0,0,1,0,0
5118,2023-05-24 07:30:00,0.21618,1.105,2.437,-3.542,0,0.0,-5.0,0.0,27.0,14.033,1.105,0.0,0,1,0,0
5119,2023-05-24 07:45:00,0.21618,0.0,1.972,-3.961,0,0.0,-5.0,0.0,27.0,14.033,0.0,0.0,1.989,1,1,1.989
5120,2023-05-24 08:00:00,0.21618,-0.0,1.085,-4.151,0,0.0,-6.213,-1.213,24.574,13.561,0,0,3.066,1,1,3.066
5121,2023-05-24 08:15:00,0.21618,-0.0,0.456,-4.872,0,0.0,-9.416,-4.416,18.169,12.833,0,0,4.416,1,1,4.416
5122,2023-05-24 08:30:00,0.21618,-0.0,0.444,-4.986,0,0.0,-9.542,-4.542,17.916,11.784,0,0,4.542,1,1,4.542
5123,2023-05-24 08:45:00,0.21618,-0.0,0.51,-5.39,0,0.0,-9.88,-4.88,17.241,10.705,0,0,4.88,1,1,4.88
5124,2023-05-24 09:00:00,0.21618,3.686,0.478,-4.164,0,0.0,-8.686,-3.686,19.628,9.547,3.686,0.0,0,1,0,0
5125,2023-05-24 09:15:00,0.21618,4.114,0.315,-4.429,0,0.0,-9.114,-4.114,18.771,9.547,4.114,0.0,0,1,0,0
5126,2023-05-24 09:30:00,0.21618,4.443,0.246,-4.69,0,0.0,-9.443,-4.443,18.114,9.547,4.443,0.0,0,1,0,0
5127,2023-05-24 09:45:00,0.21618,0.0,0.309,-4.513,0,0.0,-9.204,-4.204,18.592,9.547,0.0,0.0,4.204,1,1,4.204
5128,2023-05-24 10:00:00,0.21618,4.052,0.646,-4.698,0,0.0,-9.052,-4.052,18.896,8.548,4.052,0.0,0,1,0,0
5129,2023-05-24 10:15:00,0.21618,0.0,0.845,-3.703,0,0.0,-7.858,-2.858,21.284,8.548,0.0,0.0,2.858,1,1,2.858
5130,2023-05-24 10:30:00,0.21618,5.753,0.562,-6.314,0,0.0,-10.753,-5.753,16.247,7.869,5.753,0.0,0,1,0,0
5131,2023-05-24 10:45:00,0.21618,3.033,0.203,-3.236,0,0.0,-8.033,-3.033,20.934,7.869,3.033,0.0,0,1,0,0
5132,2023-05-24 11:00:00,0.21618,-0.0,0.2,-5.127,0,0.0,-9.927,-4.927,17.146,7.869,0,0,4.927,1,1,4.927
5133,2023-05-24 11:15:00,0.21618,0.0,0.651,-5.633,0,0.0,-9.982,-4.982,17.036,6.699,0.0,0.0,4.982,1,1,4.982
5134,2023-05-24 11:30:00,0.21618,0.0,2.669,-2.999,0,0.0,-5.329,-0.329,26.342,5.516,0.0,0.0,0.329,1,1,0.329
5135,2023-05-24 11:45:00,0.21618,0.414,4.487,-4.901,0,0.0,-5.414,-0.414,26.172,5.438,0.414,0.0,0,1,0,0
5136,2023-05-24 12:00:00,0.21618,0.0,3.017,-7.109,0,0.0,-9.092,-4.092,18.816,5.438,0.0,0.0,4.092,1,1,4.092
5137,2023-05-24 12:15:00,0.21618,-0.0,3.414,-5.311,0,0.0,-6.896,-1.896,23.207,4.466,0,0,1.896,1,1,1.896
5138,2023-05-24 12:30:00,0.21618,4.428,1.364,-5.791,0,0.0,-9.428,-4.428,18.145,4.015,4.428,0.0,0,1,0,0
5139,2023-05-24 12:45:00,0.21618,5.119,1.341,-6.461,0,0.0,-10.119,-5.119,16.881,4.015,5.119,0.0,0,1,0,0
5140,2023-05-24 13:00:00,0.21618,5.071,2.877,-7.948,0,0.0,-10.071,-5.071,16.929,4.015,5.071,0.0,0,1,0,0
5141,2023-05-24 13:15:00,0.21618,0.0,2.166,-5.867,0,0.0,-8.701,-3.701,19.599,4.015,0.0,0.0,3.701,1,1,3.701
5142,2023-05-24 13:30:00,0.21618,0.0,0.678,-7.722,0,0.0,-12.044,-7.044,14.956,3.137,0.0,0.0,7.044,1,1,7.044
5143,2023-05-24 13:45:00,0.21618,6.665,0.887,-7.552,0,0.0,-11.665,-6.665,15.335,1.464,6.665,0.0,0,1,0,0
5144,2023-05-24 14:00:00,0.21618,3.009,0.615,-6.246,0,0.0,-10.631,-5.631,16.369,1.464,3.009,0.0,2.622,1,1,2.622
5145,2023-05-24 14:15:00,0.21618,6.012,0.369,-6.382,0,0.0,-11.012,-6.012,15.988,0.841,6.012,0.0,0,1,0,0
5146,2023-05-24 14:30:00,0.21618,6.358,1.219,-7.577,0,0.0,-11.358,-6.358,15.642,0.841,6.358,0.0,0,1,0,0
5147,2023-05-24 14:45:00,0.21618,6.146,1.155,-7.301,0,0.0,-11.146,-6.146,15.854,0.841,6.146,0.0,0,1,0,0
5148,2023-05-24 15:00:00,0.21618,4.802,0.985,-7.052,1.265,0.0,-11.067,-6.067,15.933,0.841,4.802,0.0,0,1,0,0
5149,2023-05-24 15:15:00,0.21618,0.0,0.841,-6.466,5.0,0.301,-10.626,-5.626,16.374,0.841,0.0,0.0,0.626,1,1,0.626
5150,2023-05-24 15:30:00,0.21618,-0.0,0.257,-4.819,4.562,1.488,-9.562,-4.562,17.876,0.692,0,0,0,1,0,0
5151,2023-05-24 15:45:00,0.21618,-0.0,0.318,-3.545,3.227,2.572,-8.227,-3.227,20.547,0.692,0,0,0,1,0,0
5152,2023-05-24 16:00:00,0.21618,0.0,0.973,-3.727,2.755,3.338,-7.755,-2.755,21.491,0.692,0.0,0.0,0,1,0,0
5153,2023-05-24 16:15:00,0.21618,0.0,1.723,-3.787,2.064,3.992,-7.064,-2.064,22.872,0.692,0.0,0.0,0,1,0,0
5154,2023-05-24 16:30:00,0.21618,-0.0,0.712,-2.605,1.893,4.482,-6.893,-1.893,23.215,0.692,0,0,0,1,0,0
5155,2023-05-24 16:45:00,0.21618,-0.0,0.329,-2.467,2.139,4.932,-7.139,-2.139,22.722,0.692,0,0,0,1,0,0
5156,2023-05-24 17:00:00,0.21618,-0.0,0.51,-2.169,1.659,5.44,-6.659,-1.659,23.683,0.692,0,0,0,1,0,0
5157,2023-05-24 17:15:00,0.21618,0.0,0.664,-1.221,0.556,5.834,-5.556,-0.556,25.887,0.692,0.0,0.0,0,1,0,0
5158,2023-05-24 17:30:00,0.21618,-0.0,0.284,-1.433,1.15,5.966,-6.15,-1.15,24.7,0.692,0,0,0,1,0,0
5159,2023-05-24 17:45:00,0.21618,-0.0,0.454,-1.162,0.708,6.239,-5.708,-0.708,25.584,0.692,0,0,0,1,0,0
5160,2023-05-24 18:00:00,0.21618,-0.0,0.554,-0.975,0.421,6.407,-5.421,-0.421,26.158,0.692,0,0,0,1,0,0
5161,2023-05-24 18:15:00,0.21618,0.0,0.44,-0.744,0.303,6.507,-5.303,-0.303,26.393,0.692,0.0,0.0,0,1,0,0
5162,2023-05-24 18:30:00,0.21618,-0.0,0.436,-0.93,0.494,6.579,-5.494,-0.494,26.012,0.692,0,0,0,1,0,0
5163,2023-05-24 18:45:00,0.21618,-0.0,0.333,-0.0,-0.333,6.697,-4.667,0.333,27.333,0.692,0,0,0,1,0,0
5164,2023-05-24 19:00:00,0.21618,-0.0,0.416,-0.009,-0.407,6.609,-4.593,0.407,27.407,0.692,0,0,0,1,0,0
5165,2023-05-24 19:15:00,0.21618,0.0,0.391,-0.0,-0.391,6.502,-4.609,0.391,27.391,0.692,0.0,0.0,0,1,0,0
5166,2023-05-24 19:30:00,0.21618,0.0,0.424,-0.0,-0.424,6.399,-4.576,0.424,27.424,0.692,0.0,0.0,0,1,0,0
5167,2023-05-24 19:45:00,0.21618,0.0,0.36,-0.0,-0.36,6.288,-4.64,0.36,27.36,0.692,0.0,0.0,0,1,0,0
5168,2023-05-24 20:00:00,0.21618,-0.0,0.899,-0.0,-0.899,6.193,-4.101,0.899,27.899,0.692,0,0,0,1,0,0
5169,2023-05-24 20:15:00,0.21618,0.0,0.596,-0.0,-0.596,5.956,-4.404,0.596,27.596,0.692,0.0,0.0,0,1,0,0
5170,2023-05-24 20:30:00,0.21618,0.0,0.489,-0.0,-0.489,5.799,-4.511,0.489,27.489,0.692,0.0,0.0,0,1,0,0
5171,2023-05-24 20:45:00,0.21618,-0.0,0.612,-0.0,-0.612,5.671,-4.388,0.612,27.612,0.692,0,0,0,1,0,0
5172,2023-05-24 21:00:00,-0.00739,-0.0,0.7,-0.0,-0.7,5.51,-4.3,0.7,27.7,0.692,0,0,0,1,0,0
5173,2023-05-24 21:15:00,-0.00739,0.0,1.17,-0.0,-1.17,5.326,-3.83,1.17,28.17,0.692,0.0,0.0,0,1,0,0
5174,2023-05-24 21:30:00,-0.00739,-0.0,1.159,-0.0,-1.159,5.018,-3.841,1.159,28.159,0.692,0,0,0,1,0,0
5175,2023-05-24 21:45:00,-0.00739,0.0,0.652,-0.0,-0.652,4.713,-4.348,0.652,27.652,0.692,0.0,0.0,0,1,0,0
5176,2023-05-24 22:00:00,-0.00739,-0.0,0.706,-0.0,-0.706,4.541,-4.294,0.706,27.706,0.692,0,0,0,1,0,0
5177,2023-05-24 22:15:00,-0.00739,-0.0,0.712,-0.0,-0.712,4.355,-4.288,0.712,27.712,0.692,0,0,0,1,0,0
5178,2023-05-24 22:30:00,-0.00739,0.0,0.75,-0.0,-0.75,4.168,-4.25,0.75,27.75,0.692,0.0,0.0,0,1,0,0
5179,2023-05-24 22:45:00,-0.00739,-0.0,0.817,-0.0,-0.817,3.971,-4.183,0.817,27.817,0.692,0,0,0,1,0,0
5180,2023-05-24 23:00:00,-0.00739,-0.0,0.639,-0.0,-0.639,3.756,-4.361,0.639,27.639,0.692,0,0,0,1,0,0
5181,2023-05-24 23:15:00,-0.00739,0.0,0.617,-0.0,-0.617,3.587,-4.383,0.617,27.617,0.692,0.0,0.0,0,1,0,0
5182,2023-05-24 23:30:00,-0.00739,-0.0,0.699,-0.0,-0.699,3.425,-4.301,0.699,27.699,0.692,0,0,0,1,0,0
5183,2023-05-24 23:45:00,-0.00739,0.0,0.824,-0.0,-0.824,3.241,-4.176,0.824,27.824,0.692,0.0,0.0,0,1,0,0
5184,2023-05-25 00:00:00,-0.00739,0.0,0.746,-0.0,-0.746,3.024,-4.254,0.746,27.746,0.692,0.0,0.0,0,1,0,0
5185,2023-05-25 00:15:00,-0.00739,0.0,0.722,-0.0,-0.722,2.827,-4.278,0.722,27.722,0.692,0.0,0.0,0,1,0,0
5186,2023-05-25 00:30:00,-0.00739,-0.0,0.547,-0.0,-0.547,2.638,-4.453,0.547,27.547,0.692,0,0,0,1,0,0
5187,2023-05-25 00:45:00,-0.00739,0.0,0.558,-0.0,-0.558,2.494,-4.442,0.558,27.558,0.692,0.0,0.0,0,1,0,0
5188,2023-05-25 01:00:00,-0.00739,0.0,0.698,-0.0,-0.698,2.347,-4.302,0.698,27.698,0.692,0.0,0.0,0,1,0,0
5189,2023-05-25 01:15:00,-0.00739,-0.0,0.351,-0.0,-0.351,2.163,-4.649,0.351,27.351,0.692,0,0,0,1,0,0
5190,2023-05-25 01:30:00,-0.00739,0.0,0.667,-0.0,-0.667,2.071,-4.333,0.667,27.667,0.692,0.0,0.0,0,1,0,0
5191,2023-05-25 01:45:00,-0.00739,-0.0,0.615,-0.0,-0.615,1.895,-4.385,0.615,27.615,0.692,0,0,0,1,0,0
5192,2023-05-25 02:00:00,-0.00739,0.0,0.556,-0.0,-0.556,1.733,-4.444,0.556,27.556,0.692,0.0,0.0,0,1,0,0
5193,2023-05-25 02:15:00,-0.00739,0.0,0.516,-0.0,-0.516,1.587,-4.484,0.516,27.516,0.692,0.0,0.0,0,1,0,0
5194,2023-05-25 02:30:00,-0.00739,-0.0,0.45,-0.0,-0.45,1.451,-4.55,0.45,27.45,0.692,0,0,0,1,0,0
5195,2023-05-25 02:45:00,-0.00739,0.0,0.337,-0.0,-0.337,1.333,-4.663,0.337,27.337,0.692,0.0,0.0,0,1,0,0
5196,2023-05-25 03:00:00,-0.00739,-0.0,0.376,-0.0,-0.376,1.244,-4.624,0.376,27.376,0.692,0,0,0,1,0,0
5197,2023-05-25 03:15:00,-0.00739,0.0,0.369,-0.0,-0.369,1.145,-4.631,0.369,27.369,0.692,0.0,0.0,0,1,0,0
5198,2023-05-25 03:30:00,-0.00739,-0.0,0.44,-0.0,-0.44,1.048,-4.56,0.44,27.44,0.692,0,0,0,1,0,0
5199,2023-05-25 03:45:00,-0.00739,-0.0,0.45,-0.0,-0.45,0.932,-4.55,0.45,27.45,0.692,0,0,0,1,0,0
5200,2023-05-25 04:00:00,-0.00739,-0.0,0.283,-0.0,-0.283,0.814,-4.717,0.283,27.283,0.692,0,0,0,1,0,0
5201,2023-05-25 04:15:00,-0.00739,0.0,0.378,-0.0,-0.378,0.739,-4.622,0.378,27.378,0.692,0.0,0.0,0,1,0,0
5202,2023-05-25 04:30:00,-0.00739,-0.0,0.31,-0.0,-0.31,0.64,-4.69,0.31,27.31,0.692,0,0,0,1,0,0
5203,2023-05-25 04:45:00,-0.00739,-0.0,0.408,-0.0,-0.408,0.558,-4.592,0.408,27.408,0.692,0,0,0,1,0,0
5204,2023-05-25 05:00:00,-0.00739,0.0,0.486,-0.0,-0.486,0.451,-4.514,0.486,27.486,0.692,0.0,0.0,0,1,0,0
5205,2023-05-25 05:15:00,-0.00739,-0.0,0.389,-0.06,-0.329,0.323,-4.671,0.329,27.329,0.692,0,0,0,1,0,0
5206,2023-05-25 05:30:00,-0.00739,-0.0,0.293,-0.137,-0.156,0.236,-4.844,0.156,27.156,0.692,0,0,0,1,0,0
5207,2023-05-25 05:45:00,-0.00739,0.0,0.225,-0.098,-0.128,0.195,-4.872,0.128,27.128,0.692,0.0,0.0,0,1,0,0
5208,2023-05-25 06:00:00,0.2418,-0.0,0.141,-0.102,-0.039,0.162,-4.961,0.039,27.039,0.692,0,0,0,1,0,0
5209,2023-05-25 06:15:00,0.2418,-0.0,0.143,-0.233,0.091,0.152,-5.091,-0.091,26.819,0.692,0,0,0,1,0,0
5210,2023-05-25 06:30:00,0.2418,0.0,1.061,-0.45,-0.611,0.173,-4.389,0.611,27.611,0.692,0.0,0.0,0,1,0,0
5211,2023-05-25 06:45:00,0.2418,-0.0,0.743,-0.697,-0.046,0.012,-4.954,0.046,27.046,0.692,0,0,0,1,0,0
5212,2023-05-25 07:00:00,0.2418,0.0,0.337,-0.926,0,-0.0,-5.589,-0.589,25.822,0.692,0.0,0.0,0.589,1,1,0.589
5213,2023-05-25 07:15:00,0.2418,0.937,0.429,-1.366,0,-0.0,-5.937,-0.937,25.126,0.552,0.937,0.0,0,1,0,0
5214,2023-05-25 07:30:00,0.2418,0.0,0.353,-1.271,0,-0.0,-5.918,-0.918,25.163,0.552,0.0,0.0,0.918,1,1,0.918
5215,2023-05-25 07:45:00,0.2418,0.867,0.317,-1.184,0,-0.0,-5.867,-0.867,25.267,0.334,0.867,0.0,0,1,0,0
5216,2023-05-25 08:00:00,0.2418,-0.0,0.218,-1.625,0,-0.0,-6.408,-1.408,24.184,0.334,0,0,1.408,1,1,1.408
5217,2023-05-25 08:15:00,0.2418,1.317,0.305,-1.622,0,-0.0,-6.317,-1.317,2.366,0,1.317,0.0,0,0,0,0
5218,2023-05-25 08:30:00,0.2418,1.593,0.263,-1.856,0,-0.0,-6.593,-1.593,1.814,0,1.593,0.0,0,0,0,0
5219,2023-05-25 08:45:00,0.2418,1.714,0.195,-1.909,0,-0.0,-6.714,-1.714,1.572,0,1.714,0.0,0,0,0,0
5220,2023-05-25 09:00:00,0.2418,1.256,0.438,-3.693,1.999,-0.0,-8.255,-3.255,-1.51,0,1.256,0.0,0,0,0,0
5221,2023-05-25 09:15:00,0.2418,-0.0,0.44,-1.986,1.546,0.475,-6.546,-1.546,1.908,0,0,0,0,0,0,0
5222,2023-05-25 09:30:00,0.2418,-0.0,0.197,-2.579,2.382,0.842,-7.382,-2.382,0.235,0,0,0,0,0,0,0
5223,2023-05-25 09:45:00,0.2418,0.0,0.238,-3.01,2.772,1.408,-7.772,-2.772,-0.544,0,0.0,0.0,0,0,0,0
5224,2023-05-25 10:00:00,0.2418,0.0,0.248,-2.887,2.639,2.066,-7.639,-2.639,-0.279,0,0.0,0.0,0,0,0,0
5225,2023-05-25 10:15:00,0.2418,0.0,0.436,-1.531,1.095,2.693,-6.095,-1.095,2.81,0,0.0,0.0,0,0,0,0
5226,2023-05-25 10:30:00,0.2418,-0.0,0.275,-2.507,2.232,2.953,-7.232,-2.232,0.537,0,0,0,0,0,0,0
5227,2023-05-25 10:45:00,0.2418,-0.0,0.276,-3.35,3.074,3.483,-8.074,-3.074,-1.149,0,0,0,0,0,0,0
5228,2023-05-25 11:00:00,0.2418,0.0,0.341,-2.399,2.058,4.213,-7.058,-2.058,0.884,0,0.0,0.0,0,0,0,0
5229,2023-05-25 11:15:00,0.2418,-0.0,0.418,-1.531,1.113,4.702,-6.113,-1.113,2.774,0,0,0,0,0,0,0
5230,2023-05-25 11:30:00,0.2418,0.0,1.264,-1.895,0.631,4.966,-5.631,-0.631,3.738,0,0.0,0.0,0,0,0,0
5231,2023-05-25 11:45:00,0.2418,-0.0,1.621,-1.564,-0.057,5.116,-4.943,0.057,5.057,0,0,0,0,0,0,0
5232,2023-05-25 12:00:00,0.2418,0.0,1.093,-1.858,0.765,5.101,-5.765,-0.765,3.47,0,0.0,0.0,0,0,0,0
5233,2023-05-25 12:15:00,0.2418,-0.0,0.539,-1.31,0.771,5.283,-5.771,-0.771,3.458,0,0,0,0,0,0,0
5234,2023-05-25 12:30:00,0.2418,-0.0,0.568,-0.77,0.202,5.466,-5.202,-0.202,4.596,0,0,0,0,0,0,0
5235,2023-05-25 12:45:00,0.2418,0.0,0.629,-0.493,-0.137,5.514,-4.863,0.137,5.137,0,0.0,0.0,0,0,0,0
5236,2023-05-25 13:00:00,0.2418,-0.0,0.435,-0.728,0.294,5.478,-5.294,-0.294,4.412,0,0,0,0,0,0,0
5237,2023-05-25 13:15:00,0.2418,-0.0,0.445,-1.496,1.051,5.548,-6.051,-1.051,2.898,0,0,0,0,0,0,0
5238,2023-05-25 13:30:00,0.2418,-0.0,0.428,-0.966,0.538,5.797,-5.538,-0.538,3.924,0,0,0,0,0,0,0
5239,2023-05-25 13:45:00,0.2418,0.0,1.745,-0.792,-0.953,5.925,-4.047,0.953,5.953,0,0.0,0.0,0,0,0,0
5240,2023-05-25 14:00:00,0.2418,0.0,1.422,-0.915,-0.507,5.674,-4.493,0.507,5.507,0,0.0,0.0,0,0,0,0
5241,2023-05-25 14:15:00,0.2418,-0.0,0.385,-1.264,0.879,5.541,-5.879,-0.879,3.243,0,0,0,0,0,0,0
5242,2023-05-25 14:30:00,0.2418,-0.0,0.268,-2.238,1.971,5.75,-6.971,-1.971,1.058,0,0,0,0,0,0,0
5243,2023-05-25 14:45:00,0.2418,0.0,0.248,-1.825,1.577,6.218,-6.577,-1.577,1.845,0,0.0,0.0,0,0,0,0
5244,2023-05-25 15:00:00,0.2418,-0.0,0.233,-1.953,1.721,6.592,-6.721,-1.721,1.559,0,0,0,0,0,0,0
5245,2023-05-25 15:15:00,0.2418,0.0,0.166,-1.937,1.771,7.001,-6.771,-1.771,1.458,0,0.0,0.0,0,0,0,0
5246,2023-05-25 15:30:00,0.2418,-0.0,0.327,-0.963,0.636,7.422,-5.636,-0.636,3.727,0,0,0,0,0,0,0
5247,2023-05-25 15:45:00,0.2418,-0.0,0.502,-1.293,0.791,7.573,-5.791,-0.791,3.418,0,0,0,0,0,0,0
5248,2023-05-25 16:00:00,0.2418,0.0,1.855,-2.089,0.235,7.761,-5.235,-0.235,4.531,0,0.0,0.0,0,0,0,0
5249,2023-05-25 16:15:00,0.2418,0.0,1.837,-1.37,-0.466,7.816,-4.534,0.466,5.466,0,0.0,0.0,0,0,0,0
5250,2023-05-25 16:30:00,0.2418,-0.0,1.017,-1.24,0.223,7.694,-5.223,-0.223,4.553,0,0,0,0,0,0,0
5251,2023-05-25 16:45:00,0.2418,-0.0,0.378,-1.43,1.052,7.747,-6.052,-1.052,2.896,0,0,0,0,0,0,0
5252,2023-05-25 17:00:00,0.2418,0.0,0.818,-1.242,0.424,7.997,-5.424,-0.424,4.151,0,0.0,0.0,0,0,0,0
5253,2023-05-25 17:15:00,0.2418,-0.0,1.91,-1.119,-0.791,8.097,-4.209,0.791,5.791,0,0,0,0,0,0,0
5254,2023-05-25 17:30:00,0.2418,0.0,0.392,-0.669,0.278,7.889,-5.278,-0.278,4.444,0,0.0,0.0,0,0,0,0
5255,2023-05-25 17:45:00,0.2418,0.0,0.461,-0.954,-0.461,7.955,-5.0,0.0,27.0,10.652,0.0,0.0,0.954,1,1,0.954
5256,2023-05-25 18:00:00,0.2418,-0.0,0.493,-0.627,-0.493,7.834,-5.0,0.0,27.0,10.426,0,0,0.627,1,1,0.627
5257,2023-05-25 18:15:00,0.2418,0.0,0.57,-0.398,-0.57,7.704,-4.828,0.172,27.172,10.277,0.0,0.0,0.398,1,1,0.398
5258,2023-05-25 18:30:00,0.2418,0.0,1.593,-0.293,-1.593,7.554,-3.701,1.299,28.299,10.182,0.0,0.0,0.293,1,1,0.293
5259,2023-05-25 18:45:00,0.2418,-0.0,0.672,-0.216,-0.672,7.135,-4.544,0.456,27.456,10.113,0,0,0.216,1,1,0.216
5260,2023-05-25 19:00:00,0.2418,-0.0,0.413,-0.0,-0.413,6.958,-4.587,0.413,27.413,10.061,0,0,0,1,0,0
5261,2023-05-25 19:15:00,0.2418,0.0,0.5,-0.0,-0.5,6.849,-4.5,0.5,27.5,10.061,0.0,0.0,0,1,0,0
5262,2023-05-25 19:30:00,0.2418,0.0,0.501,-0.0,-0.501,6.718,-4.499,0.501,27.501,10.061,0.0,0.0,0,1,0,0
5263,2023-05-25 19:45:00,0.2418,0.0,0.475,-0.0,-0.475,6.586,-4.525,0.475,27.475,10.061,0.0,0.0,0,1,0,0
5264,2023-05-25 20:00:00,0.2418,-0.0,0.366,-0.0,-0.366,6.461,-4.634,0.366,27.366,10.061,0,0,0,1,0,0
5265,2023-05-25 20:15:00,0.2418,0.0,0.408,-0.0,-0.408,6.364,-4.592,0.408,27.408,10.061,0.0,0.0,0,1,0,0
5266,2023-05-25 20:30:00,0.2418,-0.0,0.761,-0.0,-0.761,6.257,-4.239,0.761,27.761,10.061,0,0,0,1,0,0
5267,2023-05-25 20:45:00,0.2418,-0.0,0.68,-0.0,-0.68,6.057,-4.32,0.68,27.68,10.061,0,0,0,1,0,0
5268,2023-05-25 21:00:00,0.07107,0.0,0.702,-0.0,-0.702,5.878,-4.298,0.702,27.702,10.061,0.0,0.0,0,1,0,0
5269,2023-05-25 21:15:00,0.07107,0.0,0.586,-0.0,-0.586,5.693,-4.414,0.586,27.586,10.061,0.0,0.0,0,1,0,0
5270,2023-05-25 21:30:00,0.07107,-0.0,0.617,-0.0,-0.617,5.539,-4.383,0.617,27.617,10.061,0,0,0,1,0,0
5271,2023-05-25 21:45:00,0.07107,0.0,0.692,-0.0,-0.692,5.377,-4.308,0.692,27.692,10.061,0.0,0.0,0,1,0,0
5272,2023-05-25 22:00:00,0.07107,0.0,0.615,-0.0,-0.615,5.194,-4.385,0.615,27.615,10.061,0.0,0.0,0,1,0,0
5273,2023-05-25 22:15:00,0.07107,-0.0,0.575,-0.0,-0.575,5.033,-4.425,0.575,27.575,10.061,0,0,0,1,0,0
5274,2023-05-25 22:30:00,0.07107,-0.0,0.686,-0.0,-0.686,4.881,-4.314,0.686,27.686,10.061,0,0,0,1,0,0
5275,2023-05-25 22:45:00,0.07107,-0.0,0.615,-0.0,-0.615,4.701,-4.385,0.615,27.615,10.061,0,0,0,1,0,0
5276,2023-05-25 23:00:00,0.07107,0.0,0.407,-0.0,-0.407,4.539,-4.593,0.407,27.407,10.061,0.0,0.0,0,1,0,0
5277,2023-05-25 23:15:00,0.07107,0.0,1.346,-0.0,-1.346,4.432,-3.654,1.346,28.346,10.061,0.0,0.0,0,1,0,0
5278,2023-05-25 23:30:00,0.07107,-0.0,2.001,-0.0,-2.001,4.078,-2.999,2.001,29.001,10.061,0,0,0,1,0,0
5279,2023-05-25 23:45:00,0.07107,0.0,0.969,-0.0,-0.969,3.551,-4.031,0.969,27.969,10.061,0.0,0.0,0,1,0,0
5280,2023-05-26 00:00:00,0.07107,-0.0,1.274,-0.0,-1.274,3.296,-3.726,1.274,28.274,10.061,0,0,0,1,0,0
5281,2023-05-26 00:15:00,0.07107,-0.0,0.327,-0.0,-0.327,2.961,-4.673,0.327,27.327,10.061,0,0,0,1,0,0
5282,2023-05-26 00:30:00,0.07107,0.0,0.27,-0.0,-0.27,2.875,-4.73,0.27,27.27,10.061,0.0,0.0,0,1,0,0
5283,2023-05-26 00:45:00,0.07107,0.0,0.319,-0.0,-0.319,2.804,-4.681,0.319,27.319,10.061,0.0,0.0,0,1,0,0
5284,2023-05-26 01:00:00,0.07107,-0.0,0.27,-0.0,-0.27,2.72,-4.73,0.27,27.27,10.061,0,0,0,1,0,0
5285,2023-05-26 01:15:00,0.07107,0.0,0.288,-0.0,-0.288,2.649,-4.712,0.288,27.288,10.061,0.0,0.0,0,1,0,0
5286,2023-05-26 01:30:00,0.07107,0.0,0.302,-0.0,-0.302,2.573,-4.698,0.302,27.302,10.061,0.0,0.0,0,1,0,0
5287,2023-05-26 01:45:00,0.07107,-0.0,0.182,-0.0,-0.182,2.494,-4.818,0.182,27.182,10.061,0,0,0,1,0,0
5288,2023-05-26 02:00:00,0.07107,0.0,0.208,-0.0,-0.208,2.446,-4.792,0.208,27.208,10.061,0.0,0.0,0,1,0,0
5289,2023-05-26 02:15:00,0.07107,0.0,0.235,-0.0,-0.235,2.391,-4.765,0.235,27.235,10.061,0.0,0.0,0,1,0,0
5290,2023-05-26 02:30:00,0.07107,-0.0,0.185,-0.0,-0.185,2.329,-4.815,0.185,27.185,10.061,0,0,0,1,0,0
5291,2023-05-26 02:45:00,0.07107,0.0,0.232,-0.0,-0.232,2.28,-4.768,0.232,27.232,10.061,0.0,0.0,0,1,0,0
5292,2023-05-26 03:00:00,0.07107,-0.0,0.216,-0.0,-0.216,2.219,-4.784,0.216,27.216,10.061,0,0,0,1,0,0
5293,2023-05-26 03:15:00,0.07107,-0.0,0.285,-0.0,-0.285,2.163,-4.715,0.285,27.285,10.061,0,0,0,1,0,0
5294,2023-05-26 03:30:00,0.07107,-0.0,0.303,-0.0,-0.303,2.087,-4.697,0.303,27.303,10.061,0,0,0,1,0,0
5295,2023-05-26 03:45:00,0.07107,-0.0,0.235,-0.0,-0.235,2.008,-4.765,0.235,27.235,10.061,0,0,0,1,0,0
5296,2023-05-26 04:00:00,0.07107,0.0,0.345,-0.0,-0.345,1.946,-4.655,0.345,27.345,10.061,0.0,0.0,0,1,0,0
5297,2023-05-26 04:15:00,0.07107,-0.0,0.205,-0.0,-0.205,1.855,-4.795,0.205,27.205,10.061,0,0,0,1,0,0
5298,2023-05-26 04:30:00,0.07107,0.0,0.223,-0.0,-0.223,1.801,-4.777,0.223,27.223,10.061,0.0,0.0,0,1,0,0
5299,2023-05-26 04:45:00,0.07107,-0.0,0.219,-0.0,-0.219,1.742,-4.781,0.219,27.219,10.061,0,0,0,1,0,0
5300,2023-05-26 05:00:00,0.07107,0.0,0.195,-0.0,-0.195,1.685,-4.805,0.195,27.195,10.061,0.0,0.0,0,1,0,0
5301,2023-05-26 05:15:00,0.07107,0.0,0.231,-0.015,-0.231,1.634,-4.784,0.216,27.216,10.061,0.0,0.0,0.015,1,1,0.015
5302,2023-05-26 05:30:00,0.07107,-0.0,0.191,-0.115,-0.191,1.573,-4.924,0.076,27.076,10.058,0,0,0.115,1,1,0.115
5303,2023-05-26 05:45:00,0.07107,0.0,0.276,-0.288,-0.276,1.522,-5.0,0.0,27.0,10.03,0.0,0.0,0.288,1,1,0.288
5304,2023-05-26 06:00:00,0.12747,-0.0,0.359,-0.489,-0.359,1.45,-5.0,0.0,27.0,9.962,0,0,0.489,1,1,0.489
5305,2023-05-26 06:15:00,0.12747,-0.0,0.308,-0.526,-0.308,1.355,-5.0,0.0,27.0,9.846,0,0,0.526,1,1,0.526
5306,2023-05-26 06:30:00,0.12747,0.0,0.411,-0.371,-0.411,1.274,-4.96,0.04,27.04,9.721,0.0,0.0,0.371,1,1,0.371
5307,2023-05-26 06:45:00,0.12747,-0.0,1.586,-0.411,-1.586,1.166,-3.826,1.174,28.174,9.632,0,0,0.411,1,1,0.411
5308,2023-05-26 07:00:00,0.12747,0.0,1.823,-0.681,-1.733,0.749,-3.859,1.141,28.141,9.535,0.0,0.0,0.592,1,1,0.592
5309,2023-05-26 07:15:00,0.12747,0.0,1.156,-0.395,-0.761,0.293,-4.239,0.761,27.761,9.394,0.0,0.0,0,1,0,0
5310,2023-05-26 07:30:00,0.12747,-0.0,0.665,-0.314,-0.351,0.092,-4.649,0.351,27.351,9.394,0,0,0,1,0,0
5311,2023-05-26 07:45:00,0.12747,-0.0,0.368,-1.149,0,-0.0,-5.0,0.0,27.0,9.394,0,0,0.781,1,1,0.781
5312,2023-05-26 08:00:00,0.12747,0.0,0.248,-1.901,0,-0.0,-5.0,0.0,27.0,9.209,0.0,0.0,1.653,1,1,1.653
5313,2023-05-26 08:15:00,0.12747,-0.0,0.303,-1.54,0,-0.0,-5.0,0.0,27.0,8.816,0,0,1.237,1,1,1.237
5314,2023-05-26 08:30:00,0.12747,1.913,0.378,-2.291,0,-0.0,-6.913,-1.913,1.173,0,1.913,0.0,0,0,0,0
5315,2023-05-26 08:45:00,0.12747,0.908,0.374,-1.282,0,-0.0,-5.908,-0.908,3.183,0,0.908,0.0,0,0,0,0
5316,2023-05-26 09:00:00,0.12747,0.961,0.37,-1.33,0,-0.0,-5.961,-0.961,3.079,0,0.961,0.0,0,0,0,0
5317,2023-05-26 09:15:00,0.12747,5.461,0.765,-6.226,0,-0.0,-10.461,-5.461,-5.461,0,5.461,0.0,0,0,0,0
5318,2023-05-26 09:30:00,0.12747,6.363,0.653,-7.016,0,-0.0,-11.363,-6.363,-6.363,0,6.363,0.0,0,0,0,0
5319,2023-05-26 09:45:00,0.12747,4.85,0.401,-5.251,0,-0.0,-9.85,-4.85,-4.7,0,4.85,0.0,0,0,0,0
5320,2023-05-26 10:00:00,0.12747,4.926,0.58,-5.507,0,-0.0,-9.926,-4.926,-4.853,0,4.926,0.0,0,0,0,0
5321,2023-05-26 10:15:00,0.12747,4.432,0.629,-5.061,0,-0.0,-9.432,-4.432,-3.864,0,4.432,0.0,0,0,0,0
5322,2023-05-26 10:30:00,0.12747,6.986,0.44,-7.425,0,-0.0,-11.986,-6.986,-6.986,0,6.986,0.0,0,0,0,0
5323,2023-05-26 10:45:00,0.12747,3.905,0.552,-4.457,0,-0.0,-8.905,-3.905,-2.809,0,3.905,0.0,0,0,0,0
5324,2023-05-26 11:00:00,0.12747,5.878,0.514,-6.392,0,-0.0,-10.878,-5.878,-5.878,0,5.878,0.0,0,0,0,0
5325,2023-05-26 11:15:00,0.12747,5.715,0.455,-6.17,0,-0.0,-10.715,-5.715,-5.715,0,5.715,0.0,0,0,0,0
5326,2023-05-26 11:30:00,0.12747,2.931,0.884,-3.815,0,-0.0,-7.931,-2.931,-0.862,0,2.931,0.0,0,0,0,0
5327,2023-05-26 11:45:00,0.12747,2.738,3.146,-5.883,0,-0.0,-7.738,-2.738,-0.475,0,2.738,0.0,0,0,0,0
5328,2023-05-26 12:00:00,0.12747,6.688,1.836,-8.524,0,-0.0,-11.688,-6.688,-6.688,0,6.688,0.0,0,0,0,0
5329,2023-05-26 12:15:00,0.12747,7.034,0.553,-7.587,0,-0.0,-12.034,-7.034,-7.034,0,7.034,0.0,0,0,0,0
5330,2023-05-26 12:30:00,0.12747,9.117,0.354,-9.471,0,-0.0,-14.117,-9.117,-9.117,0,9.117,0.0,0,0,0,0
5331,2023-05-26 12:45:00,0.12747,6.417,0.269,-6.685,0,-0.0,-11.417,-6.417,-6.417,0,6.417,0.0,0,0,0,0
5332,2023-05-26 13:00:00,0.12747,3.548,0.363,-3.911,0,-0.0,-8.548,-3.548,-2.096,0,3.548,0.0,0,0,0,0
5333,2023-05-26 13:15:00,0.12747,5.708,0.306,-7.116,1.102,-0.0,-11.81,-6.81,-6.81,0,5.708,0.0,0,0,0,0
5334,2023-05-26 13:30:00,0.12747,8.651,0.354,-9.005,0,0.262,-13.651,-8.651,-8.651,0,8.651,0.0,0,0,0,0
5335,2023-05-26 13:45:00,0.12747,2.596,1.01,-8.606,5.0,0.262,-12.596,-7.596,-7.596,0,2.596,0.0,0,0,0,0
5336,2023-05-26 14:00:00,0.12747,1.885,0.942,-7.827,5.0,1.449,-11.885,-6.885,-6.885,0,1.885,0.0,0,0,0,0
5337,2023-05-26 14:15:00,0.12747,2.684,0.578,-8.262,5.0,2.637,-12.684,-7.684,-7.684,0,2.684,0.0,0,0,0,0
5338,2023-05-26 14:30:00,0.12747,-0.0,0.556,-4.852,4.296,3.824,-9.296,-4.296,-3.592,0,0,0,0,0,0,0
5339,2023-05-26 14:45:00,0.12747,0.139,0.903,-6.042,5.0,4.845,-10.139,-5.139,-5.139,0,0.139,0.0,0,0,0,0
5340,2023-05-26 15:00:00,0.12747,0.0,0.436,-4.019,3.583,6.032,-8.583,-3.583,-2.165,0,0.0,0.0,0,0,0,0
5341,2023-05-26 15:15:00,0.12747,0.0,0.392,-4.922,4.53,6.883,-9.53,-4.53,-4.061,0,0.0,0.0,0,0,0,0
5342,2023-05-26 15:30:00,0.12747,-0.0,0.413,-3.439,3.026,7.959,-8.026,-3.026,-1.051,0,0,0,0,0,0,0
5343,2023-05-26 15:45:00,0.12747,0.0,0.417,-4.37,3.953,8.678,-8.953,-3.953,-2.906,0,0.0,0.0,0,0,0,0
5344,2023-05-26 16:00:00,0.12747,-0.0,0.628,-4.023,-0.628,9.616,-5.0,0.0,27.0,17.042,0,0,4.023,1,1,4.023
5345,2023-05-26 16:15:00,0.12747,0.0,1.539,-3.52,-1.539,9.451,-5.0,0.0,27.0,16.087,0.0,0.0,3.52,1,1,3.52
5346,2023-05-26 16:30:00,0.12747,0.0,2.13,-3.641,-2.13,9.046,-5.0,0.0,27.0,15.251,0.0,0.0,3.641,1,1,3.641
5347,2023-05-26 16:45:00,0.12747,-0.0,0.707,-2.719,-0.707,8.485,-5.0,0.0,27.0,14.386,0,0,2.719,1,1,2.719
5348,2023-05-26 17:00:00,0.12747,0.0,0.573,-2.171,-0.573,8.299,-5.0,0.0,27.0,13.74,0.0,0.0,2.171,1,1,2.171
5349,2023-05-26 17:15:00,0.12747,-0.0,0.478,-1.443,-0.478,8.148,-5.0,0.0,27.0,13.225,0,0,1.443,1,1,1.443
5350,2023-05-26 17:30:00,0.12747,0.0,0.487,-1.212,-0.487,8.023,-5.0,0.0,27.0,12.882,0.0,0.0,1.212,1,1,1.212
5351,2023-05-26 17:45:00,0.12747,0.0,0.405,-0.887,-0.405,7.894,-5.0,0.0,27.0,12.594,0.0,0.0,0.887,1,1,0.887
5352,2023-05-26 18:00:00,0.12747,-0.0,0.476,-0.531,-0.476,7.788,-5.0,0.0,27.0,12.383,0,0,0.531,1,1,0.531
5353,2023-05-26 18:15:00,0.12747,0.0,1.228,-0.397,-1.228,7.663,-4.169,0.831,27.831,12.257,0.0,0.0,0.397,1,1,0.397
5354,2023-05-26 18:30:00,0.12747,0.0,3.063,-0.371,-3.063,7.339,-2.308,2.692,29.692,12.163,0.0,0.0,0.371,1,1,0.371
5355,2023-05-26 18:45:00,0.12747,-0.0,0.61,-0.203,-0.61,6.533,-4.593,0.407,27.407,12.075,0,0,0.203,1,1,0.203
5356,2023-05-26 19:00:00,0.12747,-0.0,0.976,-0.14,-0.976,6.373,-4.163,0.837,27.837,12.027,0,0,0.14,1,1,0.14
5357,2023-05-26 19:15:00,0.12747,-0.0,0.873,-0.0,-0.873,6.116,-4.127,0.873,27.873,11.993,0,0,0,1,0,0
5358,2023-05-26 19:30:00,0.12747,0.0,0.432,-0.0,-0.432,5.886,-4.568,0.432,27.432,11.993,0.0,0.0,0,1,0,0
5359,2023-05-26 19:45:00,0.12747,-0.0,0.273,-0.0,-0.273,5.773,-4.727,0.273,27.273,11.993,0,0,0,1,0,0
5360,2023-05-26 20:00:00,0.12747,0.0,0.317,-0.0,-0.317,5.701,-4.683,0.317,27.317,11.993,0.0,0.0,0,1,0,0
5361,2023-05-26 20:15:00,0.12747,-0.0,0.299,-0.0,-0.299,5.617,-4.701,0.299,27.299,11.993,0,0,0,1,0,0
5362,2023-05-26 20:30:00,0.12747,0.0,0.377,-0.0,-0.377,5.539,-4.623,0.377,27.377,11.993,0.0,0.0,0,1,0,0
5363,2023-05-26 20:45:00,0.12747,0.0,0.961,-0.0,-0.961,5.439,-4.039,0.961,27.961,11.993,0.0,0.0,0,1,0,0
5364,2023-05-26 21:00:00,0.04927,-0.0,0.422,-0.0,-0.422,5.187,-4.578,0.422,27.422,11.993,0,0,0,1,0,0
5365,2023-05-26 21:15:00,0.04927,-0.0,0.481,-0.0,-0.481,5.076,-4.519,0.481,27.481,11.993,0,0,0,1,0,0
5366,2023-05-26 21:30:00,0.04927,0.0,0.427,-0.0,-0.427,4.949,-4.573,0.427,27.427,11.993,0.0,0.0,0,1,0,0
5367,2023-05-26 21:45:00,0.04927,0.0,0.467,-0.0,-0.467,4.837,-4.533,0.467,27.467,11.993,0.0,0.0,0,1,0,0
5368,2023-05-26 22:00:00,0.04927,-0.0,0.519,-0.0,-0.519,4.714,-4.481,0.519,27.519,11.993,0,0,0,1,0,0
5369,2023-05-26 22:15:00,0.04927,0.0,0.337,-0.0,-0.337,4.577,-4.663,0.337,27.337,11.993,0.0,0.0,0,1,0,0
5370,2023-05-26 22:30:00,0.04927,0.0,0.341,-0.0,-0.341,4.488,-4.659,0.341,27.341,11.993,0.0,0.0,0,1,0,0
5371,2023-05-26 22:45:00,0.04927,-0.0,0.513,-0.0,-0.513,4.399,-4.487,0.513,27.513,11.993,0,0,0,1,0,0
5372,2023-05-26 23:00:00,0.04927,0.0,0.627,-0.0,-0.627,4.264,-4.373,0.627,27.627,11.993,0.0,0.0,0,1,0,0
5373,2023-05-26 23:15:00,0.04927,0.0,0.743,-0.0,-0.743,4.099,-4.257,0.743,27.743,11.993,0.0,0.0,0,1,0,0
5374,2023-05-26 23:30:00,0.04927,-0.0,0.62,-0.0,-0.62,3.903,-4.38,0.62,27.62,11.993,0,0,0,1,0,0
5375,2023-05-26 23:45:00,0.04927,0.0,0.727,-0.0,-0.727,3.74,-4.273,0.727,27.727,11.993,0.0,0.0,0,1,0,0
5376,2023-05-27 00:00:00,0.04927,0.0,0.601,-0.0,-0.601,3.549,-4.399,0.601,27.601,11.993,0.0,0.0,0,1,0,0
5377,2023-05-27 00:15:00,0.04927,0.0,0.474,-0.0,-0.474,3.39,-4.526,0.474,27.474,11.993,0.0,0.0,0,1,0,0
5378,2023-05-27 00:30:00,0.04927,0.0,0.422,-0.0,-0.422,3.266,-4.578,0.422,27.422,11.993,0.0,0.0,0,1,0,0
5379,2023-05-27 00:45:00,0.04927,-0.0,0.345,-0.0,-0.345,3.155,-4.655,0.345,27.345,11.993,0,0,0,1,0,0
5380,2023-05-27 01:00:00,0.04927,0.0,0.325,-0.0,-0.325,3.064,-4.675,0.325,27.325,11.993,0.0,0.0,0,1,0,0
5381,2023-05-27 01:15:00,0.04927,0.0,0.389,-0.0,-0.389,2.978,-4.611,0.389,27.389,11.993,0.0,0.0,0,1,0,0
5382,2023-05-27 01:30:00,0.04927,-0.0,0.315,-0.0,-0.315,2.876,-4.685,0.315,27.315,11.993,0,0,0,1,0,0
5383,2023-05-27 01:45:00,0.04927,-0.0,0.434,-0.0,-0.434,2.793,-4.566,0.434,27.434,11.993,0,0,0,1,0,0
5384,2023-05-27 02:00:00,0.04927,-0.0,0.273,-0.0,-0.273,2.679,-4.727,0.273,27.273,11.993,0,0,0,1,0,0
5385,2023-05-27 02:15:00,0.04927,-0.0,0.696,-0.0,-0.696,2.607,-4.304,0.696,27.696,11.993,0,0,0,1,0,0
5386,2023-05-27 02:30:00,0.04927,-0.0,0.623,-0.0,-0.623,2.423,-4.377,0.623,27.623,11.993,0,0,0,1,0,0
5387,2023-05-27 02:45:00,0.04927,0.0,0.416,-0.0,-0.416,2.259,-4.584,0.416,27.416,11.993,0.0,0.0,0,1,0,0
5388,2023-05-27 03:00:00,0.04927,0.0,0.31,-0.0,-0.31,2.15,-4.69,0.31,27.31,11.993,0.0,0.0,0,1,0,0
5389,2023-05-27 03:15:00,0.04927,-0.0,0.181,-0.0,-0.181,2.068,-4.819,0.181,27.181,11.993,0,0,0,1,0,0
5390,2023-05-27 03:30:00,0.04927,0.0,0.216,-0.0,-0.216,2.021,-4.784,0.216,27.216,11.993,0.0,0.0,0,1,0,0
5391,2023-05-27 03:45:00,0.04927,-0.0,0.201,-0.0,-0.201,1.964,-4.799,0.201,27.201,11.993,0,0,0,1,0,0
5392,2023-05-27 04:00:00,0.04927,-0.0,0.245,-0.0,-0.245,1.911,-4.755,0.245,27.245,11.993,0,0,0,1,0,0
5393,2023-05-27 04:15:00,0.04927,0.0,0.323,-0.0,-0.323,1.847,-4.677,0.323,27.323,11.993,0.0,0.0,0,1,0,0
5394,2023-05-27 04:30:00,0.04927,0.0,0.264,-0.0,-0.264,1.761,-4.736,0.264,27.264,11.993,0.0,0.0,0,1,0,0
5395,2023-05-27 04:45:00,0.04927,-0.0,0.262,-0.0,-0.262,1.692,-4.738,0.262,27.262,11.993,0,0,0,1,0,0
5396,2023-05-27 05:00:00,0.04927,0.0,0.248,-0.005,-0.248,1.623,-4.756,0.244,27.244,11.993,0.0,0.0,0.005,1,1,0.005
5397,2023-05-27 05:15:00,0.04927,-0.0,0.274,-0.104,-0.274,1.558,-4.83,0.17,27.17,11.992,0,0,0.104,1,1,0.104
5398,2023-05-27 05:30:00,0.04927,0.0,0.298,-0.262,-0.298,1.486,-4.964,0.036,27.036,11.968,0.0,0.0,0.262,1,1,0.262
5399,2023-05-27 05:45:00,0.04927,-0.0,0.18,-0.47,-0.18,1.407,-5.0,0.0,27.0,11.905,0,0,0.47,1,1,0.47
5400,2023-05-27 06:00:00,0.20692,0.0,0.269,-0.855,-0.269,1.36,-5.0,0.0,27.0,11.794,0.0,0.0,0.855,1,1,0.855
5401,2023-05-27 06:15:00,0.20692,-0.0,0.219,-1.329,-0.219,1.289,-5.0,0.0,27.0,11.591,0,0,1.329,1,1,1.329
5402,2023-05-27 06:30:00,0.20692,-0.0,0.864,-0.899,-0.864,1.232,-5.0,0.0,27.0,11.275,0,0,0.899,1,1,0.899
5403,2023-05-27 06:45:00,0.20692,0.0,0.884,-0.474,-0.884,1.004,-4.589,0.411,27.411,11.062,0.0,0.0,0.474,1,1,0.474
5404,2023-05-27 07:00:00,0.20692,-0.0,0.871,-0.71,-0.871,0.771,-4.839,0.161,27.161,10.949,0,0,0.71,1,1,0.71
5405,2023-05-27 07:15:00,0.20692,-0.0,0.488,-0.965,-0.488,0.542,-5.0,0.0,27.0,10.78,0,0,0.965,1,1,0.965
5406,2023-05-27 07:30:00,0.20692,-0.0,0.246,-1.532,-0.246,0.414,-5.0,0.0,27.0,10.551,0,0,1.532,1,1,1.532
5407,2023-05-27 07:45:00,0.20692,0.0,0.223,-1.561,-0.223,0.349,-5.0,0.0,27.0,10.187,0.0,0.0,1.561,1,1,1.561
5408,2023-05-27 08:00:00,0.20692,0.0,0.18,-4.303,-0.18,0.291,-5.0,0.0,27.0,9.817,0.0,0.0,4.303,1,1,4.303
5409,2023-05-27 08:15:00,0.20692,-0.0,0.139,-4.485,-0.139,0.243,-5.0,0.0,27.0,8.795,0,0,4.485,1,1,4.485
5410,2023-05-27 08:30:00,0.20692,-0.0,0.171,-5.282,-0.171,0.207,-5.0,0.0,27.0,7.729,0,0,5.282,1,1,5.282
5411,2023-05-27 08:45:00,0.20692,-0.0,0.614,-5.555,-0.614,0.161,-5.493,-0.493,26.013,6.475,0,0,5.555,1,1,5.555
5412,2023-05-27 09:00:00,0.20692,3.831,0.468,-4.298,0,0.0,-8.831,-3.831,-2.661,0,3.831,0.0,0,0,0,0
5413,2023-05-27 09:15:00,0.20692,2.64,0.474,-3.114,0,0.0,-7.64,-2.64,-0.279,0,2.64,0.0,0,0,0,0
5414,2023-05-27 09:30:00,0.20692,2.326,0.39,-2.716,0,0.0,-7.326,-2.326,0.349,0,2.326,0.0,0,0,0,0
5415,2023-05-27 09:45:00,0.20692,2.221,0.33,-2.551,0,0.0,-7.221,-2.221,0.558,0,2.221,0.0,0,0,0,0
5416,2023-05-27 10:00:00,0.20692,2.073,0.273,-2.345,0,0.0,-7.073,-2.073,0.855,0,2.073,0.0,0,0,0,0
5417,2023-05-27 10:15:00,0.20692,2.037,0.362,-2.399,0,0.0,-7.037,-2.037,0.927,0,2.037,0.0,0,0,0,0
5418,2023-05-27 10:30:00,0.20692,4.011,0.269,-4.28,0,0.0,-9.011,-4.011,-3.021,0,4.011,0.0,0,0,0,0
5419,2023-05-27 10:45:00,0.20692,4.63,0.244,-4.875,0,0.0,-9.63,-4.63,-4.261,0,4.63,0.0,0,0,0,0
5420,2023-05-27 11:00:00,0.20692,4.888,1.913,-6.801,0,0.0,-9.888,-4.888,-4.776,0,4.888,0.0,0,0,0,0
5421,2023-05-27 11:15:00,0.20692,6.933,0.731,-7.664,0,0.0,-11.933,-6.933,-6.933,0,6.933,0.0,0,0,0,0
5422,2023-05-27 11:30:00,0.20692,5.478,0.542,-6.02,0,0.0,-10.478,-5.478,-5.478,0,5.478,0.0,0,0,0,0
5423,2023-05-27 11:45:00,0.20692,5.805,0.45,-6.255,0,0.0,-10.805,-5.805,-5.805,0,5.805,0.0,0,0,0,0
5424,2023-05-27 12:00:00,0.20692,6.269,0.536,-6.805,0,0.0,-11.269,-6.269,-6.269,0,6.269,0.0,0,0,0,0
5425,2023-05-27 12:15:00,0.20692,7.265,0.476,-7.741,0,0.0,-12.265,-7.265,-7.265,0,7.265,0.0,0,0,0,0
5426,2023-05-27 12:30:00,0.20692,5.334,0.542,-5.876,0,0.0,-10.334,-5.334,-5.334,0,5.334,0.0,0,0,0,0
5427,2023-05-27 12:45:00,0.20692,5.193,0.718,-5.911,0,0.0,-10.193,-5.193,-5.193,0,5.193,0.0,0,0,0,0
5428,2023-05-27 13:00:00,0.20692,2.196,0.552,-2.747,0,0.0,-7.196,-2.196,0.608,0,2.196,0.0,0,0,0,0
5429,2023-05-27 13:15:00,0.20692,2.814,0.488,-3.302,0,0.0,-7.814,-2.814,-0.628,0,2.814,0.0,0,0,0,0
5430,2023-05-27 13:30:00,0.20692,2.973,0.427,-6.251,2.851,0.0,-10.824,-5.824,-5.824,0,2.973,0.0,0,0,0,0
5431,2023-05-27 13:45:00,0.20692,1.391,0.478,-6.869,5.0,0.677,-11.391,-6.391,-6.391,0,1.391,0.0,0,0,0,0
5432,2023-05-27 14:00:00,0.20692,0.0,1.744,-4.928,3.184,1.865,-8.184,-3.184,-1.369,0,0.0,0.0,0,0,0,0
5433,2023-05-27 14:15:00,0.20692,-0.0,2.094,-6.079,3.986,2.621,-8.986,-3.986,-2.971,0,0,0,0,0,0,0
5434,2023-05-27 14:30:00,0.20692,-0.0,2.753,-3.623,0.871,3.567,-5.871,-0.871,3.259,0,0,0,0,0,0,0
5435,2023-05-27 14:45:00,0.20692,-0.0,1.026,-2.536,1.51,3.774,-6.51,-1.51,1.979,0,0,0,0,0,0,0
5436,2023-05-27 15:00:00,0.20692,0.0,0.691,-2.54,1.849,4.133,-6.849,-1.849,1.302,0,0.0,0.0,0,0,0,0
5437,2023-05-27 15:15:00,0.20692,-0.0,0.608,-4.097,3.489,4.572,-8.489,-3.489,-1.979,0,0,0,0,0,0,0
5438,2023-05-27 15:30:00,0.20692,0.0,0.397,-1.802,1.406,5.401,-6.406,-1.406,2.189,0,0.0,0.0,0,0,0,0
5439,2023-05-27 15:45:00,0.20692,-0.0,0.443,-1.241,0.798,5.735,-5.798,-0.798,3.405,0,0,0,0,0,0,0
5440,2023-05-27 16:00:00,0.20692,-0.0,0.418,-1.984,1.566,5.924,-6.566,-1.566,1.868,0,0,0,0,0,0,0
5441,2023-05-27 16:15:00,0.20692,0.0,0.411,-1.367,0.955,6.296,-5.955,-0.955,3.089,0,0.0,0.0,0,0,0,0
5442,2023-05-27 16:30:00,0.20692,0.0,0.541,-0.925,0.384,6.523,-5.384,-0.384,4.232,0,0.0,0.0,0,0,0,0
5443,2023-05-27 16:45:00,0.20692,-0.0,0.502,-2.166,1.664,6.614,-6.664,-1.664,1.672,0,0,0,0,0,0,0
5444,2023-05-27 17:00:00,0.20692,-0.0,0.508,-2.291,1.783,7.009,-6.783,-1.783,1.433,0,0,0,0,0,0,0
5445,2023-05-27 17:15:00,0.20692,0.0,0.459,-2.145,1.686,7.433,-6.686,-1.686,1.629,0,0.0,0.0,0,0,0,0
5446,2023-05-27 17:30:00,0.20692,-0.0,0.419,-1.174,0.755,7.833,-5.755,-0.755,3.49,0,0,0,0,0,0,0
5447,2023-05-27 17:45:00,0.20692,-0.0,0.398,-0.672,0.274,8.013,-5.274,-0.274,4.452,0,0,0,0,0,0,0
5448,2023-05-27 18:00:00,0.20692,-0.0,0.417,-0.472,0.055,8.078,-5.055,-0.055,4.889,0,0,0,0,0,0,0
5449,2023-05-27 18:15:00,0.20692,0.0,0.405,-0.562,0.157,8.091,-5.157,-0.157,4.686,0,0.0,0.0,0,0,0,0
5450,2023-05-27 18:30:00,0.20692,0.0,0.426,-0.355,-0.071,8.128,-4.929,0.071,5.071,0,0.0,0.0,0,0,0,0
5451,2023-05-27 18:45:00,0.20692,-0.0,0.748,-0.504,-0.244,8.109,-4.756,0.244,5.244,0,0,0,0,0,0,0
5452,2023-05-27 19:00:00,0.20692,0.0,0.503,-0.0,-0.503,8.045,-4.497,0.503,5.503,0,0.0,0.0,0,0,0,0
5453,2023-05-27 19:15:00,0.20692,-0.0,0.334,-0.0,-0.334,7.913,-4.666,0.334,27.334,10.521,0,0,0,1,0,0
5454,2023-05-27 19:30:00,0.20692,-0.0,0.392,-0.0,-0.392,7.825,-4.608,0.392,27.392,10.521,0,0,0,1,0,0
5455,2023-05-27 19:45:00,0.20692,0.0,1.096,-0.0,-1.096,7.722,-3.904,1.096,28.096,10.521,0.0,0.0,0,1,0,0
5456,2023-05-27 20:00:00,0.20692,-3.4,8.4,-0.0,-5.0,7.433,3.4,8.4,35.4,10.521,0,0,0,1,0,0
5457,2023-05-27 20:15:00,0.20692,0.0,1.949,-0.0,-1.949,6.118,-3.051,1.949,28.949,10.521,0.0,0.0,0,1,0,0
5458,2023-05-27 20:30:00,0.20692,-0.0,1.719,-0.0,-1.719,5.605,-3.281,1.719,28.719,10.521,0,0,0,1,0,0
5459,2023-05-27 20:45:00,0.20692,0.0,1.324,-0.0,-1.324,5.152,-3.676,1.324,28.324,10.521,0.0,0.0,0,1,0,0
5460,2023-05-27 21:00:00,0.08525,0.0,0.832,-0.0,-0.832,4.804,-4.168,0.832,27.832,10.521,0.0,0.0,0,1,0,0
5461,2023-05-27 21:15:00,0.08525,-0.0,0.9,-0.0,-0.9,4.585,-4.1,0.9,27.9,10.521,0,0,0,1,0,0
5462,2023-05-27 21:30:00,0.08525,0.0,0.294,-0.0,-0.294,4.348,-4.706,0.294,27.294,10.521,0.0,0.0,0,1,0,0
5463,2023-05-27 21:45:00,0.08525,-0.0,0.653,-0.0,-0.653,4.271,-4.347,0.653,27.653,10.521,0,0,0,1,0,0
5464,2023-05-27 22:00:00,0.08525,0.0,1.586,-0.0,-1.586,4.099,-3.414,1.586,28.586,10.521,0.0,0.0,0,1,0,0
5465,2023-05-27 22:15:00,0.08525,-0.0,1.121,-0.0,-1.121,3.681,-3.879,1.121,28.121,10.521,0,0,0,1,0,0
5466,2023-05-27 22:30:00,0.08525,-0.0,0.427,-0.0,-0.427,3.386,-4.573,0.427,27.427,10.521,0,0,0,1,0,0
5467,2023-05-27 22:45:00,0.08525,0.0,0.342,-0.0,-0.342,3.274,-4.658,0.342,27.342,10.521,0.0,0.0,0,1,0,0
5468,2023-05-27 23:00:00,0.08525,-0.0,0.294,-0.0,-0.294,3.184,-4.706,0.294,27.294,10.521,0,0,0,1,0,0
5469,2023-05-27 23:15:00,0.08525,-0.0,0.289,-0.0,-0.289,3.106,-4.711,0.289,27.289,10.521,0,0,0,1,0,0
5470,2023-05-27 23:30:00,0.08525,0.0,0.25,-0.0,-0.25,3.03,-4.75,0.25,27.25,10.521,0.0,0.0,0,1,0,0
5471,2023-05-27 23:45:00,0.08525,-0.0,0.23,-0.0,-0.23,2.964,-4.77,0.23,27.23,10.521,0,0,0,1,0,0
5472,2023-05-28 00:00:00,0.08525,0.0,0.323,-0.0,-0.323,2.904,-4.677,0.323,27.323,10.521,0.0,0.0,0,1,0,0
5473,2023-05-28 00:15:00,0.08525,-0.0,0.329,-0.0,-0.329,2.819,-4.671,0.329,27.329,10.521,0,0,0,1,0,0
5474,2023-05-28 00:30:00,0.08525,-0.0,0.289,-0.0,-0.289,2.732,-4.711,0.289,27.289,10.521,0,0,0,1,0,0
5475,2023-05-28 00:45:00,0.08525,0.0,0.202,-0.0,-0.202,2.656,-4.798,0.202,27.202,10.521,0.0,0.0,0,1,0,0
5476,2023-05-28 01:00:00,0.08525,0.0,0.238,-0.0,-0.238,2.603,-4.762,0.238,27.238,10.521,0.0,0.0,0,1,0,0
5477,2023-05-28 01:15:00,0.08525,-0.0,0.517,-0.0,-0.517,2.54,-4.483,0.517,27.517,10.521,0,0,0,1,0,0
5478,2023-05-28 01:30:00,0.08525,-0.0,0.367,-0.0,-0.367,2.404,-4.633,0.367,27.367,10.521,0,0,0,1,0,0
5479,2023-05-28 01:45:00,0.08525,0.0,0.308,-0.0,-0.308,2.308,-4.692,0.308,27.308,10.521,0.0,0.0,0,1,0,0
5480,2023-05-28 02:00:00,0.08525,-0.0,0.212,-0.0,-0.212,2.227,-4.788,0.212,27.212,10.521,0,0,0,1,0,0
5481,2023-05-28 02:15:00,0.08525,0.0,0.271,-0.0,-0.271,2.171,-4.729,0.271,27.271,10.521,0.0,0.0,0,1,0,0
5482,2023-05-28 02:30:00,0.08525,-0.0,0.313,-0.0,-0.313,2.1,-4.687,0.313,27.313,10.521,0,0,0,1,0,0
5483,2023-05-28 02:45:00,0.08525,-0.0,0.247,-0.0,-0.247,2.017,-4.753,0.247,27.247,10.521,0,0,0,1,0,0
5484,2023-05-28 03:00:00,0.08525,0.0,0.258,-0.0,-0.258,1.952,-4.742,0.258,27.258,10.521,0.0,0.0,0,1,0,0
5485,2023-05-28 03:15:00,0.08525,0.0,0.245,-0.0,-0.245,1.884,-4.755,0.245,27.245,10.521,0.0,0.0,0,1,0,0
5486,2023-05-28 03:30:00,0.08525,0.0,0.204,-0.0,-0.204,1.82,-4.796,0.204,27.204,10.521,0.0,0.0,0,1,0,0
5487,2023-05-28 03:45:00,0.08525,-0.0,0.164,-0.0,-0.164,1.766,-4.836,0.164,27.164,10.521,0,0,0,1,0,0
5488,2023-05-28 04:00:00,0.08525,-0.0,0.216,-0.0,-0.216,1.723,-4.784,0.216,27.216,10.521,0,0,0,1,0,0
5489,2023-05-28 04:15:00,0.08525,0.0,0.255,-0.0,-0.255,1.666,-4.745,0.255,27.255,10.521,0.0,0.0,0,1,0,0
5490,2023-05-28 04:30:00,0.08525,-0.0,0.22,-0.0,-0.22,1.599,-4.78,0.22,27.22,10.521,0,0,0,1,0,0
5491,2023-05-28 04:45:00,0.08525,0.0,0.228,-0.0,-0.228,1.541,-4.772,0.228,27.228,10.521,0.0,0.0,0,1,0,0
5492,2023-05-28 05:00:00,0.08525,-0.0,0.232,-0.0,-0.232,1.481,-4.768,0.232,27.232,10.521,0,0,0,1,0,0
5493,2023-05-28 05:15:00,0.08525,-0.0,0.243,-0.0,-0.243,1.42,-4.757,0.243,27.243,10.521,0,0,0,1,0,0
5494,2023-05-28 05:30:00,0.08525,0.0,0.248,-0.012,-0.248,1.356,-4.764,0.236,27.236,10.521,0.0,0.0,0.012,1,1,0.012
5495,2023-05-28 05:45:00,0.08525,0.0,0.241,-0.124,-0.241,1.291,-4.883,0.117,27.117,10.518,0.0,0.0,0.124,1,1,0.124
5496,2023-05-28 06:00:00,0.19275,-0.0,0.289,-0.309,-0.289,1.228,-5.0,0.0,27.0,10.489,0,0,0.309,1,1,0.309
5497,2023-05-28 06:15:00,0.19275,0.0,0.24,-0.101,-0.24,1.152,-4.861,0.139,27.139,10.415,0.0,0.0,0.101,1,1,0.101
5498,2023-05-28 06:30:00,0.19275,-0.0,0.337,-0.134,-0.337,1.089,-4.797,0.203,27.203,10.391,0,0,0.134,1,1,0.134
5499,2023-05-28 06:45:00,0.19275,0.0,0.303,-0.517,-0.303,1.0,-5.0,0.0,27.0,10.36,0.0,0.0,0.517,1,1,0.517
5500,2023-05-28 07:00:00,0.19275,-0.0,0.51,-0.286,-0.51,0.92,-4.776,0.224,27.224,10.237,0,0,0.286,1,1,0.286
5501,2023-05-28 07:15:00,0.19275,-0.0,0.777,-0.479,-0.777,0.786,-4.702,0.298,27.298,10.169,0,0,0.479,1,1,0.479
5502,2023-05-28 07:30:00,0.19275,0.0,1.126,-1.2,-1.126,0.582,-5.0,0.0,27.0,10.055,0.0,0.0,1.2,1,1,1.2
5503,2023-05-28 07:45:00,0.19275,-0.0,0.689,-1.001,-0.689,0.285,-5.0,0.0,27.0,9.77,0,0,1.001,1,1,1.001
5504,2023-05-28 08:00:00,0.19275,-0.0,0.394,-1.572,-0.394,0.104,-5.0,0.0,27.0,9.533,0,0,1.572,1,1,1.572
5505,2023-05-28 08:15:00,0.19275,1.146,0.475,-1.621,0,0.0,-6.146,-1.146,2.709,0,1.146,0.0,0,0,0,0
5506,2023-05-28 08:30:00,0.19275,0.796,0.533,-1.328,0,0.0,-5.796,-0.796,3.408,0,0.796,0.0,0,0,0,0
5507,2023-05-28 08:45:00,0.19275,0.522,0.25,-0.772,0,0.0,-5.522,-0.522,3.956,0,0.522,0.0,0,0,0,0
5508,2023-05-28 09:00:00,0.19275,0.26,0.202,-0.462,0,0.0,-5.26,-0.26,4.48,0,0.26,0.0,0,0,0,0
5509,2023-05-28 09:15:00,0.19275,0.134,0.17,-0.304,0,0.0,-5.134,-0.134,4.731,0,0.134,0.0,0,0,0,0
5510,2023-05-28 09:30:00,0.19275,0.099,0.312,-0.411,0,0.0,-5.099,-0.099,4.803,0,0.099,0.0,0,0,0,0
5511,2023-05-28 09:45:00,0.19275,0.397,0.242,-0.64,0,0.0,-5.397,-0.397,4.205,0,0.397,0.0,0,0,0,0
5512,2023-05-28 10:00:00,0.19275,0.659,0.22,-0.88,0,0.0,-5.659,-0.659,3.681,0,0.659,0.0,0,0,0,0
5513,2023-05-28 10:15:00,0.19275,0.422,0.289,-0.711,0,0.0,-5.422,-0.422,4.156,0,0.422,0.0,0,0,0,0
5514,2023-05-28 10:30:00,0.19275,0.749,0.155,-0.904,0,0.0,-5.749,-0.749,3.502,0,0.749,0.0,0,0,0,0
5515,2023-05-28 10:45:00,0.19275,1.583,0.205,-1.789,0,0.0,-6.583,-1.583,1.834,0,1.583,0.0,0,0,0,0
5516,2023-05-28 11:00:00,0.19275,1.881,0.185,-2.066,0,0.0,-6.881,-1.881,1.238,0,1.881,0.0,0,0,0,0
5517,2023-05-28 11:15:00,0.19275,1.851,0.188,-2.039,0,0.0,-6.851,-1.851,1.298,0,1.851,0.0,0,0,0,0
5518,2023-05-28 11:30:00,0.19275,1.626,0.242,-2.48,0.612,0.0,-7.238,-2.238,0.524,0,1.626,0.0,0,0,0,0
5519,2023-05-28 11:45:00,0.19275,0.151,0.277,-5.428,5.0,0.145,-10.151,-5.151,-5.151,0,0.151,0.0,0,0,0,0
5520,2023-05-28 12:00:00,0.19275,0.0,0.324,-2.462,2.138,1.333,-7.138,-2.138,0.724,0,0.0,0.0,0,0,0,0
5521,2023-05-28 12:15:00,0.19275,-0.0,0.344,-3.579,3.236,1.841,-8.236,-3.236,-1.471,0,0,0,0,0,0,0
5522,2023-05-28 12:30:00,0.19275,-0.0,0.287,-3.266,2.98,2.609,-7.98,-2.98,-0.959,0,0,0,0,0,0,0
5523,2023-05-28 12:45:00,0.19275,0.0,0.953,-2.423,1.47,3.317,-6.47,-1.47,2.061,0,0.0,0.0,0,0,0,0
5524,2023-05-28 13:00:00,0.19275,-0.0,0.617,-3.598,2.982,3.666,-7.982,-2.982,-0.963,0,0,0,0,0,0,0
5525,2023-05-28 13:15:00,0.19275,1.749,0.408,-7.157,5.0,4.374,-11.749,-6.749,-6.749,0,1.749,0.0,0,0,0,0
5526,2023-05-28 13:30:00,0.19275,0.602,1.96,-7.562,5.0,5.561,-10.602,-5.602,-5.602,0,0.602,0.0,0,0,0,0
5527,2023-05-28 13:45:00,0.19275,0.0,1.012,-2.288,1.277,6.749,-6.277,-1.277,2.447,0,0.0,0.0,0,0,0,0
5528,2023-05-28 14:00:00,0.19275,-0.0,0.462,-1.743,1.281,7.052,-6.281,-1.281,2.438,0,0,0,0,0,0,0
5529,2023-05-28 14:15:00,0.19275,0.0,0.506,-0.305,-0.201,7.356,-4.799,0.201,5.201,0,0.0,0.0,0,0,0,0
5530,2023-05-28 14:30:00,0.19275,-0.0,0.505,-0.173,-0.332,7.303,-4.668,0.332,5.332,0,0,0,0,0,0,0
5531,2023-05-28 14:45:00,0.19275,0.0,0.429,-0.24,-0.429,7.216,-4.811,0.189,27.189,13.516,0.0,0.0,0.24,1,1,0.24
5532,2023-05-28 15:00:00,0.19275,-0.0,0.447,-0.987,-0.447,7.103,-5.0,0.0,27.0,13.459,0,0,0.987,1,1,0.987
5533,2023-05-28 15:15:00,0.19275,0.0,0.48,-1.717,-0.48,6.985,-5.0,0.0,27.0,13.225,0.0,0.0,1.717,1,1,1.717
5534,2023-05-28 15:30:00,0.19275,-0.0,0.496,-0.384,-0.496,6.859,-4.888,0.112,27.112,12.817,0,0,0.384,1,1,0.384
5535,2023-05-28 15:45:00,0.19275,0.0,0.413,-3.058,-0.413,6.729,-5.0,0.0,27.0,12.726,0.0,0.0,3.058,1,1,3.058
5536,2023-05-28 16:00:00,0.19275,-0.0,0.532,-4.102,-0.532,6.62,-5.0,0.0,27.0,11.999,0,0,4.102,1,1,4.102
5537,2023-05-28 16:15:00,0.19275,-0.0,0.607,-2.9,-0.607,6.48,-5.0,0.0,27.0,11.025,0,0,2.9,1,1,2.9
5538,2023-05-28 16:30:00,0.19275,0.0,0.552,-2.381,-0.552,6.32,-5.0,0.0,27.0,10.337,0.0,0.0,2.381,1,1,2.381
5539,2023-05-28 16:45:00,0.19275,0.0,0.438,-2.747,-0.438,6.175,-5.0,0.0,27.0,9.771,0.0,0.0,2.747,1,1,2.747
5540,2023-05-28 17:00:00,0.19275,0.0,0.417,-2.308,-0.417,6.06,-5.0,0.0,27.0,9.119,0.0,0.0,2.308,1,1,2.308
5541,2023-05-28 17:15:00,0.19275,-0.0,0.508,-1.563,-0.508,5.95,-5.0,0.0,27.0,8.57,0,0,1.563,1,1,1.563
5542,2023-05-28 17:30:00,0.19275,0.0,0.443,-1.289,-0.443,5.816,-5.0,0.0,27.0,8.199,0.0,0.0,1.289,1,1,1.289
5543,2023-05-28 17:45:00,0.19275,-0.0,0.339,-1.086,-0.339,5.7,-5.618,-0.618,25.764,7.893,0,0,1.086,1,1,1.086
5544,2023-05-28 18:00:00,0.19275,0.0,0.31,-0.774,-0.31,5.611,-5.464,-0.464,26.071,7.635,0.0,0.0,0.774,1,1,0.774
5545,2023-05-28 18:15:00,0.19275,-0.0,1.027,-0.496,-1.027,5.529,-4.469,0.531,27.531,7.451,0,0,0.496,1,1,0.496
5546,2023-05-28 18:30:00,0.19275,0.0,0.218,-0.435,-0.218,5.259,-5.217,-0.217,26.566,7.333,0.0,0.0,0.435,1,1,0.435
5547,2023-05-28 18:45:00,0.19275,-0.0,0.2,-0.534,-0.2,5.201,-5.334,-0.334,26.331,7.23,0,0,0.534,1,1,0.534
5548,2023-05-28 19:00:00,0.19275,-0.0,0.213,-0.0,-0.213,5.149,-4.787,0.213,27.213,7.103,0,0,0,1,0,0
5549,2023-05-28 19:15:00,0.19275,0.0,0.208,-0.0,-0.208,5.093,-4.792,0.208,27.208,7.103,0.0,0.0,0,1,0,0
5550,2023-05-28 19:30:00,0.19275,-0.0,0.228,-0.0,-0.228,5.038,-4.772,0.228,27.228,7.103,0,0,0,1,0,0
5551,2023-05-28 19:45:00,0.19275,0.0,0.289,-0.0,-0.289,4.978,-4.711,0.289,27.289,7.103,0.0,0.0,0,1,0,0
5552,2023-05-28 20:00:00,0.19275,-0.0,0.31,-0.0,-0.31,4.902,-4.69,0.31,27.31,7.103,0,0,0,1,0,0
5553,2023-05-28 20:15:00,0.19275,0.0,0.426,-0.0,-0.426,4.82,-4.574,0.426,27.426,7.103,0.0,0.0,0,1,0,0
5554,2023-05-28 20:30:00,0.19275,-0.0,0.324,-0.0,-0.324,4.708,-4.676,0.324,27.324,7.103,0,0,0,1,0,0
5555,2023-05-28 20:45:00,0.19275,0.0,0.266,-0.0,-0.266,4.623,-4.734,0.266,27.266,7.103,0.0,0.0,0,1,0,0
5556,2023-05-28 21:00:00,0.05423,-0.0,0.434,-0.0,-0.434,4.553,-4.566,0.434,27.434,7.103,0,0,0,1,0,0
5557,2023-05-28 21:15:00,0.05423,0.0,0.5,-0.0,-0.5,4.439,-4.5,0.5,27.5,7.103,0.0,0.0,0,1,0,0
5558,2023-05-28 21:30:00,0.05423,-0.0,0.407,-0.0,-0.407,4.307,-4.593,0.407,27.407,7.103,0,0,0,1,0,0
5559,2023-05-28 21:45:00,0.05423,-0.0,0.42,-0.0,-0.42,4.2,-4.58,0.42,27.42,7.103,0,0,0,1,0,0
5560,2023-05-28 22:00:00,0.05423,0.0,0.439,-0.0,-0.439,4.089,-4.561,0.439,27.439,7.103,0.0,0.0,0,1,0,0
5561,2023-05-28 22:15:00,0.05423,0.0,0.504,-0.0,-0.504,3.974,-4.496,0.504,27.504,7.103,0.0,0.0,0,1,0,0
5562,2023-05-28 22:30:00,0.05423,-0.0,0.988,-0.0,-0.988,3.841,-4.012,0.988,27.988,7.103,0,0,0,1,0,0
5563,2023-05-28 22:45:00,0.05423,0.0,0.673,-0.0,-0.673,3.581,-4.327,0.673,27.673,7.103,0.0,0.0,0,1,0,0
5564,2023-05-28 23:00:00,0.05423,-0.0,0.736,-0.0,-0.736,3.404,-4.264,0.736,27.736,7.103,0,0,0,1,0,0
5565,2023-05-28 23:15:00,0.05423,0.0,0.515,-0.0,-0.515,3.211,-4.485,0.515,27.515,7.103,0.0,0.0,0,1,0,0
5566,2023-05-28 23:30:00,0.05423,0.0,0.436,-0.0,-0.436,3.075,-4.564,0.436,27.436,7.103,0.0,0.0,0,1,0,0
5567,2023-05-28 23:45:00,0.05423,-0.0,0.39,-0.0,-0.39,2.96,-4.61,0.39,27.39,7.103,0,0,0,1,0,0
5568,2023-05-29 00:00:00,0.05423,0.0,0.466,-0.0,-0.466,2.858,-4.534,0.466,27.466,7.103,0.0,0.0,0,1,0,0
5569,2023-05-29 00:15:00,0.05423,-0.0,0.513,-0.0,-0.513,2.735,-4.487,0.513,27.513,7.103,0,0,0,1,0,0
5570,2023-05-29 00:30:00,0.05423,0.0,0.535,-0.0,-0.535,2.6,-4.465,0.535,27.535,7.103,0.0,0.0,0,1,0,0
5571,2023-05-29 00:45:00,0.05423,0.0,0.504,-0.0,-0.504,2.459,-4.496,0.504,27.504,7.103,0.0,0.0,0,1,0,0
5572,2023-05-29 01:00:00,0.05423,-0.0,0.37,-0.0,-0.37,2.326,-4.63,0.37,27.37,7.103,0,0,0,1,0,0
5573,2023-05-29 01:15:00,0.05423,-0.0,0.624,-0.0,-0.624,2.229,-4.376,0.624,27.624,7.103,0,0,0,1,0,0
5574,2023-05-29 01:30:00,0.05423,0.0,0.509,-0.0,-0.509,2.065,-4.491,0.509,27.509,7.103,0.0,0.0,0,1,0,0
5575,2023-05-29 01:45:00,0.05423,-0.0,0.407,-0.0,-0.407,1.931,-4.593,0.407,27.407,7.103,0,0,0,1,0,0
5576,2023-05-29 02:00:00,0.05423,0.0,0.293,-0.0,-0.293,1.824,-4.707,0.293,27.293,7.103,0.0,0.0,0,1,0,0
5577,2023-05-29 02:15:00,0.05423,0.0,0.246,-0.0,-0.246,1.747,-4.754,0.246,27.246,7.103,0.0,0.0,0,1,0,0
5578,2023-05-29 02:30:00,0.05423,0.0,0.292,-0.0,-0.292,1.682,-4.708,0.292,27.292,7.103,0.0,0.0,0,1,0,0
5579,2023-05-29 02:45:00,0.05423,-0.0,0.255,-0.0,-0.255,1.605,-4.745,0.255,27.255,7.103,0,0,0,1,0,0
5580,2023-05-29 03:00:00,0.05423,0.0,0.378,-0.0,-0.378,1.538,-4.622,0.378,27.378,7.103,0.0,0.0,0,1,0,0
5581,2023-05-29 03:15:00,0.05423,-0.0,0.319,-0.0,-0.319,1.439,-4.681,0.319,27.319,7.103,0,0,0,1,0,0
5582,2023-05-29 03:30:00,0.05423,0.0,0.276,-0.0,-0.276,1.355,-4.724,0.276,27.276,7.103,0.0,0.0,0,1,0,0
5583,2023-05-29 03:45:00,0.05423,0.0,0.354,-0.0,-0.354,1.282,-4.646,0.354,27.354,7.103,0.0,0.0,0,1,0,0
5584,2023-05-29 04:00:00,0.05423,-0.0,0.284,-0.0,-0.284,1.189,-4.716,0.284,27.284,7.103,0,0,0,1,0,0
5585,2023-05-29 04:15:00,0.05423,-0.0,0.314,-0.0,-0.314,1.114,-4.686,0.314,27.314,7.103,0,0,0,1,0,0
5586,2023-05-29 04:30:00,0.05423,0.0,0.256,-0.0,-0.256,1.031,-4.744,0.256,27.256,7.103,0.0,0.0,0,1,0,0
5587,2023-05-29 04:45:00,0.05423,0.0,0.298,-0.0,-0.298,0.964,-4.702,0.298,27.298,7.103,0.0,0.0,0,1,0,0
5588,2023-05-29 05:00:00,0.05423,0.0,0.307,-0.0,-0.307,0.886,-4.693,0.307,27.307,7.103,0.0,0.0,0,1,0,0
5589,2023-05-29 05:15:00,0.05423,0.0,0.235,-0.059,-0.235,0.805,-4.825,0.175,27.175,7.103,0.0,0.0,0.059,1,1,0.059
5590,2023-05-29 05:30:00,0.05423,-0.0,0.291,-0.141,-0.291,0.743,-4.85,0.15,27.15,7.089,0,0,0.141,1,1,0.141
5591,2023-05-29 05:45:00,0.05423,0.0,0.278,-0.181,-0.278,0.667,-4.903,0.097,27.097,7.055,0.0,0.0,0.181,1,1,0.181
5592,2023-05-29 06:00:00,0.15179,-0.0,0.271,-0.201,-0.271,0.593,-4.929,0.071,27.071,7.012,0,0,0.201,1,1,0.201
5593,2023-05-29 06:15:00,0.15179,0.0,0.182,-0.354,-0.182,0.522,-5.172,-0.172,26.656,6.965,0.0,0.0,0.354,1,1,0.354
5594,2023-05-29 06:30:00,0.15179,-0.0,0.293,-0.315,-0.293,0.474,-5.022,-0.022,26.957,6.881,0,0,0.315,1,1,0.315
5595,2023-05-29 06:45:00,0.15179,0.0,0.22,-0.358,-0.22,0.397,-5.138,-0.138,26.725,6.806,0.0,0.0,0.358,1,1,0.358
5596,2023-05-29 07:00:00,0.15179,-0.0,0.194,-0.391,-0.194,0.339,-5.197,-0.197,26.607,6.721,0,0,0.391,1,1,0.391
5597,2023-05-29 07:15:00,0.15179,0.0,0.215,-0.696,-0.215,0.288,-5.481,-0.481,26.038,6.628,0.0,0.0,0.696,1,1,0.696
5598,2023-05-29 07:30:00,0.15179,-0.0,0.183,-1.169,-0.183,0.231,-5.985,-0.985,25.029,6.463,0,0,1.169,1,1,1.169
5599,2023-05-29 07:45:00,0.15179,-0.0,0.236,-2.297,-0.236,0.183,-7.06,-2.06,22.879,6.185,0,0,2.297,1,1,2.297
5600,2023-05-29 08:00:00,0.15179,-0.0,0.182,-2.856,-0.182,0.121,-7.675,-2.675,21.651,5.64,0,0,2.856,1,1,2.856
5601,2023-05-29 08:15:00,0.15179,0.0,0.277,-3.279,-0.277,0.073,-8.002,-3.002,20.996,4.961,0.0,0.0,3.279,1,1,3.279
5602,2023-05-29 08:30:00,0.15179,3.095,0.301,-3.397,0,-0.0,-8.095,-3.095,-1.19,0,3.095,0.0,0,0,0,0
5603,2023-05-29 08:45:00,0.15179,4.924,0.205,-5.129,0,-0.0,-9.924,-4.924,-4.848,0,4.924,0.0,0,0,0,0
5604,2023-05-29 09:00:00,0.15179,4.75,0.462,-5.212,0,-0.0,-9.75,-4.75,-4.5,0,4.75,0.0,0,0,0,0
5605,2023-05-29 09:15:00,0.15179,6.046,0.258,-6.304,0,-0.0,-11.046,-6.046,-6.046,0,6.046,0.0,0,0,0,0
5606,2023-05-29 09:30:00,0.15179,5.596,0.258,-5.854,0,-0.0,-10.596,-5.596,-5.596,0,5.596,0.0,0,0,0,0
5607,2023-05-29 09:45:00,0.15179,5.623,0.226,-5.849,0,-0.0,-10.623,-5.623,-5.623,0,5.623,0.0,0,0,0,0
5608,2023-05-29 10:00:00,0.15179,6.796,0.231,-7.027,0,-0.0,-11.796,-6.796,-6.796,0,6.796,0.0,0,0,0,0
5609,2023-05-29 10:15:00,0.15179,6.398,0.24,-6.638,0,-0.0,-11.398,-6.398,-6.398,0,6.398,0.0,0,0,0,0
5610,2023-05-29 10:30:00,0.15179,4.874,0.263,-5.137,0,-0.0,-9.874,-4.874,-4.747,0,4.874,0.0,0,0,0,0
5611,2023-05-29 10:45:00,0.15179,3.73,2.065,-5.795,0,-0.0,-8.73,-3.73,-2.46,0,3.73,0.0,0,0,0,0
5612,2023-05-29 11:00:00,0.15179,3.952,0.922,-4.874,0,-0.0,-8.952,-3.952,-2.904,0,3.952,0.0,0,0,0,0
5613,2023-05-29 11:15:00,0.15179,8.851,0.44,-9.29,0,-0.0,-13.851,-8.851,-8.851,0,8.851,0.0,0,0,0,0
5614,2023-05-29 11:30:00,0.15179,9.038,0.348,-9.386,0,-0.0,-14.038,-9.038,-9.038,0,9.038,0.0,0,0,0,0
5615,2023-05-29 11:45:00,0.15179,5.887,0.927,-6.813,0,-0.0,-10.887,-5.887,-5.887,0,5.887,0.0,0,0,0,0
5616,2023-05-29 12:00:00,0.15179,5.908,0.905,-6.813,0,-0.0,-10.908,-5.908,-5.908,0,5.908,0.0,0,0,0,0
5617,2023-05-29 12:15:00,0.15179,3.486,2.16,-5.646,0,-0.0,-8.486,-3.486,-1.972,0,3.486,0.0,0,0,0,0
5618,2023-05-29 12:30:00,0.15179,5.596,1.064,-6.66,0,-0.0,-10.596,-5.596,-5.596,0,5.596,0.0,0,0,0,0
5619,2023-05-29 12:45:00,0.15179,6.43,0.654,-7.084,0,-0.0,-11.43,-6.43,-6.43,0,6.43,0.0,0,0,0,0
5620,2023-05-29 13:00:00,0.15179,6.013,0.676,-6.689,0,-0.0,-11.013,-6.013,-6.013,0,6.013,0.0,0,0,0,0
5621,2023-05-29 13:15:00,0.15179,1.375,0.767,-2.141,0,-0.0,-6.375,-1.375,2.251,0,1.375,0.0,0,0,0,0
5622,2023-05-29 13:30:00,0.15179,3.55,0.493,-4.043,0,-0.0,-8.55,-3.55,-2.099,0,3.55,0.0,0,0,0,0
5623,2023-05-29 13:45:00,0.15179,2.78,0.597,-3.377,0,-0.0,-7.78,-2.78,-0.56,0,2.78,0.0,0,0,0,0
5624,2023-05-29 14:00:00,0.15179,2.54,0.561,-3.101,0,-0.0,-7.54,-2.54,-0.08,0,2.54,0.0,0,0,0,0
5625,2023-05-29 14:15:00,0.15179,3.63,0.584,-4.214,0,-0.0,-8.63,-3.63,-2.26,0,3.63,0.0,0,0,0,0
5626,2023-05-29 14:30:00,0.15179,7.551,0.539,-8.091,0,-0.0,-12.551,-7.551,-7.551,0,7.551,0.0,0,0,0,0
5627,2023-05-29 14:45:00,0.15179,0.53,0.581,-3.419,2.307,-0.0,-7.838,-2.838,-0.675,0,0.53,0.0,0,0,0,0
5628,2023-05-29 15:00:00,0.15179,0.539,0.537,-6.076,5.0,0.548,-10.539,-5.539,-5.539,0,0.539,0.0,0,0,0,0
5629,2023-05-29 15:15:00,0.15179,0.0,0.843,-5.116,4.274,1.736,-9.274,-4.274,-3.547,0,0.0,0.0,0,0,0,0
5630,2023-05-29 15:30:00,0.15179,-0.0,0.313,-3.083,2.77,2.75,-7.77,-2.77,-0.539,0,0,0,0,0,0,0
5631,2023-05-29 15:45:00,0.15179,-0.0,0.244,-4.491,4.247,3.408,-9.247,-4.247,-3.495,0,0,0,0,0,0,0
5632,2023-05-29 16:00:00,0.15179,0.0,0.153,-2.684,2.531,4.417,-7.531,-2.531,-0.062,0,0.0,0.0,0,0,0,0
5633,2023-05-29 16:15:00,0.15179,0.0,0.176,-2.658,2.481,5.018,-7.481,-2.481,0.037,0,0.0,0.0,0,0,0,0
5634,2023-05-29 16:30:00,0.15179,-0.0,0.208,-2.471,2.263,5.607,-7.263,-2.263,0.473,0,0,0,0,0,0,0
5635,2023-05-29 16:45:00,0.15179,-0.0,0.203,-2.857,-0.203,6.145,-5.0,0.0,27.0,14.794,0,0,2.857,1,1,2.857
5636,2023-05-29 17:00:00,0.15179,0.0,0.144,-2.668,-0.144,6.092,-5.0,0.0,27.0,14.115,0.0,0.0,2.668,1,1,2.668
5637,2023-05-29 17:15:00,0.15179,-0.0,0.141,-1.823,-0.141,6.054,-5.0,0.0,27.0,13.482,0,0,1.823,1,1,1.823
5638,2023-05-29 17:30:00,0.15179,0.0,0.175,-1.165,-0.175,6.017,-5.0,0.0,27.0,13.049,0.0,0.0,1.165,1,1,1.165
5639,2023-05-29 17:45:00,0.15179,-0.0,0.127,-0.932,-0.127,5.97,-5.0,0.0,27.0,12.772,0,0,0.932,1,1,0.932
5640,2023-05-29 18:00:00,0.15179,0.0,0.215,-0.798,-0.215,5.937,-5.0,0.0,27.0,12.55,0.0,0.0,0.798,1,1,0.798
5641,2023-05-29 18:15:00,0.15179,-0.0,0.316,-1.246,-0.316,5.881,-5.0,0.0,27.0,12.361,0,0,1.246,1,1,1.246
5642,2023-05-29 18:30:00,0.15179,0.0,0.297,-0.461,-0.297,5.797,-5.0,0.0,27.0,12.065,0.0,0.0,0.461,1,1,0.461
5643,2023-05-29 18:45:00,0.15179,-0.0,0.354,-0.055,-0.354,5.719,-4.701,0.299,27.299,11.955,0,0,0.055,1,1,0.055
5644,2023-05-29 19:00:00,0.15179,0.0,0.237,-0.007,-0.237,5.626,-4.771,0.229,27.229,11.942,0.0,0.0,0.007,1,1,0.007
5645,2023-05-29 19:15:00,0.15179,-0.0,0.234,-0.0,-0.234,5.564,-4.766,0.234,27.234,11.941,0,0,0,1,0,0
5646,2023-05-29 19:30:00,0.15179,0.0,0.374,-0.0,-0.374,5.502,-4.626,0.374,27.374,11.941,0.0,0.0,0,1,0,0
5647,2023-05-29 19:45:00,0.15179,-0.0,0.212,-0.0,-0.212,5.404,-4.788,0.212,27.212,11.941,0,0,0,1,0,0
5648,2023-05-29 20:00:00,0.15179,0.0,0.326,-0.0,-0.326,5.348,-4.674,0.326,27.326,11.941,0.0,0.0,0,1,0,0
5649,2023-05-29 20:15:00,0.15179,0.0,0.517,-0.0,-0.517,5.262,-4.483,0.517,27.517,11.941,0.0,0.0,0,1,0,0
5650,2023-05-29 20:30:00,0.15179,-0.0,0.391,-0.0,-0.391,5.126,-4.609,0.391,27.391,11.941,0,0,0,1,0,0
5651,2023-05-29 20:45:00,0.15179,-0.0,0.328,-0.0,-0.328,5.023,-4.672,0.328,27.328,11.941,0,0,0,1,0,0
5652,2023-05-29 21:00:00,0.07496,0.0,0.365,-0.0,-0.365,4.937,-4.635,0.365,27.365,11.941,0.0,0.0,0,1,0,0
5653,2023-05-29 21:15:00,0.07496,-0.0,0.426,-0.0,-0.426,4.841,-4.574,0.426,27.426,11.941,0,0,0,1,0,0
5654,2023-05-29 21:30:00,0.07496,0.0,0.335,-0.0,-0.335,4.729,-4.665,0.335,27.335,11.941,0.0,0.0,0,1,0,0
5655,2023-05-29 21:45:00,0.07496,-0.0,0.363,-0.0,-0.363,4.641,-4.637,0.363,27.363,11.941,0,0,0,1,0,0
5656,2023-05-29 22:00:00,0.07496,-0.0,0.42,-0.0,-0.42,4.545,-4.58,0.42,27.42,11.941,0,0,0,1,0,0
5657,2023-05-29 22:15:00,0.07496,0.0,0.698,-0.0,-0.698,4.434,-4.302,0.698,27.698,11.941,0.0,0.0,0,1,0,0
5658,2023-05-29 22:30:00,0.07496,0.0,0.522,-0.0,-0.522,4.251,-4.478,0.522,27.522,11.941,0.0,0.0,0,1,0,0
5659,2023-05-29 22:45:00,0.07496,0.0,0.424,-0.0,-0.424,4.113,-4.576,0.424,27.424,11.941,0.0,0.0,0,1,0,0
5660,2023-05-29 23:00:00,0.07496,0.0,0.471,-0.0,-0.471,4.002,-4.529,0.471,27.471,11.941,0.0,0.0,0,1,0,0
5661,2023-05-29 23:15:00,0.07496,-0.0,0.514,-0.0,-0.514,3.878,-4.486,0.514,27.514,11.941,0,0,0,1,0,0
5662,2023-05-29 23:30:00,0.07496,-0.0,0.415,-0.0,-0.415,3.742,-4.585,0.415,27.415,11.941,0,0,0,1,0,0
5663,2023-05-29 23:45:00,0.07496,0.0,0.428,-0.0,-0.428,3.633,-4.572,0.428,27.428,11.941,0.0,0.0,0,1,0,0
5664,2023-05-30 00:00:00,0.07496,0.0,0.439,-0.0,-0.439,3.52,-4.561,0.439,27.439,11.941,0.0,0.0,0,1,0,0
5665,2023-05-30 00:15:00,0.07496,-0.0,0.419,-0.0,-0.419,3.405,-4.581,0.419,27.419,11.941,0,0,0,1,0,0
5666,2023-05-30 00:30:00,0.07496,0.0,0.498,-0.0,-0.498,3.295,-4.502,0.498,27.498,11.941,0.0,0.0,0,1,0,0
5667,2023-05-30 00:45:00,0.07496,0.0,0.499,-0.0,-0.499,3.164,-4.501,0.499,27.499,11.941,0.0,0.0,0,1,0,0
5668,2023-05-30 01:00:00,0.07496,-0.0,0.517,-0.0,-0.517,3.032,-4.483,0.517,27.517,11.941,0,0,0,1,0,0
5669,2023-05-30 01:15:00,0.07496,0.0,0.532,-0.0,-0.532,2.896,-4.468,0.532,27.532,11.941,0.0,0.0,0,1,0,0
5670,2023-05-30 01:30:00,0.07496,-0.0,0.631,-0.0,-0.631,2.756,-4.369,0.631,27.631,11.941,0,0,0,1,0,0
5671,2023-05-30 01:45:00,0.07496,-0.0,0.545,-0.0,-0.545,2.59,-4.455,0.545,27.545,11.941,0,0,0,1,0,0
5672,2023-05-30 02:00:00,0.07496,0.0,0.661,-0.0,-0.661,2.447,-4.339,0.661,27.661,11.941,0.0,0.0,0,1,0,0
5673,2023-05-30 02:15:00,0.07496,-0.0,0.704,-0.0,-0.704,2.273,-4.296,0.704,27.704,11.941,0,0,0,1,0,0
5674,2023-05-30 02:30:00,0.07496,-0.0,0.529,-0.0,-0.529,2.087,-4.471,0.529,27.529,11.941,0,0,0,1,0,0
5675,2023-05-30 02:45:00,0.07496,0.0,0.693,-0.0,-0.693,1.948,-4.307,0.693,27.693,11.941,0.0,0.0,0,1,0,0
5676,2023-05-30 03:00:00,0.07496,0.0,0.735,-0.0,-0.735,1.766,-4.265,0.735,27.735,11.941,0.0,0.0,0,1,0,0
5677,2023-05-30 03:15:00,0.07496,0.0,0.583,-0.0,-0.583,1.572,-4.417,0.583,27.583,11.941,0.0,0.0,0,1,0,0
5678,2023-05-30 03:30:00,0.07496,0.0,0.358,-0.0,-0.358,1.419,-4.642,0.358,27.358,11.941,0.0,0.0,0,1,0,0
5679,2023-05-30 03:45:00,0.07496,-0.0,0.252,-0.0,-0.252,1.325,-4.748,0.252,27.252,11.941,0,0,0,1,0,0
5680,2023-05-30 04:00:00,0.07496,-0.0,0.237,-0.0,-0.237,1.258,-4.763,0.237,27.237,11.941,0,0,0,1,0,0
5681,2023-05-30 04:15:00,0.07496,-0.0,0.223,-0.0,-0.223,1.196,-4.777,0.223,27.223,11.941,0,0,0,1,0,0
5682,2023-05-30 04:30:00,0.07496,0.0,0.199,-0.0,-0.199,1.137,-4.801,0.199,27.199,11.941,0.0,0.0,0,1,0,0
5683,2023-05-30 04:45:00,0.07496,-0.0,0.208,-0.0,-0.208,1.085,-4.792,0.208,27.208,11.941,0,0,0,1,0,0
5684,2023-05-30 05:00:00,0.07496,0.0,0.188,-0.0,-0.188,1.03,-4.812,0.188,27.188,11.941,0.0,0.0,0,1,0,0
5685,2023-05-30 05:15:00,0.07496,0.0,0.258,-0.0,-0.258,0.981,-4.742,0.258,27.258,11.941,0.0,0.0,0,1,0,0
5686,2023-05-30 05:30:00,0.07496,0.0,0.26,-0.012,-0.26,0.913,-4.752,0.248,27.248,11.941,0.0,0.0,0.012,1,1,0.012
5687,2023-05-30 05:45:00,0.07496,-0.0,0.202,-0.03,-0.202,0.845,-4.827,0.173,27.173,11.938,0,0,0.03,1,1,0.03
5688,2023-05-30 06:00:00,0.14543,0.0,0.209,-0.101,-0.209,0.791,-4.893,0.107,27.107,11.931,0.0,0.0,0.101,1,1,0.101
5689,2023-05-30 06:15:00,0.14543,-0.0,0.24,-0.24,-0.24,0.736,-4.999,0.001,27.001,11.907,0,0,0.24,1,1,0.24
5690,2023-05-30 06:30:00,0.14543,-0.0,0.36,-0.413,-0.36,0.673,-5.0,0.0,27.0,11.85,0,0,0.413,1,1,0.413
5691,2023-05-30 06:45:00,0.14543,0.0,0.267,-0.598,-0.267,0.578,-5.0,0.0,27.0,11.752,0.0,0.0,0.598,1,1,0.598
5692,2023-05-30 07:00:00,0.14543,0.0,0.273,-0.485,-0.273,0.508,-5.0,0.0,27.0,11.61,0.0,0.0,0.485,1,1,0.485
5693,2023-05-30 07:15:00,0.14543,-0.0,0.281,-0.492,-0.281,0.436,-5.0,0.0,27.0,11.495,0,0,0.492,1,1,0.492
5694,2023-05-30 07:30:00,0.14543,0.0,0.291,-0.906,-0.291,0.362,-5.0,0.0,27.0,11.378,0.0,0.0,0.906,1,1,0.906
5695,2023-05-30 07:45:00,0.14543,-0.0,0.312,-1.781,-0.312,0.286,-5.0,0.0,27.0,11.163,0,0,1.781,1,1,1.781
5696,2023-05-30 08:00:00,0.14543,0.0,0.259,-1.027,-0.259,0.204,-5.0,0.0,27.0,10.74,0.0,0.0,1.027,1,1,1.027
5697,2023-05-30 08:15:00,0.14543,-0.0,0.264,-1.015,-0.264,0.135,-5.0,0.0,27.0,10.496,0,0,1.015,1,1,1.015
5698,2023-05-30 08:30:00,0.14543,0.0,0.25,-1.072,-0.25,0.066,-5.0,0.0,27.0,10.254,0.0,0.0,1.072,1,1,1.072
5699,2023-05-30 08:45:00,0.14543,0.967,0.239,-1.207,0,-0.0,-5.0,0.0,27.0,10.0,0.967,0.0,0,1,0,0
5700,2023-05-30 09:00:00,0.14543,0.935,0.279,-1.213,0,-0.0,-5.935,-0.935,3.13,0,0.935,0.0,0,0,0,0
5701,2023-05-30 09:15:00,0.14543,0.793,0.339,-1.132,0,-0.0,-5.793,-0.793,3.414,0,0.793,0.0,0,0,0,0
5702,2023-05-30 09:30:00,0.14543,0.893,0.321,-1.214,0,-0.0,-5.893,-0.893,3.215,0,0.893,0.0,0,0,0,0
5703,2023-05-30 09:45:00,0.14543,1.301,0.305,-1.607,0,-0.0,-6.301,-1.301,2.397,0,1.301,0.0,0,0,0,0
5704,2023-05-30 10:00:00,0.14543,1.381,0.319,-1.701,0,-0.0,-6.381,-1.381,2.237,0,1.381,0.0,0,0,0,0
5705,2023-05-30 10:15:00,0.14543,1.229,0.304,-1.533,0,-0.0,-6.229,-1.229,2.542,0,1.229,0.0,0,0,0,0
5706,2023-05-30 10:30:00,0.14543,1.778,0.242,-2.02,0,-0.0,-6.778,-1.778,1.444,0,1.778,0.0,0,0,0,0
5707,2023-05-30 10:45:00,0.14543,2.037,0.258,-2.295,0,-0.0,-7.037,-2.037,0.926,0,2.037,0.0,0,0,0,0
5708,2023-05-30 11:00:00,0.14543,3.059,0.253,-3.313,0,-0.0,-8.059,-3.059,-1.118,0,3.059,0.0,0,0,0,0
5709,2023-05-30 11:15:00,0.14543,4.297,0.315,-4.613,0,-0.0,-9.297,-4.297,-3.594,0,4.297,0.0,0,0,0,0
5710,2023-05-30 11:30:00,0.14543,6.062,0.322,-6.384,0,-0.0,-11.062,-6.062,-6.062,0,6.062,0.0,0,0,0,0
5711,2023-05-30 11:45:00,0.14543,5.282,0.291,-5.573,0,-0.0,-10.282,-5.282,-5.282,0,5.282,0.0,0,0,0,0
5712,2023-05-30 12:00:00,0.14543,3.729,0.38,-4.109,0,-0.0,-8.729,-3.729,-2.457,0,3.729,0.0,0,0,0,0
5713,2023-05-30 12:15:00,0.14543,1.153,0.471,-1.624,0,-0.0,-6.153,-1.153,2.695,0,1.153,0.0,0,0,0,0
5714,2023-05-30 12:30:00,0.14543,3.792,0.306,-4.098,0,-0.0,-8.792,-3.792,-2.584,0,3.792,0.0,0,0,0,0
5715,2023-05-30 12:45:00,0.14543,6.178,0.354,-6.532,0,-0.0,-11.178,-6.178,-6.178,0,6.178,0.0,0,0,0,0
5716,2023-05-30 13:00:00,0.14543,4.295,0.279,-4.584,0.01,-0.0,-9.305,-4.305,-3.61,0,4.295,0.0,0,0,0,0
5717,2023-05-30 13:15:00,0.14543,-0.0,1.652,-1.643,-0.009,0.002,-4.991,0.009,5.009,0,0,0,0,0,0,0
5718,2023-05-30 13:30:00,0.14543,1.859,0.619,-2.477,0,0.0,-6.859,-1.859,1.283,0,1.859,0.0,0,0,0,0
5719,2023-05-30 13:45:00,0.14543,2.447,0.922,-3.369,0,0.0,-7.447,-2.447,0.106,0,2.447,0.0,0,0,0,0
5720,2023-05-30 14:00:00,0.14543,1.952,0.484,-2.436,0,0.0,-6.952,-1.952,1.095,0,1.952,0.0,0,0,0,0
5721,2023-05-30 14:15:00,0.14543,5.561,0.411,-5.971,0,0.0,-10.561,-5.561,-5.561,0,5.561,0.0,0,0,0,0
5722,2023-05-30 14:30:00,0.14543,3.945,2.958,-6.902,0,0.0,-8.945,-3.945,-2.89,0,3.945,0.0,0,0,0,0
5723,2023-05-30 14:45:00,0.14543,5.141,2.343,-7.485,0,0.0,-10.141,-5.141,-5.141,0,5.141,0.0,0,0,0,0
5724,2023-05-30 15:00:00,0.14543,0.912,2.152,-3.063,0,0.0,-5.912,-0.912,3.176,0,0.912,0.0,0,0,0,0
5725,2023-05-30 15:15:00,0.14543,4.292,1.975,-6.267,0,0.0,-9.292,-4.292,-3.584,0,4.292,0.0,0,0,0,0
5726,2023-05-30 15:30:00,0.14543,1.79,1.114,-5.981,3.077,0.0,-9.867,-4.867,-4.734,0,1.79,0.0,0,0,0,0
5727,2023-05-30 15:45:00,0.14543,-0.0,0.559,-4.801,4.242,0.731,-9.242,-4.242,-3.483,0,0,0,0,0,0,0
5728,2023-05-30 16:00:00,0.14543,-0.0,0.572,-4.46,3.889,1.738,-8.889,-3.889,-2.777,0,0,0,0,0,0,0
5729,2023-05-30 16:15:00,0.14543,0.0,0.527,-2.776,2.249,2.662,-7.249,-2.249,0.502,0,0.0,0.0,0,0,0,0
5730,2023-05-30 16:30:00,0.14543,-0.0,0.449,-2.73,2.281,3.196,-7.281,-2.281,0.438,0,0,0,0,0,0,0
5731,2023-05-30 16:45:00,0.14543,-0.0,0.407,-2.771,2.364,3.738,-7.364,-2.364,0.271,0,0,0,0,0,0,0
5732,2023-05-30 17:00:00,0.14543,0.0,0.907,-2.01,1.103,4.299,-6.103,-1.103,2.794,0,0.0,0.0,0,0,0,0
5733,2023-05-30 17:15:00,0.14543,0.0,1.026,-1.624,0.598,4.561,-5.598,-0.598,3.805,0,0.0,0.0,0,0,0,0
5734,2023-05-30 17:30:00,0.14543,-0.0,0.447,-1.451,1.003,4.703,-6.003,-1.003,2.993,0,0,0,0,0,0,0
5735,2023-05-30 17:45:00,0.14543,-0.0,0.797,-1.277,0.48,4.941,-5.48,-0.48,4.04,0,0,0,0,0,0,0
5736,2023-05-30 18:00:00,0.14543,0.0,1.026,-1.289,0.263,5.055,-5.263,-0.263,4.474,0,0.0,0.0,0,0,0,0
5737,2023-05-30 18:15:00,0.14543,-0.0,0.715,-1.123,0.408,5.118,-5.0,0.0,27.0,20.723,0,0,0,1,0,0
5738,2023-05-30 18:30:00,0.14543,0.0,0.453,-0.743,0.29,5.215,-5.0,0.0,27.0,20.723,0.0,0.0,0,1,0,0
5739,2023-05-30 18:45:00,0.14543,-0.0,0.41,-0.504,0.094,5.283,-5.0,0.0,27.0,20.723,0,0,0,1,0,0
5740,2023-05-30 19:00:00,0.14543,0.0,0.359,-0.0,-0.359,5.306,-4.641,0.359,27.359,20.723,0.0,0.0,0,1,0,0
5741,2023-05-30 19:15:00,0.14543,-0.0,0.384,-0.0,-0.384,5.211,-4.616,0.384,27.384,20.723,0,0,0,1,0,0
5742,2023-05-30 19:30:00,0.14543,0.0,0.377,-0.0,-0.377,5.11,-4.623,0.377,27.377,20.723,0.0,0.0,0,1,0,0
5743,2023-05-30 19:45:00,0.14543,0.0,0.58,-0.0,-0.58,5.011,-4.42,0.58,27.58,20.723,0.0,0.0,0,1,0,0
5744,2023-05-30 20:00:00,0.14543,-0.0,1.051,-0.0,-1.051,4.858,-3.949,1.051,28.051,20.723,0,0,0,1,0,0
5745,2023-05-30 20:15:00,0.14543,-0.0,0.929,-0.0,-0.929,4.582,-4.071,0.929,27.929,20.723,0,0,0,1,0,0
5746,2023-05-30 20:30:00,0.14543,0.0,0.567,-0.0,-0.567,4.337,-4.433,0.567,27.567,20.723,0.0,0.0,0,1,0,0
5747,2023-05-30 20:45:00,0.14543,-0.0,0.213,-0.0,-0.213,4.188,-4.787,0.213,27.213,20.723,0,0,0,1,0,0
5748,2023-05-30 21:00:00,0.02306,-0.0,0.935,-0.0,-0.935,4.132,-4.065,0.935,27.935,20.723,0,0,0,1,0,0
5749,2023-05-30 21:15:00,0.02306,0.0,0.478,-0.0,-0.478,3.886,-4.522,0.478,27.478,20.723,0.0,0.0,0,1,0,0
5750,2023-05-30 21:30:00,0.02306,-0.0,0.557,-0.0,-0.557,3.76,-4.443,0.557,27.557,20.723,0,0,0,1,0,0
5751,2023-05-30 21:45:00,0.02306,0.0,0.528,-0.0,-0.528,3.613,-4.472,0.528,27.528,20.723,0.0,0.0,0,1,0,0
5752,2023-05-30 22:00:00,0.02306,-0.0,0.541,-0.0,-0.541,3.475,-4.459,0.541,27.541,20.723,0,0,0,1,0,0
5753,2023-05-30 22:15:00,0.02306,0.0,0.464,-0.0,-0.464,3.332,-4.536,0.464,27.464,20.723,0.0,0.0,0,1,0,0
5754,2023-05-30 22:30:00,0.02306,-0.0,0.483,-0.0,-0.483,3.21,-4.517,0.483,27.483,20.723,0,0,0,1,0,0
5755,2023-05-30 22:45:00,0.02306,-0.0,0.519,-0.0,-0.519,3.083,-4.481,0.519,27.519,20.723,0,0,0,1,0,0
5756,2023-05-30 23:00:00,0.02306,0.0,0.428,-0.0,-0.428,2.947,-4.572,0.428,27.428,20.723,0.0,0.0,0,1,0,0
5757,2023-05-30 23:15:00,0.02306,0.0,0.624,-0.0,-0.624,2.834,-4.376,0.624,27.624,20.723,0.0,0.0,0,1,0,0
5758,2023-05-30 23:30:00,0.02306,-0.0,0.57,-0.0,-0.57,2.67,-4.43,0.57,27.57,20.723,0,0,0,1,0,0
5759,2023-05-30 23:45:00,0.02306,0.0,0.552,-0.0,-0.552,2.52,-4.448,0.552,27.552,20.723,0.0,0.0,0,1,0,0
5760,2023-05-31 00:00:00,0.02306,-0.0,0.651,-0.0,-0.651,2.375,-4.349,0.651,27.651,20.723,0,0,0,1,0,0
5761,2023-05-31 00:15:00,0.02306,0.0,0.641,-0.0,-0.641,2.203,-4.359,0.641,27.641,20.723,0.0,0.0,0,1,0,0
5762,2023-05-31 00:30:00,0.02306,-0.0,0.768,-0.0,-0.768,2.034,-4.232,0.768,27.768,20.723,0,0,0,1,0,0
5763,2023-05-31 00:45:00,0.02306,0.0,0.81,-0.0,-0.81,1.832,-4.19,0.81,27.81,20.723,0.0,0.0,0,1,0,0
5764,2023-05-31 01:00:00,0.02306,-0.0,0.703,-0.0,-0.703,1.619,-4.297,0.703,27.703,20.723,0,0,0,1,0,0
5765,2023-05-31 01:15:00,0.02306,0.0,0.581,-0.0,-0.581,1.434,-4.419,0.581,27.581,20.723,0.0,0.0,0,1,0,0
5766,2023-05-31 01:30:00,0.02306,-0.0,0.613,-0.0,-0.613,1.281,-4.387,0.613,27.613,20.723,0,0,0,1,0,0
5767,2023-05-31 01:45:00,0.02306,-0.0,0.476,-0.0,-0.476,1.12,-4.524,0.476,27.476,20.723,0,0,0,1,0,0
5768,2023-05-31 02:00:00,0.02306,0.0,0.326,-0.0,-0.326,0.995,-4.674,0.326,27.326,20.723,0.0,0.0,0,1,0,0
5769,2023-05-31 02:15:00,0.02306,-0.0,0.25,-0.0,-0.25,0.909,-4.75,0.25,27.25,20.723,0,0,0,1,0,0
5770,2023-05-31 02:30:00,0.02306,0.0,0.247,-0.0,-0.247,0.843,-4.753,0.247,27.247,20.723,0.0,0.0,0,1,0,0
5771,2023-05-31 02:45:00,0.02306,-0.0,0.247,-0.0,-0.247,0.778,-4.753,0.247,27.247,20.723,0,0,0,1,0,0
5772,2023-05-31 03:00:00,0.02306,-0.0,0.247,-0.0,-0.247,0.713,-4.753,0.247,27.247,20.723,0,0,0,1,0,0
5773,2023-05-31 03:15:00,0.02306,0.0,0.317,-0.0,-0.317,0.648,-4.683,0.317,27.317,20.723,0.0,0.0,0,1,0,0
5774,2023-05-31 03:30:00,0.02306,0.0,0.302,-0.0,-0.302,0.565,-4.698,0.302,27.302,20.723,0.0,0.0,0,1,0,0
5775,2023-05-31 03:45:00,0.02306,-0.0,0.255,-0.0,-0.255,0.486,-4.745,0.255,27.255,20.723,0,0,0,1,0,0
5776,2023-05-31 04:00:00,0.02306,-0.0,0.25,-0.0,-0.25,0.418,-4.75,0.25,27.25,20.723,0,0,0,1,0,0
5777,2023-05-31 04:15:00,0.02306,0.0,0.27,-0.0,-0.27,0.353,-4.73,0.27,27.27,20.723,0.0,0.0,0,1,0,0
5778,2023-05-31 04:30:00,0.02306,0.0,0.273,-0.0,-0.273,0.282,-4.727,0.273,27.273,20.723,0.0,0.0,0,1,0,0
5779,2023-05-31 04:45:00,0.02306,-0.0,0.338,-0.0,-0.338,0.21,-4.662,0.338,27.338,20.723,0,0,0,1,0,0
5780,2023-05-31 05:00:00,0.02306,0.0,0.277,-0.0,-0.277,0.121,-4.723,0.277,27.277,20.723,0.0,0.0,0,1,0,0
5781,2023-05-31 05:15:00,0.02306,0.0,0.272,-0.09,-0.181,0.048,-4.819,0.181,27.181,20.723,0.0,0.0,0,1,0,0
5782,2023-05-31 05:30:00,0.02306,0.026,0.216,-0.29,0.048,0.0,-5.0,0.0,27.0,20.723,0.026,0.0,0,1,0,0
5783,2023-05-31 05:45:00,0.02306,-0.0,0.347,-0.304,-0.043,0.011,-4.957,0.043,27.043,20.723,0,0,0,1,0,0
5784,2023-05-31 06:00:00,0.11883,0.431,0.271,-0.702,0,0.0,-5.0,0.0,27.0,20.723,0.431,0.0,0,1,0,0
5785,2023-05-31 06:15:00,0.11883,0.647,0.246,-0.898,0.005,0.0,-5.0,0.0,27.0,20.723,0.647,0.0,0,1,0,0
5786,2023-05-31 06:30:00,0.11883,0.0,1.126,-1.122,-0.004,0.001,-4.996,0.004,27.004,20.723,0.0,0.0,0,1,0,0
5787,2023-05-31 06:45:00,0.11883,0.841,0.763,-1.603,0,-0.0,-5.0,0.0,27.0,20.723,0.841,0.0,0,1,0,0
5788,2023-05-31 07:00:00,0.11883,1.444,0.618,-2.063,0,-0.0,-5.0,0.0,27.0,20.723,1.444,0.0,0,1,0,0
5789,2023-05-31 07:15:00,0.11883,1.848,0.422,-2.271,0,-0.0,-5.0,0.0,27.0,20.723,1.848,0.0,0,1,0,0
5790,2023-05-31 07:30:00,0.11883,0.759,0.323,-1.081,0,-0.0,-5.0,0.0,27.0,20.723,0.759,0.0,0,1,0,0
5791,2023-05-31 07:45:00,0.11883,0.919,0.282,-1.201,0,-0.0,-5.0,0.0,27.0,20.723,0.919,0.0,0,1,0,0
5792,2023-05-31 08:00:00,0.11883,1.466,0.31,-1.776,0,-0.0,-5.0,0.0,27.0,20.723,1.466,0.0,0,1,0,0
5793,2023-05-31 08:15:00,0.11883,1.933,0.234,-2.167,0,-0.0,-5.0,0.0,27.0,20.723,1.933,0.0,0,1,0,0
5794,2023-05-31 08:30:00,0.11883,2.271,0.249,-2.52,0,-0.0,-5.0,0.0,27.0,20.723,2.271,0.0,0,1,0,0
5795,2023-05-31 08:45:00,0.11883,3.681,0.322,-4.004,0,-0.0,-6.538,-1.538,23.923,20.723,3.681,0.0,0,1,0,0
5796,2023-05-31 09:00:00,0.11883,3.457,0.246,-3.702,0,-0.0,-8.457,-3.457,20.086,20.723,3.457,0.0,0,1,0,0
5797,2023-05-31 09:15:00,0.11883,4.83,0.215,-5.045,0,-0.0,-9.83,-4.83,17.34,20.723,4.83,0.0,0,1,0,0
5798,2023-05-31 09:30:00,0.11883,4.456,0.221,-4.677,0,-0.0,-9.456,-4.456,18.087,20.723,4.456,0.0,0,1,0,0
5799,2023-05-31 09:45:00,0.11883,2.967,1.174,-4.141,0,-0.0,-7.967,-2.967,21.066,20.723,2.967,0.0,0,1,0,0
5800,2023-05-31 10:00:00,0.11883,1.494,2.086,-3.58,0,-0.0,-6.494,-1.494,24.012,20.723,1.494,0.0,0,1,0,0
5801,2023-05-31 10:15:00,0.11883,2.303,1.256,-3.559,0,-0.0,-7.303,-2.303,22.394,20.723,2.303,0.0,0,1,0,0
5802,2023-05-31 10:30:00,0.11883,5.844,0.534,-6.378,0,-0.0,-10.844,-5.844,16.156,20.723,5.844,0.0,0,1,0,0
5803,2023-05-31 10:45:00,0.11883,3.12,0.366,-3.486,0,-0.0,-8.12,-3.12,20.759,20.723,3.12,0.0,0,1,0,0
5804,2023-05-31 11:00:00,0.11883,3.545,0.887,-4.432,0,-0.0,-8.545,-3.545,19.909,20.723,3.545,0.0,0,1,0,0
5805,2023-05-31 11:15:00,0.11883,4.727,0.773,-5.499,0,-0.0,-9.727,-4.727,17.547,20.723,4.727,0.0,0,1,0,0
5806,2023-05-31 11:30:00,0.11883,7.643,0.394,-8.037,0,-0.0,-12.643,-7.643,14.357,20.723,7.643,0.0,0,1,0,0
5807,2023-05-31 11:45:00,0.11883,7.812,0.33,-8.142,0,-0.0,-12.812,-7.812,14.188,20.723,7.812,0.0,0,1,0,0
5808,2023-05-31 12:00:00,0.11883,8.167,0.328,-8.495,0,-0.0,-13.167,-8.167,13.833,20.723,8.167,0.0,0,1,0,0
5809,2023-05-31 12:15:00,0.11883,5.766,0.34,-6.106,0,-0.0,-10.766,-5.766,16.234,20.723,5.766,0.0,0,1,0,0
5810,2023-05-31 12:30:00,0.11883,2.116,0.456,-2.572,0,-0.0,-7.116,-2.116,22.768,20.723,2.116,0.0,0,1,0,0
5811,2023-05-31 12:45:00,0.11883,5.581,0.426,-6.008,0,-0.0,-10.581,-5.581,16.419,20.723,5.581,0.0,0,1,0,0
5812,2023-05-31 13:00:00,0.11883,6.421,0.305,-6.726,0,-0.0,-11.421,-6.421,15.579,20.723,6.421,0.0,0,1,0,0
5813,2023-05-31 13:15:00,0.11883,5.181,0.363,-5.543,0,-0.0,-10.181,-5.181,16.819,20.723,5.181,0.0,0,1,0,0
5814,2023-05-31 13:30:00,0.11883,5.569,0.335,-5.904,0,-0.0,-10.569,-5.569,16.431,20.723,5.569,0.0,0,1,0,0
5815,2023-05-31 13:45:00,0.11883,5.545,0.315,-5.86,0,-0.0,-10.545,-5.545,16.455,20.723,5.545,0.0,0,1,0,0
5816,2023-05-31 14:00:00,0.11883,5.94,0.322,-6.262,0,-0.0,-10.94,-5.94,16.06,20.723,5.94,0.0,0,1,0,0
5817,2023-05-31 14:15:00,0.11883,6.036,0.379,-6.415,0,-0.0,-11.036,-6.036,15.964,20.723,6.036,0.0,0,1,0,0
5818,2023-05-31 14:30:00,0.11883,6.857,0.637,-7.493,0,-0.0,-11.857,-6.857,15.143,20.723,6.857,0.0,0,1,0,0
5819,2023-05-31 14:45:00,0.11883,0.911,0.415,-4.104,2.778,-0.0,-8.689,-3.689,19.623,20.723,0.911,0.0,0,1,0,0
5820,2023-05-31 15:00:00,0.11883,1.95,0.33,-2.28,0,0.66,-6.95,-1.95,23.099,20.723,1.95,0.0,0,1,0,0
5821,2023-05-31 15:15:00,0.11883,-0.0,0.465,-3.9,3.435,0.66,-8.435,-3.435,20.131,20.723,0,0,0,1,0,0
5822,2023-05-31 15:30:00,0.11883,0.0,0.422,-3.023,2.601,1.476,-7.601,-2.601,21.798,20.723,0.0,0.0,0,1,0,0
5823,2023-05-31 15:45:00,0.11883,-0.0,0.477,-4.457,3.98,2.093,-8.98,-3.98,19.04,20.723,0,0,0,1,0,0
5824,2023-05-31 16:00:00,0.11883,-0.0,0.587,-4.157,3.57,3.039,-8.57,-3.57,19.86,20.723,0,0,0,1,0,0
5825,2023-05-31 16:15:00,0.11883,0.0,0.531,-3.509,2.979,3.886,-7.979,-2.979,21.042,20.723,0.0,0.0,0,1,0,0
5826,2023-05-31 16:30:00,0.11883,-0.0,0.446,-3.039,2.594,4.594,-7.594,-2.594,21.813,20.723,0,0,0,1,0,0
5827,2023-05-31 16:45:00,0.11883,0.0,0.57,-2.485,1.914,5.21,-6.914,-1.914,23.171,20.723,0.0,0.0,0,1,0,0
5828,2023-05-31 17:00:00,0.11883,-0.0,0.273,-1.693,1.421,5.664,-6.421,-1.421,24.159,20.723,0,0,0,1,0,0
5829,2023-05-31 17:15:00,0.11883,-0.0,0.368,-1.434,1.065,6.002,-6.065,-1.065,24.869,20.723,0,0,0,1,0,0
5830,2023-05-31 17:30:00,0.11883,0.0,2.129,-1.11,-1.02,6.255,-3.98,1.02,28.02,20.723,0.0,0.0,0,1,0,0
5831,2023-05-31 17:45:00,0.11883,0.0,2.186,-0.871,-1.314,5.987,-3.686,1.314,28.314,20.723,0.0,0.0,0,1,0,0
5832,2023-05-31 18:00:00,0.11883,-0.0,2.394,-0.828,-1.565,5.641,-3.435,1.565,28.565,20.723,0,0,0,1,0,0
5833,2023-05-31 18:15:00,0.11883,-0.0,3.426,-0.656,-2.77,5.229,-2.23,2.77,29.77,20.723,0,0,0,1,0,0
5834,2023-05-31 18:30:00,0.11883,0.0,2.865,-0.464,-2.401,4.5,-2.599,2.401,29.401,20.723,0.0,0.0,0,1,0,0
5835,2023-05-31 18:45:00,0.11883,-0.0,1.458,-0.08,-1.378,3.868,-3.622,1.378,28.378,20.723,0,0,0,1,0,0
5836,2023-05-31 19:00:00,0.11883,0.0,0.72,-0.0,-0.72,3.505,-4.28,0.72,27.72,20.723,0.0,0.0,0,1,0,0
5837,2023-05-31 19:15:00,0.11883,0.0,0.611,-0.0,-0.611,3.316,-4.389,0.611,27.611,20.723,0.0,0.0,0,1,0,0
5838,2023-05-31 19:30:00,0.11883,-0.0,0.533,-0.0,-0.533,3.155,-4.467,0.533,27.533,20.723,0,0,0,1,0,0
5839,2023-05-31 19:45:00,0.11883,0.0,1.978,-0.0,-1.978,3.015,-3.022,1.978,28.978,20.723,0.0,0.0,0,1,0,0
5840,2023-05-31 20:00:00,0.11883,-0.0,0.964,-0.0,-0.964,2.494,-4.036,0.964,27.964,20.723,0,0,0,1,0,0
5841,2023-05-31 20:15:00,0.11883,0.0,0.445,-0.0,-0.445,2.241,-4.555,0.445,27.445,20.723,0.0,0.0,0,1,0,0
5842,2023-05-31 20:30:00,0.11883,-0.0,0.419,-0.0,-0.419,2.123,-4.581,0.419,27.419,20.723,0,0,0,1,0,0
5843,2023-05-31 20:45:00,0.11883,0.0,0.422,-0.0,-0.422,2.013,-4.578,0.422,27.422,20.723,0.0,0.0,0,1,0,0
5844,2023-05-31 21:00:00,0.04581,-0.0,0.496,-0.0,-0.496,1.902,-4.504,0.496,27.496,20.723,0,0,0,1,0,0
5845,2023-05-31 21:15:00,0.04581,-0.0,0.548,-0.0,-0.548,1.772,-4.452,0.548,27.548,20.723,0,0,0,1,0,0
5846,2023-05-31 21:30:00,0.04581,0.0,0.627,-0.0,-0.627,1.627,-4.373,0.627,27.627,20.723,0.0,0.0,0,1,0,0
5847,2023-05-31 21:45:00,0.04581,-0.0,0.634,-0.0,-0.634,1.462,-4.366,0.634,27.634,20.723,0,0,0,1,0,0
5848,2023-05-31 22:00:00,0.04581,-0.0,0.486,-0.0,-0.486,1.296,-4.514,0.486,27.486,20.723,0,0,0,1,0,0
5849,2023-05-31 22:15:00,0.04581,0.0,0.96,-0.0,-0.96,1.168,-4.04,0.96,27.96,20.723,0.0,0.0,0,1,0,0
5850,2023-05-31 22:30:00,0.04581,0.0,0.576,-0.0,-0.576,0.915,-4.424,0.576,27.576,20.723,0.0,0.0,0,1,0,0
5851,2023-05-31 22:45:00,0.04581,0.0,0.517,-0.0,-0.517,0.763,-4.483,0.517,27.517,20.723,0.0,0.0,0,1,0,0
5852,2023-05-31 23:00:00,0.04581,0.0,0.56,-0.0,-0.56,0.627,-4.44,0.56,27.56,20.723,0.0,0.0,0,1,0,0
5853,2023-05-31 23:15:00,0.04581,-0.0,0.471,-0.0,-0.471,0.48,-4.529,0.471,27.471,20.723,0,0,0,1,0,0
5854,2023-05-31 23:30:00,0.04581,0.0,0.561,-0.0,-0.561,0.356,-4.439,0.561,27.561,20.723,0.0,0.0,0,1,0,0
5855,2023-05-31 23:45:00,0.04581,-0.0,0.793,-0.0,-0.793,0.209,-4.207,0.793,27.793,20.723,0,0,0,1,0,0