datetime,PV_kW
2015-04-01 00:00:00,0.0
2015-04-01 00:15:00,0.0
2015-04-01 00:30:00,0.0
2015-04-01 00:45:00,0.0
2015-04-01 01:00:00,0.0
2015-04-01 01:15:00,0.0
2015-04-01 01:30:00,0.0
2015-04-01 01:45:00,0.0
2015-04-01 02:00:00,0.0
2015-04-01 02:15:00,0.0
2015-04-01 02:30:00,0.0
2015-04-01 02:45:00,0.0
2015-04-01 03:00:00,0.0
2015-04-01 03:15:00,0.0
2015-04-01 03:30:00,0.0
2015-04-01 03:45:00,0.0
2015-04-01 04:00:00,0.0
2015-04-01 04:15:00,0.0
2015-04-01 04:30:00,0.0
2015-04-01 04:45:00,0.0
2015-04-01 05:00:00,0.0
2015-04-01 05:15:00,0.0
2015-04-01 05:30:00,0.0
2015-04-01 05:45:00,0.0
2015-04-01 06:00:00,0.0
2015-04-01 06:15:00,0.0
2015-04-01 06:30:00,0.0
2015-04-01 06:45:00,0.098018333309738
2015-04-01 07:00:00,0.4200585181783678
2015-04-01 07:15:00,0.9650491955348646
2015-04-01 07:30:00,1.7379187380240404
2015-04-01 07:45:00,2.0094733172669543
2015-04-01 08:00:00,2.432789227642606
2015-04-01 08:15:00,2.999470322438467
2015-04-01 08:30:00,3.5409867712714727
2015-04-01 08:45:00,4.111991931388562
2015-04-01 09:00:00,4.624713008021607
2015-04-01 09:15:00,5.131986475052383
2015-04-01 09:30:00,5.599192792406604
2015-04-01 09:45:00,5.832780923708028
2015-04-01 10:00:00,6.364978128950494
2015-04-01 10:15:00,6.79306078192168
2015-04-01 10:30:00,7.163887367742459
2015-04-01 10:45:00,7.453793283393644
2015-04-01 11:00:00,8.25119803104356
2015-04-01 11:15:00,7.489499264006421
2015-04-01 11:30:00,5.562325120191155
2015-04-01 11:45:00,5.284319163492619
2015-04-01 12:00:00,8.142618030175436
2015-04-01 12:15:00,7.282191219295106
2015-04-01 12:30:00,5.409427963934096
2015-04-01 12:45:00,9.423330718620273
2015-04-01 13:00:00,4.135518185203177
2015-04-01 13:15:00,7.358863138219714
2015-04-01 13:30:00,7.299042527153108
2015-04-01 13:45:00,6.626088271897668
2015-04-01 14:00:00,5.543819880700285
2015-04-01 14:15:00,3.8723322630206303
2015-04-01 14:30:00,3.8331335304489658
2015-04-01 14:45:00,3.014109232463777
2015-04-01 15:00:00,4.711386005177781
2015-04-01 15:15:00,2.178266691672736
2015-04-01 15:30:00,4.082972708449195
2015-04-01 15:45:00,3.930137339436366
2015-04-01 16:00:00,2.451070492254362
2015-04-01 16:15:00,1.4219649323404324
2015-04-01 16:30:00,2.3908720933555774
2015-04-01 16:45:00,1.026469401633389
2015-04-01 17:00:00,1.2044864001932811
2015-04-01 17:15:00,0.3892576048390268
2015-04-01 17:30:00,0.0793366582688495
2015-04-01 17:45:00,0.0
2015-04-01 18:00:00,0.0
2015-04-01 18:15:00,0.0
2015-04-01 18:30:00,0.0
2015-04-01 18:45:00,0.0
2015-04-01 19:00:00,0.0
2015-04-01 19:15:00,0.0
2015-04-01 19:30:00,0.0
2015-04-01 19:45:00,0.0
2015-04-01 20:00:00,0.0
2015-04-01 20:15:00,0.0
2015-04-01 20:30:00,0.0
2015-04-01 20:45:00,0.0
2015-04-01 21:00:00,0.0
2015-04-01 21:15:00,0.0
2015-04-01 21:30:00,0.0
2015-04-01 21:45:00,0.0
2015-04-01 22:00:00,0.0
2015-04-01 22:15:00,0.0
2015-04-01 22:30:00,0.0
2015-04-01 22:45:00,0.0
2015-04-01 23:00:00,0.0
2015-04-01 23:15:00,0.0
2015-04-01 23:30:00,0.0
2015-04-01 23:45:00,0.0
2015-04-02 00:00:00,0.0
2015-04-02 00:15:00,0.0
2015-04-02 00:30:00,0.0
2015-04-02 00:45:00,0.0
2015-04-02 01:00:00,0.0
2015-04-02 01:15:00,0.0
2015-04-02 01:30:00,0.0
2015-04-02 01:45:00,0.0
2015-04-02 02:00:00,0.0
2015-04-02 02:15:00,0.0
2015-04-02 02:30:00,0.0
2015-04-02 02:45:00,0.0
2015-04-02 03:00:00,0.0
2015-04-02 03:15:00,0.0
2015-04-02 03:30:00,0.0
2015-04-02 03:45:00,0.0
2015-04-02 04:00:00,0.0
2015-04-02 04:15:00,0.0
2015-04-02 04:30:00,0.0
2015-04-02 04:45:00,0.0
2015-04-02 05:00:00,0.0
2015-04-02 05:15:00,0.0
2015-04-02 05:30:00,0.0
2015-04-02 05:45:00,0.0
2015-04-02 06:00:00,0.0
2015-04-02 06:15:00,0.0
2015-04-02 06:30:00,0.0
2015-04-02 06:45:00,0.0007805452761201
2015-04-02 07:00:00,0.0875278969892984
2015-04-02 07:15:00,0.1887230714507171
2015-04-02 07:30:00,0.3777495025909737
2015-04-02 07:45:00,0.6308624954920895
2015-04-02 08:00:00,0.8797741423165492
2015-04-02 08:15:00,1.1879987536766785
2015-04-02 08:30:00,1.0978738437010076
2015-04-02 08:45:00,1.1985082035099135
2015-04-02 09:00:00,1.1893653460039093
2015-04-02 09:15:00,1.364243562955545
2015-04-02 09:30:00,1.7954009977583378
2015-04-02 09:45:00,1.723504690772941
2015-04-02 10:00:00,2.346847177668267
2015-04-02 10:15:00,2.53696621635408
2015-04-02 10:30:00,4.902212436645188
2015-04-02 10:45:00,5.951284610487236
2015-04-02 11:00:00,5.8130968949579644
2015-04-02 11:15:00,7.666241221472733
2015-04-02 11:30:00,7.880392850338799
2015-04-02 11:45:00,8.149628647455485
2015-04-02 12:00:00,8.239494689051856
2015-04-02 12:15:00,8.239310346186569
2015-04-02 12:30:00,8.336740944110904
2015-04-02 12:45:00,8.324913282573318
2015-04-02 13:00:00,8.306890494209288
2015-04-02 13:15:00,8.190440659396952
2015-04-02 13:30:00,8.125900904737733
2015-04-02 13:45:00,7.945620841689023
2015-04-02 14:00:00,7.653443822658263
2015-04-02 14:15:00,7.356932936264859
2015-04-02 14:30:00,6.9893882650549255
2015-04-02 14:45:00,6.8690251433082805
2015-04-02 15:00:00,6.551579032233291
2015-04-02 15:15:00,6.088732430722836
2015-04-02 15:30:00,5.576387080617876
2015-04-02 15:45:00,5.009446677715309
2015-04-02 16:00:00,4.367514831974855
2015-04-02 16:15:00,3.681704209317188
2015-04-02 16:30:00,2.927507782273357
2015-04-02 16:45:00,2.0602943220749
2015-04-02 17:00:00,1.1675342557880577
2015-04-02 17:15:00,0.4115930253872529
2015-04-02 17:30:00,0.2022463558481808
2015-04-02 17:45:00,0.0
2015-04-02 18:00:00,0.0
2015-04-02 18:15:00,0.0
2015-04-02 18:30:00,0.0
2015-04-02 18:45:00,0.0
2015-04-02 19:00:00,0.0
2015-04-02 19:15:00,0.0
2015-04-02 19:30:00,0.0
2015-04-02 19:45:00,0.0
2015-04-02 20:00:00,0.0
2015-04-02 20:15:00,0.0
2015-04-02 20:30:00,0.0
2015-04-02 20:45:00,0.0
2015-04-02 21:00:00,0.0
2015-04-02 21:15:00,0.0
2015-04-02 21:30:00,0.0
2015-04-02 21:45:00,0.0
2015-04-02 22:00:00,0.0
2015-04-02 22:15:00,0.0
2015-04-02 22:30:00,0.0
2015-04-02 22:45:00,0.0
2015-04-02 23:00:00,0.0
2015-04-02 23:15:00,0.0
2015-04-02 23:30:00,0.0
2015-04-02 23:45:00,0.0
2015-04-03 00:00:00,0.0
2015-04-03 00:15:00,0.0
2015-04-03 00:30:00,0.0
2015-04-03 00:45:00,0.0
2015-04-03 01:00:00,0.0
2015-04-03 01:15:00,0.0
2015-04-03 01:30:00,0.0
2015-04-03 01:45:00,0.0
2015-04-03 02:00:00,0.0
2015-04-03 02:15:00,0.0
2015-04-03 02:30:00,0.0
2015-04-03 02:45:00,0.0
2015-04-03 03:00:00,0.0
2015-04-03 03:15:00,0.0
2015-04-03 03:30:00,0.0
2015-04-03 03:45:00,0.0
2015-04-03 04:00:00,0.0
2015-04-03 04:15:00,0.0
2015-04-03 04:30:00,0.0
2015-04-03 04:45:00,0.0
2015-04-03 05:00:00,0.0
2015-04-03 05:15:00,0.0
2015-04-03 05:30:00,0.0
2015-04-03 05:45:00,0.0
2015-04-03 06:00:00,0.0
2015-04-03 06:15:00,0.0
2015-04-03 06:30:00,0.0
2015-04-03 06:45:00,0.1421308995739542
2015-04-03 07:00:00,0.5458090167727204
2015-04-03 07:15:00,1.0392742827473902
2015-04-03 07:30:00,1.5425252737960151
2015-04-03 07:45:00,2.0793599935126323
2015-04-03 08:00:00,2.615938627516888
2015-04-03 08:15:00,3.1679678088846788
2015-04-03 08:30:00,3.738967896844718
2015-04-03 08:45:00,4.260662295641319
2015-04-03 09:00:00,4.699645532307237
2015-04-03 09:15:00,5.190793119703232
2015-04-03 09:30:00,5.640362629799087
2015-04-03 09:45:00,5.832495327161179
2015-04-03 10:00:00,6.438911468058917
2015-04-03 10:15:00,6.816454093966978
2015-04-03 10:30:00,7.068062217012577
2015-04-03 10:45:00,7.032858783541466
2015-04-03 11:00:00,7.059078682993727
2015-04-03 11:15:00,7.627224969364296
2015-04-03 11:30:00,7.893180413007024
2015-04-03 11:45:00,8.063386905738778
2015-04-03 12:00:00,8.218630755314818
2015-04-03 12:15:00,8.252413139109606
2015-04-03 12:30:00,8.317770385662024
2015-04-03 12:45:00,8.374082104498218
2015-04-03 13:00:00,8.364127503773188
2015-04-03 13:15:00,8.295734391098305
2015-04-03 13:30:00,8.183842663444707
2015-04-03 13:45:00,8.035671423895328
2015-04-03 14:00:00,7.776512113436191
2015-04-03 14:15:00,7.525196857418768
2015-04-03 14:30:00,7.186844504616348
2015-04-03 14:45:00,6.907969333715116
2015-04-03 15:00:00,6.611905305469778
2015-04-03 15:15:00,6.182202413035865
2015-04-03 15:30:00,5.679256377011577
2015-04-03 15:45:00,5.094854725223507
2015-04-03 16:00:00,4.4085443467903245
2015-04-03 16:15:00,3.6927919936713054
2015-04-03 16:30:00,2.8758260436054988
2015-04-03 16:45:00,2.001085731504418
2015-04-03 17:00:00,1.1000240705540338
2015-04-03 17:15:00,0.3606236703303784
2015-04-03 17:30:00,0.2078526729439725
2015-04-03 17:45:00,0.0
2015-04-03 18:00:00,0.0
2015-04-03 18:15:00,0.0
2015-04-03 18:30:00,0.0
2015-04-03 18:45:00,0.0
2015-04-03 19:00:00,0.0
2015-04-03 19:15:00,0.0
2015-04-03 19:30:00,0.0
2015-04-03 19:45:00,0.0
2015-04-03 20:00:00,0.0
2015-04-03 20:15:00,0.0
2015-04-03 20:30:00,0.0
2015-04-03 20:45:00,0.0
2015-04-03 21:00:00,0.0
2015-04-03 21:15:00,0.0
2015-04-03 21:30:00,0.0
2015-04-03 21:45:00,0.0
2015-04-03 22:00:00,0.0
2015-04-03 22:15:00,0.0
2015-04-03 22:30:00,0.0
2015-04-03 22:45:00,0.0
2015-04-03 23:00:00,0.0
2015-04-03 23:15:00,0.0
2015-04-03 23:30:00,0.0
2015-04-03 23:45:00,0.0
2015-04-04 00:00:00,0.0
2015-04-04 00:15:00,0.0
2015-04-04 00:30:00,0.0
2015-04-04 00:45:00,0.0
2015-04-04 01:00:00,0.0
2015-04-04 01:15:00,0.0
2015-04-04 01:30:00,0.0
2015-04-04 01:45:00,0.0
2015-04-04 02:00:00,0.0
2015-04-04 02:15:00,0.0
2015-04-04 02:30:00,0.0
2015-04-04 02:45:00,0.0
2015-04-04 03:00:00,0.0
2015-04-04 03:15:00,0.0
2015-04-04 03:30:00,0.0
2015-04-04 03:45:00,0.0
2015-04-04 04:00:00,0.0
2015-04-04 04:15:00,0.0
2015-04-04 04:30:00,0.0
2015-04-04 04:45:00,0.0
2015-04-04 05:00:00,0.0
2015-04-04 05:15:00,0.0
2015-04-04 05:30:00,0.0
2015-04-04 05:45:00,0.0
2015-04-04 06:00:00,0.0
2015-04-04 06:15:00,0.0
2015-04-04 06:30:00,0.0061947944680965
2015-04-04 06:45:00,0.1959026825104248
2015-04-04 07:00:00,0.5395012228097129
2015-04-04 07:15:00,1.0295038018523914
2015-04-04 07:30:00,1.509905901460057
2015-04-04 07:45:00,2.024091574199613
2015-04-04 08:00:00,2.559325071822603
2015-04-04 08:15:00,3.092649258685992
2015-04-04 08:30:00,3.608547760786665
2015-04-04 08:45:00,4.136692506859597
2015-04-04 09:00:00,4.597651619553673
2015-04-04 09:15:00,5.0318174456729565
2015-04-04 09:30:00,5.468171280437299
2015-04-04 09:45:00,5.690393086661165
2015-04-04 10:00:00,6.224752659164027
2015-04-04 10:15:00,6.544912371598834
2015-04-04 10:30:00,6.840514281228547
2015-04-04 10:45:00,7.106004671065867
2015-04-04 11:00:00,7.353271719043172
2015-04-04 11:15:00,7.589145064137753
2015-04-04 11:30:00,7.7637872874080385
2015-04-04 11:45:00,7.930978104539548
2015-04-04 12:00:00,8.076578642668448
2015-04-04 12:15:00,8.150821427938725
2015-04-04 12:30:00,8.159974101372889
2015-04-04 12:45:00,8.185233306057219
2015-04-04 13:00:00,8.169984719164534
2015-04-04 13:15:00,8.128273512682174
2015-04-04 13:30:00,8.068480295847593
2015-04-04 13:45:00,7.854495665192327
2015-04-04 14:00:00,7.553418728591589
2015-04-04 14:15:00,7.359066422748092
2015-04-04 14:30:00,7.091674704456692
2015-04-04 14:45:00,6.761748479788563
2015-04-04 15:00:00,6.205471205064456
2015-04-04 15:15:00,4.842443378178952
2015-04-04 15:30:00,5.960106390430687
2015-04-04 15:45:00,5.517553294400115
2015-04-04 16:00:00,3.484327342713782
2015-04-04 16:15:00,3.6464048027408382
2015-04-04 16:30:00,2.8587841815479247
2015-04-04 16:45:00,2.0028701054293183
2015-04-04 17:00:00,1.1043089089833091
2015-04-04 17:15:00,0.4080685766391839
2015-04-04 17:30:00,0.2280047135727502
2015-04-04 17:45:00,0.0
2015-04-04 18:00:00,0.0
2015-04-04 18:15:00,0.0
2015-04-04 18:30:00,0.0
2015-04-04 18:45:00,0.0
2015-04-04 19:00:00,0.0
2015-04-04 19:15:00,0.0
2015-04-04 19:30:00,0.0
2015-04-04 19:45:00,0.0
2015-04-04 20:00:00,0.0
2015-04-04 20:15:00,0.0
2015-04-04 20:30:00,0.0
2015-04-04 20:45:00,0.0
2015-04-04 21:00:00,0.0
2015-04-04 21:15:00,0.0
2015-04-04 21:30:00,0.0
2015-04-04 21:45:00,0.0
2015-04-04 22:00:00,0.0
2015-04-04 22:15:00,0.0
2015-04-04 22:30:00,0.0
2015-04-04 22:45:00,0.0
2015-04-04 23:00:00,0.0
2015-04-04 23:15:00,0.0
2015-04-04 23:30:00,0.0
2015-04-04 23:45:00,0.0
2015-04-05 00:00:00,0.0
2015-04-05 00:15:00,0.0
2015-04-05 00:30:00,0.0
2015-04-05 00:45:00,0.0
2015-04-05 01:00:00,0.0
2015-04-05 01:15:00,0.0
2015-04-05 01:30:00,0.0
2015-04-05 01:45:00,0.0
2015-04-05 02:00:00,0.0
2015-04-05 02:15:00,0.0
2015-04-05 02:30:00,0.0
2015-04-05 02:45:00,0.0
2015-04-05 03:00:00,0.0
2015-04-05 03:15:00,0.0
2015-04-05 03:30:00,0.0
2015-04-05 03:45:00,0.0
2015-04-05 04:00:00,0.0
2015-04-05 04:15:00,0.0
2015-04-05 04:30:00,0.0
2015-04-05 04:45:00,0.0
2015-04-05 05:00:00,0.0
2015-04-05 05:15:00,0.0
2015-04-05 05:30:00,0.0
2015-04-05 05:45:00,0.0
2015-04-05 06:00:00,0.0
2015-04-05 06:15:00,0.0
2015-04-05 06:30:00,0.0
2015-04-05 06:45:00,0.0519878139306847
2015-04-05 07:00:00,0.2753552977727574
2015-04-05 07:15:00,0.3952682464275623
2015-04-05 07:30:00,0.7060740425487979
2015-04-05 07:45:00,1.0810453894845484
2015-04-05 08:00:00,1.4540567920163483
2015-04-05 08:15:00,1.8648023548853152
2015-04-05 08:30:00,1.555583600438722
2015-04-05 08:45:00,2.561921369349696
2015-04-05 09:00:00,1.316011658868692
2015-04-05 09:15:00,1.334962062837464
2015-04-05 09:30:00,1.3805449622748784
2015-04-05 09:45:00,1.2963237963176104
2015-04-05 10:00:00,1.7242690100149536
2015-04-05 10:15:00,7.898120500358097
2015-04-05 10:30:00,7.547007355281062
2015-04-05 10:45:00,7.12726020982038
2015-04-05 11:00:00,4.906668430275703
2015-04-05 11:15:00,6.229828358672946
2015-04-05 11:30:00,8.345424390870939
2015-04-05 11:45:00,8.759254730515789
2015-04-05 12:00:00,8.829227078035405
2015-04-05 12:15:00,6.483553323020384
2015-04-05 12:30:00,8.978920696269164
2015-04-05 12:45:00,7.587497653215636
2015-04-05 13:00:00,4.703813673178686
2015-04-05 13:15:00,4.174023050257816
2015-04-05 13:30:00,5.336647504610679
2015-04-05 13:45:00,6.453217285227691
2015-04-05 14:00:00,4.99686105817436
2015-04-05 14:15:00,5.401813918961174
2015-04-05 14:30:00,5.082531838056469
2015-04-05 14:45:00,7.2659098046955615
2015-04-05 15:00:00,4.719551647458327
2015-04-05 15:15:00,4.256780181255799
2015-04-05 15:30:00,5.338506397595122
2015-04-05 15:45:00,5.076950598781287
2015-04-05 16:00:00,4.415237461329832
2015-04-05 16:15:00,2.957525302128097
2015-04-05 16:30:00,1.823637998446856
2015-04-05 16:45:00,2.429424551929161
2015-04-05 17:00:00,1.2237923348068478
2015-04-05 17:15:00,0.4725596648768227
2015-04-05 17:30:00,0.2714522975081552
2015-04-05 17:45:00,0.0
2015-04-05 18:00:00,0.0
2015-04-05 18:15:00,0.0
2015-04-05 18:30:00,0.0
2015-04-05 18:45:00,0.0
2015-04-05 19:00:00,0.0
2015-04-05 19:15:00,0.0
2015-04-05 19:30:00,0.0
2015-04-05 19:45:00,0.0
2015-04-05 20:00:00,0.0
2015-04-05 20:15:00,0.0
2015-04-05 20:30:00,0.0
2015-04-05 20:45:00,0.0
2015-04-05 21:00:00,0.0
2015-04-05 21:15:00,0.0
2015-04-05 21:30:00,0.0
2015-04-05 21:45:00,0.0
2015-04-05 22:00:00,0.0
2015-04-05 22:15:00,0.0
2015-04-05 22:30:00,0.0
2015-04-05 22:45:00,0.0
2015-04-05 23:00:00,0.0
2015-04-05 23:15:00,0.0
2015-04-05 23:30:00,0.0
2015-04-05 23:45:00,0.0
2015-04-06 00:00:00,0.0
2015-04-06 00:15:00,0.0
2015-04-06 00:30:00,0.0
2015-04-06 00:45:00,0.0
2015-04-06 01:00:00,0.0
2015-04-06 01:15:00,0.0
2015-04-06 01:30:00,0.0
2015-04-06 01:45:00,0.0
2015-04-06 02:00:00,0.0
2015-04-06 02:15:00,0.0
2015-04-06 02:30:00,0.0
2015-04-06 02:45:00,0.0
2015-04-06 03:00:00,0.0
2015-04-06 03:15:00,0.0
2015-04-06 03:30:00,0.0
2015-04-06 03:45:00,0.0
2015-04-06 04:00:00,0.0
2015-04-06 04:15:00,0.0
2015-04-06 04:30:00,0.0
2015-04-06 04:45:00,0.0
2015-04-06 05:00:00,0.0
2015-04-06 05:15:00,0.0
2015-04-06 05:30:00,0.0
2015-04-06 05:45:00,0.0
2015-04-06 06:00:00,0.0
2015-04-06 06:15:00,0.0
2015-04-06 06:30:00,0.0708758662287481
2015-04-06 06:45:00,0.3580571350002338
2015-04-06 07:00:00,0.8781335688727341
2015-04-06 07:15:00,0.982936968559282
2015-04-06 07:30:00,1.8509975404295027
2015-04-06 07:45:00,0.894916114547344
2015-04-06 08:00:00,2.082013981259529
2015-04-06 08:15:00,3.539098946739767
2015-04-06 08:30:00,4.115052648385602
2015-04-06 08:45:00,4.68546059245069
2015-04-06 09:00:00,5.268377244161932
2015-04-06 09:15:00,5.764043370327639
2015-04-06 09:30:00,6.237277342706204
2015-04-06 09:45:00,6.587872088440559
2015-04-06 10:00:00,5.423004754642486
2015-04-06 10:15:00,8.386157028887109
2015-04-06 10:30:00,5.66670589955784
2015-04-06 10:45:00,8.27905655378563
2015-04-06 11:00:00,7.934847666126435
2015-04-06 11:15:00,8.824582805666509
2015-04-06 11:30:00,8.046278458868562
2015-04-06 11:45:00,9.098316773789982
2015-04-06 12:00:00,6.401002125504441
2015-04-06 12:15:00,8.375742536259484
2015-04-06 12:30:00,7.632432712965009
2015-04-06 12:45:00,6.813799497430153
2015-04-06 13:00:00,7.958806006301016
2015-04-06 13:15:00,9.49337577448239
2015-04-06 13:30:00,7.496207336487686
2015-04-06 13:45:00,8.727406351434855
2015-04-06 14:00:00,8.130207353641008
2015-04-06 14:15:00,6.188984444607497
2015-04-06 14:30:00,7.725738357256412
2015-04-06 14:45:00,7.688198284343096
2015-04-06 15:00:00,7.237870022222867
2015-04-06 15:15:00,6.754995106377023
2015-04-06 15:30:00,6.193208024312409
2015-04-06 15:45:00,5.558901879924202
2015-04-06 16:00:00,4.842780191498789
2015-04-06 16:15:00,4.041052738500178
2015-04-06 16:30:00,3.155762037483373
2015-04-06 16:45:00,2.211875849143447
2015-04-06 17:00:00,1.2530557430454758
2015-04-06 17:15:00,0.4607755611489895
2015-04-06 17:30:00,0.2945458230268735
2015-04-06 17:45:00,0.1137833564893073
2015-04-06 18:00:00,0.0
2015-04-06 18:15:00,0.0
2015-04-06 18:30:00,0.0
2015-04-06 18:45:00,0.0
2015-04-06 19:00:00,0.0
2015-04-06 19:15:00,0.0
2015-04-06 19:30:00,0.0
2015-04-06 19:45:00,0.0
2015-04-06 20:00:00,0.0
2015-04-06 20:15:00,0.0
2015-04-06 20:30:00,0.0
2015-04-06 20:45:00,0.0
2015-04-06 21:00:00,0.0
2015-04-06 21:15:00,0.0
2015-04-06 21:30:00,0.0
2015-04-06 21:45:00,0.0
2015-04-06 22:00:00,0.0
2015-04-06 22:15:00,0.0
2015-04-06 22:30:00,0.0
2015-04-06 22:45:00,0.0
2015-04-06 23:00:00,0.0
2015-04-06 23:15:00,0.0
2015-04-06 23:30:00,0.0
2015-04-06 23:45:00,0.0
2015-04-07 00:00:00,0.0
2015-04-07 00:15:00,0.0
2015-04-07 00:30:00,0.0
2015-04-07 00:45:00,0.0
2015-04-07 01:00:00,0.0
2015-04-07 01:15:00,0.0
2015-04-07 01:30:00,0.0
2015-04-07 01:45:00,0.0
2015-04-07 02:00:00,0.0
2015-04-07 02:15:00,0.0
2015-04-07 02:30:00,0.0
2015-04-07 02:45:00,0.0
2015-04-07 03:00:00,0.0
2015-04-07 03:15:00,0.0
2015-04-07 03:30:00,0.0
2015-04-07 03:45:00,0.0
2015-04-07 04:00:00,0.0
2015-04-07 04:15:00,0.0
2015-04-07 04:30:00,0.0
2015-04-07 04:45:00,0.0
2015-04-07 05:00:00,0.0
2015-04-07 05:15:00,0.0
2015-04-07 05:30:00,0.0
2015-04-07 05:45:00,0.0
2015-04-07 06:00:00,0.0
2015-04-07 06:15:00,0.0
2015-04-07 06:30:00,0.0
2015-04-07 06:45:00,0.0193655708159315
2015-04-07 07:00:00,0.0994436509177815
2015-04-07 07:15:00,0.1872000032227362
2015-04-07 07:30:00,0.2919382698928713
2015-04-07 07:45:00,0.3846103886324949
2015-04-07 08:00:00,0.5202132311440752
2015-04-07 08:15:00,0.621669252993716
2015-04-07 08:30:00,1.0586876905222422
2015-04-07 08:45:00,1.1224589698473002
2015-04-07 09:00:00,0.9924083729034388
2015-04-07 09:15:00,1.048575253823099
2015-04-07 09:30:00,2.0606230771250447
2015-04-07 09:45:00,5.348566653940862
2015-04-07 10:00:00,4.3866332898351095
2015-04-07 10:15:00,6.825230858475184
2015-04-07 10:30:00,5.464768402256842
2015-04-07 10:45:00,6.756624220184281
2015-04-07 11:00:00,6.429588446817571
2015-04-07 11:15:00,5.656697088237516
2015-04-07 11:30:00,6.093167739439494
2015-04-07 11:45:00,4.728319980712391
2015-04-07 12:00:00,4.660955386436254
2015-04-07 12:15:00,4.13246596197751
2015-04-07 12:30:00,5.267161450773875
2015-04-07 12:45:00,5.063166132889338
2015-04-07 13:00:00,4.947392671192926
2015-04-07 13:15:00,5.216373240916306
2015-04-07 13:30:00,8.061546739544939
2015-04-07 13:45:00,5.287791747125169
2015-04-07 14:00:00,3.777690247853928
2015-04-07 14:15:00,3.4007528921939647
2015-04-07 14:30:00,5.305810394975522
2015-04-07 14:45:00,5.300133436504666
2015-04-07 15:00:00,3.135676943599845
2015-04-07 15:15:00,2.562460507455483
2015-04-07 15:30:00,3.3911032330226702
2015-04-07 15:45:00,2.734380228663767
2015-04-07 16:00:00,2.508140983915919
2015-04-07 16:15:00,2.682962683672674
2015-04-07 16:30:00,1.9315789180059824
2015-04-07 16:45:00,0.9813679507939024
2015-04-07 17:00:00,0.6754826614821821
2015-04-07 17:15:00,0.5389844220691433
2015-04-07 17:30:00,0.2607014362201351
2015-04-07 17:45:00,0.0
2015-04-07 18:00:00,0.0
2015-04-07 18:15:00,0.0
2015-04-07 18:30:00,0.0
2015-04-07 18:45:00,0.0
2015-04-07 19:00:00,0.0
2015-04-07 19:15:00,0.0
2015-04-07 19:30:00,0.0
2015-04-07 19:45:00,0.0
2015-04-07 20:00:00,0.0
2015-04-07 20:15:00,0.0
2015-04-07 20:30:00,0.0
2015-04-07 20:45:00,0.0
2015-04-07 21:00:00,0.0
2015-04-07 21:15:00,0.0
2015-04-07 21:30:00,0.0
2015-04-07 21:45:00,0.0
2015-04-07 22:00:00,0.0
2015-04-07 22:15:00,0.0
2015-04-07 22:30:00,0.0
2015-04-07 22:45:00,0.0
2015-04-07 23:00:00,0.0
2015-04-07 23:15:00,0.0
2015-04-07 23:30:00,0.0
2015-04-07 23:45:00,0.0
2015-04-08 00:00:00,0.0
2015-04-08 00:15:00,0.0
2015-04-08 00:30:00,0.0
2015-04-08 00:45:00,0.0
2015-04-08 01:00:00,0.0
2015-04-08 01:15:00,0.0
2015-04-08 01:30:00,0.0
2015-04-08 01:45:00,0.0
2015-04-08 02:00:00,0.0
2015-04-08 02:15:00,0.0
2015-04-08 02:30:00,0.0
2015-04-08 02:45:00,0.0
2015-04-08 03:00:00,0.0
2015-04-08 03:15:00,0.0
2015-04-08 03:30:00,0.0
2015-04-08 03:45:00,0.0
2015-04-08 04:00:00,0.0
2015-04-08 04:15:00,0.0
2015-04-08 04:30:00,0.0
2015-04-08 04:45:00,0.0
2015-04-08 05:00:00,0.0
2015-04-08 05:15:00,0.0
2015-04-08 05:30:00,0.0
2015-04-08 05:45:00,0.0
2015-04-08 06:00:00,0.0
2015-04-08 06:15:00,0.0
2015-04-08 06:30:00,0.0234792876193771
2015-04-08 06:45:00,0.0684902553213287
2015-04-08 07:00:00,0.0802788535115868
2015-04-08 07:15:00,0.1940097934244034
2015-04-08 07:30:00,0.3636806085678359
2015-04-08 07:45:00,0.5843163215995152
2015-04-08 08:00:00,0.8950554813361589
2015-04-08 08:15:00,1.250402130501744
2015-04-08 08:30:00,2.064753171057642
2015-04-08 08:45:00,3.1808599613685304
2015-04-08 09:00:00,4.743874700186019
2015-04-08 09:15:00,4.409505181956053
2015-04-08 09:30:00,6.366652370864767
2015-04-08 09:45:00,6.442969732049843
2015-04-08 10:00:00,6.683480702329248
2015-04-08 10:15:00,7.1114208003352255
2015-04-08 10:30:00,7.506048043686689
2015-04-08 10:45:00,7.751130496586122
2015-04-08 11:00:00,8.014591416817924
2015-04-08 11:15:00,8.222100081519635
2015-04-08 11:30:00,8.469586099094043
2015-04-08 11:45:00,8.51358031772718
2015-04-08 12:00:00,9.12966095039141
2015-04-08 12:15:00,5.227642042195644
2015-04-08 12:30:00,6.569882700391547
2015-04-08 12:45:00,4.794754553436666
2015-04-08 13:00:00,8.04178532453059
2015-04-08 13:15:00,8.463634357942407
2015-04-08 13:30:00,5.826881097208199
2015-04-08 13:45:00,7.796428689407963
2015-04-08 14:00:00,7.512350809122412
2015-04-08 14:15:00,2.741079827365149
2015-04-08 14:30:00,6.817824466862811
2015-04-08 14:45:00,5.6724007471366855
2015-04-08 15:00:00,3.417075744310415
2015-04-08 15:15:00,4.518252619044091
2015-04-08 15:30:00,5.347693717925305
2015-04-08 15:45:00,5.58572615169715
2015-04-08 16:00:00,5.185943401416677
2015-04-08 16:15:00,3.697192830478498
2015-04-08 16:30:00,3.504400832390726
2015-04-08 16:45:00,2.477468960181881
2015-04-08 17:00:00,1.2739654020965183
2015-04-08 17:15:00,0.8404928584919206
2015-04-08 17:30:00,0.5331804532420084
2015-04-08 17:45:00,0.0
2015-04-08 18:00:00,0.0
2015-04-08 18:15:00,0.0
2015-04-08 18:30:00,0.0
2015-04-08 18:45:00,0.0
2015-04-08 19:00:00,0.0
2015-04-08 19:15:00,0.0
2015-04-08 19:30:00,0.0
2015-04-08 19:45:00,0.0
2015-04-08 20:00:00,0.0
2015-04-08 20:15:00,0.0
2015-04-08 20:30:00,0.0
2015-04-08 20:45:00,0.0
2015-04-08 21:00:00,0.0
2015-04-08 21:15:00,0.0
2015-04-08 21:30:00,0.0
2015-04-08 21:45:00,0.0
2015-04-08 22:00:00,0.0
2015-04-08 22:15:00,0.0
2015-04-08 22:30:00,0.0
2015-04-08 22:45:00,0.0
2015-04-08 23:00:00,0.0
2015-04-08 23:15:00,0.0
2015-04-08 23:30:00,0.0
2015-04-08 23:45:00,0.0
2015-04-09 00:00:00,0.0
2015-04-09 00:15:00,0.0
2015-04-09 00:30:00,0.0
2015-04-09 00:45:00,0.0
2015-04-09 01:00:00,0.0
2015-04-09 01:15:00,0.0
2015-04-09 01:30:00,0.0
2015-04-09 01:45:00,0.0
2015-04-09 02:00:00,0.0
2015-04-09 02:15:00,0.0
2015-04-09 02:30:00,0.0
2015-04-09 02:45:00,0.0
2015-04-09 03:00:00,0.0
2015-04-09 03:15:00,0.0
2015-04-09 03:30:00,0.0
2015-04-09 03:45:00,0.0
2015-04-09 04:00:00,0.0
2015-04-09 04:15:00,0.0
2015-04-09 04:30:00,0.0
2015-04-09 04:45:00,0.0
2015-04-09 05:00:00,0.0
2015-04-09 05:15:00,0.0
2015-04-09 05:30:00,0.0
2015-04-09 05:45:00,0.0
2015-04-09 06:00:00,0.0
2015-04-09 06:15:00,0.0
2015-04-09 06:30:00,0.0
2015-04-09 06:45:00,0.0473290790406953
2015-04-09 07:00:00,0.0743468597548352
2015-04-09 07:15:00,0.1106424502911522
2015-04-09 07:30:00,0.292303463684111
2015-04-09 07:45:00,0.3815730063465789
2015-04-09 08:00:00,0.4068959022577996
2015-04-09 08:15:00,0.4198421738330923
2015-04-09 08:30:00,0.5609829560555709
2015-04-09 08:45:00,0.5407598269298467
2015-04-09 09:00:00,0.6881055212665521
2015-04-09 09:15:00,0.7974459596791745
2015-04-09 09:30:00,1.1016305416461387
2015-04-09 09:45:00,1.8102170994823432
2015-04-09 10:00:00,1.2261795325460485
2015-04-09 10:15:00,5.654608146630609
2015-04-09 10:30:00,3.102223118452047
2015-04-09 10:45:00,5.680455684996572
2015-04-09 11:00:00,7.803586978363737
2015-04-09 11:15:00,7.878836637622164
2015-04-09 11:30:00,8.059499814436236
2015-04-09 11:45:00,8.247527291128971
2015-04-09 12:00:00,8.841012046505893
2015-04-09 12:15:00,5.150386310013059
2015-04-09 12:30:00,4.716085648447288
2015-04-09 12:45:00,4.422207459176944
2015-04-09 13:00:00,2.6229987292886467
2015-04-09 13:15:00,7.293285286355305
2015-04-09 13:30:00,5.073750666741023
2015-04-09 13:45:00,7.183635205467874
2015-04-09 14:00:00,7.054422452241076
2015-04-09 14:15:00,2.8696425324993737
2015-04-09 14:30:00,1.6960118217473688
2015-04-09 14:45:00,2.21835312040029
2015-04-09 15:00:00,1.9520702532160537
2015-04-09 15:15:00,2.405490855674729
2015-04-09 15:30:00,1.8087302330161008
2015-04-09 15:45:00,1.423173318633485
2015-04-09 16:00:00,0.9962003569076404
2015-04-09 16:15:00,0.961797966350864
2015-04-09 16:30:00,1.745550969498408
2015-04-09 16:45:00,1.4105356108397555
2015-04-09 17:00:00,0.778409753938883
2015-04-09 17:15:00,0.5908380918104006
2015-04-09 17:30:00,0.0
2015-04-09 17:45:00,0.0
2015-04-09 18:00:00,0.0
2015-04-09 18:15:00,0.0
2015-04-09 18:30:00,0.0
2015-04-09 18:45:00,0.0
2015-04-09 19:00:00,0.0
2015-04-09 19:15:00,0.0
2015-04-09 19:30:00,0.0
2015-04-09 19:45:00,0.0
2015-04-09 20:00:00,0.0
2015-04-09 20:15:00,0.0
2015-04-09 20:30:00,0.0
2015-04-09 20:45:00,0.0
2015-04-09 21:00:00,0.0
2015-04-09 21:15:00,0.0
2015-04-09 21:30:00,0.0
2015-04-09 21:45:00,0.0
2015-04-09 22:00:00,0.0
2015-04-09 22:15:00,0.0
2015-04-09 22:30:00,0.0
2015-04-09 22:45:00,0.0
2015-04-09 23:00:00,0.0
2015-04-09 23:15:00,0.0
2015-04-09 23:30:00,0.0
2015-04-09 23:45:00,0.0
2015-04-10 00:00:00,0.0
2015-04-10 00:15:00,0.0
2015-04-10 00:30:00,0.0
2015-04-10 00:45:00,0.0
2015-04-10 01:00:00,0.0
2015-04-10 01:15:00,0.0
2015-04-10 01:30:00,0.0
2015-04-10 01:45:00,0.0
2015-04-10 02:00:00,0.0
2015-04-10 02:15:00,0.0
2015-04-10 02:30:00,0.0
2015-04-10 02:45:00,0.0
2015-04-10 03:00:00,0.0
2015-04-10 03:15:00,0.0
2015-04-10 03:30:00,0.0
2015-04-10 03:45:00,0.0
2015-04-10 04:00:00,0.0
2015-04-10 04:15:00,0.0
2015-04-10 04:30:00,0.0
2015-04-10 04:45:00,0.0
2015-04-10 05:00:00,0.0
2015-04-10 05:15:00,0.0
2015-04-10 05:30:00,0.0
2015-04-10 05:45:00,0.0
2015-04-10 06:00:00,0.0
2015-04-10 06:15:00,0.0
2015-04-10 06:30:00,0.0
2015-04-10 06:45:00,0.027456005507419
2015-04-10 07:00:00,0.0583134949067412
2015-04-10 07:15:00,0.0923887231795608
2015-04-10 07:30:00,0.1503230952550001
2015-04-10 07:45:00,0.2393791280284902
2015-04-10 08:00:00,0.3351106152110725
2015-04-10 08:15:00,0.540264388666338
2015-04-10 08:30:00,0.8553104810813502
2015-04-10 08:45:00,0.9051146382069152
2015-04-10 09:00:00,0.969346146513877
2015-04-10 09:15:00,1.199201745370123
2015-04-10 09:30:00,1.9849040939546616
2015-04-10 09:45:00,2.0235225675202884
2015-04-10 10:00:00,3.076148452478156
2015-04-10 10:15:00,5.589100008175158
2015-04-10 10:30:00,7.632900413169271
2015-04-10 10:45:00,7.835059082750177
2015-04-10 11:00:00,8.050186740768288
2015-04-10 11:15:00,8.310804259825519
2015-04-10 11:30:00,6.940992535458935
2015-04-10 11:45:00,6.842108432569897
2015-04-10 12:00:00,7.944854931300748
2015-04-10 12:15:00,8.845825370038993
2015-04-10 12:30:00,9.05026307734968
2015-04-10 12:45:00,8.743234851806676
2015-04-10 13:00:00,8.705114591705225
2015-04-10 13:15:00,8.50509804745152
2015-04-10 13:30:00,8.532980513804914
2015-04-10 13:45:00,8.011474904873095
2015-04-10 14:00:00,7.578794050201222
2015-04-10 14:15:00,6.866503841120858
2015-04-10 14:30:00,7.006351321136014
2015-04-10 14:45:00,6.365248767788945
2015-04-10 15:00:00,6.033823252078707
2015-04-10 15:15:00,5.49156957950967
2015-04-10 15:30:00,5.413346967774953
2015-04-10 15:45:00,4.42456365128958
2015-04-10 16:00:00,3.798216358237763
2015-04-10 16:15:00,3.8326772117043473
2015-04-10 16:30:00,3.12293297838038
2015-04-10 16:45:00,2.453829467648828
2015-04-10 17:00:00,1.8692525377460147
2015-04-10 17:15:00,1.3286234443442877
2015-04-10 17:30:00,0.4130401307800853
2015-04-10 17:45:00,0.0
2015-04-10 18:00:00,0.0
2015-04-10 18:15:00,0.0
2015-04-10 18:30:00,0.0
2015-04-10 18:45:00,0.0
2015-04-10 19:00:00,0.0
2015-04-10 19:15:00,0.0
2015-04-10 19:30:00,0.0
2015-04-10 19:45:00,0.0
2015-04-10 20:00:00,0.0
2015-04-10 20:15:00,0.0
2015-04-10 20:30:00,0.0
2015-04-10 20:45:00,0.0
2015-04-10 21:00:00,0.0
2015-04-10 21:15:00,0.0
2015-04-10 21:30:00,0.0
2015-04-10 21:45:00,0.0
2015-04-10 22:00:00,0.0
2015-04-10 22:15:00,0.0
2015-04-10 22:30:00,0.0
2015-04-10 22:45:00,0.0
2015-04-10 23:00:00,0.0
2015-04-10 23:15:00,0.0
2015-04-10 23:30:00,0.0
2015-04-10 23:45:00,0.0
2015-04-11 00:00:00,0.0
2015-04-11 00:15:00,0.0
2015-04-11 00:30:00,0.0
2015-04-11 00:45:00,0.0
2015-04-11 01:00:00,0.0
2015-04-11 01:15:00,0.0
2015-04-11 01:30:00,0.0
2015-04-11 01:45:00,0.0
2015-04-11 02:00:00,0.0
2015-04-11 02:15:00,0.0
2015-04-11 02:30:00,0.0
2015-04-11 02:45:00,0.0
2015-04-11 03:00:00,0.0
2015-04-11 03:15:00,0.0
2015-04-11 03:30:00,0.0
2015-04-11 03:45:00,0.0
2015-04-11 04:00:00,0.0
2015-04-11 04:15:00,0.0
2015-04-11 04:30:00,0.0
2015-04-11 04:45:00,0.0
2015-04-11 05:00:00,0.0
2015-04-11 05:15:00,0.0
2015-04-11 05:30:00,0.0
2015-04-11 05:45:00,0.0
2015-04-11 06:00:00,0.0
2015-04-11 06:15:00,0.0
2015-04-11 06:30:00,0.0
2015-04-11 06:45:00,0.0901480996379655
2015-04-11 07:00:00,0.1863926782714356
2015-04-11 07:15:00,0.2630272764120334
2015-04-11 07:30:00,0.3473492760138886
2015-04-11 07:45:00,0.300977712876885
2015-04-11 08:00:00,0.5294044818627107
2015-04-11 08:15:00,0.4742096460433109
2015-04-11 08:30:00,0.4600372239242206
2015-04-11 08:45:00,0.3991783220867945
2015-04-11 09:00:00,0.7231941081348494
2015-04-11 09:15:00,1.2965589978432484
2015-04-11 09:30:00,1.8208042126886013
2015-04-11 09:45:00,2.1177133432168707
2015-04-11 10:00:00,2.8076404572386213
2015-04-11 10:15:00,2.8008764777237976
2015-04-11 10:30:00,1.962611288436928
2015-04-11 10:45:00,3.728945114213688
2015-04-11 11:00:00,2.0541190985345783
2015-04-11 11:15:00,1.2321172523093806
2015-04-11 11:30:00,1.217467820144873
2015-04-11 11:45:00,0.8342135340998282
2015-04-11 12:00:00,0.7673218732507763
2015-04-11 12:15:00,1.0066062245541714
2015-04-11 12:30:00,1.009075626830612
2015-04-11 12:45:00,0.8023131844689955
2015-04-11 13:00:00,1.01766518587184
2015-04-11 13:15:00,1.042211858234693
2015-04-11 13:30:00,0.9988593393767436
2015-04-11 13:45:00,0.8304833522769197
2015-04-11 14:00:00,0.8325085013103867
2015-04-11 14:15:00,0.8854518631937669
2015-04-11 14:30:00,0.9759218514803326
2015-04-11 14:45:00,1.091299155971267
2015-04-11 15:00:00,0.9515312700871597
2015-04-11 15:15:00,0.6630108539959562
2015-04-11 15:30:00,0.769963615483302
2015-04-11 15:45:00,1.2318933346559886
2015-04-11 16:00:00,1.9263712367937729
2015-04-11 16:15:00,1.6758083294875816
2015-04-11 16:30:00,1.9358068089776488
2015-04-11 16:45:00,1.80226971592232
2015-04-11 17:00:00,1.0999481688638584
2015-04-11 17:15:00,0.7739834220040283
2015-04-11 17:30:00,0.334038769707666
2015-04-11 17:45:00,0.0588743872073114
2015-04-11 18:00:00,0.0
2015-04-11 18:15:00,0.0
2015-04-11 18:30:00,0.0
2015-04-11 18:45:00,0.0
2015-04-11 19:00:00,0.0
2015-04-11 19:15:00,0.0
2015-04-11 19:30:00,0.0
2015-04-11 19:45:00,0.0
2015-04-11 20:00:00,0.0
2015-04-11 20:15:00,0.0
2015-04-11 20:30:00,0.0
2015-04-11 20:45:00,0.0
2015-04-11 21:00:00,0.0
2015-04-11 21:15:00,0.0
2015-04-11 21:30:00,0.0
2015-04-11 21:45:00,0.0
2015-04-11 22:00:00,0.0
2015-04-11 22:15:00,0.0
2015-04-11 22:30:00,0.0
2015-04-11 22:45:00,0.0
2015-04-11 23:00:00,0.0
2015-04-11 23:15:00,0.0
2015-04-11 23:30:00,0.0
2015-04-11 23:45:00,0.0
2015-04-12 00:00:00,0.0
2015-04-12 00:15:00,0.0
2015-04-12 00:30:00,0.0
2015-04-12 00:45:00,0.0
2015-04-12 01:00:00,0.0
2015-04-12 01:15:00,0.0
2015-04-12 01:30:00,0.0
2015-04-12 01:45:00,0.0
2015-04-12 02:00:00,0.0
2015-04-12 02:15:00,0.0
2015-04-12 02:30:00,0.0
2015-04-12 02:45:00,0.0
2015-04-12 03:00:00,0.0
2015-04-12 03:15:00,0.0
2015-04-12 03:30:00,0.0
2015-04-12 03:45:00,0.0
2015-04-12 04:00:00,0.0
2015-04-12 04:15:00,0.0
2015-04-12 04:30:00,0.0
2015-04-12 04:45:00,0.0
2015-04-12 05:00:00,0.0
2015-04-12 05:15:00,0.0
2015-04-12 05:30:00,0.0
2015-04-12 05:45:00,0.0
2015-04-12 06:00:00,0.0
2015-04-12 06:15:00,0.0
2015-04-12 06:30:00,0.0313258234203233
2015-04-12 06:45:00,0.13658900687111
2015-04-12 07:00:00,0.2800287209084135
2015-04-12 07:15:00,0.4496731180591249
2015-04-12 07:30:00,0.8075324971035771
2015-04-12 07:45:00,0.9873701232457284
2015-04-12 08:00:00,0.9832271977646256
2015-04-12 08:15:00,1.2942194474541164
2015-04-12 08:30:00,1.9533043268914043
2015-04-12 08:45:00,3.057693801895694
2015-04-12 09:00:00,2.1682482362153337
2015-04-12 09:15:00,3.1612421228985244
2015-04-12 09:30:00,3.64852719901565
2015-04-12 09:45:00,2.286663438329209
2015-04-12 10:00:00,2.556618788577199
2015-04-12 10:15:00,1.599293866388002
2015-04-12 10:30:00,1.3045360188921251
2015-04-12 10:45:00,1.4493793700542934
2015-04-12 11:00:00,1.762055743460106
2015-04-12 11:15:00,2.4386037509166907
2015-04-12 11:30:00,2.3755428892623023
2015-04-12 11:45:00,2.480369643468169
2015-04-12 12:00:00,2.549226877674338
2015-04-12 12:15:00,2.910019264630514
2015-04-12 12:30:00,3.624509674394195
2015-04-12 12:45:00,4.269764936181967
2015-04-12 13:00:00,7.553680655048925
2015-04-12 13:15:00,7.460865525915791
2015-04-12 13:30:00,8.040894518552319
2015-04-12 13:45:00,7.794303143704517
2015-04-12 14:00:00,7.50467669066761
2015-04-12 14:15:00,7.267025880736356
2015-04-12 14:30:00,7.0990195819263
2015-04-12 14:45:00,6.758388120193845
2015-04-12 15:00:00,6.441111440905493
2015-04-12 15:15:00,6.0214952116437175
2015-04-12 15:30:00,5.37625672064832
2015-04-12 15:45:00,4.752167734436492
2015-04-12 16:00:00,4.1769963953655145
2015-04-12 16:15:00,3.525499748615713
2015-04-12 16:30:00,2.88017079277658
2015-04-12 16:45:00,2.118907086262807
2015-04-12 17:00:00,1.3819828111857682
2015-04-12 17:15:00,0.6632589174684115
2015-04-12 17:30:00,0.4246819711174281
2015-04-12 17:45:00,0.1995588306810476
2015-04-12 18:00:00,0.0
2015-04-12 18:15:00,0.0
2015-04-12 18:30:00,0.0
2015-04-12 18:45:00,0.0
2015-04-12 19:00:00,0.0
2015-04-12 19:15:00,0.0
2015-04-12 19:30:00,0.0
2015-04-12 19:45:00,0.0
2015-04-12 20:00:00,0.0
2015-04-12 20:15:00,0.0
2015-04-12 20:30:00,0.0
2015-04-12 20:45:00,0.0
2015-04-12 21:00:00,0.0
2015-04-12 21:15:00,0.0
2015-04-12 21:30:00,0.0
2015-04-12 21:45:00,0.0
2015-04-12 22:00:00,0.0
2015-04-12 22:15:00,0.0
2015-04-12 22:30:00,0.0
2015-04-12 22:45:00,0.0
2015-04-12 23:00:00,0.0
2015-04-12 23:15:00,0.0
2015-04-12 23:30:00,0.0
2015-04-12 23:45:00,0.0
2015-04-13 00:00:00,0.0
2015-04-13 00:15:00,0.0
2015-04-13 00:30:00,0.0
2015-04-13 00:45:00,0.0
2015-04-13 01:00:00,0.0
2015-04-13 01:15:00,0.0
2015-04-13 01:30:00,0.0
2015-04-13 01:45:00,0.0
2015-04-13 02:00:00,0.0
2015-04-13 02:15:00,0.0
2015-04-13 02:30:00,0.0
2015-04-13 02:45:00,0.0
2015-04-13 03:00:00,0.0
2015-04-13 03:15:00,0.0
2015-04-13 03:30:00,0.0
2015-04-13 03:45:00,0.0
2015-04-13 04:00:00,0.0
2015-04-13 04:15:00,0.0
2015-04-13 04:30:00,0.0
2015-04-13 04:45:00,0.0
2015-04-13 05:00:00,0.0
2015-04-13 05:15:00,0.0
2015-04-13 05:30:00,0.0
2015-04-13 05:45:00,0.0
2015-04-13 06:00:00,0.0
2015-04-13 06:15:00,0.0001577894901552
2015-04-13 06:30:00,0.1159068977499756
2015-04-13 06:45:00,0.5225463059651174
2015-04-13 07:00:00,0.9507893505336322
2015-04-13 07:15:00,1.4036470858192285
2015-04-13 07:30:00,1.955993583922996
2015-04-13 07:45:00,2.538594535606968
2015-04-13 08:00:00,3.208640598416823
2015-04-13 08:15:00,3.872327429455658
2015-04-13 08:30:00,3.0909716899963366
2015-04-13 08:45:00,4.588696274710974
2015-04-13 09:00:00,5.107289216362188
2015-04-13 09:15:00,5.5450173372469385
2015-04-13 09:30:00,5.954389454043805
2015-04-13 09:45:00,6.150932868189479
2015-04-13 10:00:00,6.652338676410384
2015-04-13 10:15:00,6.965153771646151
2015-04-13 10:30:00,7.235855671433543
2015-04-13 10:45:00,7.444359634351614
2015-04-13 11:00:00,7.734412707486735
2015-04-13 11:15:00,7.313453980743494
2015-04-13 11:30:00,7.572471458772704
2015-04-13 11:45:00,8.481929912644246
2015-04-13 12:00:00,6.013667605047186
2015-04-13 12:15:00,7.462702070041469
2015-04-13 12:30:00,7.134336289381945
2015-04-13 12:45:00,8.32485985745974
2015-04-13 13:00:00,5.558014713494281
2015-04-13 13:15:00,2.230591904169964
2015-04-13 13:30:00,2.482676442910912
2015-04-13 13:45:00,1.432020128652559
2015-04-13 14:00:00,1.6060469812687188
2015-04-13 14:15:00,2.165643036211671
2015-04-13 14:30:00,4.652090493494681
2015-04-13 14:45:00,7.539632710322064
2015-04-13 15:00:00,6.9154271394297
2015-04-13 15:15:00,5.8337658252560605
2015-04-13 15:30:00,3.502823459507391
2015-04-13 15:45:00,3.194073164399736
2015-04-13 16:00:00,1.4600504231651723
2015-04-13 16:15:00,0.5725837832747805
2015-04-13 16:30:00,0.4582209930330308
2015-04-13 16:45:00,0.4570215742599209
2015-04-13 17:00:00,0.2467390066435526
2015-04-13 17:15:00,0.2067501399875794
2015-04-13 17:30:00,0.3301264094547845
2015-04-13 17:45:00,0.0
2015-04-13 18:00:00,0.0
2015-04-13 18:15:00,0.0
2015-04-13 18:30:00,0.0
2015-04-13 18:45:00,0.0
2015-04-13 19:00:00,0.0
2015-04-13 19:15:00,0.0
2015-04-13 19:30:00,0.0
2015-04-13 19:45:00,0.0
2015-04-13 20:00:00,0.0
2015-04-13 20:15:00,0.0
2015-04-13 20:30:00,0.0
2015-04-13 20:45:00,0.0
2015-04-13 21:00:00,0.0
2015-04-13 21:15:00,0.0
2015-04-13 21:30:00,0.0
2015-04-13 21:45:00,0.0
2015-04-13 22:00:00,0.0
2015-04-13 22:15:00,0.0
2015-04-13 22:30:00,0.0
2015-04-13 22:45:00,0.0
2015-04-13 23:00:00,0.0
2015-04-13 23:15:00,0.0
2015-04-13 23:30:00,0.0
2015-04-13 23:45:00,0.0
2015-04-14 00:00:00,0.0
2015-04-14 00:15:00,0.0
2015-04-14 00:30:00,0.0
2015-04-14 00:45:00,0.0
2015-04-14 01:00:00,0.0
2015-04-14 01:15:00,0.0
2015-04-14 01:30:00,0.0
2015-04-14 01:45:00,0.0
2015-04-14 02:00:00,0.0
2015-04-14 02:15:00,0.0
2015-04-14 02:30:00,0.0
2015-04-14 02:45:00,0.0
2015-04-14 03:00:00,0.0
2015-04-14 03:15:00,0.0
2015-04-14 03:30:00,0.0
2015-04-14 03:45:00,0.0
2015-04-14 04:00:00,0.0
2015-04-14 04:15:00,0.0
2015-04-14 04:30:00,0.0
2015-04-14 04:45:00,0.0
2015-04-14 05:00:00,0.0
2015-04-14 05:15:00,0.0
2015-04-14 05:30:00,0.0
2015-04-14 05:45:00,0.0
2015-04-14 06:00:00,0.0
2015-04-14 06:15:00,0.0107665408249025
2015-04-14 06:30:00,0.1374430369886336
2015-04-14 06:45:00,0.1834952851089616
2015-04-14 07:00:00,0.278712832456539
2015-04-14 07:15:00,0.9868278113842436
2015-04-14 07:30:00,1.3735458663038438
2015-04-14 07:45:00,2.4175172290072444
2015-04-14 08:00:00,2.932414493461665
2015-04-14 08:15:00,3.179675890437923
2015-04-14 08:30:00,3.5089034954002507
2015-04-14 08:45:00,4.41974427740942
2015-04-14 09:00:00,4.938863593173994
2015-04-14 09:15:00,5.326931681878207
2015-04-14 09:30:00,5.570032010085639
2015-04-14 09:45:00,3.7801995040862817
2015-04-14 10:00:00,1.6020547240046188
2015-04-14 10:15:00,1.5454182765672762
2015-04-14 10:30:00,3.5173791953981777
2015-04-14 10:45:00,3.829757925184236
2015-04-14 11:00:00,4.270725487363756
2015-04-14 11:15:00,3.8669638119043217
2015-04-14 11:30:00,4.330546116407104
2015-04-14 11:45:00,2.707232869846159
2015-04-14 12:00:00,4.231145394572351
2015-04-14 12:15:00,3.8059635708836175
2015-04-14 12:30:00,5.197615636174466
2015-04-14 12:45:00,5.987524886645643
2015-04-14 13:00:00,6.817330934329327
2015-04-14 13:15:00,7.588936056600299
2015-04-14 13:30:00,6.755076337433274
2015-04-14 13:45:00,2.831097254026082
2015-04-14 14:00:00,7.057566769589293
2015-04-14 14:15:00,7.64033834252313
2015-04-14 14:30:00,4.410943404197514
2015-04-14 14:45:00,5.623835993157699
2015-04-14 15:00:00,5.797643230064653
2015-04-14 15:15:00,3.547019961110726
2015-04-14 15:30:00,3.6045521364701263
2015-04-14 15:45:00,5.099480489524119
2015-04-14 16:00:00,4.204356730662261
2015-04-14 16:15:00,1.9611780467383149
2015-04-14 16:30:00,2.462372968982561
2015-04-14 16:45:00,1.6213238825939005
2015-04-14 17:00:00,1.6011778887558206
2015-04-14 17:15:00,1.0573138059618667
2015-04-14 17:30:00,0.4815718154922087
2015-04-14 17:45:00,0.2045504892596527
2015-04-14 18:00:00,0.0
2015-04-14 18:15:00,0.0
2015-04-14 18:30:00,0.0
2015-04-14 18:45:00,0.0
2015-04-14 19:00:00,0.0
2015-04-14 19:15:00,0.0
2015-04-14 19:30:00,0.0
2015-04-14 19:45:00,0.0
2015-04-14 20:00:00,0.0
2015-04-14 20:15:00,0.0
2015-04-14 20:30:00,0.0
2015-04-14 20:45:00,0.0
2015-04-14 21:00:00,0.0
2015-04-14 21:15:00,0.0
2015-04-14 21:30:00,0.0
2015-04-14 21:45:00,0.0
2015-04-14 22:00:00,0.0
2015-04-14 22:15:00,0.0
2015-04-14 22:30:00,0.0
2015-04-14 22:45:00,0.0
2015-04-14 23:00:00,0.0
2015-04-14 23:15:00,0.0
2015-04-14 23:30:00,0.0
2015-04-14 23:45:00,0.0
2015-04-15 00:00:00,0.0
2015-04-15 00:15:00,0.0
2015-04-15 00:30:00,0.0
2015-04-15 00:45:00,0.0
2015-04-15 01:00:00,0.0
2015-04-15 01:15:00,0.0
2015-04-15 01:30:00,0.0
2015-04-15 01:45:00,0.0
2015-04-15 02:00:00,0.0
2015-04-15 02:15:00,0.0
2015-04-15 02:30:00,0.0
2015-04-15 02:45:00,0.0
2015-04-15 03:00:00,0.0
2015-04-15 03:15:00,0.0
2015-04-15 03:30:00,0.0
2015-04-15 03:45:00,0.0
2015-04-15 04:00:00,0.0
2015-04-15 04:15:00,0.0
2015-04-15 04:30:00,0.0
2015-04-15 04:45:00,0.0
2015-04-15 05:00:00,0.0
2015-04-15 05:15:00,0.0
2015-04-15 05:30:00,0.0
2015-04-15 05:45:00,0.0
2015-04-15 06:00:00,0.0
2015-04-15 06:15:00,0.0213108160888508
2015-04-15 06:30:00,0.16429965108891
2015-04-15 06:45:00,0.5913444450707906
2015-04-15 07:00:00,0.954483657690498
2015-04-15 07:15:00,1.294116022409714
2015-04-15 07:30:00,1.9972299890645888
2015-04-15 07:45:00,2.539416787713124
2015-04-15 08:00:00,3.0144322287393623
2015-04-15 08:15:00,3.4979215790513454
2015-04-15 08:30:00,4.0254979431325095
2015-04-15 08:45:00,4.513317277644519
2015-04-15 09:00:00,5.050322299200282
2015-04-15 09:15:00,5.564556749227727
2015-04-15 09:30:00,5.931097443711717
2015-04-15 09:45:00,6.048850951220361
2015-04-15 10:00:00,6.657359577487516
2015-04-15 10:15:00,6.964033242676138
2015-04-15 10:30:00,7.227757245907476
2015-04-15 10:45:00,7.529259315886623
2015-04-15 11:00:00,6.765629907834539
2015-04-15 11:15:00,7.356852008230982
2015-04-15 11:30:00,4.483717214367089
2015-04-15 11:45:00,6.332494755880889
2015-04-15 12:00:00,3.465227056832856
2015-04-15 12:15:00,7.861276289221023
2015-04-15 12:30:00,5.448033469024727
2015-04-15 12:45:00,3.4008034817408297
2015-04-15 13:00:00,4.298464432476012
2015-04-15 13:15:00,2.8492205323287227
2015-04-15 13:30:00,2.989034300440484
2015-04-15 13:45:00,2.067854269531291
2015-04-15 14:00:00,1.634681434329846
2015-04-15 14:15:00,3.360946831706703
2015-04-15 14:30:00,2.870710329042629
2015-04-15 14:45:00,1.2925724483544274
2015-04-15 15:00:00,1.5291759384068164
2015-04-15 15:15:00,0.9730313997127517
2015-04-15 15:30:00,1.3245557398238308
2015-04-15 15:45:00,0.9666622269938764
2015-04-15 16:00:00,1.2181223396721403
2015-04-15 16:15:00,0.8657484694548607
2015-04-15 16:30:00,0.7570455993523034
2015-04-15 16:45:00,0.4454879473040868
2015-04-15 17:00:00,0.5910371736862318
2015-04-15 17:15:00,0.1783784299253013
2015-04-15 17:30:00,0.0676986206682429
2015-04-15 17:45:00,0.1699845092189611
2015-04-15 18:00:00,0.0881440234131101
2015-04-15 18:15:00,0.0
2015-04-15 18:30:00,0.0
2015-04-15 18:45:00,0.0
2015-04-15 19:00:00,0.0
2015-04-15 19:15:00,0.0
2015-04-15 19:30:00,0.0
2015-04-15 19:45:00,0.0
2015-04-15 20:00:00,0.0
2015-04-15 20:15:00,0.0
2015-04-15 20:30:00,0.0
2015-04-15 20:45:00,0.0
2015-04-15 21:00:00,0.0
2015-04-15 21:15:00,0.0
2015-04-15 21:30:00,0.0
2015-04-15 21:45:00,0.0
2015-04-15 22:00:00,0.0
2015-04-15 22:15:00,0.0
2015-04-15 22:30:00,0.0
2015-04-15 22:45:00,0.0
2015-04-15 23:00:00,0.0
2015-04-15 23:15:00,0.0
2015-04-15 23:30:00,0.0
2015-04-15 23:45:00,0.0
2015-04-16 00:00:00,0.0
2015-04-16 00:15:00,0.0
2015-04-16 00:30:00,0.0
2015-04-16 00:45:00,0.0
2015-04-16 01:00:00,0.0
2015-04-16 01:15:00,0.0
2015-04-16 01:30:00,0.0
2015-04-16 01:45:00,0.0
2015-04-16 02:00:00,0.0
2015-04-16 02:15:00,0.0
2015-04-16 02:30:00,0.0
2015-04-16 02:45:00,0.0
2015-04-16 03:00:00,0.0
2015-04-16 03:15:00,0.0
2015-04-16 03:30:00,0.0
2015-04-16 03:45:00,0.0
2015-04-16 04:00:00,0.0
2015-04-16 04:15:00,0.0
2015-04-16 04:30:00,0.0
2015-04-16 04:45:00,0.0
2015-04-16 05:00:00,0.0
2015-04-16 05:15:00,0.0
2015-04-16 05:30:00,0.0
2015-04-16 05:45:00,0.0
2015-04-16 06:00:00,0.0
2015-04-16 06:15:00,0.0
2015-04-16 06:30:00,0.0526068066830551
2015-04-16 06:45:00,0.3421720054309465
2015-04-16 07:00:00,0.9160202427916442
2015-04-16 07:15:00,1.35478793241384
2015-04-16 07:30:00,1.8391812693163208
2015-04-16 07:45:00,2.386299656472334
2015-04-16 08:00:00,2.9276085267433505
2015-04-16 08:15:00,3.53939852606058
2015-04-16 08:30:00,4.085316259879994
2015-04-16 08:45:00,4.557076310720596
2015-04-16 09:00:00,4.987539389447106
2015-04-16 09:15:00,5.431473964180714
2015-04-16 09:30:00,5.887098535733047
2015-04-16 09:45:00,5.887442494932907
2015-04-16 10:00:00,6.603684519811772
2015-04-16 10:15:00,6.906995872431066
2015-04-16 10:30:00,7.108015467521274
2015-04-16 10:45:00,7.4230668165913665
2015-04-16 11:00:00,7.651391827400015
2015-04-16 11:15:00,7.828441714945256
2015-04-16 11:30:00,7.806061281101825
2015-04-16 11:45:00,7.53852540587998
2015-04-16 12:00:00,7.291023448556953
2015-04-16 12:15:00,8.351106705981348
2015-04-16 12:30:00,8.054028410706728
2015-04-16 12:45:00,8.237386875026067
2015-04-16 13:00:00,8.161178588102404
2015-04-16 13:15:00,8.02487453914013
2015-04-16 13:30:00,7.947005566745597
2015-04-16 13:45:00,7.631090302872147
2015-04-16 14:00:00,7.593744110663472
2015-04-16 14:15:00,7.356504831810742
2015-04-16 14:30:00,6.5752039107369376
2015-04-16 14:45:00,6.284467648261534
2015-04-16 15:00:00,4.828795161983368
2015-04-16 15:15:00,5.96084466481725
2015-04-16 15:30:00,5.3767209250298205
2015-04-16 15:45:00,4.586953950309529
2015-04-16 16:00:00,4.050672899045123
2015-04-16 16:15:00,3.548734000661903
2015-04-16 16:30:00,2.705238262257844
2015-04-16 16:45:00,2.3713077870063293
2015-04-16 17:00:00,1.55696203146149
2015-04-16 17:15:00,0.8640061713219755
2015-04-16 17:30:00,0.5937279902194468
2015-04-16 17:45:00,0.2177020530498649
2015-04-16 18:00:00,0.0
2015-04-16 18:15:00,0.0
2015-04-16 18:30:00,0.0
2015-04-16 18:45:00,0.0
2015-04-16 19:00:00,0.0
2015-04-16 19:15:00,0.0
2015-04-16 19:30:00,0.0
2015-04-16 19:45:00,0.0
2015-04-16 20:00:00,0.0
2015-04-16 20:15:00,0.0
2015-04-16 20:30:00,0.0
2015-04-16 20:45:00,0.0
2015-04-16 21:00:00,0.0
2015-04-16 21:15:00,0.0
2015-04-16 21:30:00,0.0
2015-04-16 21:45:00,0.0
2015-04-16 22:00:00,0.0
2015-04-16 22:15:00,0.0
2015-04-16 22:30:00,0.0
2015-04-16 22:45:00,0.0
2015-04-16 23:00:00,0.0
2015-04-16 23:15:00,0.0
2015-04-16 23:30:00,0.0
2015-04-16 23:45:00,0.0
2015-04-17 00:00:00,0.0
2015-04-17 00:15:00,0.0
2015-04-17 00:30:00,0.0
2015-04-17 00:45:00,0.0
2015-04-17 01:00:00,0.0
2015-04-17 01:15:00,0.0
2015-04-17 01:30:00,0.0
2015-04-17 01:45:00,0.0
2015-04-17 02:00:00,0.0
2015-04-17 02:15:00,0.0
2015-04-17 02:30:00,0.0
2015-04-17 02:45:00,0.0
2015-04-17 03:00:00,0.0
2015-04-17 03:15:00,0.0
2015-04-17 03:30:00,0.0
2015-04-17 03:45:00,0.0
2015-04-17 04:00:00,0.0
2015-04-17 04:15:00,0.0
2015-04-17 04:30:00,0.0
2015-04-17 04:45:00,0.0
2015-04-17 05:00:00,0.0
2015-04-17 05:15:00,0.0
2015-04-17 05:30:00,0.0
2015-04-17 05:45:00,0.0
2015-04-17 06:00:00,0.0
2015-04-17 06:15:00,0.0382956463145404
2015-04-17 06:30:00,0.1454382250162685
2015-04-17 06:45:00,0.2055766137224397
2015-04-17 07:00:00,0.365587844803047
2015-04-17 07:15:00,0.7488191241959387
2015-04-17 07:30:00,1.2808296585389196
2015-04-17 07:45:00,2.266663398442229
2015-04-17 08:00:00,1.987119048477248
2015-04-17 08:15:00,2.582965558116067
2015-04-17 08:30:00,1.2030183269750985
2015-04-17 08:45:00,1.5224037418220515
2015-04-17 09:00:00,1.5227365227197451
2015-04-17 09:15:00,2.3421198561345355
2015-04-17 09:30:00,5.634405635075373
2015-04-17 09:45:00,5.847992810726932
2015-04-17 10:00:00,6.87293739007518
2015-04-17 10:15:00,6.880002671107756
2015-04-17 10:30:00,7.053621292914344
2015-04-17 10:45:00,7.221793300601547
2015-04-17 11:00:00,7.475088259944557
2015-04-17 11:15:00,7.686278038622155
2015-04-17 11:30:00,7.855206965799202
2015-04-17 11:45:00,7.886524093316965
2015-04-17 12:00:00,7.962620399711571
2015-04-17 12:15:00,7.983117286066341
2015-04-17 12:30:00,8.04726468989421
2015-04-17 12:45:00,8.011345493248847
2015-04-17 13:00:00,8.031898647056655
2015-04-17 13:15:00,7.651788688786278
2015-04-17 13:30:00,6.376458845725344
2015-04-17 13:45:00,5.653152442133686
2015-04-17 14:00:00,4.915367994370923
2015-04-17 14:15:00,4.030562387876545
2015-04-17 14:30:00,4.065497006381538
2015-04-17 14:45:00,4.526830636444171
2015-04-17 15:00:00,4.221397925662655
2015-04-17 15:15:00,3.408466991732458
2015-04-17 15:30:00,4.990217502039874
2015-04-17 15:45:00,2.6374217069494987
2015-04-17 16:00:00,3.0683222887180155
2015-04-17 16:15:00,2.797117721199538
2015-04-17 16:30:00,3.1418428786367163
2015-04-17 16:45:00,1.4942397647456782
2015-04-17 17:00:00,1.8748980956754149
2015-04-17 17:15:00,1.104919135460292
2015-04-17 17:30:00,0.2355908462305407
2015-04-17 17:45:00,0.0
2015-04-17 18:00:00,0.0
2015-04-17 18:15:00,0.0
2015-04-17 18:30:00,0.0
2015-04-17 18:45:00,0.0
2015-04-17 19:00:00,0.0
2015-04-17 19:15:00,0.0
2015-04-17 19:30:00,0.0
2015-04-17 19:45:00,0.0
2015-04-17 20:00:00,0.0
2015-04-17 20:15:00,0.0
2015-04-17 20:30:00,0.0
2015-04-17 20:45:00,0.0
2015-04-17 21:00:00,0.0
2015-04-17 21:15:00,0.0
2015-04-17 21:30:00,0.0
2015-04-17 21:45:00,0.0
2015-04-17 22:00:00,0.0
2015-04-17 22:15:00,0.0
2015-04-17 22:30:00,0.0
2015-04-17 22:45:00,0.0
2015-04-17 23:00:00,0.0
2015-04-17 23:15:00,0.0
2015-04-17 23:30:00,0.0
2015-04-17 23:45:00,0.0
2015-04-18 00:00:00,0.0
2015-04-18 00:15:00,0.0
2015-04-18 00:30:00,0.0
2015-04-18 00:45:00,0.0
2015-04-18 01:00:00,0.0
2015-04-18 01:15:00,0.0
2015-04-18 01:30:00,0.0
2015-04-18 01:45:00,0.0
2015-04-18 02:00:00,0.0
2015-04-18 02:15:00,0.0
2015-04-18 02:30:00,0.0
2015-04-18 02:45:00,0.0
2015-04-18 03:00:00,0.0
2015-04-18 03:15:00,0.0
2015-04-18 03:30:00,0.0
2015-04-18 03:45:00,0.0
2015-04-18 04:00:00,0.0
2015-04-18 04:15:00,0.0
2015-04-18 04:30:00,0.0
2015-04-18 04:45:00,0.0
2015-04-18 05:00:00,0.0
2015-04-18 05:15:00,0.0
2015-04-18 05:30:00,0.0
2015-04-18 05:45:00,0.0
2015-04-18 06:00:00,0.0
2015-04-18 06:15:00,0.0
2015-04-18 06:30:00,0.0
2015-04-18 06:45:00,0.0535507779597874
2015-04-18 07:00:00,0.0255534818833835
2015-04-18 07:15:00,0.020999266934527
2015-04-18 07:30:00,0.0392398173644835
2015-04-18 07:45:00,0.1046569541249199
2015-04-18 08:00:00,0.122870406361789
2015-04-18 08:15:00,0.117642356972928
2015-04-18 08:30:00,0.1556707763868827
2015-04-18 08:45:00,0.2171632623830368
2015-04-18 09:00:00,0.2774751542417351
2015-04-18 09:15:00,0.2548436893368332
2015-04-18 09:30:00,0.5493042640416492
2015-04-18 09:45:00,0.8668680003089377
2015-04-18 10:00:00,0.866572303751055
2015-04-18 10:15:00,0.6238214431072616
2015-04-18 10:30:00,0.589888829205366
2015-04-18 10:45:00,0.6703249503878517
2015-04-18 11:00:00,0.5784512382202224
2015-04-18 11:15:00,0.8117560484687757
2015-04-18 11:30:00,0.6841694795483916
2015-04-18 11:45:00,0.6549777505422995
2015-04-18 12:00:00,0.4781421172110163
2015-04-18 12:15:00,0.4797442652304493
2015-04-18 12:30:00,0.6571716406302065
2015-04-18 12:45:00,0.962901619333855
2015-04-18 13:00:00,1.3798603014041997
2015-04-18 13:15:00,0.9637280872319272
2015-04-18 13:30:00,0.832132505617187
2015-04-18 13:45:00,1.0183067712148928
2015-04-18 14:00:00,2.583084026073021
2015-04-18 14:15:00,1.741210977675708
2015-04-18 14:30:00,0.954781387581944
2015-04-18 14:45:00,0.6780840941895547
2015-04-18 15:00:00,0.7456209450674742
2015-04-18 15:15:00,0.6337607624914231
2015-04-18 15:30:00,0.566684391784358
2015-04-18 15:45:00,0.3816961213867501
2015-04-18 16:00:00,0.3032650182839666
2015-04-18 16:15:00,0.3507447770198321
2015-04-18 16:30:00,0.47777714490794
2015-04-18 16:45:00,0.2907718685599459
2015-04-18 17:00:00,0.3733036162830354
2015-04-18 17:15:00,0.3760005404890432
2015-04-18 17:30:00,0.2125149391445497
2015-04-18 17:45:00,0.2130305224022789
2015-04-18 18:00:00,0.122857482499583
2015-04-18 18:15:00,0.0
2015-04-18 18:30:00,0.0
2015-04-18 18:45:00,0.0
2015-04-18 19:00:00,0.0
2015-04-18 19:15:00,0.0
2015-04-18 19:30:00,0.0
2015-04-18 19:45:00,0.0
2015-04-18 20:00:00,0.0
2015-04-18 20:15:00,0.0
2015-04-18 20:30:00,0.0
2015-04-18 20:45:00,0.0
2015-04-18 21:00:00,0.0
2015-04-18 21:15:00,0.0
2015-04-18 21:30:00,0.0
2015-04-18 21:45:00,0.0
2015-04-18 22:00:00,0.0
2015-04-18 22:15:00,0.0
2015-04-18 22:30:00,0.0
2015-04-18 22:45:00,0.0
2015-04-18 23:00:00,0.0
2015-04-18 23:15:00,0.0
2015-04-18 23:30:00,0.0
2015-04-18 23:45:00,0.0
2015-04-19 00:00:00,0.0
2015-04-19 00:15:00,0.0
2015-04-19 00:30:00,0.0
2015-04-19 00:45:00,0.0
2015-04-19 01:00:00,0.0
2015-04-19 01:15:00,0.0
2015-04-19 01:30:00,0.0
2015-04-19 01:45:00,0.0
2015-04-19 02:00:00,0.0
2015-04-19 02:15:00,0.0
2015-04-19 02:30:00,0.0
2015-04-19 02:45:00,0.0
2015-04-19 03:00:00,0.0
2015-04-19 03:15:00,0.0
2015-04-19 03:30:00,0.0
2015-04-19 03:45:00,0.0
2015-04-19 04:00:00,0.0
2015-04-19 04:15:00,0.0
2015-04-19 04:30:00,0.0
2015-04-19 04:45:00,0.0
2015-04-19 05:00:00,0.0
2015-04-19 05:15:00,0.0
2015-04-19 05:30:00,0.0
2015-04-19 05:45:00,0.0
2015-04-19 06:00:00,0.0
2015-04-19 06:15:00,0.0
2015-04-19 06:30:00,0.0
2015-04-19 06:45:00,0.0
2015-04-19 07:00:00,0.0170906855074032
2015-04-19 07:15:00,0.0561152235913074
2015-04-19 07:30:00,0.1215679170335171
2015-04-19 07:45:00,0.1913468928242132
2015-04-19 08:00:00,0.3183241351647142
2015-04-19 08:15:00,0.546694270532575
2015-04-19 08:30:00,0.7574142134325985
2015-04-19 08:45:00,1.118026495145322
2015-04-19 09:00:00,1.3258694825969957
2015-04-19 09:15:00,1.4303192991857685
2015-04-19 09:30:00,2.12457043594232
2015-04-19 09:45:00,2.11602376345879
2015-04-19 10:00:00,1.2415000907906604
2015-04-19 10:15:00,1.6262450137438988
2015-04-19 10:30:00,1.7704081537962653
2015-04-19 10:45:00,1.325269732294565
2015-04-19 11:00:00,2.4845143551876965
2015-04-19 11:15:00,1.4184293778338706
2015-04-19 11:30:00,1.262796522514222
2015-04-19 11:45:00,0.8966974351259932
2015-04-19 12:00:00,0.1303300870099824
2015-04-19 12:15:00,0.3370603166794051
2015-04-19 12:30:00,0.7564959857601969
2015-04-19 12:45:00,1.4097111773234694
2015-04-19 13:00:00,0.680469564514556
2015-04-19 13:15:00,0.9081751136539028
2015-04-19 13:30:00,1.0275907937451576
2015-04-19 13:45:00,2.1540481123161546
2015-04-19 14:00:00,2.534443598251411
2015-04-19 14:15:00,2.4773107848072
2015-04-19 14:30:00,0.4849749878832234
2015-04-19 14:45:00,0.4484580682794273
2015-04-19 15:00:00,0.4932780711800624
2015-04-19 15:15:00,0.754373402980178
2015-04-19 15:30:00,0.5853637697893055
2015-04-19 15:45:00,0.5760351901390625
2015-04-19 16:00:00,0.7111686019879075
2015-04-19 16:15:00,0.7214379073108231
2015-04-19 16:30:00,0.9405625850122836
2015-04-19 16:45:00,0.5227985556948263
2015-04-19 17:00:00,1.3484067432555364
2015-04-19 17:15:00,0.7785360820483566
2015-04-19 17:30:00,0.1561225936151227
2015-04-19 17:45:00,0.0440749332753667
2015-04-19 18:00:00,0.0689383496263878
2015-04-19 18:15:00,0.0
2015-04-19 18:30:00,0.0
2015-04-19 18:45:00,0.0
2015-04-19 19:00:00,0.0
2015-04-19 19:15:00,0.0
2015-04-19 19:30:00,0.0
2015-04-19 19:45:00,0.0
2015-04-19 20:00:00,0.0
2015-04-19 20:15:00,0.0
2015-04-19 20:30:00,0.0
2015-04-19 20:45:00,0.0
2015-04-19 21:00:00,0.0
2015-04-19 21:15:00,0.0
2015-04-19 21:30:00,0.0
2015-04-19 21:45:00,0.0
2015-04-19 22:00:00,0.0
2015-04-19 22:15:00,0.0
2015-04-19 22:30:00,0.0
2015-04-19 22:45:00,0.0
2015-04-19 23:00:00,0.0
2015-04-19 23:15:00,0.0
2015-04-19 23:30:00,0.0
2015-04-19 23:45:00,0.0
2015-04-20 00:00:00,0.0
2015-04-20 00:15:00,0.0
2015-04-20 00:30:00,0.0
2015-04-20 00:45:00,0.0
2015-04-20 01:00:00,0.0
2015-04-20 01:15:00,0.0
2015-04-20 01:30:00,0.0
2015-04-20 01:45:00,0.0
2015-04-20 02:00:00,0.0
2015-04-20 02:15:00,0.0
2015-04-20 02:30:00,0.0
2015-04-20 02:45:00,0.0
2015-04-20 03:00:00,0.0
2015-04-20 03:15:00,0.0
2015-04-20 03:30:00,0.0
2015-04-20 03:45:00,0.0
2015-04-20 04:00:00,0.0
2015-04-20 04:15:00,0.0
2015-04-20 04:30:00,0.0
2015-04-20 04:45:00,0.0
2015-04-20 05:00:00,0.0
2015-04-20 05:15:00,0.0
2015-04-20 05:30:00,0.0
2015-04-20 05:45:00,0.0
2015-04-20 06:00:00,0.0
2015-04-20 06:15:00,0.0645790234342989
2015-04-20 06:30:00,0.1760641652038204
2015-04-20 06:45:00,0.3904635653304971
2015-04-20 07:00:00,0.6041959685841202
2015-04-20 07:15:00,0.8943214845272436
2015-04-20 07:30:00,1.446526692057963
2015-04-20 07:45:00,2.9179583618090668
2015-04-20 08:00:00,3.5543345233808536
2015-04-20 08:15:00,3.938431027158481
2015-04-20 08:30:00,4.446878657000806
2015-04-20 08:45:00,4.878004459016231
2015-04-20 09:00:00,5.336329465217848
2015-04-20 09:15:00,5.730733341799676
2015-04-20 09:30:00,6.161816938654762
2015-04-20 09:45:00,6.289867512426151
2015-04-20 10:00:00,6.892393443965757
2015-04-20 10:15:00,7.180896780493757
2015-04-20 10:30:00,7.481732783864444
2015-04-20 10:45:00,7.795510717918251
2015-04-20 11:00:00,8.024423382620425
2015-04-20 11:15:00,8.193961636316143
2015-04-20 11:30:00,8.340035313595742
2015-04-20 11:45:00,8.471444793157305
2015-04-20 12:00:00,8.52138896852901
2015-04-20 12:15:00,8.59502264960864
2015-04-20 12:30:00,8.634252585072135
2015-04-20 12:45:00,8.556072828454424
2015-04-20 13:00:00,8.50806769002427
2015-04-20 13:15:00,8.44060871851216
2015-04-20 13:30:00,8.38181446498178
2015-04-20 13:45:00,8.101515153513596
2015-04-20 14:00:00,7.715260794948047
2015-04-20 14:15:00,7.48464313773486
2015-04-20 14:30:00,7.078044507433649
2015-04-20 14:45:00,6.84920198154082
2015-04-20 15:00:00,6.552329318610516
2015-04-20 15:15:00,6.021856308139271
2015-04-20 15:30:00,5.435151260369507
2015-04-20 15:45:00,4.964070115976285
2015-04-20 16:00:00,4.343310706825856
2015-04-20 16:15:00,3.672191148369188
2015-04-20 16:30:00,2.932151444901141
2015-04-20 16:45:00,2.0492602160048543
2015-04-20 17:00:00,1.6707072222395625
2015-04-20 17:15:00,1.0650316135291586
2015-04-20 17:30:00,0.8834997378831015
2015-04-20 17:45:00,0.9249880995196342
2015-04-20 18:00:00,0.0
2015-04-20 18:15:00,0.0
2015-04-20 18:30:00,0.0
2015-04-20 18:45:00,0.0
2015-04-20 19:00:00,0.0
2015-04-20 19:15:00,0.0
2015-04-20 19:30:00,0.0
2015-04-20 19:45:00,0.0
2015-04-20 20:00:00,0.0
2015-04-20 20:15:00,0.0
2015-04-20 20:30:00,0.0
2015-04-20 20:45:00,0.0
2015-04-20 21:00:00,0.0
2015-04-20 21:15:00,0.0
2015-04-20 21:30:00,0.0
2015-04-20 21:45:00,0.0
2015-04-20 22:00:00,0.0
2015-04-20 22:15:00,0.0
2015-04-20 22:30:00,0.0
2015-04-20 22:45:00,0.0
2015-04-20 23:00:00,0.0
2015-04-20 23:15:00,0.0
2015-04-20 23:30:00,0.0
2015-04-20 23:45:00,0.0
2015-04-21 00:00:00,0.0
2015-04-21 00:15:00,0.0
2015-04-21 00:30:00,0.0
2015-04-21 00:45:00,0.0
2015-04-21 01:00:00,0.0
2015-04-21 01:15:00,0.0
2015-04-21 01:30:00,0.0
2015-04-21 01:45:00,0.0
2015-04-21 02:00:00,0.0
2015-04-21 02:15:00,0.0
2015-04-21 02:30:00,0.0
2015-04-21 02:45:00,0.0
2015-04-21 03:00:00,0.0
2015-04-21 03:15:00,0.0
2015-04-21 03:30:00,0.0
2015-04-21 03:45:00,0.0
2015-04-21 04:00:00,0.0
2015-04-21 04:15:00,0.0
2015-04-21 04:30:00,0.0
2015-04-21 04:45:00,0.0
2015-04-21 05:00:00,0.0
2015-04-21 05:15:00,0.0
2015-04-21 05:30:00,0.0
2015-04-21 05:45:00,0.0
2015-04-21 06:00:00,0.0
2015-04-21 06:15:00,0.0
2015-04-21 06:30:00,0.0
2015-04-21 06:45:00,0.1171408163683934
2015-04-21 07:00:00,0.1557749274587348
2015-04-21 07:15:00,0.5040658873160049
2015-04-21 07:30:00,0.5507589131640113
2015-04-21 07:45:00,1.1686833181768186
2015-04-21 08:00:00,0.6768297053870624
2015-04-21 08:15:00,1.0044476388375236
2015-04-21 08:30:00,1.2561591850909326
2015-04-21 08:45:00,1.7808608597860074
2015-04-21 09:00:00,1.1198133227706686
2015-04-21 09:15:00,0.94992980815969
2015-04-21 09:30:00,0.9798826272469942
2015-04-21 09:45:00,1.4092898638266538
2015-04-21 10:00:00,3.800636613961125
2015-04-21 10:15:00,2.08208039851404
2015-04-21 10:30:00,3.6963693401420046
2015-04-21 10:45:00,2.856054511321118
2015-04-21 11:00:00,2.67424689462952
2015-04-21 11:15:00,4.312223931419402
2015-04-21 11:30:00,3.081949306783324
2015-04-21 11:45:00,3.1685773329116707
2015-04-21 12:00:00,3.80723751294514
2015-04-21 12:15:00,3.3279428784650307
2015-04-21 12:30:00,3.1642036875323667
2015-04-21 12:45:00,1.9651509173390544
2015-04-21 13:00:00,2.587411661295067
2015-04-21 13:15:00,3.299877324547453
2015-04-21 13:30:00,2.127600409378735
2015-04-21 13:45:00,1.5992041550083382
2015-04-21 14:00:00,1.516891727989577
2015-04-21 14:15:00,1.5038537016394282
2015-04-21 14:30:00,2.560186460445538
2015-04-21 14:45:00,1.736542656763385
2015-04-21 15:00:00,1.994623833245356
2015-04-21 15:15:00,1.459430630118559
2015-04-21 15:30:00,2.303406029101896
2015-04-21 15:45:00,1.8162894683075983
2015-04-21 16:00:00,1.9771356769816275
2015-04-21 16:15:00,1.967428348315893
2015-04-21 16:30:00,1.752540099463065
2015-04-21 16:45:00,1.5705698637548355
2015-04-21 17:00:00,1.010920487755926
2015-04-21 17:15:00,0.7507812370673101
2015-04-21 17:30:00,0.5184923032506444
2015-04-21 17:45:00,0.3683284383116066
2015-04-21 18:00:00,0.1148268871101865
2015-04-21 18:15:00,0.0
2015-04-21 18:30:00,0.0
2015-04-21 18:45:00,0.0
2015-04-21 19:00:00,0.0
2015-04-21 19:15:00,0.0
2015-04-21 19:30:00,0.0
2015-04-21 19:45:00,0.0
2015-04-21 20:00:00,0.0
2015-04-21 20:15:00,0.0
2015-04-21 20:30:00,0.0
2015-04-21 20:45:00,0.0
2015-04-21 21:00:00,0.0
2015-04-21 21:15:00,0.0
2015-04-21 21:30:00,0.0
2015-04-21 21:45:00,0.0
2015-04-21 22:00:00,0.0
2015-04-21 22:15:00,0.0
2015-04-21 22:30:00,0.0
2015-04-21 22:45:00,0.0
2015-04-21 23:00:00,0.0
2015-04-21 23:15:00,0.0
2015-04-21 23:30:00,0.0
2015-04-21 23:45:00,0.0
2015-04-22 00:00:00,0.0
2015-04-22 00:15:00,0.0
2015-04-22 00:30:00,0.0
2015-04-22 00:45:00,0.0
2015-04-22 01:00:00,0.0
2015-04-22 01:15:00,0.0
2015-04-22 01:30:00,0.0
2015-04-22 01:45:00,0.0
2015-04-22 02:00:00,0.0
2015-04-22 02:15:00,0.0
2015-04-22 02:30:00,0.0
2015-04-22 02:45:00,0.0
2015-04-22 03:00:00,0.0
2015-04-22 03:15:00,0.0
2015-04-22 03:30:00,0.0
2015-04-22 03:45:00,0.0
2015-04-22 04:00:00,0.0
2015-04-22 04:15:00,0.0
2015-04-22 04:30:00,0.0
2015-04-22 04:45:00,0.0
2015-04-22 05:00:00,0.0
2015-04-22 05:15:00,0.0
2015-04-22 05:30:00,0.0
2015-04-22 05:45:00,0.0
2015-04-22 06:00:00,0.0
2015-04-22 06:15:00,0.1330179712731025
2015-04-22 06:30:00,0.42565653659265
2015-04-22 06:45:00,1.090204750075448
2015-04-22 07:00:00,0.916254622561609
2015-04-22 07:15:00,0.6393522806099418
2015-04-22 07:30:00,2.653026150275253
2015-04-22 07:45:00,1.4894919589003637
2015-04-22 08:00:00,0.5041553535484163
2015-04-22 08:15:00,0.5802171086923134
2015-04-22 08:30:00,0.9613791077343066
2015-04-22 08:45:00,0.3947434032008365
2015-04-22 09:00:00,0.8256571321859318
2015-04-22 09:15:00,0.8605858894038385
2015-04-22 09:30:00,0.8481797189440515
2015-04-22 09:45:00,1.83723771043536
2015-04-22 10:00:00,2.424738695136689
2015-04-22 10:15:00,5.054357878101649
2015-04-22 10:30:00,7.72338982979009
2015-04-22 10:45:00,8.04697341403364
2015-04-22 11:00:00,5.599620701871897
2015-04-22 11:15:00,8.246358652699797
2015-04-22 11:30:00,8.731198469033489
2015-04-22 11:45:00,7.991462525042947
2015-04-22 12:00:00,8.347360279064501
2015-04-22 12:15:00,5.708802481665503
2015-04-22 12:30:00,8.85001135997603
2015-04-22 12:45:00,6.498054726149437
2015-04-22 13:00:00,3.704872783458104
2015-04-22 13:15:00,4.175369877432848
2015-04-22 13:30:00,7.496931475154506
2015-04-22 13:45:00,7.435941962452374
2015-04-22 14:00:00,1.835141608723376
2015-04-22 14:15:00,2.831702642581833
2015-04-22 14:30:00,2.696608213198054
2015-04-22 14:45:00,4.014937702097695
2015-04-22 15:00:00,1.8514307387074145
2015-04-22 15:15:00,1.5358931815380426
2015-04-22 15:30:00,1.8556986985220427
2015-04-22 15:45:00,2.138420319880574
2015-04-22 16:00:00,2.658607554939905
2015-04-22 16:15:00,1.5010236874248903
2015-04-22 16:30:00,1.1782696991889148
2015-04-22 16:45:00,0.9425229442292806
2015-04-22 17:00:00,0.8635806686787841
2015-04-22 17:15:00,1.0163437596896474
2015-04-22 17:30:00,0.433586044893202
2015-04-22 17:45:00,0.0
2015-04-22 18:00:00,0.0
2015-04-22 18:15:00,0.0
2015-04-22 18:30:00,0.0
2015-04-22 18:45:00,0.0
2015-04-22 19:00:00,0.0
2015-04-22 19:15:00,0.0
2015-04-22 19:30:00,0.0
2015-04-22 19:45:00,0.0
2015-04-22 20:00:00,0.0
2015-04-22 20:15:00,0.0
2015-04-22 20:30:00,0.0
2015-04-22 20:45:00,0.0
2015-04-22 21:00:00,0.0
2015-04-22 21:15:00,0.0
2015-04-22 21:30:00,0.0
2015-04-22 21:45:00,0.0
2015-04-22 22:00:00,0.0
2015-04-22 22:15:00,0.0
2015-04-22 22:30:00,0.0
2015-04-22 22:45:00,0.0
2015-04-22 23:00:00,0.0
2015-04-22 23:15:00,0.0
2015-04-22 23:30:00,0.0
2015-04-22 23:45:00,0.0
2015-04-23 00:00:00,0.0
2015-04-23 00:15:00,0.0
2015-04-23 00:30:00,0.0
2015-04-23 00:45:00,0.0
2015-04-23 01:00:00,0.0
2015-04-23 01:15:00,0.0
2015-04-23 01:30:00,0.0
2015-04-23 01:45:00,0.0
2015-04-23 02:00:00,0.0
2015-04-23 02:15:00,0.0
2015-04-23 02:30:00,0.0
2015-04-23 02:45:00,0.0
2015-04-23 03:00:00,0.0
2015-04-23 03:15:00,0.0
2015-04-23 03:30:00,0.0
2015-04-23 03:45:00,0.0
2015-04-23 04:00:00,0.0
2015-04-23 04:15:00,0.0
2015-04-23 04:30:00,0.0
2015-04-23 04:45:00,0.0
2015-04-23 05:00:00,0.0
2015-04-23 05:15:00,0.0
2015-04-23 05:30:00,0.0
2015-04-23 05:45:00,0.0
2015-04-23 06:00:00,0.0520960835356185
2015-04-23 06:15:00,0.1304970590292859
2015-04-23 06:30:00,0.4707179689943777
2015-04-23 06:45:00,0.911165407604158
2015-04-23 07:00:00,1.3193478376461556
2015-04-23 07:15:00,1.6924889613080316
2015-04-23 07:30:00,2.085662597850801
2015-04-23 07:45:00,2.662679572348117
2015-04-23 08:00:00,2.869985845415178
2015-04-23 08:15:00,3.4655492577674845
2015-04-23 08:30:00,3.0779298514205085
2015-04-23 08:45:00,4.471502008103563
2015-04-23 09:00:00,4.75283653830213
2015-04-23 09:15:00,5.314588055493829
2015-04-23 09:30:00,5.527087870673234
2015-04-23 09:45:00,5.740343916985809
2015-04-23 10:00:00,6.713274373427909
2015-04-23 10:15:00,4.099401480794894
2015-04-23 10:30:00,5.816231755181553
2015-04-23 10:45:00,4.576271994930485
2015-04-23 11:00:00,5.07522590243569
2015-04-23 11:15:00,6.614478466726603
2015-04-23 11:30:00,6.597033370276018
2015-04-23 11:45:00,4.066822479636905
2015-04-23 12:00:00,5.240140892253335
2015-04-23 12:15:00,2.84350437257473
2015-04-23 12:30:00,4.079501147090881
2015-04-23 12:45:00,3.822991374307377
2015-04-23 13:00:00,6.9102562003531744
2015-04-23 13:15:00,3.1727280822548853
2015-04-23 13:30:00,1.860054327612252
2015-04-23 13:45:00,1.653766668839885
2015-04-23 14:00:00,1.1214481633409064
2015-04-23 14:15:00,0.9746248465427774
2015-04-23 14:30:00,1.391365309560263
2015-04-23 14:45:00,1.5275893589976013
2015-04-23 15:00:00,1.3932743347631225
2015-04-23 15:15:00,0.994941748648094
2015-04-23 15:30:00,1.4164564595066893
2015-04-23 15:45:00,2.9233618798549217
2015-04-23 16:00:00,2.640667797436662
2015-04-23 16:15:00,1.6953948483716523
2015-04-23 16:30:00,1.6712456865681131
2015-04-23 16:45:00,1.7314341090106509
2015-04-23 17:00:00,1.486782345787435
2015-04-23 17:15:00,0.9884397713490908
2015-04-23 17:30:00,0.4109219365602862
2015-04-23 17:45:00,0.1930434158749207
2015-04-23 18:00:00,0.0078860168036575
2015-04-23 18:15:00,0.0
2015-04-23 18:30:00,0.0
2015-04-23 18:45:00,0.0
2015-04-23 19:00:00,0.0
2015-04-23 19:15:00,0.0
2015-04-23 19:30:00,0.0
2015-04-23 19:45:00,0.0
2015-04-23 20:00:00,0.0
2015-04-23 20:15:00,0.0
2015-04-23 20:30:00,0.0
2015-04-23 20:45:00,0.0
2015-04-23 21:00:00,0.0
2015-04-23 21:15:00,0.0
2015-04-23 21:30:00,0.0
2015-04-23 21:45:00,0.0
2015-04-23 22:00:00,0.0
2015-04-23 22:15:00,0.0
2015-04-23 22:30:00,0.0
2015-04-23 22:45:00,0.0
2015-04-23 23:00:00,0.0
2015-04-23 23:15:00,0.0
2015-04-23 23:30:00,0.0
2015-04-23 23:45:00,0.0
2015-04-24 00:00:00,0.0
2015-04-24 00:15:00,0.0
2015-04-24 00:30:00,0.0
2015-04-24 00:45:00,0.0
2015-04-24 01:00:00,0.0
2015-04-24 01:15:00,0.0
2015-04-24 01:30:00,0.0
2015-04-24 01:45:00,0.0
2015-04-24 02:00:00,0.0
2015-04-24 02:15:00,0.0
2015-04-24 02:30:00,0.0
2015-04-24 02:45:00,0.0
2015-04-24 03:00:00,0.0
2015-04-24 03:15:00,0.0
2015-04-24 03:30:00,0.0
2015-04-24 03:45:00,0.0
2015-04-24 04:00:00,0.0
2015-04-24 04:15:00,0.0
2015-04-24 04:30:00,0.0
2015-04-24 04:45:00,0.0
2015-04-24 05:00:00,0.0
2015-04-24 05:15:00,0.0
2015-04-24 05:30:00,0.0
2015-04-24 05:45:00,0.0
2015-04-24 06:00:00,0.1224654663241612
2015-04-24 06:15:00,0.3382916380721508
2015-04-24 06:30:00,0.5785180028424927
2015-04-24 06:45:00,1.1733466598325006
2015-04-24 07:00:00,0.8270069247071112
2015-04-24 07:15:00,1.223883242481545
2015-04-24 07:30:00,1.813380922092068
2015-04-24 07:45:00,2.112892429428702
2015-04-24 08:00:00,2.213008662936628
2015-04-24 08:15:00,2.362433502820011
2015-04-24 08:30:00,2.8951835711742056
2015-04-24 08:45:00,3.047110649677272
2015-04-24 09:00:00,4.27310305360361
2015-04-24 09:15:00,5.25895089072782
2015-04-24 09:30:00,5.525461260405186
2015-04-24 09:45:00,4.14925961167576
2015-04-24 10:00:00,5.178007739063659
2015-04-24 10:15:00,6.070550913306836
2015-04-24 10:30:00,5.268359788688358
2015-04-24 10:45:00,4.947213090204124
2015-04-24 11:00:00,6.35515879526244
2015-04-24 11:15:00,6.075898416371248
2015-04-24 11:30:00,5.926546371890981
2015-04-24 11:45:00,6.467877830394731
2015-04-24 12:00:00,7.654000781116912
2015-04-24 12:15:00,7.391744268487042
2015-04-24 12:30:00,6.712746803325316
2015-04-24 12:45:00,4.461091711752449
2015-04-24 13:00:00,4.702814956532581
2015-04-24 13:15:00,6.928559446523491
2015-04-24 13:30:00,7.167270709921616
2015-04-24 13:45:00,6.875635045412501
2015-04-24 14:00:00,7.254427395596805
2015-04-24 14:15:00,5.834453465444457
2015-04-24 14:30:00,3.46199966946082
2015-04-24 14:45:00,3.665768577273909
2015-04-24 15:00:00,4.354655917753837
2015-04-24 15:15:00,3.327428453895988
2015-04-24 15:30:00,3.867052909695761
2015-04-24 15:45:00,5.251236694671594
2015-04-24 16:00:00,4.041604691596017
2015-04-24 16:15:00,3.981724971345619
2015-04-24 16:30:00,3.6063104297254487
2015-04-24 16:45:00,2.626627849589446
2015-04-24 17:00:00,1.7294216256924262
2015-04-24 17:15:00,1.0338694509797446
2015-04-24 17:30:00,0.6062887779283904
2015-04-24 17:45:00,0.3659588164958406
2015-04-24 18:00:00,0.1649748532696215
2015-04-24 18:15:00,0.0
2015-04-24 18:30:00,0.0
2015-04-24 18:45:00,0.0
2015-04-24 19:00:00,0.0
2015-04-24 19:15:00,0.0
2015-04-24 19:30:00,0.0
2015-04-24 19:45:00,0.0
2015-04-24 20:00:00,0.0
2015-04-24 20:15:00,0.0
2015-04-24 20:30:00,0.0
2015-04-24 20:45:00,0.0
2015-04-24 21:00:00,0.0
2015-04-24 21:15:00,0.0
2015-04-24 21:30:00,0.0
2015-04-24 21:45:00,0.0
2015-04-24 22:00:00,0.0
2015-04-24 22:15:00,0.0
2015-04-24 22:30:00,0.0
2015-04-24 22:45:00,0.0
2015-04-24 23:00:00,0.0
2015-04-24 23:15:00,0.0
2015-04-24 23:30:00,0.0
2015-04-24 23:45:00,0.0
2015-04-25 00:00:00,0.0
2015-04-25 00:15:00,0.0
2015-04-25 00:30:00,0.0
2015-04-25 00:45:00,0.0
2015-04-25 01:00:00,0.0
2015-04-25 01:15:00,0.0
2015-04-25 01:30:00,0.0
2015-04-25 01:45:00,0.0
2015-04-25 02:00:00,0.0
2015-04-25 02:15:00,0.0
2015-04-25 02:30:00,0.0
2015-04-25 02:45:00,0.0
2015-04-25 03:00:00,0.0
2015-04-25 03:15:00,0.0
2015-04-25 03:30:00,0.0
2015-04-25 03:45:00,0.0
2015-04-25 04:00:00,0.0
2015-04-25 04:15:00,0.0
2015-04-25 04:30:00,0.0
2015-04-25 04:45:00,0.0
2015-04-25 05:00:00,0.0
2015-04-25 05:15:00,0.0
2015-04-25 05:30:00,0.0
2015-04-25 05:45:00,0.0
2015-04-25 06:00:00,0.0
2015-04-25 06:15:00,0.0668143441269387
2015-04-25 06:30:00,0.2802027283359153
2015-04-25 06:45:00,0.415607312399334
2015-04-25 07:00:00,0.3586753226506379
2015-04-25 07:15:00,0.4390442593505363
2015-04-25 07:30:00,0.3707854753055339
2015-04-25 07:45:00,0.3734598119111144
2015-04-25 08:00:00,0.4463571857745487
2015-04-25 08:15:00,0.8800127602867567
2015-04-25 08:30:00,0.7780236432344969
2015-04-25 08:45:00,0.7044582326663783
2015-04-25 09:00:00,1.008418978250858
2015-04-25 09:15:00,0.7970077444471254
2015-04-25 09:30:00,1.1959790548106128
2015-04-25 09:45:00,1.5129265589041032
2015-04-25 10:00:00,2.402516212712552
2015-04-25 10:15:00,3.8953220244648574
2015-04-25 10:30:00,7.733629298663721
2015-04-25 10:45:00,5.302715559915674
2015-04-25 11:00:00,7.48455349210696
2015-04-25 11:15:00,7.392731854255938
2015-04-25 11:30:00,8.114152141176614
2015-04-25 11:45:00,7.600500085178871
2015-04-25 12:00:00,7.884140696529509
2015-04-25 12:15:00,7.220496690655518
2015-04-25 12:30:00,7.743592752367833
2015-04-25 12:45:00,8.26740021075108
2015-04-25 13:00:00,8.428004721231304
2015-04-25 13:15:00,8.681912516530204
2015-04-25 13:30:00,8.413580799557776
2015-04-25 13:45:00,8.357559018684833
2015-04-25 14:00:00,8.29308449053138
2015-04-25 14:15:00,8.038476199017419
2015-04-25 14:30:00,7.677828916828647
2015-04-25 14:45:00,6.831329287546609
2015-04-25 15:00:00,6.658706032919314
2015-04-25 15:15:00,6.198607909772628
2015-04-25 15:30:00,5.814596085816998
2015-04-25 15:45:00,5.122514381358888
2015-04-25 16:00:00,4.640796560344367
2015-04-25 16:15:00,3.9552638913698654
2015-04-25 16:30:00,3.1252409602009408
2015-04-25 16:45:00,2.282984336296035
2015-04-25 17:00:00,1.4751059963533968
2015-04-25 17:15:00,0.7194897991923117
2015-04-25 17:30:00,0.4413685739461417
2015-04-25 17:45:00,0.3895282771628595
2015-04-25 18:00:00,0.3103576302261698
2015-04-25 18:15:00,0.1281846755808886
2015-04-25 18:30:00,0.0
2015-04-25 18:45:00,0.0
2015-04-25 19:00:00,0.0
2015-04-25 19:15:00,0.0
2015-04-25 19:30:00,0.0
2015-04-25 19:45:00,0.0
2015-04-25 20:00:00,0.0
2015-04-25 20:15:00,0.0
2015-04-25 20:30:00,0.0
2015-04-25 20:45:00,0.0
2015-04-25 21:00:00,0.0
2015-04-25 21:15:00,0.0
2015-04-25 21:30:00,0.0
2015-04-25 21:45:00,0.0
2015-04-25 22:00:00,0.0
2015-04-25 22:15:00,0.0
2015-04-25 22:30:00,0.0
2015-04-25 22:45:00,0.0
2015-04-25 23:00:00,0.0
2015-04-25 23:15:00,0.0
2015-04-25 23:30:00,0.0
2015-04-25 23:45:00,0.0
2015-04-26 00:00:00,0.0
2015-04-26 00:15:00,0.0
2015-04-26 00:30:00,0.0
2015-04-26 00:45:00,0.0
2015-04-26 01:00:00,0.0
2015-04-26 01:15:00,0.0
2015-04-26 01:30:00,0.0
2015-04-26 01:45:00,0.0
2015-04-26 02:00:00,0.0
2015-04-26 02:15:00,0.0
2015-04-26 02:30:00,0.0
2015-04-26 02:45:00,0.0
2015-04-26 03:00:00,0.0
2015-04-26 03:15:00,0.0
2015-04-26 03:30:00,0.0
2015-04-26 03:45:00,0.0
2015-04-26 04:00:00,0.0
2015-04-26 04:15:00,0.0
2015-04-26 04:30:00,0.0
2015-04-26 04:45:00,0.0
2015-04-26 05:00:00,0.0
2015-04-26 05:15:00,0.0
2015-04-26 05:30:00,0.0
2015-04-26 05:45:00,0.0255615263820664
2015-04-26 06:00:00,0.2049307455361725
2015-04-26 06:15:00,0.4803028778793481
2015-04-26 06:30:00,0.8581649903659833
2015-04-26 06:45:00,1.2840815668962071
2015-04-26 07:00:00,1.7687185751499506
2015-04-26 07:15:00,2.28973855213239
2015-04-26 07:30:00,2.8136140435148578
2015-04-26 07:45:00,3.354823914851079
2015-04-26 08:00:00,3.860707610002796
2015-04-26 08:15:00,4.3551445800094495
2015-04-26 08:30:00,4.87196551541044
2015-04-26 08:45:00,5.351565651504388
2015-04-26 09:00:00,5.81048509366841
2015-04-26 09:15:00,6.275849774635121
2015-04-26 09:30:00,6.6848261366864445
2015-04-26 09:45:00,6.691324205555406
2015-04-26 10:00:00,7.352423690023
2015-04-26 10:15:00,7.638505325623512
2015-04-26 10:30:00,7.921475501466456
2015-04-26 10:45:00,8.1418270465204
2015-04-26 11:00:00,8.38900133650718
2015-04-26 11:15:00,8.599131605454335
2015-04-26 11:30:00,8.759745356555413
2015-04-26 11:45:00,8.835602313506884
2015-04-26 12:00:00,8.973398597488725
2015-04-26 12:15:00,8.974150351280983
2015-04-26 12:30:00,9.02705019433147
2015-04-26 12:45:00,8.983866019538125
2015-04-26 13:00:00,8.934686107412682
2015-04-26 13:15:00,8.887754324452448
2015-04-26 13:30:00,8.719130294596212
2015-04-26 13:45:00,8.50272331557047
2015-04-26 14:00:00,8.290490209810237
2015-04-26 14:15:00,8.021213858273555
2015-04-26 14:30:00,7.71220123456242
2015-04-26 14:45:00,7.337259813850748
2015-04-26 15:00:00,6.86207916397509
2015-04-26 15:15:00,6.4464929162709685
2015-04-26 15:30:00,5.915040162943774
2015-04-26 15:45:00,5.30504139447356
2015-04-26 16:00:00,4.621767542634148
2015-04-26 16:15:00,3.881840374927687
2015-04-26 16:30:00,3.0933321962305085
2015-04-26 16:45:00,2.252404107221312
2015-04-26 17:00:00,1.4192429680186291
2015-04-26 17:15:00,0.6986131697655701
2015-04-26 17:30:00,0.3903492935780366
2015-04-26 17:45:00,0.3536880927404497
2015-04-26 18:00:00,0.2973663878926406
2015-04-26 18:15:00,0.1570988196581111
2015-04-26 18:30:00,0.0
2015-04-26 18:45:00,0.0
2015-04-26 19:00:00,0.0
2015-04-26 19:15:00,0.0
2015-04-26 19:30:00,0.0
2015-04-26 19:45:00,0.0
2015-04-26 20:00:00,0.0
2015-04-26 20:15:00,0.0
2015-04-26 20:30:00,0.0
2015-04-26 20:45:00,0.0
2015-04-26 21:00:00,0.0
2015-04-26 21:15:00,0.0
2015-04-26 21:30:00,0.0
2015-04-26 21:45:00,0.0
2015-04-26 22:00:00,0.0
2015-04-26 22:15:00,0.0
2015-04-26 22:30:00,0.0
2015-04-26 22:45:00,0.0
2015-04-26 23:00:00,0.0
2015-04-26 23:15:00,0.0
2015-04-26 23:30:00,0.0
2015-04-26 23:45:00,0.0
2015-04-27 00:00:00,0.0
2015-04-27 00:15:00,0.0
2015-04-27 00:30:00,0.0
2015-04-27 00:45:00,0.0
2015-04-27 01:00:00,0.0
2015-04-27 01:15:00,0.0
2015-04-27 01:30:00,0.0
2015-04-27 01:45:00,0.0
2015-04-27 02:00:00,0.0
2015-04-27 02:15:00,0.0
2015-04-27 02:30:00,0.0
2015-04-27 02:45:00,0.0
2015-04-27 03:00:00,0.0
2015-04-27 03:15:00,0.0
2015-04-27 03:30:00,0.0
2015-04-27 03:45:00,0.0
2015-04-27 04:00:00,0.0
2015-04-27 04:15:00,0.0
2015-04-27 04:30:00,0.0
2015-04-27 04:45:00,0.0
2015-04-27 05:00:00,0.0
2015-04-27 05:15:00,0.0
2015-04-27 05:30:00,0.0
2015-04-27 05:45:00,0.016390525607321
2015-04-27 06:00:00,0.175598409275479
2015-04-27 06:15:00,0.5134267412081976
2015-04-27 06:30:00,0.915916457724016
2015-04-27 06:45:00,1.3470291263010732
2015-04-27 07:00:00,1.8394674502548207
2015-04-27 07:15:00,2.352213899814198
2015-04-27 07:30:00,2.892970932039005
2015-04-27 07:45:00,3.4401576682237787
2015-04-27 08:00:00,3.9909831550395793
2015-04-27 08:15:00,4.508140157444892
2015-04-27 08:30:00,4.976783755508426
2015-04-27 08:45:00,5.440269294081427
2015-04-27 09:00:00,5.912516519510805
2015-04-27 09:15:00,6.357522632382526
2015-04-27 09:30:00,6.741413132539629
2015-04-27 09:45:00,6.906001572315538
2015-04-27 10:00:00,7.455511600633865
2015-04-27 10:15:00,7.770500243461204
2015-04-27 10:30:00,8.028419836168576
2015-04-27 10:45:00,8.271008213315698
2015-04-27 11:00:00,8.506041613295734
2015-04-27 11:15:00,8.621074419586506
2015-04-27 11:30:00,8.696609279630739
2015-04-27 11:45:00,8.870612905268333
2015-04-27 12:00:00,8.95160805359361
2015-04-27 12:15:00,8.998777419410105
2015-04-27 12:30:00,9.007358658859276
2015-04-27 12:45:00,8.916857689887289
2015-04-27 13:00:00,8.879391671749332
2015-04-27 13:15:00,8.7919668515981
2015-04-27 13:30:00,8.702319113503389
2015-04-27 13:45:00,8.501181874012335
2015-04-27 14:00:00,8.225268986342401
2015-04-27 14:15:00,7.852931618079441
2015-04-27 14:30:00,7.658632425376222
2015-04-27 14:45:00,7.292774141869114
2015-04-27 15:00:00,6.886236457858182
2015-04-27 15:15:00,6.436602585275747
2015-04-27 15:30:00,5.872335249071705
2015-04-27 15:45:00,5.320115321559851
2015-04-27 16:00:00,4.6375165259277775
2015-04-27 16:15:00,3.880038589691533
2015-04-27 16:30:00,3.083889067229739
2015-04-27 16:45:00,2.2403547944403144
2015-04-27 17:00:00,1.4094196566403394
2015-04-27 17:15:00,0.701742720558817
2015-04-27 17:30:00,0.3930364297938927
2015-04-27 17:45:00,0.3537036717909125
2015-04-27 18:00:00,0.3027174450000968
2015-04-27 18:15:00,0.1736432461394839
2015-04-27 18:30:00,0.0
2015-04-27 18:45:00,0.0
2015-04-27 19:00:00,0.0
2015-04-27 19:15:00,0.0
2015-04-27 19:30:00,0.0
2015-04-27 19:45:00,0.0
2015-04-27 20:00:00,0.0
2015-04-27 20:15:00,0.0
2015-04-27 20:30:00,0.0
2015-04-27 20:45:00,0.0
2015-04-27 21:00:00,0.0
2015-04-27 21:15:00,0.0
2015-04-27 21:30:00,0.0
2015-04-27 21:45:00,0.0
2015-04-27 22:00:00,0.0
2015-04-27 22:15:00,0.0
2015-04-27 22:30:00,0.0
2015-04-27 22:45:00,0.0
2015-04-27 23:00:00,0.0
2015-04-27 23:15:00,0.0
2015-04-27 23:30:00,0.0
2015-04-27 23:45:00,0.0
2015-04-28 00:00:00,0.0
2015-04-28 00:15:00,0.0
2015-04-28 00:30:00,0.0
2015-04-28 00:45:00,0.0
2015-04-28 01:00:00,0.0
2015-04-28 01:15:00,0.0
2015-04-28 01:30:00,0.0
2015-04-28 01:45:00,0.0
2015-04-28 02:00:00,0.0
2015-04-28 02:15:00,0.0
2015-04-28 02:30:00,0.0
2015-04-28 02:45:00,0.0
2015-04-28 03:00:00,0.0
2015-04-28 03:15:00,0.0
2015-04-28 03:30:00,0.0
2015-04-28 03:45:00,0.0
2015-04-28 04:00:00,0.0
2015-04-28 04:15:00,0.0
2015-04-28 04:30:00,0.0
2015-04-28 04:45:00,0.0
2015-04-28 05:00:00,0.0
2015-04-28 05:15:00,0.0
2015-04-28 05:30:00,0.0
2015-04-28 05:45:00,0.0370201105944616
2015-04-28 06:00:00,0.2342538628937902
2015-04-28 06:15:00,0.5413088680695239
2015-04-28 06:30:00,0.9280195926252504
2015-04-28 06:45:00,1.3628231051015816
2015-04-28 07:00:00,1.835838914267077
2015-04-28 07:15:00,2.352995666648881
2015-04-28 07:30:00,2.8727298123361966
2015-04-28 07:45:00,3.318707149958628
2015-04-28 08:00:00,3.900438902754528
2015-04-28 08:15:00,4.3383427817676825
2015-04-28 08:30:00,4.8161004180438
2015-04-28 08:45:00,5.280824566217391
2015-04-28 09:00:00,5.756801141183887
2015-04-28 09:15:00,6.182873474650554
2015-04-28 09:30:00,6.523641609924821
2015-04-28 09:45:00,6.689421750593889
2015-04-28 10:00:00,7.225573499076822
2015-04-28 10:15:00,7.497682665383715
2015-04-28 10:30:00,7.758954249660037
2015-04-28 10:45:00,8.023200134051221
2015-04-28 11:00:00,8.230341905322437
2015-04-28 11:15:00,8.397437353814937
2015-04-28 11:30:00,8.615436196679509
2015-04-28 11:45:00,8.658655422418441
2015-04-28 12:00:00,8.708816973196276
2015-04-28 12:15:00,8.717734057210683
2015-04-28 12:30:00,8.71363539029373
2015-04-28 12:45:00,8.626107066956967
2015-04-28 13:00:00,8.565488124895625
2015-04-28 13:15:00,8.537137777519613
2015-04-28 13:30:00,8.460711123729661
2015-04-28 13:45:00,8.244270494121437
2015-04-28 14:00:00,7.987855350074321
2015-04-28 14:15:00,7.752041706626453
2015-04-28 14:30:00,7.431123597737877
2015-04-28 14:45:00,7.105945872759524
2015-04-28 15:00:00,6.645010279064198
2015-04-28 15:15:00,6.185420963011162
2015-04-28 15:30:00,5.691228377427595
2015-04-28 15:45:00,5.13757396530407
2015-04-28 16:00:00,4.451157046399982
2015-04-28 16:15:00,3.748349905261452
2015-04-28 16:30:00,2.9960777410950508
2015-04-28 16:45:00,2.193858327242177
2015-04-28 17:00:00,1.397661821708277
2015-04-28 17:15:00,0.7208265762550443
2015-04-28 17:30:00,0.4233245986186861
2015-04-28 17:45:00,0.3832209472301832
2015-04-28 18:00:00,0.3167783571547022
2015-04-28 18:15:00,0.1844101045741023
2015-04-28 18:30:00,0.0
2015-04-28 18:45:00,0.0
2015-04-28 19:00:00,0.0
2015-04-28 19:15:00,0.0
2015-04-28 19:30:00,0.0
2015-04-28 19:45:00,0.0
2015-04-28 20:00:00,0.0
2015-04-28 20:15:00,0.0
2015-04-28 20:30:00,0.0
2015-04-28 20:45:00,0.0
2015-04-28 21:00:00,0.0
2015-04-28 21:15:00,0.0
2015-04-28 21:30:00,0.0
2015-04-28 21:45:00,0.0
2015-04-28 22:00:00,0.0
2015-04-28 22:15:00,0.0
2015-04-28 22:30:00,0.0
2015-04-28 22:45:00,0.0
2015-04-28 23:00:00,0.0
2015-04-28 23:15:00,0.0
2015-04-28 23:30:00,0.0
2015-04-28 23:45:00,0.0
2015-04-29 00:00:00,0.0
2015-04-29 00:15:00,0.0
2015-04-29 00:30:00,0.0
2015-04-29 00:45:00,0.0
2015-04-29 01:00:00,0.0
2015-04-29 01:15:00,0.0
2015-04-29 01:30:00,0.0
2015-04-29 01:45:00,0.0
2015-04-29 02:00:00,0.0
2015-04-29 02:15:00,0.0
2015-04-29 02:30:00,0.0
2015-04-29 02:45:00,0.0
2015-04-29 03:00:00,0.0
2015-04-29 03:15:00,0.0
2015-04-29 03:30:00,0.0
2015-04-29 03:45:00,0.0
2015-04-29 04:00:00,0.0
2015-04-29 04:15:00,0.0
2015-04-29 04:30:00,0.0
2015-04-29 04:45:00,0.0
2015-04-29 05:00:00,0.0
2015-04-29 05:15:00,0.0
2015-04-29 05:30:00,0.0
2015-04-29 05:45:00,0.018333353819203
2015-04-29 06:00:00,0.177176140475148
2015-04-29 06:15:00,0.4790999829279335
2015-04-29 06:30:00,0.6952524556067983
2015-04-29 06:45:00,1.0889676573808156
2015-04-29 07:00:00,1.5862043860115975
2015-04-29 07:15:00,2.1539707884742723
2015-04-29 07:30:00,2.610275416111059
2015-04-29 07:45:00,3.064713482761149
2015-04-29 08:00:00,3.666146666668174
2015-04-29 08:15:00,3.871840808330396
2015-04-29 08:30:00,4.473341392641367
2015-04-29 08:45:00,5.199623479581191
2015-04-29 09:00:00,5.47343515656546
2015-04-29 09:15:00,5.206445958699574
2015-04-29 09:30:00,4.640885551826026
2015-04-29 09:45:00,5.617019000494238
2015-04-29 10:00:00,6.239097613050496
2015-04-29 10:15:00,6.154970168328664
2015-04-29 10:30:00,4.543166178477334
2015-04-29 10:45:00,3.7453412837412143
2015-04-29 11:00:00,4.070110259183884
2015-04-29 11:15:00,7.922274303999929
2015-04-29 11:30:00,8.34881210591671
2015-04-29 11:45:00,8.460508583211121
2015-04-29 12:00:00,8.589996101994736
2015-04-29 12:15:00,8.656656723816152
2015-04-29 12:30:00,8.606805549082521
2015-04-29 12:45:00,8.710212984216794
2015-04-29 13:00:00,8.345069323257496
2015-04-29 13:15:00,8.80768243367941
2015-04-29 13:30:00,7.316882049868493
2015-04-29 13:45:00,7.729658109131711
2015-04-29 14:00:00,7.923144339413391
2015-04-29 14:15:00,7.385902788858665
2015-04-29 14:30:00,7.262432303419532
2015-04-29 14:45:00,6.835215117168445
2015-04-29 15:00:00,6.474237603544877
2015-04-29 15:15:00,6.176900375916686
2015-04-29 15:30:00,5.502992107229304
2015-04-29 15:45:00,4.943274208160376
2015-04-29 16:00:00,4.501739818773466
2015-04-29 16:15:00,3.740952362551396
2015-04-29 16:30:00,3.078151458471189
2015-04-29 16:45:00,2.3983205411226107
2015-04-29 17:00:00,1.780643250965941
2015-04-29 17:15:00,1.421082300053402
2015-04-29 17:30:00,1.300262525910407
2015-04-29 17:45:00,0.8836594114841473
2015-04-29 18:00:00,0.3541330209978751
2015-04-29 18:15:00,0.0
2015-04-29 18:30:00,0.0
2015-04-29 18:45:00,0.0
2015-04-29 19:00:00,0.0
2015-04-29 19:15:00,0.0
2015-04-29 19:30:00,0.0
2015-04-29 19:45:00,0.0
2015-04-29 20:00:00,0.0
2015-04-29 20:15:00,0.0
2015-04-29 20:30:00,0.0
2015-04-29 20:45:00,0.0
2015-04-29 21:00:00,0.0
2015-04-29 21:15:00,0.0
2015-04-29 21:30:00,0.0
2015-04-29 21:45:00,0.0
2015-04-29 22:00:00,0.0
2015-04-29 22:15:00,0.0
2015-04-29 22:30:00,0.0
2015-04-29 22:45:00,0.0
2015-04-29 23:00:00,0.0
2015-04-29 23:15:00,0.0
2015-04-29 23:30:00,0.0
2015-04-29 23:45:00,0.0
2015-04-30 00:00:00,0.0
2015-04-30 00:15:00,0.0
2015-04-30 00:30:00,0.0
2015-04-30 00:45:00,0.0
2015-04-30 01:00:00,0.0
2015-04-30 01:15:00,0.0
2015-04-30 01:30:00,0.0
2015-04-30 01:45:00,0.0
2015-04-30 02:00:00,0.0
2015-04-30 02:15:00,0.0
2015-04-30 02:30:00,0.0
2015-04-30 02:45:00,0.0
2015-04-30 03:00:00,0.0
2015-04-30 03:15:00,0.0
2015-04-30 03:30:00,0.0
2015-04-30 03:45:00,0.0
2015-04-30 04:00:00,0.0
2015-04-30 04:15:00,0.0
2015-04-30 04:30:00,0.0
2015-04-30 04:45:00,0.0
2015-04-30 05:00:00,0.0
2015-04-30 05:15:00,0.0
2015-04-30 05:30:00,0.0
2015-04-30 05:45:00,0.0375036615633653
2015-04-30 06:00:00,0.1354369553785895
2015-04-30 06:15:00,0.3958101817371462
2015-04-30 06:30:00,0.5811119207937725
2015-04-30 06:45:00,0.4631281763615248
2015-04-30 07:00:00,0.6223873369241101
2015-04-30 07:15:00,0.8058201402194681
2015-04-30 07:30:00,1.0732401472116089
2015-04-30 07:45:00,1.3122240110874486
2015-04-30 08:00:00,2.4538689457439955
2015-04-30 08:15:00,4.045711270337512
2015-04-30 08:30:00,4.339304161388662
2015-04-30 08:45:00,4.918635775852268
2015-04-30 09:00:00,5.373148428991921
2015-04-30 09:15:00,5.69863593280343
2015-04-30 09:30:00,5.985484888930842
2015-04-30 09:45:00,6.446069100461703
2015-04-30 10:00:00,6.854989212883601
2015-04-30 10:15:00,7.34938692118218
2015-04-30 10:30:00,6.766658345576367
2015-04-30 10:45:00,7.910006440227039
2015-04-30 11:00:00,6.517445032177871
2015-04-30 11:15:00,4.668434399702081
2015-04-30 11:30:00,7.936938512449842
2015-04-30 11:45:00,8.904229989998573
2015-04-30 12:00:00,7.417771169478646
2015-04-30 12:15:00,8.5385880172057
2015-04-30 12:30:00,8.119949767019007
2015-04-30 12:45:00,7.900453792339333
2015-04-30 13:00:00,8.128494544388765
2015-04-30 13:15:00,8.132031448290922
2015-04-30 13:30:00,8.212656729090671
2015-04-30 13:45:00,7.665013451210099
2015-04-30 14:00:00,7.772859339728581
2015-04-30 14:15:00,7.574360854570924
2015-04-30 14:30:00,6.823850722773948
2015-04-30 14:45:00,6.941341466496925
2015-04-30 15:00:00,6.475426407965025
2015-04-30 15:15:00,5.8253027359680205
2015-04-30 15:30:00,4.003738274738976
2015-04-30 15:45:00,5.124010471883226
2015-04-30 16:00:00,4.063749567633082
2015-04-30 16:15:00,3.665290492533056
2015-04-30 16:30:00,3.024836338242188
2015-04-30 16:45:00,2.293610388727094
2015-04-30 17:00:00,1.4735082581322303
2015-04-30 17:15:00,0.8145867952422996
2015-04-30 17:30:00,0.5027813303255332
2015-04-30 17:45:00,0.5145265445292839
2015-04-30 18:00:00,0.4665988343930857
2015-04-30 18:15:00,0.0257179795211532
2015-04-30 18:30:00,0.0
2015-04-30 18:45:00,0.0
2015-04-30 19:00:00,0.0
2015-04-30 19:15:00,0.0
2015-04-30 19:30:00,0.0
2015-04-30 19:45:00,0.0
2015-04-30 20:00:00,0.0
2015-04-30 20:15:00,0.0
2015-04-30 20:30:00,0.0
2015-04-30 20:45:00,0.0
2015-04-30 21:00:00,0.0
2015-04-30 21:15:00,0.0
2015-04-30 21:30:00,0.0
2015-04-30 21:45:00,0.0
2015-04-30 22:00:00,0.0
2015-04-30 22:15:00,0.0
2015-04-30 22:30:00,0.0
2015-04-30 22:45:00,0.0
2015-04-30 23:00:00,0.0
2015-04-30 23:15:00,0.0
2015-04-30 23:30:00,0.0
2015-04-30 23:45:00,0.0
2015-05-01 00:00:00,0.0
2015-05-01 00:15:00,0.0
2015-05-01 00:30:00,0.0
2015-05-01 00:45:00,0.0
2015-05-01 01:00:00,0.0
2015-05-01 01:15:00,0.0
2015-05-01 01:30:00,0.0
2015-05-01 01:45:00,0.0
2015-05-01 02:00:00,0.0
2015-05-01 02:15:00,0.0
2015-05-01 02:30:00,0.0
2015-05-01 02:45:00,0.0
2015-05-01 03:00:00,0.0
2015-05-01 03:15:00,0.0
2015-05-01 03:30:00,0.0
2015-05-01 03:45:00,0.0
2015-05-01 04:00:00,0.0
2015-05-01 04:15:00,0.0
2015-05-01 04:30:00,0.0
2015-05-01 04:45:00,0.0
2015-05-01 05:00:00,0.0
2015-05-01 05:15:00,0.0
2015-05-01 05:30:00,0.0
2015-05-01 05:45:00,0.063489905106873
2015-05-01 06:00:00,0.2759510947653514
2015-05-01 06:15:00,0.5693096928640388
2015-05-01 06:30:00,0.94786247547694
2015-05-01 06:45:00,1.356103959078601
2015-05-01 07:00:00,1.81334829497009
2015-05-01 07:15:00,2.2868472064084497
2015-05-01 07:30:00,2.769797633396005
2015-05-01 07:45:00,3.249143696918069
2015-05-01 08:00:00,3.7497102569025937
2015-05-01 08:15:00,4.218613645081961
2015-05-01 08:30:00,4.6807988226724975
2015-05-01 08:45:00,5.157565597612095
2015-05-01 09:00:00,5.566235812531824
2015-05-01 09:15:00,6.018086188260863
2015-05-01 09:30:00,6.257992504961172
2015-05-01 09:45:00,6.478450210705329
2015-05-01 10:00:00,6.884406149882397
2015-05-01 10:15:00,7.167955846298381
2015-05-01 10:30:00,7.471211258092995
2015-05-01 10:45:00,7.675287093522588
2015-05-01 11:00:00,7.869391632169114
2015-05-01 11:15:00,8.07928568143383
2015-05-01 11:30:00,8.209323800838602
2015-05-01 11:45:00,8.239599873716388
2015-05-01 12:00:00,8.408695354679827
2015-05-01 12:15:00,8.348585753723986
2015-05-01 12:30:00,8.355892807364867
2015-05-01 12:45:00,8.196713741515172
2015-05-01 13:00:00,8.383355866828873
2015-05-01 13:15:00,8.350885351146792
2015-05-01 13:30:00,8.107808758818138
2015-05-01 13:45:00,3.611528989317686
2015-05-01 14:00:00,7.371323235132743
2015-05-01 14:15:00,6.678517549816986
2015-05-01 14:30:00,6.204769019028339
2015-05-01 14:45:00,4.365942506010203
2015-05-01 15:00:00,6.093378672903202
2015-05-01 15:15:00,6.017092591580904
2015-05-01 15:30:00,5.509869224106561
2015-05-01 15:45:00,4.686837932032107
2015-05-01 16:00:00,4.493195681734933
2015-05-01 16:15:00,3.79137780287833
2015-05-01 16:30:00,2.994700295526121
2015-05-01 16:45:00,2.214534395461142
2015-05-01 17:00:00,1.4081382212706373
2015-05-01 17:15:00,0.7706177138031436
2015-05-01 17:30:00,0.4320670864908887
2015-05-01 17:45:00,0.376002485033682
2015-05-01 18:00:00,0.3199655760379052
2015-05-01 18:15:00,0.2226058167171165
2015-05-01 18:30:00,0.0708508612014324
2015-05-01 18:45:00,0.0
2015-05-01 19:00:00,0.0
2015-05-01 19:15:00,0.0
2015-05-01 19:30:00,0.0
2015-05-01 19:45:00,0.0
2015-05-01 20:00:00,0.0
2015-05-01 20:15:00,0.0
2015-05-01 20:30:00,0.0
2015-05-01 20:45:00,0.0
2015-05-01 21:00:00,0.0
2015-05-01 21:15:00,0.0
2015-05-01 21:30:00,0.0
2015-05-01 21:45:00,0.0
2015-05-01 22:00:00,0.0
2015-05-01 22:15:00,0.0
2015-05-01 22:30:00,0.0
2015-05-01 22:45:00,0.0
2015-05-01 23:00:00,0.0
2015-05-01 23:15:00,0.0
2015-05-01 23:30:00,0.0
2015-05-01 23:45:00,0.0
2015-05-02 00:00:00,0.0
2015-05-02 00:15:00,0.0
2015-05-02 00:30:00,0.0
2015-05-02 00:45:00,0.0
2015-05-02 01:00:00,0.0
2015-05-02 01:15:00,0.0
2015-05-02 01:30:00,0.0
2015-05-02 01:45:00,0.0
2015-05-02 02:00:00,0.0
2015-05-02 02:15:00,0.0
2015-05-02 02:30:00,0.0
2015-05-02 02:45:00,0.0
2015-05-02 03:00:00,0.0
2015-05-02 03:15:00,0.0
2015-05-02 03:30:00,0.0
2015-05-02 03:45:00,0.0
2015-05-02 04:00:00,0.0
2015-05-02 04:15:00,0.0
2015-05-02 04:30:00,0.0
2015-05-02 04:45:00,0.0
2015-05-02 05:00:00,0.0
2015-05-02 05:15:00,0.0
2015-05-02 05:30:00,0.0
2015-05-02 05:45:00,0.0031563416477013
2015-05-02 06:00:00,0.1779395488209231
2015-05-02 06:15:00,0.1332517013428569
2015-05-02 06:30:00,0.2171169716414344
2015-05-02 06:45:00,0.3855124145733035
2015-05-02 07:00:00,1.5574120393691748
2015-05-02 07:15:00,2.22985964149546
2015-05-02 07:30:00,1.6639592202963638
2015-05-02 07:45:00,2.647557996648494
2015-05-02 08:00:00,1.8649047694996488
2015-05-02 08:15:00,3.424070433809621
2015-05-02 08:30:00,4.3160994517893645
2015-05-02 08:45:00,4.924016797687946
2015-05-02 09:00:00,5.208029627874458
2015-05-02 09:15:00,5.542647707691732
2015-05-02 09:30:00,5.585710416198184
2015-05-02 09:45:00,6.535677457995103
2015-05-02 10:00:00,5.298287715544903
2015-05-02 10:15:00,4.22908616789909
2015-05-02 10:30:00,5.390538808571706
2015-05-02 10:45:00,7.05741968469588
2015-05-02 11:00:00,5.3426726381851335
2015-05-02 11:15:00,5.7288531795305095
2015-05-02 11:30:00,5.0430320984235655
2015-05-02 11:45:00,5.831924175335341
2015-05-02 12:00:00,8.37195839861891
2015-05-02 12:15:00,8.399539842169103
2015-05-02 12:30:00,8.444402582806381
2015-05-02 12:45:00,8.405156570587607
2015-05-02 13:00:00,8.272836578159403
2015-05-02 13:15:00,7.179147325860273
2015-05-02 13:30:00,6.954374638372993
2015-05-02 13:45:00,6.70658128764015
2015-05-02 14:00:00,7.271710022024646
2015-05-02 14:15:00,2.221073031612333
2015-05-02 14:30:00,2.0969512623276483
2015-05-02 14:45:00,6.960081715842645
2015-05-02 15:00:00,6.333789181930992
2015-05-02 15:15:00,0.8271014851659607
2015-05-02 15:30:00,3.942892278920748
2015-05-02 15:45:00,2.592949887535117
2015-05-02 16:00:00,4.568436614709234
2015-05-02 16:15:00,3.811470768771623
2015-05-02 16:30:00,3.2936989426455168
2015-05-02 16:45:00,2.5364257838915614
2015-05-02 17:00:00,1.9587024824793489
2015-05-02 17:15:00,1.3269747513950092
2015-05-02 17:30:00,0.8648681776831344
2015-05-02 17:45:00,0.4808427174014683
2015-05-02 18:00:00,0.3882940398450191
2015-05-02 18:15:00,0.2191406883331028
2015-05-02 18:30:00,0.0603596953060634
2015-05-02 18:45:00,0.0
2015-05-02 19:00:00,0.0
2015-05-02 19:15:00,0.0
2015-05-02 19:30:00,0.0
2015-05-02 19:45:00,0.0
2015-05-02 20:00:00,0.0
2015-05-02 20:15:00,0.0
2015-05-02 20:30:00,0.0
2015-05-02 20:45:00,0.0
2015-05-02 21:00:00,0.0
2015-05-02 21:15:00,0.0
2015-05-02 21:30:00,0.0
2015-05-02 21:45:00,0.0
2015-05-02 22:00:00,0.0
2015-05-02 22:15:00,0.0
2015-05-02 22:30:00,0.0
2015-05-02 22:45:00,0.0
2015-05-02 23:00:00,0.0
2015-05-02 23:15:00,0.0
2015-05-02 23:30:00,0.0
2015-05-02 23:45:00,0.0
2015-05-03 00:00:00,0.0
2015-05-03 00:15:00,0.0
2015-05-03 00:30:00,0.0
2015-05-03 00:45:00,0.0
2015-05-03 01:00:00,0.0
2015-05-03 01:15:00,0.0
2015-05-03 01:30:00,0.0
2015-05-03 01:45:00,0.0
2015-05-03 02:00:00,0.0
2015-05-03 02:15:00,0.0
2015-05-03 02:30:00,0.0
2015-05-03 02:45:00,0.0
2015-05-03 03:00:00,0.0
2015-05-03 03:15:00,0.0
2015-05-03 03:30:00,0.0
2015-05-03 03:45:00,0.0
2015-05-03 04:00:00,0.0
2015-05-03 04:15:00,0.0
2015-05-03 04:30:00,0.0
2015-05-03 04:45:00,0.0
2015-05-03 05:00:00,0.0
2015-05-03 05:15:00,0.0
2015-05-03 05:30:00,0.0
2015-05-03 05:45:00,0.033143715794134
2015-05-03 06:00:00,0.1297280696887796
2015-05-03 06:15:00,0.2880684246965156
2015-05-03 06:30:00,0.5628549874080617
2015-05-03 06:45:00,1.0483497294067632
2015-05-03 07:00:00,1.442788235129106
2015-05-03 07:15:00,1.3335366919285716
2015-05-03 07:30:00,1.4199485443202795
2015-05-03 07:45:00,2.715932219459752
2015-05-03 08:00:00,3.3240013748137267
2015-05-03 08:15:00,4.019595943654423
2015-05-03 08:30:00,4.530420240402488
2015-05-03 08:45:00,3.358823906516747
2015-05-03 09:00:00,4.57939204449141
2015-05-03 09:15:00,5.7229380059438215
2015-05-03 09:30:00,6.246290698281914
2015-05-03 09:45:00,6.526612495501634
2015-05-03 10:00:00,7.03307814810676
2015-05-03 10:15:00,7.309906281117176
2015-05-03 10:30:00,7.6121505069335695
2015-05-03 10:45:00,7.947259359735401
2015-05-03 11:00:00,8.188318420939257
2015-05-03 11:15:00,8.279488785538964
2015-05-03 11:30:00,8.345169681254644
2015-05-03 11:45:00,8.407407229928088
2015-05-03 12:00:00,7.224266339831697
2015-05-03 12:15:00,5.528999939927523
2015-05-03 12:30:00,4.801273269779287
2015-05-03 12:45:00,9.031598336851111
2015-05-03 13:00:00,6.818761648246606
2015-05-03 13:15:00,2.824745186963363
2015-05-03 13:30:00,2.273834792952649
2015-05-03 13:45:00,4.4912735300782
2015-05-03 14:00:00,4.590009197850208
2015-05-03 14:15:00,2.53235509299041
2015-05-03 14:30:00,1.54850941243439
2015-05-03 14:45:00,1.0795858140526706
2015-05-03 15:00:00,0.5216635477745644
2015-05-03 15:15:00,0.5887176657967066
2015-05-03 15:30:00,0.8156679048696415
2015-05-03 15:45:00,0.772692330340914
2015-05-03 16:00:00,0.3865235201955289
2015-05-03 16:15:00,0.2520048026410136
2015-05-03 16:30:00,0.3079518433386788
2015-05-03 16:45:00,1.2263302604964847
2015-05-03 17:00:00,0.8188050591744106
2015-05-03 17:15:00,0.3399400196892732
2015-05-03 17:30:00,0.4697084905145335
2015-05-03 17:45:00,0.4608475936589111
2015-05-03 18:00:00,0.4004404537959841
2015-05-03 18:15:00,0.1863762835504432
2015-05-03 18:30:00,0.0943231016663408
2015-05-03 18:45:00,0.0
2015-05-03 19:00:00,0.0
2015-05-03 19:15:00,0.0
2015-05-03 19:30:00,0.0
2015-05-03 19:45:00,0.0
2015-05-03 20:00:00,0.0
2015-05-03 20:15:00,0.0
2015-05-03 20:30:00,0.0
2015-05-03 20:45:00,0.0
2015-05-03 21:00:00,0.0
2015-05-03 21:15:00,0.0
2015-05-03 21:30:00,0.0
2015-05-03 21:45:00,0.0
2015-05-03 22:00:00,0.0
2015-05-03 22:15:00,0.0
2015-05-03 22:30:00,0.0
2015-05-03 22:45:00,0.0
2015-05-03 23:00:00,0.0
2015-05-03 23:15:00,0.0
2015-05-03 23:30:00,0.0
2015-05-03 23:45:00,0.0
2015-05-04 00:00:00,0.0
2015-05-04 00:15:00,0.0
2015-05-04 00:30:00,0.0
2015-05-04 00:45:00,0.0
2015-05-04 01:00:00,0.0
2015-05-04 01:15:00,0.0
2015-05-04 01:30:00,0.0
2015-05-04 01:45:00,0.0
2015-05-04 02:00:00,0.0
2015-05-04 02:15:00,0.0
2015-05-04 02:30:00,0.0
2015-05-04 02:45:00,0.0
2015-05-04 03:00:00,0.0
2015-05-04 03:15:00,0.0
2015-05-04 03:30:00,0.0
2015-05-04 03:45:00,0.0
2015-05-04 04:00:00,0.0
2015-05-04 04:15:00,0.0
2015-05-04 04:30:00,0.0
2015-05-04 04:45:00,0.0
2015-05-04 05:00:00,0.0
2015-05-04 05:15:00,0.0
2015-05-04 05:30:00,0.0
2015-05-04 05:45:00,0.053099826095352
2015-05-04 06:00:00,0.0726459975974189
2015-05-04 06:15:00,0.2637355678165257
2015-05-04 06:30:00,0.386234540989585
2015-05-04 06:45:00,0.4657182708296931
2015-05-04 07:00:00,0.5670885241352058
2015-05-04 07:15:00,0.6560056277962218
2015-05-04 07:30:00,0.7012717633699154
2015-05-04 07:45:00,0.7099046638940871
2015-05-04 08:00:00,0.9508147224644512
2015-05-04 08:15:00,0.6815013241408129
2015-05-04 08:30:00,1.1622785686719324
2015-05-04 08:45:00,2.3385037431142663
2015-05-04 09:00:00,1.4044527230498776
2015-05-04 09:15:00,2.1257304117343008
2015-05-04 09:30:00,1.4522079709630895
2015-05-04 09:45:00,3.64774120260933
2015-05-04 10:00:00,3.675080654109892
2015-05-04 10:15:00,1.3776977226796494
2015-05-04 10:30:00,3.321407140292352
2015-05-04 10:45:00,2.982716423887633
2015-05-04 11:00:00,1.7829518470003174
2015-05-04 11:15:00,1.8595779223334925
2015-05-04 11:30:00,2.1656837226626884
2015-05-04 11:45:00,1.436824471905247
2015-05-04 12:00:00,1.478472755253756
2015-05-04 12:15:00,2.8919748281919504
2015-05-04 12:30:00,2.8094566595063344
2015-05-04 12:45:00,5.52813603518699
2015-05-04 13:00:00,2.527166189570414
2015-05-04 13:15:00,4.700648735784876
2015-05-04 13:30:00,4.269584905909236
2015-05-04 13:45:00,4.3043399570278025
2015-05-04 14:00:00,1.9254193575281169
2015-05-04 14:15:00,3.134004337341315
2015-05-04 14:30:00,3.081967078872377
2015-05-04 14:45:00,3.082842622306128
2015-05-04 15:00:00,2.874119562083872
2015-05-04 15:15:00,1.736145390684513
2015-05-04 15:30:00,2.439038584111166
2015-05-04 15:45:00,1.9823894310848569
2015-05-04 16:00:00,2.838991312326635
2015-05-04 16:15:00,2.93180723368311
2015-05-04 16:30:00,3.3056115220615525
2015-05-04 16:45:00,2.0135722804866982
2015-05-04 17:00:00,1.5265185779480168
2015-05-04 17:15:00,1.2150860679208575
2015-05-04 17:30:00,0.8525254533416877
2015-05-04 17:45:00,0.4708451126612228
2015-05-04 18:00:00,0.4354060043306179
2015-05-04 18:15:00,0.2242445872457828
2015-05-04 18:30:00,0.108157138544191
2015-05-04 18:45:00,0.0
2015-05-04 19:00:00,0.0
2015-05-04 19:15:00,0.0
2015-05-04 19:30:00,0.0
2015-05-04 19:45:00,0.0
2015-05-04 20:00:00,0.0
2015-05-04 20:15:00,0.0
2015-05-04 20:30:00,0.0
2015-05-04 20:45:00,0.0
2015-05-04 21:00:00,0.0
2015-05-04 21:15:00,0.0
2015-05-04 21:30:00,0.0
2015-05-04 21:45:00,0.0
2015-05-04 22:00:00,0.0
2015-05-04 22:15:00,0.0
2015-05-04 22:30:00,0.0
2015-05-04 22:45:00,0.0
2015-05-04 23:00:00,0.0
2015-05-04 23:15:00,0.0
2015-05-04 23:30:00,0.0
2015-05-04 23:45:00,0.0
2015-05-05 00:00:00,0.0
2015-05-05 00:15:00,0.0
2015-05-05 00:30:00,0.0
2015-05-05 00:45:00,0.0
2015-05-05 01:00:00,0.0
2015-05-05 01:15:00,0.0
2015-05-05 01:30:00,0.0
2015-05-05 01:45:00,0.0
2015-05-05 02:00:00,0.0
2015-05-05 02:15:00,0.0
2015-05-05 02:30:00,0.0
2015-05-05 02:45:00,0.0
2015-05-05 03:00:00,0.0
2015-05-05 03:15:00,0.0
2015-05-05 03:30:00,0.0
2015-05-05 03:45:00,0.0
2015-05-05 04:00:00,0.0
2015-05-05 04:15:00,0.0
2015-05-05 04:30:00,0.0
2015-05-05 04:45:00,0.0
2015-05-05 05:00:00,0.0
2015-05-05 05:15:00,0.0
2015-05-05 05:30:00,0.0225748389433851
2015-05-05 05:45:00,0.2040296818711439
2015-05-05 06:00:00,0.4639872020000688
2015-05-05 06:15:00,0.7137034842615158
2015-05-05 06:30:00,0.4606614744912248
2015-05-05 06:45:00,0.4854407259069082
2015-05-05 07:00:00,0.4774013953094306
2015-05-05 07:15:00,0.4991765787320004
2015-05-05 07:30:00,0.6235015595507025
2015-05-05 07:45:00,0.9101819350054822
2015-05-05 08:00:00,1.3573243459883708
2015-05-05 08:15:00,1.988004002399916
2015-05-05 08:30:00,1.986681928709706
2015-05-05 08:45:00,2.072634440589647
2015-05-05 09:00:00,1.6328928852803966
2015-05-05 09:15:00,1.620386224162769
2015-05-05 09:30:00,3.535790401926078
2015-05-05 09:45:00,4.849045634607689
2015-05-05 10:00:00,7.571457196166452
2015-05-05 10:15:00,7.775977953230615
2015-05-05 10:30:00,8.022690186810555
2015-05-05 10:45:00,8.238088172893544
2015-05-05 11:00:00,8.506881316815438
2015-05-05 11:15:00,8.736781802670318
2015-05-05 11:30:00,8.742764109096806
2015-05-05 11:45:00,8.892048039357936
2015-05-05 12:00:00,9.006411302228019
2015-05-05 12:15:00,9.032730549777574
2015-05-05 12:30:00,9.069755334289512
2015-05-05 12:45:00,8.948484242175606
2015-05-05 13:00:00,9.093388858999877
2015-05-05 13:15:00,8.961294541741172
2015-05-05 13:30:00,7.633543536528002
2015-05-05 13:45:00,6.340948932413639
2015-05-05 14:00:00,7.067419525129834
2015-05-05 14:15:00,5.71127556982939
2015-05-05 14:30:00,8.017669627096794
2015-05-05 14:45:00,4.912203129507621
2015-05-05 15:00:00,6.363834357052505
2015-05-05 15:15:00,6.580756643949874
2015-05-05 15:30:00,4.780434779712713
2015-05-05 15:45:00,3.98875407004059
2015-05-05 16:00:00,3.118163606218335
2015-05-05 16:15:00,4.827887172664052
2015-05-05 16:30:00,3.3971513157698907
2015-05-05 16:45:00,2.4754568882291723
2015-05-05 17:00:00,1.5247514208335633
2015-05-05 17:15:00,1.56475243879314
2015-05-05 17:30:00,1.0467038858386422
2015-05-05 17:45:00,1.0973067837239283
2015-05-05 18:00:00,0.5510447694121297
2015-05-05 18:15:00,0.3869862553639149
2015-05-05 18:30:00,0.0639760614794759
2015-05-05 18:45:00,0.0
2015-05-05 19:00:00,0.0
2015-05-05 19:15:00,0.0
2015-05-05 19:30:00,0.0
2015-05-05 19:45:00,0.0
2015-05-05 20:00:00,0.0
2015-05-05 20:15:00,0.0
2015-05-05 20:30:00,0.0
2015-05-05 20:45:00,0.0
2015-05-05 21:00:00,0.0
2015-05-05 21:15:00,0.0
2015-05-05 21:30:00,0.0
2015-05-05 21:45:00,0.0
2015-05-05 22:00:00,0.0
2015-05-05 22:15:00,0.0
2015-05-05 22:30:00,0.0
2015-05-05 22:45:00,0.0
2015-05-05 23:00:00,0.0
2015-05-05 23:15:00,0.0
2015-05-05 23:30:00,0.0
2015-05-05 23:45:00,0.0
2015-05-06 00:00:00,0.0
2015-05-06 00:15:00,0.0
2015-05-06 00:30:00,0.0
2015-05-06 00:45:00,0.0
2015-05-06 01:00:00,0.0
2015-05-06 01:15:00,0.0
2015-05-06 01:30:00,0.0
2015-05-06 01:45:00,0.0
2015-05-06 02:00:00,0.0
2015-05-06 02:15:00,0.0
2015-05-06 02:30:00,0.0
2015-05-06 02:45:00,0.0
2015-05-06 03:00:00,0.0
2015-05-06 03:15:00,0.0
2015-05-06 03:30:00,0.0
2015-05-06 03:45:00,0.0
2015-05-06 04:00:00,0.0
2015-05-06 04:15:00,0.0
2015-05-06 04:30:00,0.0
2015-05-06 04:45:00,0.0
2015-05-06 05:00:00,0.0
2015-05-06 05:15:00,0.0
2015-05-06 05:30:00,0.0351942084704513
2015-05-06 05:45:00,0.2071947180729883
2015-05-06 06:00:00,0.4804552092583342
2015-05-06 06:15:00,0.8266482964166738
2015-05-06 06:30:00,1.2466289407178135
2015-05-06 06:45:00,1.6963360418236186
2015-05-06 07:00:00,2.1755334218735416
2015-05-06 07:15:00,2.654528061692245
2015-05-06 07:30:00,3.145020829963598
2015-05-06 07:45:00,3.665547830511996
2015-05-06 08:00:00,4.154170702925568
2015-05-06 08:15:00,4.6381514515332265
2015-05-06 08:30:00,5.132839335517854
2015-05-06 08:45:00,5.569004814398192
2015-05-06 09:00:00,6.025804770352601
2015-05-06 09:15:00,6.429533294075812
2015-05-06 09:30:00,6.754133952787433
2015-05-06 09:45:00,6.9381855429816905
2015-05-06 10:00:00,7.467666437008448
2015-05-06 10:15:00,7.789895994454323
2015-05-06 10:30:00,7.990381726329318
2015-05-06 10:45:00,8.274693604771832
2015-05-06 11:00:00,8.386717442396408
2015-05-06 11:15:00,8.55027215693218
2015-05-06 11:30:00,8.723911391469757
2015-05-06 11:45:00,8.814936120208614
2015-05-06 12:00:00,8.974587057703205
2015-05-06 12:15:00,8.974987525692054
2015-05-06 12:30:00,8.940858238392094
2015-05-06 12:45:00,8.82870591096105
2015-05-06 13:00:00,8.790227276890398
2015-05-06 13:15:00,8.763933228177956
2015-05-06 13:30:00,8.606217633558304
2015-05-06 13:45:00,8.38124259572426
2015-05-06 14:00:00,8.11549848907887
2015-05-06 14:15:00,7.844904109616936
2015-05-06 14:30:00,7.515371113096228
2015-05-06 14:45:00,7.140324312403519
2015-05-06 15:00:00,6.80313979352342
2015-05-06 15:15:00,6.254526178067741
2015-05-06 15:30:00,5.740786984914028
2015-05-06 15:45:00,4.988800052405839
2015-05-06 16:00:00,4.37504950636071
2015-05-06 16:15:00,4.223327115004533
2015-05-06 16:30:00,2.444145839604569
2015-05-06 16:45:00,1.2226336634278532
2015-05-06 17:00:00,1.2070634529054056
2015-05-06 17:15:00,1.2284287860330994
2015-05-06 17:30:00,1.3795728166997023
2015-05-06 17:45:00,1.0418585234688933
2015-05-06 18:00:00,0.6687135159929287
2015-05-06 18:15:00,0.3258608217821316
2015-05-06 18:30:00,0.0786817842246798
2015-05-06 18:45:00,0.0
2015-05-06 19:00:00,0.0
2015-05-06 19:15:00,0.0
2015-05-06 19:30:00,0.0
2015-05-06 19:45:00,0.0
2015-05-06 20:00:00,0.0
2015-05-06 20:15:00,0.0
2015-05-06 20:30:00,0.0
2015-05-06 20:45:00,0.0
2015-05-06 21:00:00,0.0
2015-05-06 21:15:00,0.0
2015-05-06 21:30:00,0.0
2015-05-06 21:45:00,0.0
2015-05-06 22:00:00,0.0
2015-05-06 22:15:00,0.0
2015-05-06 22:30:00,0.0
2015-05-06 22:45:00,0.0
2015-05-06 23:00:00,0.0
2015-05-06 23:15:00,0.0
2015-05-06 23:30:00,0.0
2015-05-06 23:45:00,0.0
2015-05-07 00:00:00,0.0
2015-05-07 00:15:00,0.0
2015-05-07 00:30:00,0.0
2015-05-07 00:45:00,0.0
2015-05-07 01:00:00,0.0
2015-05-07 01:15:00,0.0
2015-05-07 01:30:00,0.0
2015-05-07 01:45:00,0.0
2015-05-07 02:00:00,0.0
2015-05-07 02:15:00,0.0
2015-05-07 02:30:00,0.0
2015-05-07 02:45:00,0.0
2015-05-07 03:00:00,0.0
2015-05-07 03:15:00,0.0
2015-05-07 03:30:00,0.0
2015-05-07 03:45:00,0.0
2015-05-07 04:00:00,0.0
2015-05-07 04:15:00,0.0
2015-05-07 04:30:00,0.0
2015-05-07 04:45:00,0.0
2015-05-07 05:00:00,0.0
2015-05-07 05:15:00,0.0
2015-05-07 05:30:00,0.0055051919471993
2015-05-07 05:45:00,0.1012293090880145
2015-05-07 06:00:00,0.2062369562644753
2015-05-07 06:15:00,0.3569300186835801
2015-05-07 06:30:00,0.5965253153949025
2015-05-07 06:45:00,1.127800154805625
2015-05-07 07:00:00,1.1334662929118986
2015-05-07 07:15:00,1.276772099772373
2015-05-07 07:30:00,1.8624884292367192
2015-05-07 07:45:00,2.8533684292603043
2015-05-07 08:00:00,3.533428496308859
2015-05-07 08:15:00,3.655157040959769
2015-05-07 08:30:00,3.925876732991726
2015-05-07 08:45:00,5.397277083455228
2015-05-07 09:00:00,5.375802259982221
2015-05-07 09:15:00,5.79078835147607
2015-05-07 09:30:00,6.815899514642734
2015-05-07 09:45:00,6.273752364871052
2015-05-07 10:00:00,6.285160598841162
2015-05-07 10:15:00,6.362469130407913
2015-05-07 10:30:00,7.589384847794193
2015-05-07 10:45:00,7.498650210973748
2015-05-07 11:00:00,7.734248635256503
2015-05-07 11:15:00,7.37157873540999
2015-05-07 11:30:00,8.140642614025243
2015-05-07 11:45:00,8.879970373480417
2015-05-07 12:00:00,8.898257623194459
2015-05-07 12:15:00,8.96814358149955
2015-05-07 12:30:00,9.001483473141741
2015-05-07 12:45:00,9.307262907465988
2015-05-07 13:00:00,8.58074532816648
2015-05-07 13:15:00,8.996737783075277
2015-05-07 13:30:00,8.367159661561441
2015-05-07 13:45:00,8.321302916853577
2015-05-07 14:00:00,7.721924463698898
2015-05-07 14:15:00,7.776843056185744
2015-05-07 14:30:00,7.498578676278511
2015-05-07 14:45:00,7.02419054992646
2015-05-07 15:00:00,6.88914717546912
2015-05-07 15:15:00,6.281215781764078
2015-05-07 15:30:00,5.84688031865692
2015-05-07 15:45:00,4.8533994680037145
2015-05-07 16:00:00,3.3555527969612475
2015-05-07 16:15:00,3.638788487834424
2015-05-07 16:30:00,3.246923218247492
2015-05-07 16:45:00,2.82687733849213
2015-05-07 17:00:00,2.1259729685647404
2015-05-07 17:15:00,1.6761150097937256
2015-05-07 17:30:00,1.1060046922474742
2015-05-07 17:45:00,0.9594724847107102
2015-05-07 18:00:00,1.1640106416576792
2015-05-07 18:15:00,0.4813370258680338
2015-05-07 18:30:00,0.0
2015-05-07 18:45:00,0.0
2015-05-07 19:00:00,0.0
2015-05-07 19:15:00,0.0
2015-05-07 19:30:00,0.0
2015-05-07 19:45:00,0.0
2015-05-07 20:00:00,0.0
2015-05-07 20:15:00,0.0
2015-05-07 20:30:00,0.0
2015-05-07 20:45:00,0.0
2015-05-07 21:00:00,0.0
2015-05-07 21:15:00,0.0
2015-05-07 21:30:00,0.0
2015-05-07 21:45:00,0.0
2015-05-07 22:00:00,0.0
2015-05-07 22:15:00,0.0
2015-05-07 22:30:00,0.0
2015-05-07 22:45:00,0.0
2015-05-07 23:00:00,0.0
2015-05-07 23:15:00,0.0
2015-05-07 23:30:00,0.0
2015-05-07 23:45:00,0.0
2015-05-08 00:00:00,0.0
2015-05-08 00:15:00,0.0
2015-05-08 00:30:00,0.0
2015-05-08 00:45:00,0.0
2015-05-08 01:00:00,0.0
2015-05-08 01:15:00,0.0
2015-05-08 01:30:00,0.0
2015-05-08 01:45:00,0.0
2015-05-08 02:00:00,0.0
2015-05-08 02:15:00,0.0
2015-05-08 02:30:00,0.0
2015-05-08 02:45:00,0.0
2015-05-08 03:00:00,0.0
2015-05-08 03:15:00,0.0
2015-05-08 03:30:00,0.0
2015-05-08 03:45:00,0.0
2015-05-08 04:00:00,0.0
2015-05-08 04:15:00,0.0
2015-05-08 04:30:00,0.0
2015-05-08 04:45:00,0.0
2015-05-08 05:00:00,0.0
2015-05-08 05:15:00,0.0
2015-05-08 05:30:00,0.0080993800995205
2015-05-08 05:45:00,0.1063076042116788
2015-05-08 06:00:00,0.2119962595786773
2015-05-08 06:15:00,0.3159424939556411
2015-05-08 06:30:00,1.2541585598955511
2015-05-08 06:45:00,1.698946298939745
2015-05-08 07:00:00,2.12909015699326
2015-05-08 07:15:00,2.626759707348416
2015-05-08 07:30:00,2.5826118000638667
2015-05-08 07:45:00,1.97650553391629
2015-05-08 08:00:00,2.032119631531464
2015-05-08 08:15:00,2.434006857617701
2015-05-08 08:30:00,2.4512010567382143
2015-05-08 08:45:00,2.911445590036399
2015-05-08 09:00:00,3.075432061397468
2015-05-08 09:15:00,5.368666771721901
2015-05-08 09:30:00,6.900837130012763
2015-05-08 09:45:00,6.83413812666747
2015-05-08 10:00:00,7.329368827583264
2015-05-08 10:15:00,7.604956243936996
2015-05-08 10:30:00,7.891295390798755
2015-05-08 10:45:00,6.611774888719916
2015-05-08 11:00:00,6.379480421525244
2015-05-08 11:15:00,7.6941844946959055
2015-05-08 11:30:00,6.083880034742325
2015-05-08 11:45:00,8.154973264800313
2015-05-08 12:00:00,9.234722234929118
2015-05-08 12:15:00,4.705633564451076
2015-05-08 12:30:00,4.316251018969553
2015-05-08 12:45:00,5.520085525091015
2015-05-08 13:00:00,7.825347653427566
2015-05-08 13:15:00,2.929556498231781
2015-05-08 13:30:00,1.9841873556711085
2015-05-08 13:45:00,4.711056600571613
2015-05-08 14:00:00,2.313299589450528
2015-05-08 14:15:00,3.4005193848319304
2015-05-08 14:30:00,4.112785128470397
2015-05-08 14:45:00,1.341091607477351
2015-05-08 15:00:00,2.879132124638868
2015-05-08 15:15:00,1.6417546677720647
2015-05-08 15:30:00,3.74092005225048
2015-05-08 15:45:00,1.0508717509530665
2015-05-08 16:00:00,1.3317262676448731
2015-05-08 16:15:00,2.227651191911876
2015-05-08 16:30:00,2.6470260436809143
2015-05-08 16:45:00,2.8621553764388703
2015-05-08 17:00:00,1.318904352088333
2015-05-08 17:15:00,0.9950436906387484
2015-05-08 17:30:00,0.699904438667987
2015-05-08 17:45:00,0.6180499907861732
2015-05-08 18:00:00,0.4774571640089514
2015-05-08 18:15:00,0.3214510996246552
2015-05-08 18:30:00,0.0
2015-05-08 18:45:00,0.0
2015-05-08 19:00:00,0.0
2015-05-08 19:15:00,0.0
2015-05-08 19:30:00,0.0
2015-05-08 19:45:00,0.0
2015-05-08 20:00:00,0.0
2015-05-08 20:15:00,0.0
2015-05-08 20:30:00,0.0
2015-05-08 20:45:00,0.0
2015-05-08 21:00:00,0.0
2015-05-08 21:15:00,0.0
2015-05-08 21:30:00,0.0
2015-05-08 21:45:00,0.0
2015-05-08 22:00:00,0.0
2015-05-08 22:15:00,0.0
2015-05-08 22:30:00,0.0
2015-05-08 22:45:00,0.0
2015-05-08 23:00:00,0.0
2015-05-08 23:15:00,0.0
2015-05-08 23:30:00,0.0
2015-05-08 23:45:00,0.0
2015-05-09 00:00:00,0.0
2015-05-09 00:15:00,0.0
2015-05-09 00:30:00,0.0
2015-05-09 00:45:00,0.0
2015-05-09 01:00:00,0.0
2015-05-09 01:15:00,0.0
2015-05-09 01:30:00,0.0
2015-05-09 01:45:00,0.0
2015-05-09 02:00:00,0.0
2015-05-09 02:15:00,0.0
2015-05-09 02:30:00,0.0
2015-05-09 02:45:00,0.0
2015-05-09 03:00:00,0.0
2015-05-09 03:15:00,0.0
2015-05-09 03:30:00,0.0
2015-05-09 03:45:00,0.0
2015-05-09 04:00:00,0.0
2015-05-09 04:15:00,0.0
2015-05-09 04:30:00,0.0
2015-05-09 04:45:00,0.0
2015-05-09 05:00:00,0.0
2015-05-09 05:15:00,0.0
2015-05-09 05:30:00,0.0092756501410907
2015-05-09 05:45:00,0.0583913903780708
2015-05-09 06:00:00,0.1291530099075622
2015-05-09 06:15:00,0.3461696647564597
2015-05-09 06:30:00,0.6089598311339892
2015-05-09 06:45:00,0.5849144608995613
2015-05-09 07:00:00,1.1362149187070107
2015-05-09 07:15:00,2.7335768676857666
2015-05-09 07:30:00,3.1654034035875216
2015-05-09 07:45:00,3.662512582181167
2015-05-09 08:00:00,2.364470877380464
2015-05-09 08:15:00,3.806575508855207
2015-05-09 08:30:00,5.023579958399632
2015-05-09 08:45:00,5.439178419484756
2015-05-09 09:00:00,5.836555134046401
2015-05-09 09:15:00,6.211288698008403
2015-05-09 09:30:00,6.64849772903584
2015-05-09 09:45:00,6.847920483438739
2015-05-09 10:00:00,6.594744462691656
2015-05-09 10:15:00,3.1356415394411963
2015-05-09 10:30:00,2.78287074341309
2015-05-09 10:45:00,3.210479119408217
2015-05-09 11:00:00,5.627408687365498
2015-05-09 11:15:00,8.688606040858996
2015-05-09 11:30:00,8.364182701859132
2015-05-09 11:45:00,8.366552251205439
2015-05-09 12:00:00,8.858017695609337
2015-05-09 12:15:00,4.543531312161729
2015-05-09 12:30:00,8.612756686200203
2015-05-09 12:45:00,6.117416346946031
2015-05-09 13:00:00,9.77469215762436
2015-05-09 13:15:00,8.987842194870185
2015-05-09 13:30:00,8.824377652309023
2015-05-09 13:45:00,6.607476185046095
2015-05-09 14:00:00,7.816873979035225
2015-05-09 14:15:00,4.728601760278365
2015-05-09 14:30:00,6.071545781731779
2015-05-09 14:45:00,4.445250988304203
2015-05-09 15:00:00,5.191163308128424
2015-05-09 15:15:00,4.478993941751403
2015-05-09 15:30:00,6.473168880082848
2015-05-09 15:45:00,5.006000931385175
2015-05-09 16:00:00,2.4886028046470967
2015-05-09 16:15:00,2.3048675076263767
2015-05-09 16:30:00,1.2311480230110954
2015-05-09 16:45:00,1.6593985415629795
2015-05-09 17:00:00,2.0969200952120777
2015-05-09 17:15:00,1.2369305021033
2015-05-09 17:30:00,0.8346656194447036
2015-05-09 17:45:00,0.5859286991734868
2015-05-09 18:00:00,0.7205214731180773
2015-05-09 18:15:00,0.3752933499496818
2015-05-09 18:30:00,0.071151958371713
2015-05-09 18:45:00,0.0
2015-05-09 19:00:00,0.0
2015-05-09 19:15:00,0.0
2015-05-09 19:30:00,0.0
2015-05-09 19:45:00,0.0
2015-05-09 20:00:00,0.0
2015-05-09 20:15:00,0.0
2015-05-09 20:30:00,0.0
2015-05-09 20:45:00,0.0
2015-05-09 21:00:00,0.0
2015-05-09 21:15:00,0.0
2015-05-09 21:30:00,0.0
2015-05-09 21:45:00,0.0
2015-05-09 22:00:00,0.0
2015-05-09 22:15:00,0.0
2015-05-09 22:30:00,0.0
2015-05-09 22:45:00,0.0
2015-05-09 23:00:00,0.0
2015-05-09 23:15:00,0.0
2015-05-09 23:30:00,0.0
2015-05-09 23:45:00,0.0
2015-05-10 00:00:00,0.0
2015-05-10 00:15:00,0.0
2015-05-10 00:30:00,0.0
2015-05-10 00:45:00,0.0
2015-05-10 01:00:00,0.0
2015-05-10 01:15:00,0.0
2015-05-10 01:30:00,0.0
2015-05-10 01:45:00,0.0
2015-05-10 02:00:00,0.0
2015-05-10 02:15:00,0.0
2015-05-10 02:30:00,0.0
2015-05-10 02:45:00,0.0
2015-05-10 03:00:00,0.0
2015-05-10 03:15:00,0.0
2015-05-10 03:30:00,0.0
2015-05-10 03:45:00,0.0
2015-05-10 04:00:00,0.0
2015-05-10 04:15:00,0.0
2015-05-10 04:30:00,0.0
2015-05-10 04:45:00,0.0
2015-05-10 05:00:00,0.0
2015-05-10 05:15:00,0.0
2015-05-10 05:30:00,0.0420783259987205
2015-05-10 05:45:00,0.1851158093623066
2015-05-10 06:00:00,0.3147141881845599
2015-05-10 06:15:00,0.6613279419209018
2015-05-10 06:30:00,1.0582601601619763
2015-05-10 06:45:00,1.6224598395438865
2015-05-10 07:00:00,2.004384306409864
2015-05-10 07:15:00,1.583098192409218
2015-05-10 07:30:00,1.7269588330158223
2015-05-10 07:45:00,2.8530183174607395
2015-05-10 08:00:00,3.801537971289326
2015-05-10 08:15:00,4.330487370719992
2015-05-10 08:30:00,3.669580469557641
2015-05-10 08:45:00,4.890533048588681
2015-05-10 09:00:00,3.588929466132024
2015-05-10 09:15:00,4.894598322206874
2015-05-10 09:30:00,3.107350282301743
2015-05-10 09:45:00,3.08362757475822
2015-05-10 10:00:00,3.398357329074972
2015-05-10 10:15:00,3.373913615550776
2015-05-10 10:30:00,3.06608215799314
2015-05-10 10:45:00,3.661065782284772
2015-05-10 11:00:00,3.0800687832657387
2015-05-10 11:15:00,4.822889247061019
2015-05-10 11:30:00,3.6170260350873487
2015-05-10 11:45:00,3.2306286781105102
2015-05-10 12:00:00,3.017015614220419
2015-05-10 12:15:00,2.583742148510498
2015-05-10 12:30:00,2.687463133685221
2015-05-10 12:45:00,3.796118872717269
2015-05-10 13:00:00,2.517964128005328
2015-05-10 13:15:00,2.065685674391993
2015-05-10 13:30:00,3.011329390584426
2015-05-10 13:45:00,2.6291598672565764
2015-05-10 14:00:00,2.7984515785276547
2015-05-10 14:15:00,3.736097557580388
2015-05-10 14:30:00,4.495689399727721
2015-05-10 14:45:00,4.349712240325328
2015-05-10 15:00:00,6.091683291846141
2015-05-10 15:15:00,5.879904743420954
2015-05-10 15:30:00,5.400139651834168
2015-05-10 15:45:00,5.002978088099858
2015-05-10 16:00:00,4.7499567640572735
2015-05-10 16:15:00,4.587785939821479
2015-05-10 16:30:00,2.516253468861235
2015-05-10 16:45:00,1.5279031564550145
2015-05-10 17:00:00,1.5507162589249823
2015-05-10 17:15:00,1.017246446918865
2015-05-10 17:30:00,1.437941569414941
2015-05-10 17:45:00,1.0577178872710933
2015-05-10 18:00:00,0.8328793601135775
2015-05-10 18:15:00,0.6011143922489897
2015-05-10 18:30:00,0.0805810873076353
2015-05-10 18:45:00,0.0
2015-05-10 19:00:00,0.0
2015-05-10 19:15:00,0.0
2015-05-10 19:30:00,0.0
2015-05-10 19:45:00,0.0
2015-05-10 20:00:00,0.0
2015-05-10 20:15:00,0.0
2015-05-10 20:30:00,0.0
2015-05-10 20:45:00,0.0
2015-05-10 21:00:00,0.0
2015-05-10 21:15:00,0.0
2015-05-10 21:30:00,0.0
2015-05-10 21:45:00,0.0
2015-05-10 22:00:00,0.0
2015-05-10 22:15:00,0.0
2015-05-10 22:30:00,0.0
2015-05-10 22:45:00,0.0
2015-05-10 23:00:00,0.0
2015-05-10 23:15:00,0.0
2015-05-10 23:30:00,0.0
2015-05-10 23:45:00,0.0
2015-05-11 00:00:00,0.0
2015-05-11 00:15:00,0.0
2015-05-11 00:30:00,0.0
2015-05-11 00:45:00,0.0
2015-05-11 01:00:00,0.0
2015-05-11 01:15:00,0.0
2015-05-11 01:30:00,0.0
2015-05-11 01:45:00,0.0
2015-05-11 02:00:00,0.0
2015-05-11 02:15:00,0.0
2015-05-11 02:30:00,0.0
2015-05-11 02:45:00,0.0
2015-05-11 03:00:00,0.0
2015-05-11 03:15:00,0.0
2015-05-11 03:30:00,0.0
2015-05-11 03:45:00,0.0
2015-05-11 04:00:00,0.0
2015-05-11 04:15:00,0.0
2015-05-11 04:30:00,0.0
2015-05-11 04:45:00,0.0
2015-05-11 05:00:00,0.0
2015-05-11 05:15:00,0.0
2015-05-11 05:30:00,0.130331048086243
2015-05-11 05:45:00,0.1718015380271722
2015-05-11 06:00:00,0.2527827745255867
2015-05-11 06:15:00,0.4168672070594728
2015-05-11 06:30:00,0.6270723928590617
2015-05-11 06:45:00,0.8224591608036449
2015-05-11 07:00:00,1.0340419460590973
2015-05-11 07:15:00,1.2780958890300087
2015-05-11 07:30:00,1.7487784899451648
2015-05-11 07:45:00,1.6428562441546308
2015-05-11 08:00:00,1.4063760337449125
2015-05-11 08:15:00,1.4146571555888976
2015-05-11 08:30:00,1.4119036756393726
2015-05-11 08:45:00,4.752919588633708
2015-05-11 09:00:00,5.8574056547437605
2015-05-11 09:15:00,5.794354330916864
2015-05-11 09:30:00,6.369060583374536
2015-05-11 09:45:00,6.746487870181355
2015-05-11 10:00:00,7.27300479481962
2015-05-11 10:15:00,7.452324225855579
2015-05-11 10:30:00,6.404047460838687
2015-05-11 10:45:00,5.589014766238364
2015-05-11 11:00:00,5.853168536590065
2015-05-11 11:15:00,4.853532059401754
2015-05-11 11:30:00,5.251736650319208
2015-05-11 11:45:00,8.061518680895253
2015-05-11 12:00:00,7.831038243702063
2015-05-11 12:15:00,8.508212049850806
2015-05-11 12:30:00,8.796983304133146
2015-05-11 12:45:00,8.643248859104812
2015-05-11 13:00:00,8.565698583212404
2015-05-11 13:15:00,8.52700981266809
2015-05-11 13:30:00,8.399537301682772
2015-05-11 13:45:00,8.220817645236341
2015-05-11 14:00:00,8.016662661947231
2015-05-11 14:15:00,7.716444803565359
2015-05-11 14:30:00,7.327752123637536
2015-05-11 14:45:00,6.985090906578345
2015-05-11 15:00:00,6.877985128317797
2015-05-11 15:15:00,5.540615293962098
2015-05-11 15:30:00,6.080021088099112
2015-05-11 15:45:00,5.569097919816327
2015-05-11 16:00:00,4.530675097563962
2015-05-11 16:15:00,3.084330325117459
2015-05-11 16:30:00,3.585186856397561
2015-05-11 16:45:00,2.5052375193855614
2015-05-11 17:00:00,2.0889345884285864
2015-05-11 17:15:00,1.3332188425597344
2015-05-11 17:30:00,0.9028841111459662
2015-05-11 17:45:00,0.9536787206062508
2015-05-11 18:00:00,0.556970343357421
2015-05-11 18:15:00,0.4104119698547159
2015-05-11 18:30:00,0.24468177196174
2015-05-11 18:45:00,0.0539298345467407
2015-05-11 19:00:00,0.0
2015-05-11 19:15:00,0.0
2015-05-11 19:30:00,0.0
2015-05-11 19:45:00,0.0
2015-05-11 20:00:00,0.0
2015-05-11 20:15:00,0.0
2015-05-11 20:30:00,0.0
2015-05-11 20:45:00,0.0
2015-05-11 21:00:00,0.0
2015-05-11 21:15:00,0.0
2015-05-11 21:30:00,0.0
2015-05-11 21:45:00,0.0
2015-05-11 22:00:00,0.0
2015-05-11 22:15:00,0.0
2015-05-11 22:30:00,0.0
2015-05-11 22:45:00,0.0
2015-05-11 23:00:00,0.0
2015-05-11 23:15:00,0.0
2015-05-11 23:30:00,0.0
2015-05-11 23:45:00,0.0
2015-05-12 00:00:00,0.0
2015-05-12 00:15:00,0.0
2015-05-12 00:30:00,0.0
2015-05-12 00:45:00,0.0
2015-05-12 01:00:00,0.0
2015-05-12 01:15:00,0.0
2015-05-12 01:30:00,0.0
2015-05-12 01:45:00,0.0
2015-05-12 02:00:00,0.0
2015-05-12 02:15:00,0.0
2015-05-12 02:30:00,0.0
2015-05-12 02:45:00,0.0
2015-05-12 03:00:00,0.0
2015-05-12 03:15:00,0.0
2015-05-12 03:30:00,0.0
2015-05-12 03:45:00,0.0
2015-05-12 04:00:00,0.0
2015-05-12 04:15:00,0.0
2015-05-12 04:30:00,0.0
2015-05-12 04:45:00,0.0
2015-05-12 05:00:00,0.0
2015-05-12 05:15:00,0.0
2015-05-12 05:30:00,0.1308131321844804
2015-05-12 05:45:00,0.3368594038810448
2015-05-12 06:00:00,0.6246823946335102
2015-05-12 06:15:00,0.9748546374935234
2015-05-12 06:30:00,1.393212462521198
2015-05-12 06:45:00,1.8571934010487927
2015-05-12 07:00:00,2.337116020660858
2015-05-12 07:15:00,2.799701285979072
2015-05-12 07:30:00,3.315531513409184
2015-05-12 07:45:00,3.730788590541585
2015-05-12 08:00:00,4.221753181156879
2015-05-12 08:15:00,4.707827753844263
2015-05-12 08:30:00,5.136718570097207
2015-05-12 08:45:00,5.563365113383219
2015-05-12 09:00:00,5.96549260526748
2015-05-12 09:15:00,6.368840975428609
2015-05-12 09:30:00,6.690935990693085
2015-05-12 09:45:00,6.810542014944138
2015-05-12 10:00:00,7.30487213065268
2015-05-12 10:15:00,7.601148094867328
2015-05-12 10:30:00,7.787934064444538
2015-05-12 10:45:00,7.990670945986267
2015-05-12 11:00:00,8.186934931041119
2015-05-12 11:15:00,8.367122261463246
2015-05-12 11:30:00,8.712632972269947
2015-05-12 11:45:00,9.112237623772522
2015-05-12 12:00:00,9.379036901336574
2015-05-12 12:15:00,9.33157554955038
2015-05-12 12:30:00,3.9915199396394576
2015-05-12 12:45:00,6.68889456805903
2015-05-12 13:00:00,6.5516763815294725
2015-05-12 13:15:00,6.20281420104426
2015-05-12 13:30:00,6.274573039573163
2015-05-12 13:45:00,5.578625507753025
2015-05-12 14:00:00,8.341737318522396
2015-05-12 14:15:00,7.977971745195735
2015-05-12 14:30:00,8.19797380077852
2015-05-12 14:45:00,5.963736082459519
2015-05-12 15:00:00,3.613610305130498
2015-05-12 15:15:00,6.077714208054329
2015-05-12 15:30:00,4.591748576158258
2015-05-12 15:45:00,4.885455325963756
2015-05-12 16:00:00,4.990135456753941
2015-05-12 16:15:00,3.9567826908240535
2015-05-12 16:30:00,1.6654912155189945
2015-05-12 16:45:00,3.048981380790931
2015-05-12 17:00:00,2.031767479094246
2015-05-12 17:15:00,0.9719857343799796
2015-05-12 17:30:00,1.2111574130673557
2015-05-12 17:45:00,0.8736039459321547
2015-05-12 18:00:00,0.522829678332366
2015-05-12 18:15:00,0.5526859177939509
2015-05-12 18:30:00,0.1881141064253738
2015-05-12 18:45:00,0.0
2015-05-12 19:00:00,0.0
2015-05-12 19:15:00,0.0
2015-05-12 19:30:00,0.0
2015-05-12 19:45:00,0.0
2015-05-12 20:00:00,0.0
2015-05-12 20:15:00,0.0
2015-05-12 20:30:00,0.0
2015-05-12 20:45:00,0.0
2015-05-12 21:00:00,0.0
2015-05-12 21:15:00,0.0
2015-05-12 21:30:00,0.0
2015-05-12 21:45:00,0.0
2015-05-12 22:00:00,0.0
2015-05-12 22:15:00,0.0
2015-05-12 22:30:00,0.0
2015-05-12 22:45:00,0.0
2015-05-12 23:00:00,0.0
2015-05-12 23:15:00,0.0
2015-05-12 23:30:00,0.0
2015-05-12 23:45:00,0.0
2015-05-13 00:00:00,0.0
2015-05-13 00:15:00,0.0
2015-05-13 00:30:00,0.0
2015-05-13 00:45:00,0.0
2015-05-13 01:00:00,0.0
2015-05-13 01:15:00,0.0
2015-05-13 01:30:00,0.0
2015-05-13 01:45:00,0.0
2015-05-13 02:00:00,0.0
2015-05-13 02:15:00,0.0
2015-05-13 02:30:00,0.0
2015-05-13 02:45:00,0.0
2015-05-13 03:00:00,0.0
2015-05-13 03:15:00,0.0
2015-05-13 03:30:00,0.0
2015-05-13 03:45:00,0.0
2015-05-13 04:00:00,0.0
2015-05-13 04:15:00,0.0
2015-05-13 04:30:00,0.0
2015-05-13 04:45:00,0.0
2015-05-13 05:00:00,0.0
2015-05-13 05:15:00,0.0
2015-05-13 05:30:00,0.1159517179822535
2015-05-13 05:45:00,0.3125491604480304
2015-05-13 06:00:00,0.5778913419757357
2015-05-13 06:15:00,0.9459625065421492
2015-05-13 06:30:00,1.3501976535399811
2015-05-13 06:45:00,1.7957356644659024
2015-05-13 07:00:00,2.239290653537996
2015-05-13 07:15:00,2.7153418786790784
2015-05-13 07:30:00,3.202187374686848
2015-05-13 07:45:00,3.688153791048741
2015-05-13 08:00:00,4.1629216730621605
2015-05-13 08:15:00,4.639067167716374
2015-05-13 08:30:00,5.093278359791897
2015-05-13 08:45:00,5.488826747623786
2015-05-13 09:00:00,5.906363193961983
2015-05-13 09:15:00,6.267328731213196
2015-05-13 09:30:00,6.369108854857849
2015-05-13 09:45:00,6.680000854277985
2015-05-13 10:00:00,7.202729397312359
2015-05-13 10:15:00,7.396120614404806
2015-05-13 10:30:00,7.643562076455501
2015-05-13 10:45:00,8.046898383277748
2015-05-13 11:00:00,8.174109775271612
2015-05-13 11:15:00,8.268783530490193
2015-05-13 11:30:00,8.412531962083875
2015-05-13 11:45:00,8.645417341987876
2015-05-13 12:00:00,8.654563021316385
2015-05-13 12:15:00,8.668821775556829
2015-05-13 12:30:00,8.679828731881894
2015-05-13 12:45:00,8.70290145720893
2015-05-13 13:00:00,8.61724303676335
2015-05-13 13:15:00,8.469669929964176
2015-05-13 13:30:00,8.288695668710325
2015-05-13 13:45:00,8.160995524377164
2015-05-13 14:00:00,7.92597234478098
2015-05-13 14:15:00,7.615118257158004
2015-05-13 14:30:00,7.411967252553084
2015-05-13 14:45:00,7.000195614794511
2015-05-13 15:00:00,6.642191016625899
2015-05-13 15:15:00,6.206822024363826
2015-05-13 15:30:00,5.688196741522184
2015-05-13 15:45:00,5.14567637403413
2015-05-13 16:00:00,4.527937563387288
2015-05-13 16:15:00,3.873196123152953
2015-05-13 16:30:00,3.1907026396377782
2015-05-13 16:45:00,2.463524333121284
2015-05-13 17:00:00,1.6824298122152832
2015-05-13 17:15:00,0.9992994433812692
2015-05-13 17:30:00,0.5660348318898146
2015-05-13 17:45:00,0.4786277702119008
2015-05-13 18:00:00,0.4403762453376359
2015-05-13 18:15:00,0.3809922991515466
2015-05-13 18:30:00,0.3033819776982302
2015-05-13 18:45:00,0.0808065016599353
2015-05-13 19:00:00,0.0
2015-05-13 19:15:00,0.0
2015-05-13 19:30:00,0.0
2015-05-13 19:45:00,0.0
2015-05-13 20:00:00,0.0
2015-05-13 20:15:00,0.0
2015-05-13 20:30:00,0.0
2015-05-13 20:45:00,0.0
2015-05-13 21:00:00,0.0
2015-05-13 21:15:00,0.0
2015-05-13 21:30:00,0.0
2015-05-13 21:45:00,0.0
2015-05-13 22:00:00,0.0
2015-05-13 22:15:00,0.0
2015-05-13 22:30:00,0.0
2015-05-13 22:45:00,0.0
2015-05-13 23:00:00,0.0
2015-05-13 23:15:00,0.0
2015-05-13 23:30:00,0.0
2015-05-13 23:45:00,0.0
2015-05-14 00:00:00,0.0
2015-05-14 00:15:00,0.0
2015-05-14 00:30:00,0.0
2015-05-14 00:45:00,0.0
2015-05-14 01:00:00,0.0
2015-05-14 01:15:00,0.0
2015-05-14 01:30:00,0.0
2015-05-14 01:45:00,0.0
2015-05-14 02:00:00,0.0
2015-05-14 02:15:00,0.0
2015-05-14 02:30:00,0.0
2015-05-14 02:45:00,0.0
2015-05-14 03:00:00,0.0
2015-05-14 03:15:00,0.0
2015-05-14 03:30:00,0.0
2015-05-14 03:45:00,0.0
2015-05-14 04:00:00,0.0
2015-05-14 04:15:00,0.0
2015-05-14 04:30:00,0.0
2015-05-14 04:45:00,0.0
2015-05-14 05:00:00,0.0
2015-05-14 05:15:00,0.0
2015-05-14 05:30:00,0.0805654613618677
2015-05-14 05:45:00,0.1348615338525844
2015-05-14 06:00:00,0.2192008102126848
2015-05-14 06:15:00,0.42059862541361
2015-05-14 06:30:00,0.6579663987797031
2015-05-14 06:45:00,0.8187395506332181
2015-05-14 07:00:00,1.0319073915260988
2015-05-14 07:15:00,1.870221899621563
2015-05-14 07:30:00,3.276516294545832
2015-05-14 07:45:00,3.4154271154238334
2015-05-14 08:00:00,3.696586479634637
2015-05-14 08:15:00,4.518370039913565
2015-05-14 08:30:00,4.637518961441002
2015-05-14 08:45:00,5.238406322203099
2015-05-14 09:00:00,5.33642065864323
2015-05-14 09:15:00,6.030357596564934
2015-05-14 09:30:00,6.153365967215212
2015-05-14 09:45:00,5.580859799507199
2015-05-14 10:00:00,6.2908259583132935
2015-05-14 10:15:00,6.84850195620105
2015-05-14 10:30:00,6.7448824143416966
2015-05-14 10:45:00,7.374215637231396
2015-05-14 11:00:00,6.882159555872657
2015-05-14 11:15:00,6.052236202324725
2015-05-14 11:30:00,8.703405623069264
2015-05-14 11:45:00,8.477082088477859
2015-05-14 12:00:00,8.60000998084546
2015-05-14 12:15:00,8.523160199439346
2015-05-14 12:30:00,8.544596734336215
2015-05-14 12:45:00,8.733291534805746
2015-05-14 13:00:00,8.713414679868517
2015-05-14 13:15:00,8.697627034169244
2015-05-14 13:30:00,8.42188597305666
2015-05-14 13:45:00,8.352088080994301
2015-05-14 14:00:00,8.165585917750205
2015-05-14 14:15:00,7.890409187705076
2015-05-14 14:30:00,7.328782581484883
2015-05-14 14:45:00,4.716468128653097
2015-05-14 15:00:00,5.85673716550608
2015-05-14 15:15:00,5.001384095604784
2015-05-14 15:30:00,4.890024374914264
2015-05-14 15:45:00,4.044626822477703
2015-05-14 16:00:00,3.742942844416208
2015-05-14 16:15:00,3.936285867499562
2015-05-14 16:30:00,3.0829800455627048
2015-05-14 16:45:00,2.3405954363616464
2015-05-14 17:00:00,1.885334470046517
2015-05-14 17:15:00,1.491641427675025
2015-05-14 17:30:00,1.07026166514583
2015-05-14 17:45:00,0.6792412132029131
2015-05-14 18:00:00,0.5890537922618775
2015-05-14 18:15:00,0.7137088051888325
2015-05-14 18:30:00,0.7654023410981207
2015-05-14 18:45:00,0.0
2015-05-14 19:00:00,0.0
2015-05-14 19:15:00,0.0
2015-05-14 19:30:00,0.0
2015-05-14 19:45:00,0.0
2015-05-14 20:00:00,0.0
2015-05-14 20:15:00,0.0
2015-05-14 20:30:00,0.0
2015-05-14 20:45:00,0.0
2015-05-14 21:00:00,0.0
2015-05-14 21:15:00,0.0
2015-05-14 21:30:00,0.0
2015-05-14 21:45:00,0.0
2015-05-14 22:00:00,0.0
2015-05-14 22:15:00,0.0
2015-05-14 22:30:00,0.0
2015-05-14 22:45:00,0.0
2015-05-14 23:00:00,0.0
2015-05-14 23:15:00,0.0
2015-05-14 23:30:00,0.0
2015-05-14 23:45:00,0.0
2015-05-15 00:00:00,0.0
2015-05-15 00:15:00,0.0
2015-05-15 00:30:00,0.0
2015-05-15 00:45:00,0.0
2015-05-15 01:00:00,0.0
2015-05-15 01:15:00,0.0
2015-05-15 01:30:00,0.0
2015-05-15 01:45:00,0.0
2015-05-15 02:00:00,0.0
2015-05-15 02:15:00,0.0
2015-05-15 02:30:00,0.0
2015-05-15 02:45:00,0.0
2015-05-15 03:00:00,0.0
2015-05-15 03:15:00,0.0
2015-05-15 03:30:00,0.0
2015-05-15 03:45:00,0.0
2015-05-15 04:00:00,0.0
2015-05-15 04:15:00,0.0
2015-05-15 04:30:00,0.0
2015-05-15 04:45:00,0.0
2015-05-15 05:00:00,0.0
2015-05-15 05:15:00,0.0141154602326364
2015-05-15 05:30:00,0.1387810809151857
2015-05-15 05:45:00,0.3635917477012151
2015-05-15 06:00:00,0.6383927856848248
2015-05-15 06:15:00,0.9780949045367252
2015-05-15 06:30:00,1.41704373292545
2015-05-15 06:45:00,1.8758086990513472
2015-05-15 07:00:00,2.364011646608997
2015-05-15 07:15:00,2.851539821246164
2015-05-15 07:30:00,3.357700657542868
2015-05-15 07:45:00,3.84710269514893
2015-05-15 08:00:00,4.357609467030391
2015-05-15 08:15:00,4.854183009844037
2015-05-15 08:30:00,5.29087364437779
2015-05-15 08:45:00,5.756750149590235
2015-05-15 09:00:00,6.196728761282976
2015-05-15 09:15:00,6.87326332973617
2015-05-15 09:30:00,6.402192857629506
2015-05-15 09:45:00,6.465810736679987
2015-05-15 10:00:00,6.912206820361589
2015-05-15 10:15:00,3.414658677567424
2015-05-15 10:30:00,5.048248609767895
2015-05-15 10:45:00,6.702136792696824
2015-05-15 11:00:00,8.77663988005919
2015-05-15 11:15:00,4.796207067767312
2015-05-15 11:30:00,3.263166364678115
2015-05-15 11:45:00,2.9948135472037083
2015-05-15 12:00:00,7.3360316581342335
2015-05-15 12:15:00,6.185203428458666
2015-05-15 12:30:00,5.0904362369876806
2015-05-15 12:45:00,3.558919356983284
2015-05-15 13:00:00,2.197409057130317
2015-05-15 13:15:00,1.1420889466904958
2015-05-15 13:30:00,1.7672939901541445
2015-05-15 13:45:00,1.8161845202403792
2015-05-15 14:00:00,1.422148153282308
2015-05-15 14:15:00,1.169511845052322
2015-05-15 14:30:00,1.4142112130709044
2015-05-15 14:45:00,1.575383808986364
2015-05-15 15:00:00,5.734448052613813
2015-05-15 15:15:00,4.263236522804792
2015-05-15 15:30:00,4.606864173350959
2015-05-15 15:45:00,1.954233210851279
2015-05-15 16:00:00,1.892974476264044
2015-05-15 16:15:00,1.272481881784304
2015-05-15 16:30:00,2.818792384003067
2015-05-15 16:45:00,2.200155580596141
2015-05-15 17:00:00,1.015682933421961
2015-05-15 17:15:00,1.111426840302426
2015-05-15 17:30:00,1.1289840790612602
2015-05-15 17:45:00,0.9039906529627364
2015-05-15 18:00:00,1.0622981849412547
2015-05-15 18:15:00,0.4462132399909075
2015-05-15 18:30:00,0.2808691520778492
2015-05-15 18:45:00,0.0500379581255772
2015-05-15 19:00:00,0.0
2015-05-15 19:15:00,0.0
2015-05-15 19:30:00,0.0
2015-05-15 19:45:00,0.0
2015-05-15 20:00:00,0.0
2015-05-15 20:15:00,0.0
2015-05-15 20:30:00,0.0
2015-05-15 20:45:00,0.0
2015-05-15 21:00:00,0.0
2015-05-15 21:15:00,0.0
2015-05-15 21:30:00,0.0
2015-05-15 21:45:00,0.0
2015-05-15 22:00:00,0.0
2015-05-15 22:15:00,0.0
2015-05-15 22:30:00,0.0
2015-05-15 22:45:00,0.0
2015-05-15 23:00:00,0.0
2015-05-15 23:15:00,0.0
2015-05-15 23:30:00,0.0
2015-05-15 23:45:00,0.0
2015-05-16 00:00:00,0.0
2015-05-16 00:15:00,0.0
2015-05-16 00:30:00,0.0
2015-05-16 00:45:00,0.0
2015-05-16 01:00:00,0.0
2015-05-16 01:15:00,0.0
2015-05-16 01:30:00,0.0
2015-05-16 01:45:00,0.0
2015-05-16 02:00:00,0.0
2015-05-16 02:15:00,0.0
2015-05-16 02:30:00,0.0
2015-05-16 02:45:00,0.0
2015-05-16 03:00:00,0.0
2015-05-16 03:15:00,0.0
2015-05-16 03:30:00,0.0
2015-05-16 03:45:00,0.0
2015-05-16 04:00:00,0.0
2015-05-16 04:15:00,0.0
2015-05-16 04:30:00,0.0
2015-05-16 04:45:00,0.0
2015-05-16 05:00:00,0.0
2015-05-16 05:15:00,0.0
2015-05-16 05:30:00,0.0912905175376817
2015-05-16 05:45:00,0.1542610605065887
2015-05-16 06:00:00,0.2806558648437421
2015-05-16 06:15:00,0.423090743100542
2015-05-16 06:30:00,0.8740948872524552
2015-05-16 06:45:00,0.8245633135496377
2015-05-16 07:00:00,0.5933218505580339
2015-05-16 07:15:00,2.0789548474904995
2015-05-16 07:30:00,1.5732768798384182
2015-05-16 07:45:00,0.8654809592598787
2015-05-16 08:00:00,1.4809417903488131
2015-05-16 08:15:00,3.0491126580166727
2015-05-16 08:30:00,3.93972110138614
2015-05-16 08:45:00,2.5479171075891776
2015-05-16 09:00:00,3.652217557325483
2015-05-16 09:15:00,1.7065520732772854
2015-05-16 09:30:00,1.4875326452654918
2015-05-16 09:45:00,1.2603016776383356
2015-05-16 10:00:00,0.677174265893852
2015-05-16 10:15:00,0.628867446681941
2015-05-16 10:30:00,0.5787556412061677
2015-05-16 10:45:00,0.7373579210466664
2015-05-16 11:00:00,1.533181408413406
2015-05-16 11:15:00,3.0289155522773537
2015-05-16 11:30:00,4.664221614113324
2015-05-16 11:45:00,3.883323269967593
2015-05-16 12:00:00,4.144829140304659
2015-05-16 12:15:00,5.113132900917975
2015-05-16 12:30:00,5.480490332071732
2015-05-16 12:45:00,6.52108266067091
2015-05-16 13:00:00,4.080565768735918
2015-05-16 13:15:00,7.342496135469013
2015-05-16 13:30:00,5.476691411532919
2015-05-16 13:45:00,2.675969196302357
2015-05-16 14:00:00,0.3889450900092298
2015-05-16 14:15:00,0.1337815283806374
2015-05-16 14:30:00,0.4271209015637144
2015-05-16 14:45:00,1.4779097775419774
2015-05-16 15:00:00,1.562537489964349
2015-05-16 15:15:00,2.772057674040062
2015-05-16 15:30:00,4.671413635277622
2015-05-16 15:45:00,5.438408237343623
2015-05-16 16:00:00,4.872991226006898
2015-05-16 16:15:00,3.761240874632646
2015-05-16 16:30:00,2.934215655852661
2015-05-16 16:45:00,2.663698986083407
2015-05-16 17:00:00,1.820412637748636
2015-05-16 17:15:00,1.1184907844731733
2015-05-16 17:30:00,0.643632224693507
2015-05-16 17:45:00,0.8754179279591094
2015-05-16 18:00:00,0.636658666952017
2015-05-16 18:15:00,0.5349057789613255
2015-05-16 18:30:00,0.3639992976435601
2015-05-16 18:45:00,0.0
2015-05-16 19:00:00,0.0
2015-05-16 19:15:00,0.0
2015-05-16 19:30:00,0.0
2015-05-16 19:45:00,0.0
2015-05-16 20:00:00,0.0
2015-05-16 20:15:00,0.0
2015-05-16 20:30:00,0.0
2015-05-16 20:45:00,0.0
2015-05-16 21:00:00,0.0
2015-05-16 21:15:00,0.0
2015-05-16 21:30:00,0.0
2015-05-16 21:45:00,0.0
2015-05-16 22:00:00,0.0
2015-05-16 22:15:00,0.0
2015-05-16 22:30:00,0.0
2015-05-16 22:45:00,0.0
2015-05-16 23:00:00,0.0
2015-05-16 23:15:00,0.0
2015-05-16 23:30:00,0.0
2015-05-16 23:45:00,0.0
2015-05-17 00:00:00,0.0
2015-05-17 00:15:00,0.0
2015-05-17 00:30:00,0.0
2015-05-17 00:45:00,0.0
2015-05-17 01:00:00,0.0
2015-05-17 01:15:00,0.0
2015-05-17 01:30:00,0.0
2015-05-17 01:45:00,0.0
2015-05-17 02:00:00,0.0
2015-05-17 02:15:00,0.0
2015-05-17 02:30:00,0.0
2015-05-17 02:45:00,0.0
2015-05-17 03:00:00,0.0
2015-05-17 03:15:00,0.0
2015-05-17 03:30:00,0.0
2015-05-17 03:45:00,0.0
2015-05-17 04:00:00,0.0
2015-05-17 04:15:00,0.0
2015-05-17 04:30:00,0.0
2015-05-17 04:45:00,0.0
2015-05-17 05:00:00,0.0
2015-05-17 05:15:00,0.0
2015-05-17 05:30:00,0.0926715824816672
2015-05-17 05:45:00,0.2216857046352585
2015-05-17 06:00:00,0.3463791545001271
2015-05-17 06:15:00,0.559263571546145
2015-05-17 06:30:00,1.4401486804867598
2015-05-17 06:45:00,1.751484894167905
2015-05-17 07:00:00,2.610269216037607
2015-05-17 07:15:00,1.0557883261887415
2015-05-17 07:30:00,1.6888423473278502
2015-05-17 07:45:00,4.605403389945592
2015-05-17 08:00:00,4.269527560088523
2015-05-17 08:15:00,4.04477364083082
2015-05-17 08:30:00,5.382573999059068
2015-05-17 08:45:00,5.705772342237112
2015-05-17 09:00:00,4.950531743825166
2015-05-17 09:15:00,3.888835218897475
2015-05-17 09:30:00,5.768885963491492
2015-05-17 09:45:00,4.58033919401294
2015-05-17 10:00:00,3.859964247229712
2015-05-17 10:15:00,2.5779272526100883
2015-05-17 10:30:00,1.8414692207171863
2015-05-17 10:45:00,1.3589817665735162
2015-05-17 11:00:00,1.6065761697047454
2015-05-17 11:15:00,1.7999203045824812
2015-05-17 11:30:00,0.8688446287766287
2015-05-17 11:45:00,1.3173648796431208
2015-05-17 12:00:00,2.3142039593934456
2015-05-17 12:15:00,2.603258691371703
2015-05-17 12:30:00,4.082984863444739
2015-05-17 12:45:00,7.985023066635624
2015-05-17 13:00:00,5.68622540319083
2015-05-17 13:15:00,0.6133606815437627
2015-05-17 13:30:00,0.2694336675332913
2015-05-17 13:45:00,0.3922930070667862
2015-05-17 14:00:00,4.256505998434172
2015-05-17 14:15:00,3.763447897576786
2015-05-17 14:30:00,1.710223383854461
2015-05-17 14:45:00,2.516801552137516
2015-05-17 15:00:00,3.100431612440916
2015-05-17 15:15:00,3.384348176241349
2015-05-17 15:30:00,1.0419028972063948
2015-05-17 15:45:00,0.9229774419209024
2015-05-17 16:00:00,1.631259195040658
2015-05-17 16:15:00,1.7253868032053654
2015-05-17 16:30:00,0.9977475664568054
2015-05-17 16:45:00,0.6443036414722656
2015-05-17 17:00:00,1.033884443132695
2015-05-17 17:15:00,1.059216139936042
2015-05-17 17:30:00,0.7410507236987296
2015-05-17 17:45:00,0.7275488730783561
2015-05-17 18:00:00,0.6551988608426185
2015-05-17 18:15:00,0.4949687593179157
2015-05-17 18:30:00,0.2780487402042236
2015-05-17 18:45:00,0.0
2015-05-17 19:00:00,0.0
2015-05-17 19:15:00,0.0
2015-05-17 19:30:00,0.0
2015-05-17 19:45:00,0.0
2015-05-17 20:00:00,0.0
2015-05-17 20:15:00,0.0
2015-05-17 20:30:00,0.0
2015-05-17 20:45:00,0.0
2015-05-17 21:00:00,0.0
2015-05-17 21:15:00,0.0
2015-05-17 21:30:00,0.0
2015-05-17 21:45:00,0.0
2015-05-17 22:00:00,0.0
2015-05-17 22:15:00,0.0
2015-05-17 22:30:00,0.0
2015-05-17 22:45:00,0.0
2015-05-17 23:00:00,0.0
2015-05-17 23:15:00,0.0
2015-05-17 23:30:00,0.0
2015-05-17 23:45:00,0.0
2015-05-18 00:00:00,0.0
2015-05-18 00:15:00,0.0
2015-05-18 00:30:00,0.0
2015-05-18 00:45:00,0.0
2015-05-18 01:00:00,0.0
2015-05-18 01:15:00,0.0
2015-05-18 01:30:00,0.0
2015-05-18 01:45:00,0.0
2015-05-18 02:00:00,0.0
2015-05-18 02:15:00,0.0
2015-05-18 02:30:00,0.0
2015-05-18 02:45:00,0.0
2015-05-18 03:00:00,0.0
2015-05-18 03:15:00,0.0
2015-05-18 03:30:00,0.0
2015-05-18 03:45:00,0.0
2015-05-18 04:00:00,0.0
2015-05-18 04:15:00,0.0
2015-05-18 04:30:00,0.0
2015-05-18 04:45:00,0.0
2015-05-18 05:00:00,0.0
2015-05-18 05:15:00,0.0
2015-05-18 05:30:00,0.0045311758293261
2015-05-18 05:45:00,0.0332497475332019
2015-05-18 06:00:00,0.0484373745444298
2015-05-18 06:15:00,0.0865077107150781
2015-05-18 06:30:00,0.1522125424189843
2015-05-18 06:45:00,0.2056669187485033
2015-05-18 07:00:00,0.274048553584259
2015-05-18 07:15:00,0.3464160263032875
2015-05-18 07:30:00,0.6613293440215698
2015-05-18 07:45:00,0.4838682226966499
2015-05-18 08:00:00,0.8697425992529418
2015-05-18 08:15:00,1.3187578360144
2015-05-18 08:30:00,2.128232776135572
2015-05-18 08:45:00,2.323214566474979
2015-05-18 09:00:00,2.266174709004987
2015-05-18 09:15:00,3.0830569459875203
2015-05-18 09:30:00,3.1991051916706628
2015-05-18 09:45:00,3.912191732628521
2015-05-18 10:00:00,3.886149846338464
2015-05-18 10:15:00,4.849613698467673
2015-05-18 10:30:00,5.118442997300524
2015-05-18 10:45:00,6.9177837660448604
2015-05-18 11:00:00,6.784487704959258
2015-05-18 11:15:00,3.9475147912439374
2015-05-18 11:30:00,3.577759029712744
2015-05-18 11:45:00,1.2712446227128242
2015-05-18 12:00:00,0.5105991055646765
2015-05-18 12:15:00,2.5711092336230843
2015-05-18 12:30:00,4.616909987641822
2015-05-18 12:45:00,4.7159477248702535
2015-05-18 13:00:00,3.318652413562299
2015-05-18 13:15:00,0.7890830769092703
2015-05-18 13:30:00,4.627204262347487
2015-05-18 13:45:00,3.200371864310146
2015-05-18 14:00:00,0.4494102513320051
2015-05-18 14:15:00,3.1713231817035066
2015-05-18 14:30:00,3.5108526355504703
2015-05-18 14:45:00,4.626380097321004
2015-05-18 15:00:00,2.5705540910413176
2015-05-18 15:15:00,0.3599743748186426
2015-05-18 15:30:00,1.4557378622390686
2015-05-18 15:45:00,1.9239381056390563
2015-05-18 16:00:00,1.99130002410664
2015-05-18 16:15:00,1.4097852167633032
2015-05-18 16:30:00,1.4797098015531172
2015-05-18 16:45:00,1.3595786417695883
2015-05-18 17:00:00,0.8632940917639322
2015-05-18 17:15:00,0.6753753264343391
2015-05-18 17:30:00,0.4982228341235787
2015-05-18 17:45:00,0.4278920460627182
2015-05-18 18:00:00,0.3609356550448857
2015-05-18 18:15:00,0.1701685292779292
2015-05-18 18:30:00,0.2136885327359054
2015-05-18 18:45:00,0.1380232482950754
2015-05-18 19:00:00,0.0
2015-05-18 19:15:00,0.0
2015-05-18 19:30:00,0.0
2015-05-18 19:45:00,0.0
2015-05-18 20:00:00,0.0
2015-05-18 20:15:00,0.0
2015-05-18 20:30:00,0.0
2015-05-18 20:45:00,0.0
2015-05-18 21:00:00,0.0
2015-05-18 21:15:00,0.0
2015-05-18 21:30:00,0.0
2015-05-18 21:45:00,0.0
2015-05-18 22:00:00,0.0
2015-05-18 22:15:00,0.0
2015-05-18 22:30:00,0.0
2015-05-18 22:45:00,0.0
2015-05-18 23:00:00,0.0
2015-05-18 23:15:00,0.0
2015-05-18 23:30:00,0.0
2015-05-18 23:45:00,0.0
2015-05-19 00:00:00,0.0
2015-05-19 00:15:00,0.0
2015-05-19 00:30:00,0.0
2015-05-19 00:45:00,0.0
2015-05-19 01:00:00,0.0
2015-05-19 01:15:00,0.0
2015-05-19 01:30:00,0.0
2015-05-19 01:45:00,0.0
2015-05-19 02:00:00,0.0
2015-05-19 02:15:00,0.0
2015-05-19 02:30:00,0.0
2015-05-19 02:45:00,0.0
2015-05-19 03:00:00,0.0
2015-05-19 03:15:00,0.0
2015-05-19 03:30:00,0.0
2015-05-19 03:45:00,0.0
2015-05-19 04:00:00,0.0
2015-05-19 04:15:00,0.0
2015-05-19 04:30:00,0.0
2015-05-19 04:45:00,0.0
2015-05-19 05:00:00,0.0
2015-05-19 05:15:00,0.0
2015-05-19 05:30:00,0.0
2015-05-19 05:45:00,0.0093797980695546
2015-05-19 06:00:00,0.0011157726994337
2015-05-19 06:15:00,0.0050993565736727
2015-05-19 06:30:00,0.0607246780185413
2015-05-19 06:45:00,0.0442327010453567
2015-05-19 07:00:00,0.0411624196311962
2015-05-19 07:15:00,0.2660309624753155
2015-05-19 07:30:00,0.6790454399883369
2015-05-19 07:45:00,0.9523521697994406
2015-05-19 08:00:00,0.8349991121587977
2015-05-19 08:15:00,0.994250337454208
2015-05-19 08:30:00,1.2134597160439695
2015-05-19 08:45:00,1.0262278981984674
2015-05-19 09:00:00,0.5766831771338728
2015-05-19 09:15:00,0.5817822634984713
2015-05-19 09:30:00,0.5701778683292533
2015-05-19 09:45:00,0.3622293051087159
2015-05-19 10:00:00,0.3738177856462439
2015-05-19 10:15:00,0.2995898507454332
2015-05-19 10:30:00,1.057693851113673
2015-05-19 10:45:00,1.618178712346359
2015-05-19 11:00:00,0.9838881201314162
2015-05-19 11:15:00,1.4791284752248957
2015-05-19 11:30:00,1.4990073214759243
2015-05-19 11:45:00,1.0177402598790144
2015-05-19 12:00:00,1.3991963541085557
2015-05-19 12:15:00,1.1255906412688887
2015-05-19 12:30:00,1.8573293186446136
2015-05-19 12:45:00,0.832806880792019
2015-05-19 13:00:00,1.1988616895638902
2015-05-19 13:15:00,1.3179598772182082
2015-05-19 13:30:00,0.5765870751755487
2015-05-19 13:45:00,0.8203155550086827
2015-05-19 14:00:00,0.8511228269363345
2015-05-19 14:15:00,1.0234538176470822
2015-05-19 14:30:00,0.9062001499762604
2015-05-19 14:45:00,1.7606118927831091
2015-05-19 15:00:00,1.4478473517756143
2015-05-19 15:15:00,1.278025813017055
2015-05-19 15:30:00,1.6212474378357309
2015-05-19 15:45:00,2.862553771900972
2015-05-19 16:00:00,2.7427319712617817
2015-05-19 16:15:00,1.9000435526328752
2015-05-19 16:30:00,1.7564273397556929
2015-05-19 16:45:00,1.7238421299598727
2015-05-19 17:00:00,1.4906927088125017
2015-05-19 17:15:00,1.3880906403148103
2015-05-19 17:30:00,0.9887422192368056
2015-05-19 17:45:00,0.8531127789512903
2015-05-19 18:00:00,0.6218846484926769
2015-05-19 18:15:00,0.3749746485081359
2015-05-19 18:30:00,0.3198731710183812
2015-05-19 18:45:00,0.1774230356062303
2015-05-19 19:00:00,0.0
2015-05-19 19:15:00,0.0
2015-05-19 19:30:00,0.0
2015-05-19 19:45:00,0.0
2015-05-19 20:00:00,0.0
2015-05-19 20:15:00,0.0
2015-05-19 20:30:00,0.0
2015-05-19 20:45:00,0.0
2015-05-19 21:00:00,0.0
2015-05-19 21:15:00,0.0
2015-05-19 21:30:00,0.0
2015-05-19 21:45:00,0.0
2015-05-19 22:00:00,0.0
2015-05-19 22:15:00,0.0
2015-05-19 22:30:00,0.0
2015-05-19 22:45:00,0.0
2015-05-19 23:00:00,0.0
2015-05-19 23:15:00,0.0
2015-05-19 23:30:00,0.0
2015-05-19 23:45:00,0.0
2015-05-20 00:00:00,0.0
2015-05-20 00:15:00,0.0
2015-05-20 00:30:00,0.0
2015-05-20 00:45:00,0.0
2015-05-20 01:00:00,0.0
2015-05-20 01:15:00,0.0
2015-05-20 01:30:00,0.0
2015-05-20 01:45:00,0.0
2015-05-20 02:00:00,0.0
2015-05-20 02:15:00,0.0
2015-05-20 02:30:00,0.0
2015-05-20 02:45:00,0.0
2015-05-20 03:00:00,0.0
2015-05-20 03:15:00,0.0
2015-05-20 03:30:00,0.0
2015-05-20 03:45:00,0.0
2015-05-20 04:00:00,0.0
2015-05-20 04:15:00,0.0
2015-05-20 04:30:00,0.0
2015-05-20 04:45:00,0.0
2015-05-20 05:00:00,0.0
2015-05-20 05:15:00,0.0621816862723851
2015-05-20 05:30:00,0.2166383689903264
2015-05-20 05:45:00,0.4374533736338905
2015-05-20 06:00:00,0.7083287628189853
2015-05-20 06:15:00,1.058854973912012
2015-05-20 06:30:00,1.4511300574531552
2015-05-20 06:45:00,1.8709315063904013
2015-05-20 07:00:00,2.3018015598125494
2015-05-20 07:15:00,2.7671130835442725
2015-05-20 07:30:00,3.226813995751169
2015-05-20 07:45:00,3.681020519538391
2015-05-20 08:00:00,4.125999754962123
2015-05-20 08:15:00,4.575339562972538
2015-05-20 08:30:00,5.028443648397436
2015-05-20 08:45:00,5.424388424635658
2015-05-20 09:00:00,5.7929387294397205
2015-05-20 09:15:00,6.164055719308601
2015-05-20 09:30:00,6.522156988512855
2015-05-20 09:45:00,6.6480169307984935
2015-05-20 10:00:00,7.136976924958399
2015-05-20 10:15:00,7.347034214090313
2015-05-20 10:30:00,7.66963066050333
2015-05-20 10:45:00,7.816752151196301
2015-05-20 11:00:00,8.036066299438138
2015-05-20 11:15:00,8.193863991324113
2015-05-20 11:30:00,8.314720969518726
2015-05-20 11:45:00,8.462740238375828
2015-05-20 12:00:00,8.562533885179677
2015-05-20 12:15:00,8.637690698896963
2015-05-20 12:30:00,6.793904911114368
2015-05-20 12:45:00,8.893947217973947
2015-05-20 13:00:00,6.477667282350858
2015-05-20 13:15:00,7.842055443514988
2015-05-20 13:30:00,4.888645824405563
2015-05-20 13:45:00,4.870964185483851
2015-05-20 14:00:00,7.50114182958786
2015-05-20 14:15:00,6.996740918887934
2015-05-20 14:30:00,7.538586142192591
2015-05-20 14:45:00,7.708007498904359
2015-05-20 15:00:00,7.281652100901895
2015-05-20 15:15:00,6.663521516776452
2015-05-20 15:30:00,6.163423675454034
2015-05-20 15:45:00,4.23574658793171
2015-05-20 16:00:00,3.800406723798736
2015-05-20 16:15:00,4.286394873613346
2015-05-20 16:30:00,2.6882767203467828
2015-05-20 16:45:00,1.0714592672851404
2015-05-20 17:00:00,1.534028220304435
2015-05-20 17:15:00,1.2597986620771573
2015-05-20 17:30:00,0.8183086682867985
2015-05-20 17:45:00,0.8930054107053038
2015-05-20 18:00:00,0.5670793793159734
2015-05-20 18:15:00,0.4840339628125097
2015-05-20 18:30:00,0.3714103520194997
2015-05-20 18:45:00,0.19426335451086
2015-05-20 19:00:00,0.0
2015-05-20 19:15:00,0.0
2015-05-20 19:30:00,0.0
2015-05-20 19:45:00,0.0
2015-05-20 20:00:00,0.0
2015-05-20 20:15:00,0.0
2015-05-20 20:30:00,0.0
2015-05-20 20:45:00,0.0
2015-05-20 21:00:00,0.0
2015-05-20 21:15:00,0.0
2015-05-20 21:30:00,0.0
2015-05-20 21:45:00,0.0
2015-05-20 22:00:00,0.0
2015-05-20 22:15:00,0.0
2015-05-20 22:30:00,0.0
2015-05-20 22:45:00,0.0
2015-05-20 23:00:00,0.0
2015-05-20 23:15:00,0.0
2015-05-20 23:30:00,0.0
2015-05-20 23:45:00,0.0
2015-05-21 00:00:00,0.0
2015-05-21 00:15:00,0.0
2015-05-21 00:30:00,0.0
2015-05-21 00:45:00,0.0
2015-05-21 01:00:00,0.0
2015-05-21 01:15:00,0.0
2015-05-21 01:30:00,0.0
2015-05-21 01:45:00,0.0
2015-05-21 02:00:00,0.0
2015-05-21 02:15:00,0.0
2015-05-21 02:30:00,0.0
2015-05-21 02:45:00,0.0
2015-05-21 03:00:00,0.0
2015-05-21 03:15:00,0.0
2015-05-21 03:30:00,0.0
2015-05-21 03:45:00,0.0
2015-05-21 04:00:00,0.0
2015-05-21 04:15:00,0.0
2015-05-21 04:30:00,0.0
2015-05-21 04:45:00,0.0
2015-05-21 05:00:00,0.0
2015-05-21 05:15:00,0.0712562311803103
2015-05-21 05:30:00,0.2318562480927072
2015-05-21 05:45:00,0.2679746496689932
2015-05-21 06:00:00,0.2589145422210608
2015-05-21 06:15:00,0.1745084860873007
2015-05-21 06:30:00,0.1619238225373502
2015-05-21 06:45:00,0.1021675992321258
2015-05-21 07:00:00,0.2711956162586216
2015-05-21 07:15:00,0.4893421563088247
2015-05-21 07:30:00,0.7738927339882147
2015-05-21 07:45:00,1.897348515994488
2015-05-21 08:00:00,4.258279502753164
2015-05-21 08:15:00,4.76221691633596
2015-05-21 08:30:00,4.985539241662161
2015-05-21 08:45:00,5.607770980886156
2015-05-21 09:00:00,5.981351509022896
2015-05-21 09:15:00,6.479292709259592
2015-05-21 09:30:00,6.595017485975523
2015-05-21 09:45:00,6.896993036036962
2015-05-21 10:00:00,7.436173669463279
2015-05-21 10:15:00,7.710116394776378
2015-05-21 10:30:00,7.935494939149856
2015-05-21 10:45:00,8.28440896264564
2015-05-21 11:00:00,8.546490894457417
2015-05-21 11:15:00,8.711326062571336
2015-05-21 11:30:00,8.700287524374785
2015-05-21 11:45:00,8.891287523625346
2015-05-21 12:00:00,9.072196239056929
2015-05-21 12:15:00,9.114849675806251
2015-05-21 12:30:00,9.072036216097052
2015-05-21 12:45:00,9.06697987853704
2015-05-21 13:00:00,8.9897883326363
2015-05-21 13:15:00,9.013361134090731
2015-05-21 13:30:00,8.844428682321928
2015-05-21 13:45:00,8.660245278017173
2015-05-21 14:00:00,8.32676486123858
2015-05-21 14:15:00,8.012350356551137
2015-05-21 14:30:00,7.769339038561998
2015-05-21 14:45:00,5.55042958533572
2015-05-21 15:00:00,2.994535389735713
2015-05-21 15:15:00,3.633169163090721
2015-05-21 15:30:00,3.246789308983006
2015-05-21 15:45:00,3.97288897071854
2015-05-21 16:00:00,5.293715664140749
2015-05-21 16:15:00,4.19199749009749
2015-05-21 16:30:00,3.3846462831311337
2015-05-21 16:45:00,2.636483144949902
2015-05-21 17:00:00,1.9996461145206903
2015-05-21 17:15:00,1.387155484513626
2015-05-21 17:30:00,0.9709198517553234
2015-05-21 17:45:00,0.9268152658928251
2015-05-21 18:00:00,0.920810756178784
2015-05-21 18:15:00,0.8135824586026384
2015-05-21 18:30:00,0.5028244900204817
2015-05-21 18:45:00,0.1193309150745899
2015-05-21 19:00:00,0.0
2015-05-21 19:15:00,0.0
2015-05-21 19:30:00,0.0
2015-05-21 19:45:00,0.0
2015-05-21 20:00:00,0.0
2015-05-21 20:15:00,0.0
2015-05-21 20:30:00,0.0
2015-05-21 20:45:00,0.0
2015-05-21 21:00:00,0.0
2015-05-21 21:15:00,0.0
2015-05-21 21:30:00,0.0
2015-05-21 21:45:00,0.0
2015-05-21 22:00:00,0.0
2015-05-21 22:15:00,0.0
2015-05-21 22:30:00,0.0
2015-05-21 22:45:00,0.0
2015-05-21 23:00:00,0.0
2015-05-21 23:15:00,0.0
2015-05-21 23:30:00,0.0
2015-05-21 23:45:00,0.0
2015-05-22 00:00:00,0.0
2015-05-22 00:15:00,0.0
2015-05-22 00:30:00,0.0
2015-05-22 00:45:00,0.0
2015-05-22 01:00:00,0.0
2015-05-22 01:15:00,0.0
2015-05-22 01:30:00,0.0
2015-05-22 01:45:00,0.0
2015-05-22 02:00:00,0.0
2015-05-22 02:15:00,0.0
2015-05-22 02:30:00,0.0
2015-05-22 02:45:00,0.0
2015-05-22 03:00:00,0.0
2015-05-22 03:15:00,0.0
2015-05-22 03:30:00,0.0
2015-05-22 03:45:00,0.0
2015-05-22 04:00:00,0.0
2015-05-22 04:15:00,0.0
2015-05-22 04:30:00,0.0
2015-05-22 04:45:00,0.0
2015-05-22 05:00:00,0.0
2015-05-22 05:15:00,0.0
2015-05-22 05:30:00,0.0524896605920767
2015-05-22 05:45:00,0.1371073186240365
2015-05-22 06:00:00,0.3016135899154107
2015-05-22 06:15:00,0.504043146330239
2015-05-22 06:30:00,0.7692675566501634
2015-05-22 06:45:00,0.9215364418069576
2015-05-22 07:00:00,1.0168098701743056
2015-05-22 07:15:00,1.021944010246257
2015-05-22 07:30:00,1.228068239023157
2015-05-22 07:45:00,1.332871150995068
2015-05-22 08:00:00,1.4337552613079232
2015-05-22 08:15:00,1.81236558018749
2015-05-22 08:30:00,2.517010099009773
2015-05-22 08:45:00,3.8806495069700406
2015-05-22 09:00:00,4.256947008274884
2015-05-22 09:15:00,3.249513785171477
2015-05-22 09:30:00,3.921644221944326
2015-05-22 09:45:00,4.842988512732085
2015-05-22 10:00:00,6.474157237673851
2015-05-22 10:15:00,8.195901858121376
2015-05-22 10:30:00,5.394244374073846
2015-05-22 10:45:00,7.189484009602232
2015-05-22 11:00:00,6.014801480090506
2015-05-22 11:15:00,4.325944410594349
2015-05-22 11:30:00,5.569582571644269
2015-05-22 11:45:00,4.226813439171375
2015-05-22 12:00:00,4.02451354269884
2015-05-22 12:15:00,4.592907633655161
2015-05-22 12:30:00,4.980032718191124
2015-05-22 12:45:00,5.022376086088872
2015-05-22 13:00:00,5.567177827632586
2015-05-22 13:15:00,7.829371190849502
2015-05-22 13:30:00,7.816208580145168
2015-05-22 13:45:00,5.74501443919718
2015-05-22 14:00:00,4.81984013161088
2015-05-22 14:15:00,7.229087115956497
2015-05-22 14:30:00,8.520823583874652
2015-05-22 14:45:00,7.03908503715842
2015-05-22 15:00:00,5.472547168235208
2015-05-22 15:15:00,6.053307770600152
2015-05-22 15:30:00,3.866460488266861
2015-05-22 15:45:00,5.4238457528148025
2015-05-22 16:00:00,3.3198021729895646
2015-05-22 16:15:00,2.566561956550392
2015-05-22 16:30:00,3.6524385424355312
2015-05-22 16:45:00,2.483911463421585
2015-05-22 17:00:00,1.7006082377390488
2015-05-22 17:15:00,1.7019502855519868
2015-05-22 17:30:00,1.4339967282348227
2015-05-22 17:45:00,0.9095380120996128
2015-05-22 18:00:00,0.7553024420090053
2015-05-22 18:15:00,0.7652657282901278
2015-05-22 18:30:00,0.4180639885248637
2015-05-22 18:45:00,0.2427042791993021
2015-05-22 19:00:00,0.0
2015-05-22 19:15:00,0.0
2015-05-22 19:30:00,0.0
2015-05-22 19:45:00,0.0
2015-05-22 20:00:00,0.0
2015-05-22 20:15:00,0.0
2015-05-22 20:30:00,0.0
2015-05-22 20:45:00,0.0
2015-05-22 21:00:00,0.0
2015-05-22 21:15:00,0.0
2015-05-22 21:30:00,0.0
2015-05-22 21:45:00,0.0
2015-05-22 22:00:00,0.0
2015-05-22 22:15:00,0.0
2015-05-22 22:30:00,0.0
2015-05-22 22:45:00,0.0
2015-05-22 23:00:00,0.0
2015-05-22 23:15:00,0.0
2015-05-22 23:30:00,0.0
2015-05-22 23:45:00,0.0
2015-05-23 00:00:00,0.0
2015-05-23 00:15:00,0.0
2015-05-23 00:30:00,0.0
2015-05-23 00:45:00,0.0
2015-05-23 01:00:00,0.0
2015-05-23 01:15:00,0.0
2015-05-23 01:30:00,0.0
2015-05-23 01:45:00,0.0
2015-05-23 02:00:00,0.0
2015-05-23 02:15:00,0.0
2015-05-23 02:30:00,0.0
2015-05-23 02:45:00,0.0
2015-05-23 03:00:00,0.0
2015-05-23 03:15:00,0.0
2015-05-23 03:30:00,0.0
2015-05-23 03:45:00,0.0
2015-05-23 04:00:00,0.0
2015-05-23 04:15:00,0.0
2015-05-23 04:30:00,0.0
2015-05-23 04:45:00,0.0
2015-05-23 05:00:00,0.0
2015-05-23 05:15:00,0.0955174886669918
2015-05-23 05:30:00,0.2068009246524826
2015-05-23 05:45:00,0.4385509375738629
2015-05-23 06:00:00,0.7993412904065017
2015-05-23 06:15:00,1.1682073837621625
2015-05-23 06:30:00,1.591585400453684
2015-05-23 06:45:00,2.0237085447026364
2015-05-23 07:00:00,2.466691892615455
2015-05-23 07:15:00,2.9585929491759044
2015-05-23 07:30:00,3.461718717515419
2015-05-23 07:45:00,3.958331176440945
2015-05-23 08:00:00,4.4489209481644
2015-05-23 08:15:00,4.9586120249395975
2015-05-23 08:30:00,5.39902086716868
2015-05-23 08:45:00,5.6356278792447085
2015-05-23 09:00:00,5.5261828823884205
2015-05-23 09:15:00,4.084729933418218
2015-05-23 09:30:00,4.125585122610191
2015-05-23 09:45:00,2.6322667413665166
2015-05-23 10:00:00,4.309970689607106
2015-05-23 10:15:00,1.8739031529243813
2015-05-23 10:30:00,2.1876917170938026
2015-05-23 10:45:00,1.1160656328049836
2015-05-23 11:00:00,1.9549372607221536
2015-05-23 11:15:00,4.951624183617248
2015-05-23 11:30:00,2.962034425162005
2015-05-23 11:45:00,9.1255901332781
2015-05-23 12:00:00,7.371806160164146
2015-05-23 12:15:00,1.449204443974028
2015-05-23 12:30:00,0.6725867092931452
2015-05-23 12:45:00,2.138102098572494
2015-05-23 13:00:00,5.211289405927595
2015-05-23 13:15:00,6.882739439828531
2015-05-23 13:30:00,4.689895740935918
2015-05-23 13:45:00,6.189514101175954
2015-05-23 14:00:00,2.398183293544834
2015-05-23 14:15:00,0.7418715615325737
2015-05-23 14:30:00,0.9700496174207848
2015-05-23 14:45:00,8.098237531958523
2015-05-23 15:00:00,7.215693823768701
2015-05-23 15:15:00,6.958121935757366
2015-05-23 15:30:00,3.572263694795313
2015-05-23 15:45:00,2.814599925333073
2015-05-23 16:00:00,1.5943234386447729
2015-05-23 16:15:00,2.5047786783642545
2015-05-23 16:30:00,2.7209298420522794
2015-05-23 16:45:00,2.2056913173656203
2015-05-23 17:00:00,0.7957693126885317
2015-05-23 17:15:00,0.5719993694357162
2015-05-23 17:30:00,0.6256133321588523
2015-05-23 17:45:00,0.7105226072875394
2015-05-23 18:00:00,0.6362791640448727
2015-05-23 18:15:00,0.5826029941438197
2015-05-23 18:30:00,0.7321584026435571
2015-05-23 18:45:00,0.220246235936063
2015-05-23 19:00:00,0.1307922103722762
2015-05-23 19:15:00,0.0
2015-05-23 19:30:00,0.0
2015-05-23 19:45:00,0.0
2015-05-23 20:00:00,0.0
2015-05-23 20:15:00,0.0
2015-05-23 20:30:00,0.0
2015-05-23 20:45:00,0.0
2015-05-23 21:00:00,0.0
2015-05-23 21:15:00,0.0
2015-05-23 21:30:00,0.0
2015-05-23 21:45:00,0.0
2015-05-23 22:00:00,0.0
2015-05-23 22:15:00,0.0
2015-05-23 22:30:00,0.0
2015-05-23 22:45:00,0.0
2015-05-23 23:00:00,0.0
2015-05-23 23:15:00,0.0
2015-05-23 23:30:00,0.0
2015-05-23 23:45:00,0.0
2015-05-24 00:00:00,0.0
2015-05-24 00:15:00,0.0
2015-05-24 00:30:00,0.0
2015-05-24 00:45:00,0.0
2015-05-24 01:00:00,0.0
2015-05-24 01:15:00,0.0
2015-05-24 01:30:00,0.0
2015-05-24 01:45:00,0.0
2015-05-24 02:00:00,0.0
2015-05-24 02:15:00,0.0
2015-05-24 02:30:00,0.0
2015-05-24 02:45:00,0.0
2015-05-24 03:00:00,0.0
2015-05-24 03:15:00,0.0
2015-05-24 03:30:00,0.0
2015-05-24 03:45:00,0.0
2015-05-24 04:00:00,0.0
2015-05-24 04:15:00,0.0
2015-05-24 04:30:00,0.0
2015-05-24 04:45:00,0.0
2015-05-24 05:00:00,0.0
2015-05-24 05:15:00,0.0604997768064135
2015-05-24 05:30:00,0.2782157208856431
2015-05-24 05:45:00,0.575169003086399
2015-05-24 06:00:00,0.6745572106083343
2015-05-24 06:15:00,0.6323562486595791
2015-05-24 06:30:00,1.3844480230632852
2015-05-24 06:45:00,1.3380710852229036
2015-05-24 07:00:00,2.070193259801317
2015-05-24 07:15:00,2.924622778446582
2015-05-24 07:30:00,3.54230082357168
2015-05-24 07:45:00,3.9608822499982055
2015-05-24 08:00:00,4.150980102524393
2015-05-24 08:15:00,4.872049358291342
2015-05-24 08:30:00,4.985557307752648
2015-05-24 08:45:00,5.389751827149956
2015-05-24 09:00:00,4.164435387436307
2015-05-24 09:15:00,4.429145009736219
2015-05-24 09:30:00,4.689517150181065
2015-05-24 09:45:00,4.513253417311858
2015-05-24 10:00:00,4.698391593596274
2015-05-24 10:15:00,3.703333767930432
2015-05-24 10:30:00,6.314419881090934
2015-05-24 10:45:00,3.235880229058192
2015-05-24 11:00:00,5.127014292839993
2015-05-24 11:15:00,5.633180033588375
2015-05-24 11:30:00,2.9985253505450293
2015-05-24 11:45:00,4.900849255002373
2015-05-24 12:00:00,7.109290707301699
2015-05-24 12:15:00,5.310655804057254
2015-05-24 12:30:00,5.791315000873042
2015-05-24 12:45:00,6.460605687989991
2015-05-24 13:00:00,7.948483410060209
2015-05-24 13:15:00,5.8668961785612055
2015-05-24 13:30:00,7.722131438333069
2015-05-24 13:45:00,7.551546136437667
2015-05-24 14:00:00,6.245726336377119
2015-05-24 14:15:00,6.381539532488121
2015-05-24 14:30:00,7.576748695644838
2015-05-24 14:45:00,7.3009305083175455
2015-05-24 15:00:00,7.051558310315951
2015-05-24 15:15:00,6.466392354739244
2015-05-24 15:30:00,4.819139650928762
2015-05-24 15:45:00,3.5448228686265897
2015-05-24 16:00:00,3.7273291339115135
2015-05-24 16:15:00,3.787205273647216
2015-05-24 16:30:00,2.6045089550162888
2015-05-24 16:45:00,2.4674891638810044
2015-05-24 17:00:00,2.168665861522193
2015-05-24 17:15:00,1.2208606715264576
2015-05-24 17:30:00,1.4334689909862357
2015-05-24 17:45:00,1.1623686873861545
2015-05-24 18:00:00,0.9749456657733456
2015-05-24 18:15:00,0.7438477312369247
2015-05-24 18:30:00,0.92993857746005
2015-05-24 18:45:00,0.0
2015-05-24 19:00:00,0.0091582348696984
2015-05-24 19:15:00,0.0
2015-05-24 19:30:00,0.0
2015-05-24 19:45:00,0.0
2015-05-24 20:00:00,0.0
2015-05-24 20:15:00,0.0
2015-05-24 20:30:00,0.0
2015-05-24 20:45:00,0.0
2015-05-24 21:00:00,0.0
2015-05-24 21:15:00,0.0
2015-05-24 21:30:00,0.0
2015-05-24 21:45:00,0.0
2015-05-24 22:00:00,0.0
2015-05-24 22:15:00,0.0
2015-05-24 22:30:00,0.0
2015-05-24 22:45:00,0.0
2015-05-24 23:00:00,0.0
2015-05-24 23:15:00,0.0
2015-05-24 23:30:00,0.0
2015-05-24 23:45:00,0.0
2015-05-25 00:00:00,0.0
2015-05-25 00:15:00,0.0
2015-05-25 00:30:00,0.0
2015-05-25 00:45:00,0.0
2015-05-25 01:00:00,0.0
2015-05-25 01:15:00,0.0
2015-05-25 01:30:00,0.0
2015-05-25 01:45:00,0.0
2015-05-25 02:00:00,0.0
2015-05-25 02:15:00,0.0
2015-05-25 02:30:00,0.0
2015-05-25 02:45:00,0.0
2015-05-25 03:00:00,0.0
2015-05-25 03:15:00,0.0
2015-05-25 03:30:00,0.0
2015-05-25 03:45:00,0.0
2015-05-25 04:00:00,0.0
2015-05-25 04:15:00,0.0
2015-05-25 04:30:00,0.0
2015-05-25 04:45:00,0.0
2015-05-25 05:00:00,0.0
2015-05-25 05:15:00,0.0600829882081341
2015-05-25 05:30:00,0.1367142821087838
2015-05-25 05:45:00,0.097698524435462
2015-05-25 06:00:00,0.1024499206507193
2015-05-25 06:15:00,0.2332913780579776
2015-05-25 06:30:00,0.4497632599597133
2015-05-25 06:45:00,0.6967521737474978
2015-05-25 07:00:00,0.9263001186592428
2015-05-25 07:15:00,1.3659616459984394
2015-05-25 07:30:00,1.2710344350394605
2015-05-25 07:45:00,1.1840334826249057
2015-05-25 08:00:00,1.6254332893125154
2015-05-25 08:15:00,1.622204142011415
2015-05-25 08:30:00,1.8558878804766767
2015-05-25 08:45:00,1.9089181734998777
2015-05-25 09:00:00,3.6933855954271615
2015-05-25 09:15:00,1.9857219800165071
2015-05-25 09:30:00,2.579438632742828
2015-05-25 09:45:00,3.0098715674053844
2015-05-25 10:00:00,2.887411545053346
2015-05-25 10:15:00,1.5314880932399846
2015-05-25 10:30:00,2.507160459749818
2015-05-25 10:45:00,3.35002692906597
2015-05-25 11:00:00,2.3992154041320664
2015-05-25 11:15:00,1.5307281123589518
2015-05-25 11:30:00,1.8949355009406663
2015-05-25 11:45:00,1.563975441829226
2015-05-25 12:00:00,1.8580989676531303
2015-05-25 12:15:00,1.31033220061689
2015-05-25 12:30:00,0.7700180426936702
2015-05-25 12:45:00,0.4925320831861215
2015-05-25 13:00:00,0.728418421223936
2015-05-25 13:15:00,1.495991771391286
2015-05-25 13:30:00,0.9659661721201912
2015-05-25 13:45:00,0.7922944657243426
2015-05-25 14:00:00,0.9150131605776296
2015-05-25 14:15:00,1.2635228569723127
2015-05-25 14:30:00,2.2384775864737483
2015-05-25 14:45:00,1.8249810926754984
2015-05-25 15:00:00,1.953444745388316
2015-05-25 15:15:00,1.9374186191270384
2015-05-25 15:30:00,0.962979340511866
2015-05-25 15:45:00,1.2927974596997758
2015-05-25 16:00:00,2.089311764493095
2015-05-25 16:15:00,1.3702376014102238
2015-05-25 16:30:00,1.2401144862867888
2015-05-25 16:45:00,1.430196894165117
2015-05-25 17:00:00,1.2422788723860645
2015-05-25 17:15:00,1.1186170902496837
2015-05-25 17:30:00,0.6693923698453833
2015-05-25 17:45:00,0.9538231459784584
2015-05-25 18:00:00,0.627331391799375
2015-05-25 18:15:00,0.3979537182130412
2015-05-25 18:30:00,0.2934430060746876
2015-05-25 18:45:00,0.2159543125507995
2015-05-25 19:00:00,0.0
2015-05-25 19:15:00,0.0
2015-05-25 19:30:00,0.0
2015-05-25 19:45:00,0.0
2015-05-25 20:00:00,0.0
2015-05-25 20:15:00,0.0
2015-05-25 20:30:00,0.0
2015-05-25 20:45:00,0.0
2015-05-25 21:00:00,0.0
2015-05-25 21:15:00,0.0
2015-05-25 21:30:00,0.0
2015-05-25 21:45:00,0.0
2015-05-25 22:00:00,0.0
2015-05-25 22:15:00,0.0
2015-05-25 22:30:00,0.0
2015-05-25 22:45:00,0.0
2015-05-25 23:00:00,0.0
2015-05-25 23:15:00,0.0
2015-05-25 23:30:00,0.0
2015-05-25 23:45:00,0.0
2015-05-26 00:00:00,0.0
2015-05-26 00:15:00,0.0
2015-05-26 00:30:00,0.0
2015-05-26 00:45:00,0.0
2015-05-26 01:00:00,0.0
2015-05-26 01:15:00,0.0
2015-05-26 01:30:00,0.0
2015-05-26 01:45:00,0.0
2015-05-26 02:00:00,0.0
2015-05-26 02:15:00,0.0
2015-05-26 02:30:00,0.0
2015-05-26 02:45:00,0.0
2015-05-26 03:00:00,0.0
2015-05-26 03:15:00,0.0
2015-05-26 03:30:00,0.0
2015-05-26 03:45:00,0.0
2015-05-26 04:00:00,0.0
2015-05-26 04:15:00,0.0
2015-05-26 04:30:00,0.0
2015-05-26 04:45:00,0.0
2015-05-26 05:00:00,0.0
2015-05-26 05:15:00,0.0152780178548449
2015-05-26 05:30:00,0.1151516991456528
2015-05-26 05:45:00,0.288407226814992
2015-05-26 06:00:00,0.4891784975369976
2015-05-26 06:15:00,0.5264481086226389
2015-05-26 06:30:00,0.3709587313565565
2015-05-26 06:45:00,0.4113126140363493
2015-05-26 07:00:00,0.6814113482986593
2015-05-26 07:15:00,0.394766517649734
2015-05-26 07:30:00,0.3143601411405019
2015-05-26 07:45:00,1.1490577987293138
2015-05-26 08:00:00,1.9014202055819729
2015-05-26 08:15:00,1.54019072885763
2015-05-26 08:30:00,2.2910521774311525
2015-05-26 08:45:00,1.2821888838262725
2015-05-26 09:00:00,1.3304726802867402
2015-05-26 09:15:00,6.22631126904158
2015-05-26 09:30:00,7.015592009431694
2015-05-26 09:45:00,5.251420657587951
2015-05-26 10:00:00,5.506672768245146
2015-05-26 10:15:00,5.061064570692324
2015-05-26 10:30:00,7.42548605442067
2015-05-26 10:45:00,4.457034043127799
2015-05-26 11:00:00,6.392330938473977
2015-05-26 11:15:00,6.169962870818526
2015-05-26 11:30:00,3.814504977116659
2015-05-26 11:45:00,5.883123947966671
2015-05-26 12:00:00,8.523911423475207
2015-05-26 12:15:00,7.586808548545594
2015-05-26 12:30:00,9.470824393080818
2015-05-26 12:45:00,6.68526660723856
2015-05-26 13:00:00,3.911405233657531
2015-05-26 13:15:00,7.1161108902172
2015-05-26 13:30:00,9.005230491969911
2015-05-26 13:45:00,8.606022695022068
2015-05-26 14:00:00,7.827088469141898
2015-05-26 14:15:00,8.26189677019757
2015-05-26 14:30:00,4.852230697194472
2015-05-26 14:45:00,6.041599851952882
2015-05-26 15:00:00,4.01854493095887
2015-05-26 15:15:00,4.922155426499074
2015-05-26 15:30:00,3.4390126970896686
2015-05-26 15:45:00,4.369904625936577
2015-05-26 16:00:00,4.02328053181047
2015-05-26 16:15:00,3.5204761622653904
2015-05-26 16:30:00,3.6405220526388407
2015-05-26 16:45:00,2.718679862841227
2015-05-26 17:00:00,2.170784947006856
2015-05-26 17:15:00,1.442511891425828
2015-05-26 17:30:00,1.2124025134684675
2015-05-26 17:45:00,0.8873387890367739
2015-05-26 18:00:00,0.5313798674165948
2015-05-26 18:15:00,0.3971914107038091
2015-05-26 18:30:00,0.3708473994326857
2015-05-26 18:45:00,0.2029417564614168
2015-05-26 19:00:00,0.1397589746386937
2015-05-26 19:15:00,0.0
2015-05-26 19:30:00,0.0
2015-05-26 19:45:00,0.0
2015-05-26 20:00:00,0.0
2015-05-26 20:15:00,0.0
2015-05-26 20:30:00,0.0
2015-05-26 20:45:00,0.0
2015-05-26 21:00:00,0.0
2015-05-26 21:15:00,0.0
2015-05-26 21:30:00,0.0
2015-05-26 21:45:00,0.0
2015-05-26 22:00:00,0.0
2015-05-26 22:15:00,0.0
2015-05-26 22:30:00,0.0
2015-05-26 22:45:00,0.0
2015-05-26 23:00:00,0.0
2015-05-26 23:15:00,0.0
2015-05-26 23:30:00,0.0
2015-05-26 23:45:00,0.0
2015-05-27 00:00:00,0.0
2015-05-27 00:15:00,0.0
2015-05-27 00:30:00,0.0
2015-05-27 00:45:00,0.0
2015-05-27 01:00:00,0.0
2015-05-27 01:15:00,0.0
2015-05-27 01:30:00,0.0
2015-05-27 01:45:00,0.0
2015-05-27 02:00:00,0.0
2015-05-27 02:15:00,0.0
2015-05-27 02:30:00,0.0
2015-05-27 02:45:00,0.0
2015-05-27 03:00:00,0.0
2015-05-27 03:15:00,0.0
2015-05-27 03:30:00,0.0
2015-05-27 03:45:00,0.0
2015-05-27 04:00:00,0.0
2015-05-27 04:15:00,0.0
2015-05-27 04:30:00,0.0
2015-05-27 04:45:00,0.0
2015-05-27 05:00:00,0.0047813573540553
2015-05-27 05:15:00,0.1041376093569809
2015-05-27 05:30:00,0.261748542402587
2015-05-27 05:45:00,0.4696736614440835
2015-05-27 06:00:00,0.8549547449077677
2015-05-27 06:15:00,1.328763867755209
2015-05-27 06:30:00,0.8993930802140447
2015-05-27 06:45:00,0.4735396501852242
2015-05-27 07:00:00,0.7102972968653432
2015-05-27 07:15:00,0.9649977329054918
2015-05-27 07:30:00,1.532239348862828
2015-05-27 07:45:00,1.5610919453226162
2015-05-27 08:00:00,4.303200510714339
2015-05-27 08:15:00,4.485076969410002
2015-05-27 08:30:00,5.282301818195496
2015-05-27 08:45:00,5.554660853320399
2015-05-27 09:00:00,4.298056645252704
2015-05-27 09:15:00,3.1140478163621146
2015-05-27 09:30:00,2.7155371444764804
2015-05-27 09:45:00,2.551169603295272
2015-05-27 10:00:00,2.3453300749312165
2015-05-27 10:15:00,2.3991579140026085
2015-05-27 10:30:00,4.279893031169798
2015-05-27 10:45:00,4.874723517981544
2015-05-27 11:00:00,6.801267048375687
2015-05-27 11:15:00,7.664008274515048
2015-05-27 11:30:00,6.019789729401635
2015-05-27 11:45:00,6.255409215223288
2015-05-27 12:00:00,6.805348210402264
2015-05-27 12:15:00,7.740502255004975
2015-05-27 12:30:00,5.875940109375895
2015-05-27 12:45:00,5.910607815688894
2015-05-27 13:00:00,2.747472427911469
2015-05-27 13:15:00,3.3019131004822966
2015-05-27 13:30:00,6.250725881079293
2015-05-27 13:45:00,6.869254346454589
2015-05-27 14:00:00,4.92821324296149
2015-05-27 14:15:00,6.079423013508186
2015-05-27 14:30:00,3.62337186145452
2015-05-27 14:45:00,2.5359435560258667
2015-05-27 15:00:00,2.5399510989957537
2015-05-27 15:15:00,4.09732962751077
2015-05-27 15:30:00,1.8024657731153264
2015-05-27 15:45:00,1.240791989346262
2015-05-27 16:00:00,1.9837150853629528
2015-05-27 16:15:00,1.366546527657544
2015-05-27 16:30:00,0.9253544385698818
2015-05-27 16:45:00,2.165797838875783
2015-05-27 17:00:00,2.2913529628106826
2015-05-27 17:15:00,2.144639037829521
2015-05-27 17:30:00,1.1742223512020031
2015-05-27 17:45:00,0.6717095720165939
2015-05-27 18:00:00,0.4719676968045885
2015-05-27 18:15:00,0.5622184130593916
2015-05-27 18:30:00,0.3547351114689744
2015-05-27 18:45:00,0.5043622939144695
2015-05-27 19:00:00,0.0
2015-05-27 19:15:00,0.0
2015-05-27 19:30:00,0.0
2015-05-27 19:45:00,0.0
2015-05-27 20:00:00,0.0
2015-05-27 20:15:00,0.0
2015-05-27 20:30:00,0.0
2015-05-27 20:45:00,0.0
2015-05-27 21:00:00,0.0
2015-05-27 21:15:00,0.0
2015-05-27 21:30:00,0.0
2015-05-27 21:45:00,0.0
2015-05-27 22:00:00,0.0
2015-05-27 22:15:00,0.0
2015-05-27 22:30:00,0.0
2015-05-27 22:45:00,0.0
2015-05-27 23:00:00,0.0
2015-05-27 23:15:00,0.0
2015-05-27 23:30:00,0.0
2015-05-27 23:45:00,0.0
2015-05-28 00:00:00,0.0
2015-05-28 00:15:00,0.0
2015-05-28 00:30:00,0.0
2015-05-28 00:45:00,0.0
2015-05-28 01:00:00,0.0
2015-05-28 01:15:00,0.0
2015-05-28 01:30:00,0.0
2015-05-28 01:45:00,0.0
2015-05-28 02:00:00,0.0
2015-05-28 02:15:00,0.0
2015-05-28 02:30:00,0.0
2015-05-28 02:45:00,0.0
2015-05-28 03:00:00,0.0
2015-05-28 03:15:00,0.0
2015-05-28 03:30:00,0.0
2015-05-28 03:45:00,0.0
2015-05-28 04:00:00,0.0
2015-05-28 04:15:00,0.0
2015-05-28 04:30:00,0.0
2015-05-28 04:45:00,0.0
2015-05-28 05:00:00,0.0
2015-05-28 05:15:00,0.0
2015-05-28 05:30:00,0.0118914709609693
2015-05-28 05:45:00,0.1243474563856218
2015-05-28 06:00:00,0.3088751218312811
2015-05-28 06:15:00,0.1005353845154418
2015-05-28 06:30:00,0.1338257600735122
2015-05-28 06:45:00,0.5167138852157556
2015-05-28 07:00:00,0.2856755396671985
2015-05-28 07:15:00,0.4792605112595158
2015-05-28 07:30:00,1.2001195794120378
2015-05-28 07:45:00,1.0009162134938736
2015-05-28 08:00:00,1.5715445754382995
2015-05-28 08:15:00,1.6208751013698
2015-05-28 08:30:00,1.328427095191415
2015-05-28 08:45:00,0.7723725407802285
2015-05-28 09:00:00,0.4624316363514684
2015-05-28 09:15:00,0.3043694738232573
2015-05-28 09:30:00,0.410523692850951
2015-05-28 09:45:00,0.6396631109039043
2015-05-28 10:00:00,0.8795692722180773
2015-05-28 10:15:00,0.7111452814703852
2015-05-28 10:30:00,0.9035176111576882
2015-05-28 10:45:00,1.788601042932933
2015-05-28 11:00:00,2.066340337843652
2015-05-28 11:15:00,2.0394694329958867
2015-05-28 11:30:00,2.479616530797124
2015-05-28 11:45:00,5.428175357473921
2015-05-28 12:00:00,2.461510685311397
2015-05-28 12:15:00,3.5793709400884484
2015-05-28 12:30:00,3.2662361621188745
2015-05-28 12:45:00,2.423006993131253
2015-05-28 13:00:00,3.598427079245612
2015-05-28 13:15:00,7.156838302111853
2015-05-28 13:30:00,7.562056009449956
2015-05-28 13:45:00,2.288462466511719
2015-05-28 14:00:00,1.7429633515569716
2015-05-28 14:15:00,0.3048480767855788
2015-05-28 14:30:00,0.1732113268773174
2015-05-28 14:45:00,0.2400279543484665
2015-05-28 15:00:00,0.9865160290543682
2015-05-28 15:15:00,1.7168828058650916
2015-05-28 15:30:00,0.3842592686655252
2015-05-28 15:45:00,3.0584305761892194
2015-05-28 16:00:00,4.101721107642982
2015-05-28 16:15:00,2.8995093639341043
2015-05-28 16:30:00,2.381133558874833
2015-05-28 16:45:00,2.747028917488055
2015-05-28 17:00:00,2.308164558768272
2015-05-28 17:15:00,1.5625670523874151
2015-05-28 17:30:00,1.2893650565100578
2015-05-28 17:45:00,1.0861829530671951
2015-05-28 18:00:00,0.7744523474124041
2015-05-28 18:15:00,0.4964494928771925
2015-05-28 18:30:00,0.435049256075874
2015-05-28 18:45:00,0.5344586098674348
2015-05-28 19:00:00,0.0
2015-05-28 19:15:00,0.0
2015-05-28 19:30:00,0.0
2015-05-28 19:45:00,0.0
2015-05-28 20:00:00,0.0
2015-05-28 20:15:00,0.0
2015-05-28 20:30:00,0.0
2015-05-28 20:45:00,0.0
2015-05-28 21:00:00,0.0
2015-05-28 21:15:00,0.0
2015-05-28 21:30:00,0.0
2015-05-28 21:45:00,0.0
2015-05-28 22:00:00,0.0
2015-05-28 22:15:00,0.0
2015-05-28 22:30:00,0.0
2015-05-28 22:45:00,0.0
2015-05-28 23:00:00,0.0
2015-05-28 23:15:00,0.0
2015-05-28 23:30:00,0.0
2015-05-28 23:45:00,0.0
2015-05-29 00:00:00,0.0
2015-05-29 00:15:00,0.0
2015-05-29 00:30:00,0.0
2015-05-29 00:45:00,0.0
2015-05-29 01:00:00,0.0
2015-05-29 01:15:00,0.0
2015-05-29 01:30:00,0.0
2015-05-29 01:45:00,0.0
2015-05-29 02:00:00,0.0
2015-05-29 02:15:00,0.0
2015-05-29 02:30:00,0.0
2015-05-29 02:45:00,0.0
2015-05-29 03:00:00,0.0
2015-05-29 03:15:00,0.0
2015-05-29 03:30:00,0.0
2015-05-29 03:45:00,0.0
2015-05-29 04:00:00,0.0
2015-05-29 04:15:00,0.0
2015-05-29 04:30:00,0.0
2015-05-29 04:45:00,0.0
2015-05-29 05:00:00,0.0
2015-05-29 05:15:00,0.0591058449263491
2015-05-29 05:30:00,0.1413983768950271
2015-05-29 05:45:00,0.1810455126068064
2015-05-29 06:00:00,0.2006637739923144
2015-05-29 06:15:00,0.354469901464724
2015-05-29 06:30:00,0.314595739640396
2015-05-29 06:45:00,0.3577031253777999
2015-05-29 07:00:00,0.3909004190035177
2015-05-29 07:15:00,0.6962838439519333
2015-05-29 07:30:00,1.168517218060632
2015-05-29 07:45:00,2.296504807245382
2015-05-29 08:00:00,2.856343023612591
2015-05-29 08:15:00,3.279319510270948
2015-05-29 08:30:00,3.3965822158770984
2015-05-29 08:45:00,5.129205049038813
2015-05-29 09:00:00,5.212313328405745
2015-05-29 09:15:00,6.304225260382712
2015-05-29 09:30:00,5.85446512605733
2015-05-29 09:45:00,5.848704758066784
2015-05-29 10:00:00,7.027220444634348
2015-05-29 10:15:00,6.637720847796331
2015-05-29 10:30:00,5.13660351581994
2015-05-29 10:45:00,5.7947969381034925
2015-05-29 11:00:00,4.873757845868791
2015-05-29 11:15:00,9.290366783948883
2015-05-29 11:30:00,9.38604245223696
2015-05-29 11:45:00,6.813468680397941
2015-05-29 12:00:00,6.813183162974709
2015-05-29 12:15:00,5.64609491659238
2015-05-29 12:30:00,6.660090691789248
2015-05-29 12:45:00,7.083936284501803
2015-05-29 13:00:00,6.688877145429145
2015-05-29 13:15:00,2.141321340105016
2015-05-29 13:30:00,4.043072165364931
2015-05-29 13:45:00,3.377151391445195
2015-05-29 14:00:00,3.101404134798598
2015-05-29 14:15:00,4.213761293939326
2015-05-29 14:30:00,8.090949745454731
2015-05-29 14:45:00,3.419072106319814
2015-05-29 15:00:00,6.076365825897974
2015-05-29 15:15:00,5.116371363601073
2015-05-29 15:30:00,3.082512248700769
2015-05-29 15:45:00,4.491499391468973
2015-05-29 16:00:00,2.6835907424215155
2015-05-29 16:15:00,2.6575348110012387
2015-05-29 16:30:00,2.470849763711329
2015-05-29 16:45:00,2.856604784800332
2015-05-29 17:00:00,2.6675061989373616
2015-05-29 17:15:00,1.8234144876881573
2015-05-29 17:30:00,1.1653515041783136
2015-05-29 17:45:00,0.9321791538810472
2015-05-29 18:00:00,0.7980580202857478
2015-05-29 18:15:00,1.246334070622472
2015-05-29 18:30:00,0.4609905485409375
2015-05-29 18:45:00,0.054512116841171
2015-05-29 19:00:00,0.0073433577439116
2015-05-29 19:15:00,0.0
2015-05-29 19:30:00,0.0
2015-05-29 19:45:00,0.0
2015-05-29 20:00:00,0.0
2015-05-29 20:15:00,0.0
2015-05-29 20:30:00,0.0
2015-05-29 20:45:00,0.0
2015-05-29 21:00:00,0.0
2015-05-29 21:15:00,0.0
2015-05-29 21:30:00,0.0
2015-05-29 21:45:00,0.0
2015-05-29 22:00:00,0.0
2015-05-29 22:15:00,0.0
2015-05-29 22:30:00,0.0
2015-05-29 22:45:00,0.0
2015-05-29 23:00:00,0.0
2015-05-29 23:15:00,0.0
2015-05-29 23:30:00,0.0
2015-05-29 23:45:00,0.0
2015-05-30 00:00:00,0.0
2015-05-30 00:15:00,0.0
2015-05-30 00:30:00,0.0
2015-05-30 00:45:00,0.0
2015-05-30 01:00:00,0.0
2015-05-30 01:15:00,0.0
2015-05-30 01:30:00,0.0
2015-05-30 01:45:00,0.0
2015-05-30 02:00:00,0.0
2015-05-30 02:15:00,0.0
2015-05-30 02:30:00,0.0
2015-05-30 02:45:00,0.0
2015-05-30 03:00:00,0.0
2015-05-30 03:15:00,0.0
2015-05-30 03:30:00,0.0
2015-05-30 03:45:00,0.0
2015-05-30 04:00:00,0.0
2015-05-30 04:15:00,0.0
2015-05-30 04:30:00,0.0
2015-05-30 04:45:00,0.0
2015-05-30 05:00:00,0.0
2015-05-30 05:15:00,0.0
2015-05-30 05:30:00,0.0116135512797489
2015-05-30 05:45:00,0.0296823764320103
2015-05-30 06:00:00,0.1011733907022154
2015-05-30 06:15:00,0.2395443348261972
2015-05-30 06:30:00,0.4134512831557325
2015-05-30 06:45:00,0.5978875977480798
2015-05-30 07:00:00,0.4847006125736233
2015-05-30 07:15:00,0.491665267033211
2015-05-30 07:30:00,0.906299980245237
2015-05-30 07:45:00,1.7814125168004713
2015-05-30 08:00:00,1.027008709845451
2015-05-30 08:15:00,1.0154470747829585
2015-05-30 08:30:00,1.0715164596390856
2015-05-30 08:45:00,1.20685726323671
2015-05-30 09:00:00,1.2134544213739138
2015-05-30 09:15:00,1.1317571974264986
2015-05-30 09:30:00,1.213597634404898
2015-05-30 09:45:00,1.6069639491024024
2015-05-30 10:00:00,1.7008296604587978
2015-05-30 10:15:00,1.5332738877108256
2015-05-30 10:30:00,2.019772769742922
2015-05-30 10:45:00,2.2947648141817574
2015-05-30 11:00:00,3.3125720435139128
2015-05-30 11:15:00,4.6125729682708645
2015-05-30 11:30:00,6.384439899253684
2015-05-30 11:45:00,5.572634792233219
2015-05-30 12:00:00,4.108985734060392
2015-05-30 12:15:00,1.623560644883236
2015-05-30 12:30:00,4.097958141484266
2015-05-30 12:45:00,6.531624961267241
2015-05-30 13:00:00,4.584359478858028
2015-05-30 13:15:00,1.642937148516529
2015-05-30 13:30:00,2.477170174923084
2015-05-30 13:45:00,3.3693134160140854
2015-05-30 14:00:00,2.43615153285703
2015-05-30 14:15:00,5.971135608794879
2015-05-30 14:30:00,6.902477752744442
2015-05-30 14:45:00,7.484651301811957
2015-05-30 15:00:00,3.063481648058884
2015-05-30 15:15:00,6.267025569065834
2015-05-30 15:30:00,5.980614490530106
2015-05-30 15:45:00,4.800915284573686
2015-05-30 16:00:00,4.460159136078755
2015-05-30 16:15:00,2.775879654009498
2015-05-30 16:30:00,2.730158628053379
2015-05-30 16:45:00,2.771484648933964
2015-05-30 17:00:00,2.00989717246664
2015-05-30 17:15:00,1.6237082931295144
2015-05-30 17:30:00,1.4506086159162837
2015-05-30 17:45:00,1.2770648930328004
2015-05-30 18:00:00,1.2894419716740158
2015-05-30 18:15:00,1.1233140682135534
2015-05-30 18:30:00,0.7426123164316687
2015-05-30 18:45:00,0.5041234344827167
2015-05-30 19:00:00,0.0
2015-05-30 19:15:00,0.0
2015-05-30 19:30:00,0.0
2015-05-30 19:45:00,0.0
2015-05-30 20:00:00,0.0
2015-05-30 20:15:00,0.0
2015-05-30 20:30:00,0.0
2015-05-30 20:45:00,0.0
2015-05-30 21:00:00,0.0
2015-05-30 21:15:00,0.0
2015-05-30 21:30:00,0.0
2015-05-30 21:45:00,0.0
2015-05-30 22:00:00,0.0
2015-05-30 22:15:00,0.0
2015-05-30 22:30:00,0.0
2015-05-30 22:45:00,0.0
2015-05-30 23:00:00,0.0
2015-05-30 23:15:00,0.0
2015-05-30 23:30:00,0.0
2015-05-30 23:45:00,0.0
2015-05-31 00:00:00,0.0
2015-05-31 00:15:00,0.0
2015-05-31 00:30:00,0.0
2015-05-31 00:45:00,0.0
2015-05-31 01:00:00,0.0
2015-05-31 01:15:00,0.0
2015-05-31 01:30:00,0.0
2015-05-31 01:45:00,0.0
2015-05-31 02:00:00,0.0
2015-05-31 02:15:00,0.0
2015-05-31 02:30:00,0.0
2015-05-31 02:45:00,0.0
2015-05-31 03:00:00,0.0
2015-05-31 03:15:00,0.0
2015-05-31 03:30:00,0.0
2015-05-31 03:45:00,0.0
2015-05-31 04:00:00,0.0
2015-05-31 04:15:00,0.0
2015-05-31 04:30:00,0.0
2015-05-31 04:45:00,0.0
2015-05-31 05:00:00,0.0
2015-05-31 05:15:00,0.0900593378728923
2015-05-31 05:30:00,0.2900631255069738
2015-05-31 05:45:00,0.3035104772588638
2015-05-31 06:00:00,0.7016216123908021
2015-05-31 06:15:00,0.8978786506016037
2015-05-31 06:30:00,1.1218151501815825
2015-05-31 06:45:00,1.6034816775501726
2015-05-31 07:00:00,2.0626797565492923
2015-05-31 07:15:00,2.2706117579060527
2015-05-31 07:30:00,1.08136717818734
2015-05-31 07:45:00,1.2012182193064014
2015-05-31 08:00:00,1.7762997316559814
2015-05-31 08:15:00,2.167134317708755
2015-05-31 08:30:00,2.5197384915057954
2015-05-31 08:45:00,4.003716772852266
2015-05-31 09:00:00,3.702297693552547
2015-05-31 09:15:00,5.044907614540725
2015-05-31 09:30:00,4.677381563951203
2015-05-31 09:45:00,4.140782401108697
2015-05-31 10:00:00,3.579935648207251
2015-05-31 10:15:00,3.559341106279353
2015-05-31 10:30:00,6.378269079870101
2015-05-31 10:45:00,3.486222858823881
2015-05-31 11:00:00,4.431932752782057
2015-05-31 11:15:00,5.499250882963456
2015-05-31 11:30:00,8.036509583093101
2015-05-31 11:45:00,8.14187695553904
2015-05-31 12:00:00,8.495092007488184
2015-05-31 12:15:00,6.105536787190699
2015-05-31 12:30:00,2.5721432339612544
2015-05-31 12:45:00,6.007670599228976
2015-05-31 13:00:00,6.725540738250975
2015-05-31 13:15:00,5.54340991499372
2015-05-31 13:30:00,5.904343484144938
2015-05-31 13:45:00,5.860205090906145
2015-05-31 14:00:00,6.262088121660439
2015-05-31 14:15:00,6.414695371004285
2015-05-31 14:30:00,7.493457108282041
2015-05-31 14:45:00,4.10354872404484
2015-05-31 15:00:00,2.2800755935000443
2015-05-31 15:15:00,3.900194151773561
2015-05-31 15:30:00,3.023388843646069
2015-05-31 15:45:00,4.456852235536819
2015-05-31 16:00:00,4.15672480288415
2015-05-31 16:15:00,3.509325209472422
2015-05-31 16:30:00,3.039380637873341
2015-05-31 16:45:00,2.4846101603784883
2015-05-31 17:00:00,1.6934561026828858
2015-05-31 17:15:00,1.4335993438593877
2015-05-31 17:30:00,1.10983023300296
2015-05-31 17:45:00,0.8714560734195106
2015-05-31 18:00:00,0.8284482679736197
2015-05-31 18:15:00,0.6563104167877614
2015-05-31 18:30:00,0.4643569867182005
2015-05-31 18:45:00,0.0798004870423717
2015-05-31 19:00:00,0.0
2015-05-31 19:15:00,0.0
2015-05-31 19:30:00,0.0
2015-05-31 19:45:00,0.0
2015-05-31 20:00:00,0.0
2015-05-31 20:15:00,0.0
2015-05-31 20:30:00,0.0
2015-05-31 20:45:00,0.0
2015-05-31 21:00:00,0.0
2015-05-31 21:15:00,0.0
2015-05-31 21:30:00,0.0
2015-05-31 21:45:00,0.0
2015-05-31 22:00:00,0.0
2015-05-31 22:15:00,0.0
2015-05-31 22:30:00,0.0
2015-05-31 22:45:00,0.0
2015-05-31 23:00:00,0.0
2015-05-31 23:15:00,0.0
2015-05-31 23:30:00,0.0
2015-05-31 23:45:00,0.0
