datetime,Load_kW
2015-04-01 00:00:00,0.5362666666666667
2015-04-01 00:15:00,0.5166666666666666
2015-04-01 00:30:00,0.4961333333333333
2015-04-01 00:45:00,0.5868
2015-04-01 01:00:00,0.5492666666666667
2015-04-01 01:15:00,0.6108
2015-04-01 01:30:00,0.5470666666666667
2015-04-01 01:45:00,0.3146
2015-04-01 02:00:00,0.2958666666666666
2015-04-01 02:15:00,0.2860666666666666
2015-04-01 02:30:00,0.4149333333333333
2015-04-01 02:45:00,0.2806666666666667
2015-04-01 03:00:00,0.3952
2015-04-01 03:15:00,0.412
2015-04-01 03:30:00,0.4331333333333333
2015-04-01 03:45:00,0.4919333333333333
2015-04-01 04:00:00,0.5286000000000001
2015-04-01 04:15:00,0.3964
2015-04-01 04:30:00,0.2658666666666667
2015-04-01 04:45:00,0.2973333333333333
2015-04-01 05:00:00,0.2428
2015-04-01 05:15:00,0.2698
2015-04-01 05:30:00,0.2766
2015-04-01 05:45:00,0.2720666666666667
2015-04-01 06:00:00,0.3336
2015-04-01 06:15:00,0.6482666666666667
2015-04-01 06:30:00,0.6214
2015-04-01 06:45:00,0.9489333333333332
2015-04-01 07:00:00,0.3142
2015-04-01 07:15:00,0.3347333333333333
2015-04-01 07:30:00,0.5433333333333333
2015-04-01 07:45:00,0.2204
2015-04-01 08:00:00,0.2299333333333333
2015-04-01 08:15:00,0.2186
2015-04-01 08:30:00,0.2441333333333333
2015-04-01 08:45:00,0.2842
2015-04-01 09:00:00,0.2615333333333333
2015-04-01 09:15:00,0.3097333333333333
2015-04-01 09:30:00,0.2218666666666666
2015-04-01 09:45:00,0.2339333333333333
2015-04-01 10:00:00,0.2366666666666666
2015-04-01 10:15:00,0.2170666666666666
2015-04-01 10:30:00,0.2246
2015-04-01 10:45:00,0.2010666666666666
2015-04-01 11:00:00,0.2656
2015-04-01 11:15:00,0.3348
2015-04-01 11:30:00,0.4716666666666667
2015-04-01 11:45:00,0.3776
2015-04-01 12:00:00,0.3963333333333333
2015-04-01 12:15:00,0.4289333333333333
2015-04-01 12:30:00,0.3085333333333334
2015-04-01 12:45:00,0.4350666666666666
2015-04-01 13:00:00,0.3654
2015-04-01 13:15:00,0.3253333333333333
2015-04-01 13:30:00,0.3209333333333333
2015-04-01 13:45:00,0.4868666666666666
2015-04-01 14:00:00,0.5639333333333333
2015-04-01 14:15:00,0.5832
2015-04-01 14:30:00,0.4923333333333333
2015-04-01 14:45:00,0.3162
2015-04-01 15:00:00,0.3722
2015-04-01 15:15:00,0.4254
2015-04-01 15:30:00,0.4108666666666666
2015-04-01 15:45:00,0.3414666666666666
2015-04-01 16:00:00,0.3258
2015-04-01 16:15:00,0.3289333333333333
2015-04-01 16:30:00,0.4319333333333333
2015-04-01 16:45:00,1.3330666666666666
2015-04-01 17:00:00,1.1170666666666669
2015-04-01 17:15:00,0.8002666666666667
2015-04-01 17:30:00,2.0060666666666664
2015-04-01 17:45:00,1.0216666666666667
2015-04-01 18:00:00,1.2428
2015-04-01 18:15:00,0.5664666666666667
2015-04-01 18:30:00,0.6447999999999999
2015-04-01 18:45:00,0.7944
2015-04-01 19:00:00,2.2606
2015-04-01 19:15:00,1.0639333333333334
2015-04-01 19:30:00,0.6828
2015-04-01 19:45:00,0.5764666666666667
2015-04-01 20:00:00,0.6073333333333334
2015-04-01 20:15:00,0.6696
2015-04-01 20:30:00,3.188333333333333
2015-04-01 20:45:00,3.3054
2015-04-01 21:00:00,1.3298666666666663
2015-04-01 21:15:00,0.8348
2015-04-01 21:30:00,0.3932666666666666
2015-04-01 21:45:00,0.4983999999999999
2015-04-01 22:00:00,0.3404666666666666
2015-04-01 22:15:00,0.3957333333333333
2015-04-01 22:30:00,0.4445333333333333
2015-04-01 22:45:00,0.4538666666666667
2015-04-01 23:00:00,0.4131333333333333
2015-04-01 23:15:00,0.3879333333333333
2015-04-01 23:30:00,0.3928
2015-04-01 23:45:00,0.3632666666666666
2015-04-02 00:00:00,0.4393333333333333
2015-04-02 00:15:00,0.434
2015-04-02 00:30:00,0.6654666666666667
2015-04-02 00:45:00,1.0019333333333331
2015-04-02 01:00:00,2.2902666666666667
2015-04-02 01:15:00,2.326866666666666
2015-04-02 01:30:00,2.3290666666666664
2015-04-02 01:45:00,2.3022
2015-04-02 02:00:00,0.5772666666666667
2015-04-02 02:15:00,0.4586666666666666
2015-04-02 02:30:00,0.3212
2015-04-02 02:45:00,0.3218666666666667
2015-04-02 03:00:00,0.2905333333333333
2015-04-02 03:15:00,0.3065333333333334
2015-04-02 03:30:00,0.3163999999999999
2015-04-02 03:45:00,0.3876666666666666
2015-04-02 04:00:00,0.4007333333333333
2015-04-02 04:15:00,0.334
2015-04-02 04:30:00,0.3360666666666667
2015-04-02 04:45:00,0.2617333333333334
2015-04-02 05:00:00,0.3106666666666667
2015-04-02 05:15:00,0.3059333333333333
2015-04-02 05:30:00,0.3783333333333333
2015-04-02 05:45:00,0.3124666666666666
2015-04-02 06:00:00,0.2897333333333333
2015-04-02 06:15:00,0.311
2015-04-02 06:30:00,0.349
2015-04-02 06:45:00,0.4259333333333333
2015-04-02 07:00:00,0.3406666666666667
2015-04-02 07:15:00,0.344
2015-04-02 07:30:00,0.3466666666666667
2015-04-02 07:45:00,0.2455333333333333
2015-04-02 08:00:00,0.2231333333333333
2015-04-02 08:15:00,1.6042666666666667
2015-04-02 08:30:00,1.0782
2015-04-02 08:45:00,0.578
2015-04-02 09:00:00,0.3315333333333333
2015-04-02 09:15:00,0.3245333333333333
2015-04-02 09:30:00,0.8779333333333332
2015-04-02 09:45:00,0.7502666666666666
2015-04-02 10:00:00,0.286
2015-04-02 10:15:00,0.2211999999999999
2015-04-02 10:30:00,0.9442
2015-04-02 10:45:00,0.3021999999999999
2015-04-02 11:00:00,3.097066666666666
2015-04-02 11:15:00,3.7602
2015-04-02 11:30:00,0.5610666666666667
2015-04-02 11:45:00,0.7362000000000001
2015-04-02 12:00:00,0.5349333333333333
2015-04-02 12:15:00,0.6018
2015-04-02 12:30:00,0.5392666666666667
2015-04-02 12:45:00,0.2907333333333333
2015-04-02 13:00:00,0.2748
2015-04-02 13:15:00,0.3176666666666667
2015-04-02 13:30:00,0.2800666666666667
2015-04-02 13:45:00,0.1234
2015-04-02 14:00:00,0.1688
2015-04-02 14:15:00,0.1290666666666666
2015-04-02 14:30:00,0.1626
2015-04-02 14:45:00,0.2184666666666666
2015-04-02 15:00:00,0.1611999999999999
2015-04-02 15:15:00,0.2626666666666666
2015-04-02 15:30:00,0.1945333333333333
2015-04-02 15:45:00,0.1714666666666666
2015-04-02 16:00:00,0.1670666666666666
2015-04-02 16:15:00,0.2002666666666666
2015-04-02 16:30:00,0.1535333333333333
2015-04-02 16:45:00,0.1268
2015-04-02 17:00:00,0.1666
2015-04-02 17:15:00,0.1507333333333333
2015-04-02 17:30:00,0.3138
2015-04-02 17:45:00,0.4682666666666666
2015-04-02 18:00:00,0.5222666666666667
2015-04-02 18:15:00,0.6603333333333333
2015-04-02 18:30:00,0.4319333333333333
2015-04-02 18:45:00,2.8969333333333336
2015-04-02 19:00:00,2.1619333333333333
2015-04-02 19:15:00,1.8908666666666665
2015-04-02 19:30:00,0.9183333333333332
2015-04-02 19:45:00,0.6564
2015-04-02 20:00:00,0.8766666666666666
2015-04-02 20:15:00,0.6724666666666667
2015-04-02 20:30:00,0.7351333333333333
2015-04-02 20:45:00,0.9421333333333334
2015-04-02 21:00:00,0.5859333333333333
2015-04-02 21:15:00,0.6296
2015-04-02 21:30:00,0.7175333333333334
2015-04-02 21:45:00,0.5784666666666667
2015-04-02 22:00:00,0.5112
2015-04-02 22:15:00,0.8535333333333333
2015-04-02 22:30:00,2.8394666666666666
2015-04-02 22:45:00,2.6542
2015-04-02 23:00:00,2.2386666666666666
2015-04-02 23:15:00,1.9514
2015-04-02 23:30:00,2.155333333333333
2015-04-02 23:45:00,0.904
2015-04-03 00:00:00,0.6065333333333333
2015-04-03 00:15:00,0.6394666666666667
2015-04-03 00:30:00,0.5804
2015-04-03 00:45:00,0.3875333333333333
2015-04-03 01:00:00,0.7026666666666667
2015-04-03 01:15:00,0.5394
2015-04-03 01:30:00,0.5676666666666667
2015-04-03 01:45:00,0.6633333333333333
2015-04-03 02:00:00,0.6948666666666666
2015-04-03 02:15:00,0.6262000000000001
2015-04-03 02:30:00,0.6003999999999999
2015-04-03 02:45:00,0.5185333333333333
2015-04-03 03:00:00,0.4672
2015-04-03 03:15:00,0.2633333333333333
2015-04-03 03:30:00,0.3082
2015-04-03 03:45:00,0.2174
2015-04-03 04:00:00,0.2035333333333333
2015-04-03 04:15:00,0.2048666666666666
2015-04-03 04:30:00,0.2732
2015-04-03 04:45:00,0.2702
2015-04-03 05:00:00,0.1393333333333333
2015-04-03 05:15:00,0.2254666666666666
2015-04-03 05:30:00,0.1641999999999999
2015-04-03 05:45:00,0.1584
2015-04-03 06:00:00,0.1581333333333333
2015-04-03 06:15:00,0.1752
2015-04-03 06:30:00,0.2576666666666667
2015-04-03 06:45:00,0.2034
2015-04-03 07:00:00,0.3184666666666666
2015-04-03 07:15:00,0.3186666666666667
2015-04-03 07:30:00,0.3393333333333333
2015-04-03 07:45:00,0.2276666666666666
2015-04-03 08:00:00,1.0269333333333337
2015-04-03 08:15:00,1.3802666666666668
2015-04-03 08:30:00,0.5646666666666667
2015-04-03 08:45:00,1.1142
2015-04-03 09:00:00,1.1848
2015-04-03 09:15:00,1.0098
2015-04-03 09:30:00,1.6396666666666668
2015-04-03 09:45:00,1.5427333333333333
2015-04-03 10:00:00,1.6443333333333332
2015-04-03 10:15:00,2.8806666666666665
2015-04-03 10:30:00,2.1294
2015-04-03 10:45:00,1.4456
2015-04-03 11:00:00,1.7597333333333334
2015-04-03 11:15:00,1.9948
2015-04-03 11:30:00,1.4483333333333333
2015-04-03 11:45:00,1.466
2015-04-03 12:00:00,0.9729333333333332
2015-04-03 12:15:00,0.9044
2015-04-03 12:30:00,0.5887333333333333
2015-04-03 12:45:00,0.5841333333333333
2015-04-03 13:00:00,1.0584
2015-04-03 13:15:00,0.7313999999999999
2015-04-03 13:30:00,0.5933333333333334
2015-04-03 13:45:00,0.4765333333333333
2015-04-03 14:00:00,0.5119333333333334
2015-04-03 14:15:00,0.5464666666666667
2015-04-03 14:30:00,0.4674
2015-04-03 14:45:00,0.542
2015-04-03 15:00:00,0.5327333333333334
2015-04-03 15:15:00,0.5458
2015-04-03 15:30:00,1.8255333333333328
2015-04-03 15:45:00,3.2624
2015-04-03 16:00:00,2.3444000000000003
2015-04-03 16:15:00,5.2426
2015-04-03 16:30:00,5.020266666666666
2015-04-03 16:45:00,0.9328666666666666
2015-04-03 17:00:00,0.6869333333333333
2015-04-03 17:15:00,0.5491333333333334
2015-04-03 17:30:00,0.4821333333333333
2015-04-03 17:45:00,0.3309333333333333
2015-04-03 18:00:00,0.2864666666666666
2015-04-03 18:15:00,0.3936666666666666
2015-04-03 18:30:00,0.6028
2015-04-03 18:45:00,0.2474
2015-04-03 19:00:00,0.2168
2015-04-03 19:15:00,0.1745333333333333
2015-04-03 19:30:00,0.4313333333333333
2015-04-03 19:45:00,0.7349333333333333
2015-04-03 20:00:00,0.7943333333333333
2015-04-03 20:15:00,0.5024666666666666
2015-04-03 20:30:00,0.4804
2015-04-03 20:45:00,0.5201333333333333
2015-04-03 21:00:00,0.669
2015-04-03 21:15:00,0.5834666666666667
2015-04-03 21:30:00,0.5175333333333333
2015-04-03 21:45:00,0.4564666666666666
2015-04-03 22:00:00,0.5428
2015-04-03 22:15:00,0.4740666666666666
2015-04-03 22:30:00,0.5774
2015-04-03 22:45:00,0.4195333333333333
2015-04-03 23:00:00,0.6251333333333333
2015-04-03 23:15:00,0.6733333333333333
2015-04-03 23:30:00,0.7928666666666667
2015-04-03 23:45:00,0.8318
2015-04-04 00:00:00,0.7586666666666666
2015-04-04 00:15:00,0.7212666666666666
2015-04-04 00:30:00,0.9148666666666668
2015-04-04 00:45:00,0.8502000000000001
2015-04-04 01:00:00,1.8898
2015-04-04 01:15:00,2.606133333333333
2015-04-04 01:30:00,4.876133333333334
2015-04-04 01:45:00,0.5668
2015-04-04 02:00:00,0.6410666666666667
2015-04-04 02:15:00,0.6851333333333334
2015-04-04 02:30:00,0.6544666666666668
2015-04-04 02:45:00,0.6433333333333334
2015-04-04 03:00:00,0.6264666666666667
2015-04-04 03:15:00,0.614
2015-04-04 03:30:00,0.5812
2015-04-04 03:45:00,0.6094666666666667
2015-04-04 04:00:00,0.6234666666666667
2015-04-04 04:15:00,0.4856
2015-04-04 04:30:00,0.4968666666666667
2015-04-04 04:45:00,0.9330666666666668
2015-04-04 05:00:00,0.3496
2015-04-04 05:15:00,0.2658666666666667
2015-04-04 05:30:00,0.23
2015-04-04 05:45:00,0.2125999999999999
2015-04-04 06:00:00,0.2577333333333333
2015-04-04 06:15:00,0.2472666666666667
2015-04-04 06:30:00,0.2737333333333333
2015-04-04 06:45:00,0.5035333333333334
2015-04-04 07:00:00,0.23
2015-04-04 07:15:00,0.337
2015-04-04 07:30:00,0.3252
2015-04-04 07:45:00,0.2648
2015-04-04 08:00:00,0.28
2015-04-04 08:15:00,0.2194666666666666
2015-04-04 08:30:00,0.2526666666666666
2015-04-04 08:45:00,0.2056666666666666
2015-04-04 09:00:00,0.4753333333333333
2015-04-04 09:15:00,0.9378
2015-04-04 09:30:00,0.4665333333333333
2015-04-04 09:45:00,1.4095333333333333
2015-04-04 10:00:00,1.1452
2015-04-04 10:15:00,3.5123333333333333
2015-04-04 10:30:00,3.1892
2015-04-04 10:45:00,4.508866666666667
2015-04-04 11:00:00,5.520933333333334
2015-04-04 11:15:00,7.4064
2015-04-04 11:30:00,4.7016
2015-04-04 11:45:00,2.2024666666666666
2015-04-04 12:00:00,1.4154
2015-04-04 12:15:00,0.9794666666666668
2015-04-04 12:30:00,0.7662
2015-04-04 12:45:00,0.4699333333333333
2015-04-04 13:00:00,0.4556
2015-04-04 13:15:00,0.4457333333333333
2015-04-04 13:30:00,0.6602666666666667
2015-04-04 13:45:00,0.7878666666666667
2015-04-04 14:00:00,0.8327333333333333
2015-04-04 14:15:00,2.3816666666666664
2015-04-04 14:30:00,1.5944
2015-04-04 14:45:00,2.2064666666666666
2015-04-04 15:00:00,1.3136
2015-04-04 15:15:00,0.6986
2015-04-04 15:30:00,0.6456000000000001
2015-04-04 15:45:00,1.7895333333333332
2015-04-04 16:00:00,1.4860666666666666
2015-04-04 16:15:00,0.2705333333333333
2015-04-04 16:30:00,0.226
2015-04-04 16:45:00,1.6594666666666666
2015-04-04 17:00:00,2.2793333333333337
2015-04-04 17:15:00,1.9074
2015-04-04 17:30:00,1.846666666666667
2015-04-04 17:45:00,1.2209333333333334
2015-04-04 18:00:00,0.3001333333333333
2015-04-04 18:15:00,0.2223333333333333
2015-04-04 18:30:00,0.2641333333333333
2015-04-04 18:45:00,0.2576
2015-04-04 19:00:00,0.2882
2015-04-04 19:15:00,0.2214
2015-04-04 19:30:00,0.2706
2015-04-04 19:45:00,0.3303999999999999
2015-04-04 20:00:00,0.2712666666666666
2015-04-04 20:15:00,0.2530666666666666
2015-04-04 20:30:00,1.1019333333333334
2015-04-04 20:45:00,0.8141333333333334
2015-04-04 21:00:00,0.3071333333333333
2015-04-04 21:15:00,0.3381333333333333
2015-04-04 21:30:00,0.3346
2015-04-04 21:45:00,0.318
2015-04-04 22:00:00,0.3558666666666666
2015-04-04 22:15:00,0.3205333333333333
2015-04-04 22:30:00,0.3576
2015-04-04 22:45:00,0.2270666666666666
2015-04-04 23:00:00,0.2735333333333333
2015-04-04 23:15:00,0.7992
2015-04-04 23:30:00,0.4953999999999999
2015-04-04 23:45:00,0.5041333333333333
2015-04-05 00:00:00,0.5503333333333333
2015-04-05 00:15:00,0.5224666666666667
2015-04-05 00:30:00,0.4897333333333333
2015-04-05 00:45:00,0.5049333333333333
2015-04-05 01:00:00,0.3896666666666666
2015-04-05 01:15:00,0.343
2015-04-05 01:30:00,0.2817333333333333
2015-04-05 01:45:00,0.3736666666666667
2015-04-05 02:00:00,0.3485333333333333
2015-04-05 02:15:00,0.3166
2015-04-05 02:30:00,0.3227333333333333
2015-04-05 02:45:00,0.3
2015-04-05 03:00:00,0.3454666666666666
2015-04-05 03:15:00,0.3461333333333333
2015-04-05 03:30:00,0.3251333333333333
2015-04-05 03:45:00,0.3078
2015-04-05 04:00:00,0.6475333333333333
2015-04-05 04:15:00,0.4517333333333334
2015-04-05 04:30:00,0.793
2015-04-05 04:45:00,0.2951999999999999
2015-04-05 05:00:00,0.2424
2015-04-05 05:15:00,0.2238
2015-04-05 05:30:00,0.2946666666666667
2015-04-05 05:45:00,0.3382
2015-04-05 06:00:00,0.2159333333333333
2015-04-05 06:15:00,0.2406666666666666
2015-04-05 06:30:00,0.2004666666666666
2015-04-05 06:45:00,0.2513333333333333
2015-04-05 07:00:00,0.2152666666666667
2015-04-05 07:15:00,0.2591333333333333
2015-04-05 07:30:00,0.2460666666666666
2015-04-05 07:45:00,0.3202666666666666
2015-04-05 08:00:00,0.3407333333333333
2015-04-05 08:15:00,0.2497333333333333
2015-04-05 08:30:00,0.2402
2015-04-05 08:45:00,0.7279333333333333
2015-04-05 09:00:00,0.6033333333333334
2015-04-05 09:15:00,0.3198
2015-04-05 09:30:00,0.2702
2015-04-05 09:45:00,0.7313333333333334
2015-04-05 10:00:00,0.5519333333333333
2015-04-05 10:15:00,0.28
2015-04-05 10:30:00,0.3541333333333333
2015-04-05 10:45:00,0.3165333333333333
2015-04-05 11:00:00,4.674533333333334
2015-04-05 11:15:00,1.6628
2015-04-05 11:30:00,1.4438666666666666
2015-04-05 11:45:00,1.232
2015-04-05 12:00:00,0.4588666666666667
2015-04-05 12:15:00,0.2486666666666666
2015-04-05 12:30:00,0.1838
2015-04-05 12:45:00,1.0794
2015-04-05 13:00:00,1.4882666666666666
2015-04-05 13:15:00,0.3276
2015-04-05 13:30:00,0.1635333333333333
2015-04-05 13:45:00,0.2058
2015-04-05 14:00:00,0.1606666666666666
2015-04-05 14:15:00,0.1938
2015-04-05 14:30:00,0.5409333333333333
2015-04-05 14:45:00,0.5126000000000001
2015-04-05 15:00:00,0.37
2015-04-05 15:15:00,0.6715333333333333
2015-04-05 15:30:00,0.582
2015-04-05 15:45:00,0.6372666666666666
2015-04-05 16:00:00,0.5783333333333334
2015-04-05 16:15:00,0.4903333333333333
2015-04-05 16:30:00,0.5251333333333333
2015-04-05 16:45:00,0.4754
2015-04-05 17:00:00,0.5346666666666666
2015-04-05 17:15:00,0.5845333333333333
2015-04-05 17:30:00,0.5144666666666667
2015-04-05 17:45:00,0.8458
2015-04-05 18:00:00,0.5590666666666667
2015-04-05 18:15:00,0.5648
2015-04-05 18:30:00,0.6325333333333333
2015-04-05 18:45:00,0.6544
2015-04-05 19:00:00,0.5739333333333333
2015-04-05 19:15:00,0.5586666666666666
2015-04-05 19:30:00,0.7778666666666667
2015-04-05 19:45:00,1.5844
2015-04-05 20:00:00,2.5784
2015-04-05 20:15:00,0.9255333333333332
2015-04-05 20:30:00,0.582
2015-04-05 20:45:00,0.7041333333333333
2015-04-05 21:00:00,0.7840666666666667
2015-04-05 21:15:00,0.6354
2015-04-05 21:30:00,0.5957333333333333
2015-04-05 21:45:00,0.5435333333333333
2015-04-05 22:00:00,0.5146000000000001
2015-04-05 22:15:00,0.5241333333333333
2015-04-05 22:30:00,0.5521333333333334
2015-04-05 22:45:00,0.5983333333333334
2015-04-05 23:00:00,0.5439333333333333
2015-04-05 23:15:00,0.4674666666666666
2015-04-05 23:30:00,0.5209333333333332
2015-04-05 23:45:00,0.5294
2015-04-06 00:00:00,0.6553333333333333
2015-04-06 00:15:00,0.565
2015-04-06 00:30:00,0.5923333333333334
2015-04-06 00:45:00,0.7028666666666666
2015-04-06 01:00:00,0.3931333333333333
2015-04-06 01:15:00,0.4682
2015-04-06 01:30:00,0.3408666666666666
2015-04-06 01:45:00,0.4130666666666666
2015-04-06 02:00:00,0.3256
2015-04-06 02:15:00,0.3552
2015-04-06 02:30:00,0.3507333333333333
2015-04-06 02:45:00,0.3040666666666666
2015-04-06 03:00:00,0.3229333333333333
2015-04-06 03:15:00,0.1626666666666666
2015-04-06 03:30:00,0.2388666666666666
2015-04-06 03:45:00,0.2889333333333333
2015-04-06 04:00:00,0.2857333333333333
2015-04-06 04:15:00,0.2334666666666666
2015-04-06 04:30:00,0.2744666666666666
2015-04-06 04:45:00,0.2653333333333333
2015-04-06 05:00:00,0.2670666666666667
2015-04-06 05:15:00,0.3601999999999999
2015-04-06 05:30:00,0.2834666666666666
2015-04-06 05:45:00,0.3238
2015-04-06 06:00:00,0.2437333333333333
2015-04-06 06:15:00,0.2313333333333333
2015-04-06 06:30:00,0.5624666666666667
2015-04-06 06:45:00,0.8312666666666666
2015-04-06 07:00:00,0.2821333333333333
2015-04-06 07:15:00,0.2539333333333333
2015-04-06 07:30:00,0.3841333333333333
2015-04-06 07:45:00,0.2946
2015-04-06 08:00:00,0.3056
2015-04-06 08:15:00,0.2268666666666666
2015-04-06 08:30:00,0.2578
2015-04-06 08:45:00,0.2322666666666666
2015-04-06 09:00:00,0.2
2015-04-06 09:15:00,0.2092
2015-04-06 09:30:00,0.2638666666666667
2015-04-06 09:45:00,0.3339333333333333
2015-04-06 10:00:00,0.3772666666666666
2015-04-06 10:15:00,0.3470666666666667
2015-04-06 10:30:00,0.3167333333333333
2015-04-06 10:45:00,0.3765333333333334
2015-04-06 11:00:00,0.4092
2015-04-06 11:15:00,0.6926
2015-04-06 11:30:00,0.9563333333333334
2015-04-06 11:45:00,0.6574666666666666
2015-04-06 12:00:00,2.6491333333333333
2015-04-06 12:15:00,4.5178666666666665
2015-04-06 12:30:00,0.3394
2015-04-06 12:45:00,0.2349333333333333
2015-04-06 13:00:00,0.4014
2015-04-06 13:15:00,0.3251333333333333
2015-04-06 13:30:00,0.3128666666666667
2015-04-06 13:45:00,0.3270666666666666
2015-04-06 14:00:00,0.3156
2015-04-06 14:15:00,0.4162666666666667
2015-04-06 14:30:00,0.331
2015-04-06 14:45:00,0.3177333333333333
2015-04-06 15:00:00,0.2986666666666667
2015-04-06 15:15:00,0.4000666666666667
2015-04-06 15:30:00,0.4241333333333333
2015-04-06 15:45:00,0.4616
2015-04-06 16:00:00,0.4783333333333333
2015-04-06 16:15:00,0.4728666666666666
2015-04-06 16:30:00,0.6512666666666667
2015-04-06 16:45:00,0.7068666666666666
2015-04-06 17:00:00,0.5116
2015-04-06 17:15:00,0.4877333333333333
2015-04-06 17:30:00,0.6237333333333334
2015-04-06 17:45:00,0.6650666666666667
2015-04-06 18:00:00,0.3592666666666667
2015-04-06 18:15:00,0.3607333333333333
2015-04-06 18:30:00,0.2008666666666666
2015-04-06 18:45:00,0.1840666666666666
2015-04-06 19:00:00,0.2629333333333333
2015-04-06 19:15:00,0.1898
2015-04-06 19:30:00,0.1585333333333333
2015-04-06 19:45:00,0.1678
2015-04-06 20:00:00,0.193
2015-04-06 20:15:00,0.1924
2015-04-06 20:30:00,0.2257333333333333
2015-04-06 20:45:00,1.6194000000000002
2015-04-06 21:00:00,0.5064666666666666
2015-04-06 21:15:00,0.3847333333333333
2015-04-06 21:30:00,0.4398
2015-04-06 21:45:00,0.4732
2015-04-06 22:00:00,0.4122666666666666
2015-04-06 22:15:00,0.4284
2015-04-06 22:30:00,0.6456000000000001
2015-04-06 22:45:00,0.6243333333333334
2015-04-06 23:00:00,0.8292666666666666
2015-04-06 23:15:00,0.6939333333333333
2015-04-06 23:30:00,0.9529333333333332
2015-04-06 23:45:00,0.7142000000000001
2015-04-07 00:00:00,0.6950666666666667
2015-04-07 00:15:00,0.7424
2015-04-07 00:30:00,0.5244
2015-04-07 00:45:00,0.5112666666666666
2015-04-07 01:00:00,0.402
2015-04-07 01:15:00,0.4121333333333333
2015-04-07 01:30:00,0.4148
2015-04-07 01:45:00,0.3721333333333333
2015-04-07 02:00:00,0.2302666666666666
2015-04-07 02:15:00,0.3062666666666666
2015-04-07 02:30:00,0.2759333333333333
2015-04-07 02:45:00,0.1977333333333333
2015-04-07 03:00:00,0.241
2015-04-07 03:15:00,0.3
2015-04-07 03:30:00,0.3293999999999999
2015-04-07 03:45:00,0.2486
2015-04-07 04:00:00,0.3138666666666667
2015-04-07 04:15:00,0.3096
2015-04-07 04:30:00,0.3072666666666666
2015-04-07 04:45:00,0.3128
2015-04-07 05:00:00,0.2676
2015-04-07 05:15:00,0.2366
2015-04-07 05:30:00,0.2758
2015-04-07 05:45:00,0.2444
2015-04-07 06:00:00,0.7005333333333333
2015-04-07 06:15:00,0.4228666666666666
2015-04-07 06:30:00,0.1747333333333333
2015-04-07 06:45:00,1.2518
2015-04-07 07:00:00,0.7323999999999999
2015-04-07 07:15:00,0.4308666666666667
2015-04-07 07:30:00,0.2060666666666666
2015-04-07 07:45:00,1.3882
2015-04-07 08:00:00,0.5756666666666667
2015-04-07 08:15:00,0.2712
2015-04-07 08:30:00,0.2037333333333333
2015-04-07 08:45:00,0.2662
2015-04-07 09:00:00,0.2264666666666666
2015-04-07 09:15:00,0.2798
2015-04-07 09:30:00,0.27
2015-04-07 09:45:00,0.3708
2015-04-07 10:00:00,0.35
2015-04-07 10:15:00,0.3008
2015-04-07 10:30:00,0.3609333333333333
2015-04-07 10:45:00,0.5066666666666667
2015-04-07 11:00:00,0.5606
2015-04-07 11:15:00,0.3198
2015-04-07 11:30:00,0.2824666666666666
2015-04-07 11:45:00,0.2515333333333333
2015-04-07 12:00:00,0.2836666666666667
2015-04-07 12:15:00,0.3158
2015-04-07 12:30:00,0.2854
2015-04-07 12:45:00,0.3654
2015-04-07 13:00:00,0.3944
2015-04-07 13:15:00,0.3834666666666666
2015-04-07 13:30:00,0.4304666666666666
2015-04-07 13:45:00,0.4353333333333333
2015-04-07 14:00:00,0.4911333333333333
2015-04-07 14:15:00,0.6564666666666666
2015-04-07 14:30:00,0.7934666666666667
2015-04-07 14:45:00,0.3458
2015-04-07 15:00:00,0.306
2015-04-07 15:15:00,0.3090666666666666
2015-04-07 15:30:00,0.2078
2015-04-07 15:45:00,0.4167333333333333
2015-04-07 16:00:00,0.4742
2015-04-07 16:15:00,0.2968
2015-04-07 16:30:00,0.2573999999999999
2015-04-07 16:45:00,0.5156000000000001
2015-04-07 17:00:00,0.3447333333333333
2015-04-07 17:15:00,0.3299333333333333
2015-04-07 17:30:00,0.24
2015-04-07 17:45:00,0.3892666666666666
2015-04-07 18:00:00,0.6906666666666667
2015-04-07 18:15:00,0.3070666666666666
2015-04-07 18:30:00,0.5762
2015-04-07 18:45:00,0.8542000000000001
2015-04-07 19:00:00,0.7912
2015-04-07 19:15:00,0.4321333333333333
2015-04-07 19:30:00,0.6396666666666666
2015-04-07 19:45:00,0.478
2015-04-07 20:00:00,0.308
2015-04-07 20:15:00,0.4447333333333333
2015-04-07 20:30:00,1.5392
2015-04-07 20:45:00,0.7635333333333333
2015-04-07 21:00:00,0.3858666666666667
2015-04-07 21:15:00,0.4569333333333333
2015-04-07 21:30:00,0.5401333333333334
2015-04-07 21:45:00,0.5388
2015-04-07 22:00:00,0.5832
2015-04-07 22:15:00,0.6531333333333333
2015-04-07 22:30:00,0.5948
2015-04-07 22:45:00,0.5544
2015-04-07 23:00:00,0.5927333333333333
2015-04-07 23:15:00,0.5092666666666666
2015-04-07 23:30:00,0.6118666666666667
2015-04-07 23:45:00,0.5121333333333333
2015-04-08 00:00:00,0.6012666666666666
2015-04-08 00:15:00,0.6176
2015-04-08 00:30:00,0.6581333333333333
2015-04-08 00:45:00,0.5811333333333333
2015-04-08 01:00:00,0.5536
2015-04-08 01:15:00,0.4956666666666667
2015-04-08 01:30:00,0.4882666666666666
2015-04-08 01:45:00,0.3156
2015-04-08 02:00:00,0.311
2015-04-08 02:15:00,0.2334
2015-04-08 02:30:00,0.1795333333333333
2015-04-08 02:45:00,0.204
2015-04-08 03:00:00,0.2155333333333333
2015-04-08 03:15:00,0.2423333333333333
2015-04-08 03:30:00,0.1492
2015-04-08 03:45:00,0.1471333333333333
2015-04-08 04:00:00,0.1482666666666666
2015-04-08 04:15:00,0.2004
2015-04-08 04:30:00,0.1431333333333333
2015-04-08 04:45:00,0.1961999999999999
2015-04-08 05:00:00,0.23
2015-04-08 05:15:00,0.2179333333333333
2015-04-08 05:30:00,0.3273999999999999
2015-04-08 05:45:00,0.3244666666666666
2015-04-08 06:00:00,0.3488
2015-04-08 06:15:00,0.2728
2015-04-08 06:30:00,0.2901333333333333
2015-04-08 06:45:00,0.4502
2015-04-08 07:00:00,0.7175333333333334
2015-04-08 07:15:00,0.3459333333333333
2015-04-08 07:30:00,0.2115333333333333
2015-04-08 07:45:00,0.1827333333333333
2015-04-08 08:00:00,0.2283333333333333
2015-04-08 08:15:00,0.2488
2015-04-08 08:30:00,0.1789333333333333
2015-04-08 08:45:00,0.2248
2015-04-08 09:00:00,0.1400666666666666
2015-04-08 09:15:00,0.1748666666666666
2015-04-08 09:30:00,0.1402
2015-04-08 09:45:00,0.1766
2015-04-08 10:00:00,0.145
2015-04-08 10:15:00,0.1580666666666666
2015-04-08 10:30:00,0.2002666666666666
2015-04-08 10:45:00,0.5815333333333333
2015-04-08 11:00:00,0.7062
2015-04-08 11:15:00,0.3055333333333334
2015-04-08 11:30:00,0.2536
2015-04-08 11:45:00,0.2190666666666666
2015-04-08 12:00:00,0.4635333333333333
2015-04-08 12:15:00,0.3364666666666666
2015-04-08 12:30:00,0.4536666666666666
2015-04-08 12:45:00,0.3374666666666666
2015-04-08 13:00:00,0.3322
2015-04-08 13:15:00,0.3180666666666666
2015-04-08 13:30:00,0.3967333333333333
2015-04-08 13:45:00,0.3327333333333333
2015-04-08 14:00:00,0.3402666666666666
2015-04-08 14:15:00,0.5893999999999999
2015-04-08 14:30:00,0.9762
2015-04-08 14:45:00,0.833
2015-04-08 15:00:00,0.3750666666666666
2015-04-08 15:15:00,1.0992
2015-04-08 15:30:00,0.3494
2015-04-08 15:45:00,0.3936666666666666
2015-04-08 16:00:00,0.4008
2015-04-08 16:15:00,0.4671333333333333
2015-04-08 16:30:00,0.2633999999999999
2015-04-08 16:45:00,0.3208666666666667
2015-04-08 17:00:00,0.3255333333333333
2015-04-08 17:15:00,0.3634666666666666
2015-04-08 17:30:00,0.3274666666666666
2015-04-08 17:45:00,0.319
2015-04-08 18:00:00,0.6855333333333333
2015-04-08 18:15:00,0.4076666666666667
2015-04-08 18:30:00,0.4818
2015-04-08 18:45:00,0.3342
2015-04-08 19:00:00,0.7448666666666667
2015-04-08 19:15:00,1.335
2015-04-08 19:30:00,0.6332000000000001
2015-04-08 19:45:00,2.349733333333333
2015-04-08 20:00:00,4.315066666666667
2015-04-08 20:15:00,1.2647333333333333
2015-04-08 20:30:00,0.7413333333333334
2015-04-08 20:45:00,1.9721333333333333
2015-04-08 21:00:00,2.1790666666666665
2015-04-08 21:15:00,0.993
2015-04-08 21:30:00,0.8016666666666666
2015-04-08 21:45:00,0.7538666666666667
2015-04-08 22:00:00,0.5928
2015-04-08 22:15:00,0.6490666666666667
2015-04-08 22:30:00,0.5861333333333333
2015-04-08 22:45:00,0.4963333333333333
2015-04-08 23:00:00,0.433
2015-04-08 23:15:00,0.4095333333333333
2015-04-08 23:30:00,0.534
2015-04-08 23:45:00,0.4982
2015-04-09 00:00:00,0.4938666666666667
2015-04-09 00:15:00,0.4937333333333333
2015-04-09 00:30:00,0.5416
2015-04-09 00:45:00,0.4312666666666666
2015-04-09 01:00:00,0.4012666666666666
2015-04-09 01:15:00,0.4056
2015-04-09 01:30:00,0.4463999999999999
2015-04-09 01:45:00,0.4933999999999999
2015-04-09 02:00:00,0.4782666666666667
2015-04-09 02:15:00,0.2996
2015-04-09 02:30:00,0.3619333333333333
2015-04-09 02:45:00,0.3538
2015-04-09 03:00:00,0.4134666666666666
2015-04-09 03:15:00,0.6267333333333334
2015-04-09 03:30:00,0.1212
2015-04-09 03:45:00,0.1656666666666666
2015-04-09 04:00:00,0.1686
2015-04-09 04:15:00,0.2743333333333333
2015-04-09 04:30:00,0.2631333333333333
2015-04-09 04:45:00,0.2013333333333333
2015-04-09 05:00:00,0.2260666666666666
2015-04-09 05:15:00,0.154
2015-04-09 05:30:00,0.1439333333333333
2015-04-09 05:45:00,0.1542666666666667
2015-04-09 06:00:00,0.3289333333333333
2015-04-09 06:15:00,0.7862666666666667
2015-04-09 06:30:00,0.2833333333333333
2015-04-09 06:45:00,0.2484
2015-04-09 07:00:00,0.2541333333333333
2015-04-09 07:15:00,0.1608
2015-04-09 07:30:00,0.1631999999999999
2015-04-09 07:45:00,0.1228666666666666
2015-04-09 08:00:00,0.1832666666666667
2015-04-09 08:15:00,0.1943333333333333
2015-04-09 08:30:00,0.2419333333333333
2015-04-09 08:45:00,0.6890666666666667
2015-04-09 09:00:00,0.9672
2015-04-09 09:15:00,1.0764
2015-04-09 09:30:00,0.3927333333333333
2015-04-09 09:45:00,1.2891333333333337
2015-04-09 10:00:00,0.2771333333333333
2015-04-09 10:15:00,0.3271333333333333
2015-04-09 10:30:00,0.2823333333333333
2015-04-09 10:45:00,0.2886666666666667
2015-04-09 11:00:00,0.142
2015-04-09 11:15:00,0.1587333333333333
2015-04-09 11:30:00,0.2012666666666666
2015-04-09 11:45:00,0.236
2015-04-09 12:00:00,0.2460666666666666
2015-04-09 12:15:00,0.1284
2015-04-09 12:30:00,0.1704666666666666
2015-04-09 12:45:00,0.1226666666666666
2015-04-09 13:00:00,0.2594666666666666
2015-04-09 13:15:00,0.3029333333333333
2015-04-09 13:30:00,0.3585333333333333
2015-04-09 13:45:00,0.3115333333333334
2015-04-09 14:00:00,0.4738
2015-04-09 14:15:00,0.5838
2015-04-09 14:30:00,0.5616666666666666
2015-04-09 14:45:00,0.9872666666666666
2015-04-09 15:00:00,2.6377333333333333
2015-04-09 15:15:00,0.8180666666666667
2015-04-09 15:30:00,0.6322666666666666
2015-04-09 15:45:00,0.6410666666666667
2015-04-09 16:00:00,0.6056
2015-04-09 16:15:00,0.6368666666666667
2015-04-09 16:30:00,0.6778
2015-04-09 16:45:00,0.6665333333333333
2015-04-09 17:00:00,0.5138666666666667
2015-04-09 17:15:00,0.5310666666666667
2015-04-09 17:30:00,0.4743333333333333
2015-04-09 17:45:00,0.4462666666666666
2015-04-09 18:00:00,0.407
2015-04-09 18:15:00,0.2934
2015-04-09 18:30:00,0.2326
2015-04-09 18:45:00,0.2045333333333333
2015-04-09 19:00:00,0.3048666666666667
2015-04-09 19:15:00,0.2807333333333333
2015-04-09 19:30:00,0.2769333333333333
2015-04-09 19:45:00,0.5324666666666666
2015-04-09 20:00:00,0.6836666666666666
2015-04-09 20:15:00,1.5328666666666666
2015-04-09 20:30:00,0.839
2015-04-09 20:45:00,0.664
2015-04-09 21:00:00,0.6610666666666667
2015-04-09 21:15:00,0.2954666666666666
2015-04-09 21:30:00,0.5038666666666667
2015-04-09 21:45:00,0.5598
2015-04-09 22:00:00,0.5340666666666667
2015-04-09 22:15:00,0.6892666666666667
2015-04-09 22:30:00,0.7331333333333333
2015-04-09 22:45:00,0.8302666666666666
2015-04-09 23:00:00,0.7689333333333332
2015-04-09 23:15:00,0.7085333333333333
2015-04-09 23:30:00,0.757
2015-04-09 23:45:00,0.4646666666666667
2015-04-10 00:00:00,0.5464
2015-04-10 00:15:00,0.5258666666666667
2015-04-10 00:30:00,0.5285333333333333
2015-04-10 00:45:00,0.3488
2015-04-10 01:00:00,0.2158666666666666
2015-04-10 01:15:00,0.1518
2015-04-10 01:30:00,0.1938666666666667
2015-04-10 01:45:00,0.1545333333333333
2015-04-10 02:00:00,0.1819333333333333
2015-04-10 02:15:00,0.1412
2015-04-10 02:30:00,0.2210666666666666
2015-04-10 02:45:00,0.2642
2015-04-10 03:00:00,0.2231333333333333
2015-04-10 03:15:00,0.1934666666666666
2015-04-10 03:30:00,0.1374666666666666
2015-04-10 03:45:00,0.1566666666666666
2015-04-10 04:00:00,0.1409333333333333
2015-04-10 04:15:00,0.1619333333333333
2015-04-10 04:30:00,0.1953333333333333
2015-04-10 04:45:00,0.3309333333333333
2015-04-10 05:00:00,0.2523333333333333
2015-04-10 05:15:00,0.3383333333333333
2015-04-10 05:30:00,0.2371333333333333
2015-04-10 05:45:00,0.2454666666666666
2015-04-10 06:00:00,0.2745333333333333
2015-04-10 06:15:00,0.2636666666666666
2015-04-10 06:30:00,0.253
2015-04-10 06:45:00,0.2987333333333333
2015-04-10 07:00:00,0.3323333333333333
2015-04-10 07:15:00,0.2902666666666667
2015-04-10 07:30:00,1.2726
2015-04-10 07:45:00,0.2509333333333333
2015-04-10 08:00:00,0.4402666666666666
2015-04-10 08:15:00,0.5678
2015-04-10 08:30:00,0.7240666666666667
2015-04-10 08:45:00,2.3660666666666668
2015-04-10 09:00:00,1.3514666666666666
2015-04-10 09:15:00,0.4559333333333333
2015-04-10 09:30:00,0.4122666666666666
2015-04-10 09:45:00,1.566
2015-04-10 10:00:00,1.1690666666666667
2015-04-10 10:15:00,0.3128
2015-04-10 10:30:00,0.2371333333333333
2015-04-10 10:45:00,0.1629333333333333
2015-04-10 11:00:00,0.1795333333333333
2015-04-10 11:15:00,0.2093333333333333
2015-04-10 11:30:00,0.1819333333333333
2015-04-10 11:45:00,0.1280666666666666
2015-04-10 12:00:00,0.2105333333333333
2015-04-10 12:15:00,1.1545999999999998
2015-04-10 12:30:00,3.4752
2015-04-10 12:45:00,0.3692666666666666
2015-04-10 13:00:00,0.3896666666666666
2015-04-10 13:15:00,0.3452
2015-04-10 13:30:00,0.2445333333333333
2015-04-10 13:45:00,0.2796666666666667
2015-04-10 14:00:00,0.2206
2015-04-10 14:15:00,0.2368666666666666
2015-04-10 14:30:00,0.2409333333333333
2015-04-10 14:45:00,0.398
2015-04-10 15:00:00,0.3228666666666667
2015-04-10 15:15:00,0.4871999999999999
2015-04-10 15:30:00,0.5322666666666667
2015-04-10 15:45:00,0.3956666666666666
2015-04-10 16:00:00,0.7970666666666667
2015-04-10 16:15:00,0.355
2015-04-10 16:30:00,1.939533333333333
2015-04-10 16:45:00,0.5049333333333333
2015-04-10 17:00:00,0.3022666666666666
2015-04-10 17:15:00,0.3056
2015-04-10 17:30:00,0.4671333333333333
2015-04-10 17:45:00,1.0959333333333334
2015-04-10 18:00:00,1.6594666666666666
2015-04-10 18:15:00,0.2956
2015-04-10 18:30:00,0.2517333333333333
2015-04-10 18:45:00,0.1976
2015-04-10 19:00:00,0.2888666666666666
2015-04-10 19:15:00,0.4294666666666666
2015-04-10 19:30:00,0.5946
2015-04-10 19:45:00,1.778
2015-04-10 20:00:00,0.9401333333333334
2015-04-10 20:15:00,0.5619333333333333
2015-04-10 20:30:00,0.4606
2015-04-10 20:45:00,0.4097333333333333
2015-04-10 21:00:00,0.3613333333333333
2015-04-10 21:15:00,0.3382
2015-04-10 21:30:00,0.2638666666666667
2015-04-10 21:45:00,0.3063333333333333
2015-04-10 22:00:00,0.3056666666666667
2015-04-10 22:15:00,0.3258
2015-04-10 22:30:00,0.3333333333333333
2015-04-10 22:45:00,0.2972666666666667
2015-04-10 23:00:00,0.3669333333333333
2015-04-10 23:15:00,0.3592666666666667
2015-04-10 23:30:00,0.3324666666666666
2015-04-10 23:45:00,0.2946
2015-04-11 00:00:00,0.4109333333333333
2015-04-11 00:15:00,0.3253333333333333
2015-04-11 00:30:00,0.2686
2015-04-11 00:45:00,0.2716
2015-04-11 01:00:00,0.2938666666666666
2015-04-11 01:15:00,0.2916666666666667
2015-04-11 01:30:00,0.4592
2015-04-11 01:45:00,0.2724
2015-04-11 02:00:00,0.2385333333333333
2015-04-11 02:15:00,0.1811333333333333
2015-04-11 02:30:00,0.1379333333333333
2015-04-11 02:45:00,0.1524666666666666
2015-04-11 03:00:00,0.1204
2015-04-11 03:15:00,0.1614
2015-04-11 03:30:00,0.1551333333333333
2015-04-11 03:45:00,0.1734666666666666
2015-04-11 04:00:00,0.2454666666666666
2015-04-11 04:15:00,0.2489333333333333
2015-04-11 04:30:00,0.1427333333333333
2015-04-11 04:45:00,0.146
2015-04-11 05:00:00,0.1556666666666666
2015-04-11 05:15:00,0.1466
2015-04-11 05:30:00,0.2134
2015-04-11 05:45:00,0.1487333333333333
2015-04-11 06:00:00,0.1698666666666666
2015-04-11 06:15:00,0.156
2015-04-11 06:30:00,0.313
2015-04-11 06:45:00,0.2841333333333333
2015-04-11 07:00:00,0.308
2015-04-11 07:15:00,0.2498666666666666
2015-04-11 07:30:00,0.2810666666666667
2015-04-11 07:45:00,0.2973333333333333
2015-04-11 08:00:00,0.2386
2015-04-11 08:15:00,0.2128666666666666
2015-04-11 08:30:00,0.2193333333333333
2015-04-11 08:45:00,0.4062
2015-04-11 09:00:00,0.8551333333333333
2015-04-11 09:15:00,1.2565333333333333
2015-04-11 09:30:00,0.3186666666666667
2015-04-11 09:45:00,0.3293999999999999
2015-04-11 10:00:00,0.1937333333333333
2015-04-11 10:15:00,0.4934666666666666
2015-04-11 10:30:00,0.3666666666666667
2015-04-11 10:45:00,0.7166
2015-04-11 11:00:00,2.0916
2015-04-11 11:15:00,1.2127333333333334
2015-04-11 11:30:00,2.5401333333333334
2015-04-11 11:45:00,3.0408000000000004
2015-04-11 12:00:00,3.9578
2015-04-11 12:15:00,3.1842
2015-04-11 12:30:00,1.7404666666666666
2015-04-11 12:45:00,0.6068666666666667
2015-04-11 13:00:00,0.2649333333333333
2015-04-11 13:15:00,0.2547333333333333
2015-04-11 13:30:00,0.2268
2015-04-11 13:45:00,0.2497333333333333
2015-04-11 14:00:00,0.3054666666666666
2015-04-11 14:15:00,0.3380666666666667
2015-04-11 14:30:00,0.3585333333333333
2015-04-11 14:45:00,0.18
2015-04-11 15:00:00,0.4878666666666666
2015-04-11 15:15:00,0.7961333333333334
2015-04-11 15:30:00,0.2375333333333333
2015-04-11 15:45:00,0.3072
2015-04-11 16:00:00,0.1951999999999999
2015-04-11 16:15:00,0.1703333333333333
2015-04-11 16:30:00,0.2059333333333333
2015-04-11 16:45:00,0.2151333333333333
2015-04-11 17:00:00,0.2418666666666666
2015-04-11 17:15:00,0.1726
2015-04-11 17:30:00,0.193
2015-04-11 17:45:00,0.2209333333333333
2015-04-11 18:00:00,0.343
2015-04-11 18:15:00,0.3740666666666666
2015-04-11 18:30:00,0.3707333333333333
2015-04-11 18:45:00,0.2688
2015-04-11 19:00:00,0.3146
2015-04-11 19:15:00,0.4470666666666666
2015-04-11 19:30:00,0.4988
2015-04-11 19:45:00,1.0793333333333333
2015-04-11 20:00:00,0.8280666666666667
2015-04-11 20:15:00,0.9282666666666668
2015-04-11 20:30:00,0.7306666666666666
2015-04-11 20:45:00,0.8014
2015-04-11 21:00:00,0.8534666666666667
2015-04-11 21:15:00,0.7485333333333333
2015-04-11 21:30:00,0.6622
2015-04-11 21:45:00,0.7964666666666667
2015-04-11 22:00:00,0.7882666666666667
2015-04-11 22:15:00,0.8230666666666667
2015-04-11 22:30:00,1.1838
2015-04-11 22:45:00,0.8900666666666667
2015-04-11 23:00:00,0.5861333333333333
2015-04-11 23:15:00,0.4935333333333334
2015-04-11 23:30:00,0.6387333333333334
2015-04-11 23:45:00,0.5121333333333333
2015-04-12 00:00:00,0.6233333333333334
2015-04-12 00:15:00,0.6103999999999999
2015-04-12 00:30:00,0.6033333333333334
2015-04-12 00:45:00,0.6294666666666667
2015-04-12 01:00:00,0.455
2015-04-12 01:15:00,0.5573333333333333
2015-04-12 01:30:00,0.4542
2015-04-12 01:45:00,0.4325333333333334
2015-04-12 02:00:00,0.491
2015-04-12 02:15:00,0.2964666666666666
2015-04-12 02:30:00,0.6209333333333332
2015-04-12 02:45:00,0.5352666666666667
2015-04-12 03:00:00,0.4632666666666666
2015-04-12 03:15:00,0.3189333333333333
2015-04-12 03:30:00,0.5136666666666666
2015-04-12 03:45:00,0.4334666666666666
2015-04-12 04:00:00,0.4676666666666667
2015-04-12 04:15:00,0.5243333333333333
2015-04-12 04:30:00,0.3132
2015-04-12 04:45:00,0.2398
2015-04-12 05:00:00,0.1888666666666666
2015-04-12 05:15:00,0.2058
2015-04-12 05:30:00,0.2208666666666666
2015-04-12 05:45:00,0.2180666666666666
2015-04-12 06:00:00,0.2752666666666666
2015-04-12 06:15:00,0.3192
2015-04-12 06:30:00,0.4710666666666667
2015-04-12 06:45:00,0.7363999999999999
2015-04-12 07:00:00,0.2971999999999999
2015-04-12 07:15:00,0.3398
2015-04-12 07:30:00,0.1664
2015-04-12 07:45:00,0.2168666666666666
2015-04-12 08:00:00,0.2407333333333333
2015-04-12 08:15:00,0.1988666666666666
2015-04-12 08:30:00,0.1672666666666666
2015-04-12 08:45:00,0.1301333333333333
2015-04-12 09:00:00,0.1788666666666666
2015-04-12 09:15:00,0.1354
2015-04-12 09:30:00,0.2060666666666666
2015-04-12 09:45:00,0.1408
2015-04-12 10:00:00,0.1452
2015-04-12 10:15:00,0.1496666666666666
2015-04-12 10:30:00,0.1801333333333333
2015-04-12 10:45:00,0.2270666666666666
2015-04-12 11:00:00,0.2172666666666667
2015-04-12 11:15:00,0.37
2015-04-12 11:30:00,0.9634
2015-04-12 11:45:00,0.4282666666666666
2015-04-12 12:00:00,0.2835333333333333
2015-04-12 12:15:00,0.4628666666666666
2015-04-12 12:30:00,0.5189333333333332
2015-04-12 12:45:00,0.4258
2015-04-12 13:00:00,0.5004
2015-04-12 13:15:00,1.408
2015-04-12 13:30:00,1.7038
2015-04-12 13:45:00,0.5038
2015-04-12 14:00:00,0.5141333333333333
2015-04-12 14:15:00,0.6000666666666667
2015-04-12 14:30:00,0.6998
2015-04-12 14:45:00,0.4002666666666666
2015-04-12 15:00:00,0.7726000000000001
2015-04-12 15:15:00,0.6784
2015-04-12 15:30:00,0.7785333333333333
2015-04-12 15:45:00,0.8366
2015-04-12 16:00:00,0.5102
2015-04-12 16:15:00,0.7492666666666666
2015-04-12 16:30:00,0.6998666666666666
2015-04-12 16:45:00,0.5204666666666667
2015-04-12 17:00:00,0.7455333333333333
2015-04-12 17:15:00,0.5313333333333333
2015-04-12 17:30:00,0.345
2015-04-12 17:45:00,0.3756666666666667
2015-04-12 18:00:00,0.4266
2015-04-12 18:15:00,0.3586666666666667
2015-04-12 18:30:00,0.6511333333333333
2015-04-12 18:45:00,1.1521333333333337
2015-04-12 19:00:00,0.7281333333333333
2015-04-12 19:15:00,0.4108
2015-04-12 19:30:00,0.5266000000000001
2015-04-12 19:45:00,0.5535333333333333
2015-04-12 20:00:00,0.6717333333333333
2015-04-12 20:15:00,0.6311333333333333
2015-04-12 20:30:00,0.7544
2015-04-12 20:45:00,0.9724666666666668
2015-04-12 21:00:00,0.3092
2015-04-12 21:15:00,0.5683333333333334
2015-04-12 21:30:00,0.4396666666666667
2015-04-12 21:45:00,0.4052
2015-04-12 22:00:00,0.5871333333333333
2015-04-12 22:15:00,1.7521333333333335
2015-04-12 22:30:00,0.8478
2015-04-12 22:45:00,0.8074
2015-04-12 23:00:00,0.7183333333333334
2015-04-12 23:15:00,0.5778
2015-04-12 23:30:00,0.6357999999999999
2015-04-12 23:45:00,0.6167333333333334
2015-04-13 00:00:00,0.6058666666666667
2015-04-13 00:15:00,0.5499333333333333
2015-04-13 00:30:00,0.4823333333333333
2015-04-13 00:45:00,0.4759333333333333
2015-04-13 01:00:00,0.3806
2015-04-13 01:15:00,0.3673333333333333
2015-04-13 01:30:00,0.2656
2015-04-13 01:45:00,0.2892666666666666
2015-04-13 02:00:00,0.2995333333333334
2015-04-13 02:15:00,0.3245333333333333
2015-04-13 02:30:00,0.3748
2015-04-13 02:45:00,0.4556
2015-04-13 03:00:00,0.3028
2015-04-13 03:15:00,0.2721333333333333
2015-04-13 03:30:00,0.3135333333333334
2015-04-13 03:45:00,0.286
2015-04-13 04:00:00,0.4942666666666666
2015-04-13 04:15:00,1.4150666666666667
2015-04-13 04:30:00,2.3750666666666667
2015-04-13 04:45:00,1.4258
2015-04-13 05:00:00,0.4420666666666666
2015-04-13 05:15:00,0.1475333333333333
2015-04-13 05:30:00,0.1570666666666666
2015-04-13 05:45:00,0.2001333333333333
2015-04-13 06:00:00,0.4685333333333333
2015-04-13 06:15:00,0.5612
2015-04-13 06:30:00,1.0503333333333331
2015-04-13 06:45:00,0.4950666666666666
2015-04-13 07:00:00,0.3712666666666666
2015-04-13 07:15:00,0.2599333333333333
2015-04-13 07:30:00,0.1785333333333333
2015-04-13 07:45:00,0.1900666666666666
2015-04-13 08:00:00,0.1825999999999999
2015-04-13 08:15:00,0.1402666666666666
2015-04-13 08:30:00,0.1548
2015-04-13 08:45:00,0.1398666666666666
2015-04-13 09:00:00,0.7460666666666668
2015-04-13 09:15:00,2.7362
2015-04-13 09:30:00,1.1648
2015-04-13 09:45:00,0.4894666666666666
2015-04-13 10:00:00,0.333
2015-04-13 10:15:00,0.3675333333333334
2015-04-13 10:30:00,0.4573333333333333
2015-04-13 10:45:00,0.2766666666666666
2015-04-13 11:00:00,0.3971333333333333
2015-04-13 11:15:00,0.3364666666666666
2015-04-13 11:30:00,0.4532
2015-04-13 11:45:00,0.4216666666666667
2015-04-13 12:00:00,0.4552
2015-04-13 12:15:00,0.5344
2015-04-13 12:30:00,0.5187999999999999
2015-04-13 12:45:00,0.4944666666666666
2015-04-13 13:00:00,0.5869333333333333
2015-04-13 13:15:00,0.6673333333333333
2015-04-13 13:30:00,1.6316
2015-04-13 13:45:00,0.8150666666666667
2015-04-13 14:00:00,0.4935333333333334
2015-04-13 14:15:00,1.0086
2015-04-13 14:30:00,3.4673333333333334
2015-04-13 14:45:00,1.1052666666666666
2015-04-13 15:00:00,0.572
2015-04-13 15:15:00,0.7282666666666666
2015-04-13 15:30:00,0.413
2015-04-13 15:45:00,0.5755333333333333
2015-04-13 16:00:00,0.6503333333333333
2015-04-13 16:15:00,1.0780666666666665
2015-04-13 16:30:00,2.4289333333333336
2015-04-13 16:45:00,0.9977333333333334
2015-04-13 17:00:00,2.0600666666666667
2015-04-13 17:15:00,5.603666666666667
2015-04-13 17:30:00,0.6127999999999999
2015-04-13 17:45:00,0.7295333333333333
2015-04-13 18:00:00,0.6174
2015-04-13 18:15:00,0.7888666666666667
2015-04-13 18:30:00,1.4984000000000002
2015-04-13 18:45:00,0.5292
2015-04-13 19:00:00,0.4096
2015-04-13 19:15:00,0.4196666666666667
2015-04-13 19:30:00,0.4703333333333333
2015-04-13 19:45:00,0.3368666666666666
2015-04-13 20:00:00,0.3637333333333333
2015-04-13 20:15:00,0.6093999999999999
2015-04-13 20:30:00,1.3390666666666666
2015-04-13 20:45:00,0.4821999999999999
2015-04-13 21:00:00,0.4432
2015-04-13 21:15:00,0.4496
2015-04-13 21:30:00,0.4434666666666666
2015-04-13 21:45:00,0.4864
2015-04-13 22:00:00,0.6382666666666666
2015-04-13 22:15:00,0.7426666666666666
2015-04-13 22:30:00,0.803
2015-04-13 22:45:00,0.581
2015-04-13 23:00:00,0.2876666666666667
2015-04-13 23:15:00,0.249
2015-04-13 23:30:00,0.2911333333333333
2015-04-13 23:45:00,0.2726666666666666
2015-04-14 00:00:00,0.2500666666666666
2015-04-14 00:15:00,0.3833333333333333
2015-04-14 00:30:00,0.3644
2015-04-14 00:45:00,0.2826666666666667
2015-04-14 01:00:00,0.3213999999999999
2015-04-14 01:15:00,0.4243333333333333
2015-04-14 01:30:00,0.3129333333333333
2015-04-14 01:45:00,0.3107333333333333
2015-04-14 02:00:00,0.3846666666666667
2015-04-14 02:15:00,0.3294666666666666
2015-04-14 02:30:00,0.403
2015-04-14 02:45:00,0.2752
2015-04-14 03:00:00,0.1753333333333333
2015-04-14 03:15:00,0.2353333333333333
2015-04-14 03:30:00,0.1911999999999999
2015-04-14 03:45:00,0.174
2015-04-14 04:00:00,0.2024666666666666
2015-04-14 04:15:00,0.2677333333333333
2015-04-14 04:30:00,0.2688
2015-04-14 04:45:00,0.2587333333333333
2015-04-14 05:00:00,0.2089333333333333
2015-04-14 05:15:00,0.2491999999999999
2015-04-14 05:30:00,0.1824
2015-04-14 05:45:00,0.1871333333333333
2015-04-14 06:00:00,0.2748666666666666
2015-04-14 06:15:00,0.2533333333333333
2015-04-14 06:30:00,0.3522
2015-04-14 06:45:00,1.3276
2015-04-14 07:00:00,1.3046666666666666
2015-04-14 07:15:00,0.3121333333333333
2015-04-14 07:30:00,0.315
2015-04-14 07:45:00,0.1964666666666666
2015-04-14 08:00:00,0.3134666666666666
2015-04-14 08:15:00,0.2886666666666667
2015-04-14 08:30:00,0.2362666666666666
2015-04-14 08:45:00,1.0205333333333333
2015-04-14 09:00:00,0.7502000000000001
2015-04-14 09:15:00,0.3722
2015-04-14 09:30:00,0.2366666666666666
2015-04-14 09:45:00,0.2956
2015-04-14 10:00:00,0.2422666666666666
2015-04-14 10:15:00,0.3060666666666666
2015-04-14 10:30:00,0.4235333333333334
2015-04-14 10:45:00,0.2779333333333333
2015-04-14 11:00:00,0.2254
2015-04-14 11:15:00,0.1898666666666666
2015-04-14 11:30:00,0.2660666666666667
2015-04-14 11:45:00,0.2196
2015-04-14 12:00:00,0.2178666666666666
2015-04-14 12:15:00,0.8689333333333333
2015-04-14 12:30:00,1.034266666666667
2015-04-14 12:45:00,0.9319333333333332
2015-04-14 13:00:00,1.1008
2015-04-14 13:15:00,0.6010666666666667
2015-04-14 13:30:00,0.5248666666666667
2015-04-14 13:45:00,0.5305333333333333
2015-04-14 14:00:00,0.7512000000000001
2015-04-14 14:15:00,0.8473999999999999
2015-04-14 14:30:00,1.020333333333333
2015-04-14 14:45:00,2.5718
2015-04-14 15:00:00,2.2492
2015-04-14 15:15:00,1.6543333333333332
2015-04-14 15:30:00,0.7077333333333333
2015-04-14 15:45:00,0.5352666666666667
2015-04-14 16:00:00,0.5994666666666667
2015-04-14 16:15:00,0.5544
2015-04-14 16:30:00,0.5830666666666667
2015-04-14 16:45:00,0.7322666666666666
2015-04-14 17:00:00,0.5535333333333333
2015-04-14 17:15:00,0.4777333333333333
2015-04-14 17:30:00,0.565
2015-04-14 17:45:00,0.5328666666666667
2015-04-14 18:00:00,0.5882666666666666
2015-04-14 18:15:00,0.4489333333333333
2015-04-14 18:30:00,0.5954666666666667
2015-04-14 18:45:00,0.6530666666666667
2015-04-14 19:00:00,0.9496
2015-04-14 19:15:00,1.2635999999999998
2015-04-14 19:30:00,0.8046666666666666
2015-04-14 19:45:00,0.5366666666666666
2015-04-14 20:00:00,0.389
2015-04-14 20:15:00,0.6036666666666666
2015-04-14 20:30:00,0.4983999999999999
2015-04-14 20:45:00,0.3598666666666666
2015-04-14 21:00:00,0.3591999999999999
2015-04-14 21:15:00,0.4415333333333333
2015-04-14 21:30:00,0.5132666666666666
2015-04-14 21:45:00,0.4248
2015-04-14 22:00:00,0.3868666666666667
2015-04-14 22:15:00,0.414
2015-04-14 22:30:00,0.3504666666666666
2015-04-14 22:45:00,0.3859333333333333
2015-04-14 23:00:00,0.3469333333333333
2015-04-14 23:15:00,0.4116
2015-04-14 23:30:00,0.3668666666666667
2015-04-14 23:45:00,0.4046666666666667
2015-04-15 00:00:00,0.5720666666666667
2015-04-15 00:15:00,0.6282666666666666
2015-04-15 00:30:00,0.4569333333333333
2015-04-15 00:45:00,0.3562666666666667
2015-04-15 01:00:00,0.3327333333333333
2015-04-15 01:15:00,0.4154
2015-04-15 01:30:00,0.3239333333333333
2015-04-15 01:45:00,0.3232
2015-04-15 02:00:00,0.2956
2015-04-15 02:15:00,0.2804666666666666
2015-04-15 02:30:00,0.2937333333333333
2015-04-15 02:45:00,0.5708666666666666
2015-04-15 03:00:00,0.4210666666666666
2015-04-15 03:15:00,0.4125333333333333
2015-04-15 03:30:00,0.3232666666666666
2015-04-15 03:45:00,0.318
2015-04-15 04:00:00,0.2858666666666666
2015-04-15 04:15:00,0.0994
2015-04-15 04:30:00,0.1736
2015-04-15 04:45:00,0.3811333333333333
2015-04-15 05:00:00,0.8484666666666667
2015-04-15 05:15:00,0.8134
2015-04-15 05:30:00,0.8466666666666667
2015-04-15 05:45:00,1.2306
2015-04-15 06:00:00,0.4504666666666666
2015-04-15 06:15:00,0.4564666666666666
2015-04-15 06:30:00,0.2444
2015-04-15 06:45:00,0.1978
2015-04-15 07:00:00,0.2133333333333333
2015-04-15 07:15:00,0.2224
2015-04-15 07:30:00,0.2373333333333333
2015-04-15 07:45:00,0.1914
2015-04-15 08:00:00,0.1639333333333333
2015-04-15 08:15:00,0.1373333333333333
2015-04-15 08:30:00,0.1702666666666666
2015-04-15 08:45:00,0.1189333333333333
2015-04-15 09:00:00,0.1763333333333333
2015-04-15 09:15:00,0.1866666666666666
2015-04-15 09:30:00,0.3123999999999999
2015-04-15 09:45:00,0.1985333333333333
2015-04-15 10:00:00,0.1597333333333333
2015-04-15 10:15:00,0.1560666666666666
2015-04-15 10:30:00,0.1417333333333333
2015-04-15 10:45:00,0.1546666666666666
2015-04-15 11:00:00,0.1690666666666666
2015-04-15 11:15:00,0.4185333333333333
2015-04-15 11:30:00,0.6434
2015-04-15 11:45:00,0.2349333333333333
2015-04-15 12:00:00,0.3188666666666667
2015-04-15 12:15:00,0.4685333333333333
2015-04-15 12:30:00,0.9157333333333334
2015-04-15 12:45:00,0.7158666666666667
2015-04-15 13:00:00,0.4850666666666666
2015-04-15 13:15:00,0.4326666666666667
2015-04-15 13:30:00,0.6692666666666667
2015-04-15 13:45:00,0.3419333333333333
2015-04-15 14:00:00,1.622
2015-04-15 14:15:00,0.4503999999999999
2015-04-15 14:30:00,0.5454
2015-04-15 14:45:00,0.4306666666666667
2015-04-15 15:00:00,0.5020666666666667
2015-04-15 15:15:00,0.4365333333333334
2015-04-15 15:30:00,0.418
2015-04-15 15:45:00,0.681
2015-04-15 16:00:00,0.8625333333333333
2015-04-15 16:15:00,3.1980666666666666
2015-04-15 16:30:00,1.7658
2015-04-15 16:45:00,0.5818
2015-04-15 17:00:00,0.4645333333333333
2015-04-15 17:15:00,0.6399333333333332
2015-04-15 17:30:00,0.6276666666666666
2015-04-15 17:45:00,0.744
2015-04-15 18:00:00,0.9729333333333332
2015-04-15 18:15:00,0.5942000000000001
2015-04-15 18:30:00,0.8208
2015-04-15 18:45:00,0.7201333333333333
2015-04-15 19:00:00,1.0051333333333334
2015-04-15 19:15:00,1.186
2015-04-15 19:30:00,0.8081333333333334
2015-04-15 19:45:00,0.4941333333333333
2015-04-15 20:00:00,0.8611333333333333
2015-04-15 20:15:00,0.6299333333333332
2015-04-15 20:30:00,0.6322666666666666
2015-04-15 20:45:00,0.6220666666666668
2015-04-15 21:00:00,0.5746666666666667
2015-04-15 21:15:00,0.6326666666666666
2015-04-15 21:30:00,0.6592
2015-04-15 21:45:00,0.6032000000000001
2015-04-15 22:00:00,0.5580666666666667
2015-04-15 22:15:00,0.6447333333333334
2015-04-15 22:30:00,0.6135333333333333
2015-04-15 22:45:00,0.585
2015-04-15 23:00:00,0.2703333333333333
2015-04-15 23:15:00,0.3856666666666667
2015-04-15 23:30:00,0.3595333333333333
2015-04-15 23:45:00,0.3261333333333333
2015-04-16 00:00:00,0.2437333333333333
2015-04-16 00:15:00,0.3118666666666667
2015-04-16 00:30:00,0.2503333333333333
2015-04-16 00:45:00,0.2974666666666666
2015-04-16 01:00:00,0.3383333333333333
2015-04-16 01:15:00,0.3411333333333333
2015-04-16 01:30:00,0.3621333333333333
2015-04-16 01:45:00,0.1412666666666666
2015-04-16 02:00:00,0.1472666666666666
2015-04-16 02:15:00,0.1265333333333333
2015-04-16 02:30:00,0.1416666666666666
2015-04-16 02:45:00,0.2132666666666667
2015-04-16 03:00:00,0.1639333333333333
2015-04-16 03:15:00,0.1401333333333333
2015-04-16 03:30:00,0.1427333333333333
2015-04-16 03:45:00,0.2279333333333333
2015-04-16 04:00:00,0.2034
2015-04-16 04:15:00,0.1712
2015-04-16 04:30:00,0.1879333333333333
2015-04-16 04:45:00,0.1896
2015-04-16 05:00:00,0.1811333333333333
2015-04-16 05:15:00,0.1609333333333333
2015-04-16 05:30:00,0.1409333333333333
2015-04-16 05:45:00,0.1475333333333333
2015-04-16 06:00:00,0.3986666666666666
2015-04-16 06:15:00,0.436
2015-04-16 06:30:00,0.6176
2015-04-16 06:45:00,0.8134
2015-04-16 07:00:00,0.3606666666666667
2015-04-16 07:15:00,0.3310666666666667
2015-04-16 07:30:00,0.1446666666666666
2015-04-16 07:45:00,0.1472666666666666
2015-04-16 08:00:00,0.1217333333333333
2015-04-16 08:15:00,0.1469333333333333
2015-04-16 08:30:00,0.1522
2015-04-16 08:45:00,0.1648666666666666
2015-04-16 09:00:00,0.2639333333333333
2015-04-16 09:15:00,0.2377333333333333
2015-04-16 09:30:00,0.1267333333333333
2015-04-16 09:45:00,0.1831333333333333
2015-04-16 10:00:00,0.1215333333333333
2015-04-16 10:15:00,0.136
2015-04-16 10:30:00,0.1360666666666666
2015-04-16 10:45:00,0.2052
2015-04-16 11:00:00,0.6265333333333333
2015-04-16 11:15:00,0.8501333333333333
2015-04-16 11:30:00,1.1779333333333335
2015-04-16 11:45:00,0.2895333333333333
2015-04-16 12:00:00,0.3114666666666666
2015-04-16 12:15:00,0.2779333333333333
2015-04-16 12:30:00,0.2782
2015-04-16 12:45:00,0.3187333333333333
2015-04-16 13:00:00,0.3045333333333334
2015-04-16 13:15:00,0.2902
2015-04-16 13:30:00,0.7936666666666666
2015-04-16 13:45:00,0.6259333333333332
2015-04-16 14:00:00,0.3962
2015-04-16 14:15:00,0.3471333333333333
2015-04-16 14:30:00,0.6677333333333334
2015-04-16 14:45:00,1.5828
2015-04-16 15:00:00,1.1412666666666669
2015-04-16 15:15:00,0.4917333333333333
2015-04-16 15:30:00,0.3559333333333333
2015-04-16 15:45:00,0.4791333333333333
2015-04-16 16:00:00,0.8023333333333333
2015-04-16 16:15:00,1.5146
2015-04-16 16:30:00,1.2425333333333333
2015-04-16 16:45:00,0.3617333333333333
2015-04-16 17:00:00,0.3386666666666666
2015-04-16 17:15:00,0.3194666666666666
2015-04-16 17:30:00,0.1834
2015-04-16 17:45:00,0.1486666666666666
2015-04-16 18:00:00,0.1644
2015-04-16 18:15:00,0.1434
2015-04-16 18:30:00,0.1732
2015-04-16 18:45:00,0.2472666666666667
2015-04-16 19:00:00,0.1770666666666666
2015-04-16 19:15:00,0.1832
2015-04-16 19:30:00,0.1372
2015-04-16 19:45:00,0.178
2015-04-16 20:00:00,0.2751333333333333
2015-04-16 20:15:00,0.3337333333333333
2015-04-16 20:30:00,0.5793333333333334
2015-04-16 20:45:00,0.6030666666666668
2015-04-16 21:00:00,0.5394666666666666
2015-04-16 21:15:00,0.545
2015-04-16 21:30:00,0.4984666666666666
2015-04-16 21:45:00,0.5305333333333333
2015-04-16 22:00:00,0.3281333333333333
2015-04-16 22:15:00,0.376
2015-04-16 22:30:00,0.2915333333333333
2015-04-16 22:45:00,0.2922
2015-04-16 23:00:00,0.3020666666666666
2015-04-16 23:15:00,0.266
2015-04-16 23:30:00,0.285
2015-04-16 23:45:00,0.3996
2015-04-17 00:00:00,0.8593333333333334
2015-04-17 00:15:00,0.4095333333333333
2015-04-17 00:30:00,0.4080666666666667
2015-04-17 00:45:00,0.3200666666666666
2015-04-17 01:00:00,0.3282
2015-04-17 01:15:00,0.3175333333333333
2015-04-17 01:30:00,0.4011333333333333
2015-04-17 01:45:00,0.2113333333333333
2015-04-17 02:00:00,0.5920666666666667
2015-04-17 02:15:00,0.1561333333333333
2015-04-17 02:30:00,0.1627333333333333
2015-04-17 02:45:00,0.2382
2015-04-17 03:00:00,0.247
2015-04-17 03:15:00,0.2335333333333333
2015-04-17 03:30:00,0.1341333333333333
2015-04-17 03:45:00,0.1894
2015-04-17 04:00:00,0.1418666666666666
2015-04-17 04:15:00,0.1734666666666666
2015-04-17 04:30:00,0.1566666666666666
2015-04-17 04:45:00,0.2044666666666666
2015-04-17 05:00:00,0.2722666666666666
2015-04-17 05:15:00,0.2339333333333333
2015-04-17 05:30:00,0.1865333333333333
2015-04-17 05:45:00,0.8621333333333333
2015-04-17 06:00:00,0.1993333333333333
2015-04-17 06:15:00,0.2116666666666666
2015-04-17 06:30:00,0.3211333333333333
2015-04-17 06:45:00,0.2225333333333333
2015-04-17 07:00:00,0.2292666666666666
2015-04-17 07:15:00,0.235
2015-04-17 07:30:00,0.2541333333333333
2015-04-17 07:45:00,0.3498
2015-04-17 08:00:00,1.5406666666666669
2015-04-17 08:15:00,1.1718
2015-04-17 08:30:00,0.5306000000000001
2015-04-17 08:45:00,0.2847333333333333
2015-04-17 09:00:00,0.299
2015-04-17 09:15:00,0.2016
2015-04-17 09:30:00,0.2199333333333333
2015-04-17 09:45:00,0.2037333333333333
2015-04-17 10:00:00,0.2676666666666666
2015-04-17 10:15:00,0.2862
2015-04-17 10:30:00,0.313
2015-04-17 10:45:00,0.226
2015-04-17 11:00:00,0.212
2015-04-17 11:15:00,0.2264666666666666
2015-04-17 11:30:00,0.4342666666666666
2015-04-17 11:45:00,2.9481333333333333
2015-04-17 12:00:00,2.5836
2015-04-17 12:15:00,1.788
2015-04-17 12:30:00,0.3562666666666667
2015-04-17 12:45:00,0.3061333333333333
2015-04-17 13:00:00,0.4012666666666666
2015-04-17 13:15:00,0.2951999999999999
2015-04-17 13:30:00,0.1941999999999999
2015-04-17 13:45:00,1.2423333333333333
2015-04-17 14:00:00,1.927533333333333
2015-04-17 14:15:00,1.6728
2015-04-17 14:30:00,0.5963333333333334
2015-04-17 14:45:00,0.2418666666666666
2015-04-17 15:00:00,0.311
2015-04-17 15:15:00,0.5118
2015-04-17 15:30:00,0.5730666666666667
2015-04-17 15:45:00,0.4004666666666666
2015-04-17 16:00:00,0.4076
2015-04-17 16:15:00,0.3259333333333333
2015-04-17 16:30:00,0.1745333333333333
2015-04-17 16:45:00,0.2653999999999999
2015-04-17 17:00:00,0.2632
2015-04-17 17:15:00,0.1994
2015-04-17 17:30:00,0.2101333333333333
2015-04-17 17:45:00,0.2362
2015-04-17 18:00:00,0.2184
2015-04-17 18:15:00,0.1825999999999999
2015-04-17 18:30:00,0.1094
2015-04-17 18:45:00,0.1577333333333333
2015-04-17 19:00:00,0.1316
2015-04-17 19:15:00,0.1635333333333333
2015-04-17 19:30:00,0.1740666666666666
2015-04-17 19:45:00,0.1067999999999999
2015-04-17 20:00:00,0.1585333333333333
2015-04-17 20:15:00,1.074
2015-04-17 20:30:00,6.865600000000001
2015-04-17 20:45:00,9.257666666666664
2015-04-17 21:00:00,0.3721333333333333
2015-04-17 21:15:00,0.391
2015-04-17 21:30:00,4.462
2015-04-17 21:45:00,3.7706666666666666
2015-04-17 22:00:00,1.1660666666666666
2015-04-17 22:15:00,0.6858666666666666
2015-04-17 22:30:00,0.3894666666666666
2015-04-17 22:45:00,0.3814666666666666
2015-04-17 23:00:00,0.5667333333333333
2015-04-17 23:15:00,0.3648
2015-04-17 23:30:00,0.2975333333333333
2015-04-17 23:45:00,0.2636
2015-04-18 00:00:00,0.3366
2015-04-18 00:15:00,0.3282
2015-04-18 00:30:00,0.2698666666666667
2015-04-18 00:45:00,0.3857333333333334
2015-04-18 01:00:00,0.3684666666666666
2015-04-18 01:15:00,0.3043333333333333
2015-04-18 01:30:00,0.2638666666666667
2015-04-18 01:45:00,0.2040666666666666
2015-04-18 02:00:00,0.1384666666666666
2015-04-18 02:15:00,0.1640666666666666
2015-04-18 02:30:00,0.1580666666666666
2015-04-18 02:45:00,0.1774
2015-04-18 03:00:00,0.1626
2015-04-18 03:15:00,0.2115333333333333
2015-04-18 03:30:00,0.2797333333333333
2015-04-18 03:45:00,0.2574666666666666
2015-04-18 04:00:00,0.1948666666666667
2015-04-18 04:15:00,0.1896
2015-04-18 04:30:00,0.164
2015-04-18 04:45:00,0.1514666666666666
2015-04-18 05:00:00,0.1544666666666666
2015-04-18 05:15:00,0.1763333333333333
2015-04-18 05:30:00,0.1684
2015-04-18 05:45:00,0.1265333333333333
2015-04-18 06:00:00,0.2747333333333333
2015-04-18 06:15:00,0.2703333333333333
2015-04-18 06:30:00,0.2418666666666666
2015-04-18 06:45:00,0.2034666666666666
2015-04-18 07:00:00,0.2432
2015-04-18 07:15:00,0.1755333333333333
2015-04-18 07:30:00,0.7556666666666666
2015-04-18 07:45:00,1.098666666666667
2015-04-18 08:00:00,1.3690666666666669
2015-04-18 08:15:00,0.5124666666666667
2015-04-18 08:30:00,0.3765333333333334
2015-04-18 08:45:00,0.4708666666666666
2015-04-18 09:00:00,0.4017333333333333
2015-04-18 09:15:00,0.3796666666666667
2015-04-18 09:30:00,0.2586
2015-04-18 09:45:00,0.2430666666666666
2015-04-18 10:00:00,0.2288
2015-04-18 10:15:00,0.2658
2015-04-18 10:30:00,0.2477333333333333
2015-04-18 10:45:00,0.3203999999999999
2015-04-18 11:00:00,0.7058
2015-04-18 11:15:00,1.165266666666667
2015-04-18 11:30:00,2.0003333333333333
2015-04-18 11:45:00,2.0687333333333333
2015-04-18 12:00:00,2.148066666666667
2015-04-18 12:15:00,1.342933333333333
2015-04-18 12:30:00,0.6902666666666667
2015-04-18 12:45:00,0.2895333333333333
2015-04-18 13:00:00,0.3894666666666666
2015-04-18 13:15:00,0.3828666666666667
2015-04-18 13:30:00,0.4742666666666666
2015-04-18 13:45:00,0.4128666666666666
2015-04-18 14:00:00,0.3843333333333333
2015-04-18 14:15:00,0.3857333333333334
2015-04-18 14:30:00,0.4211999999999999
2015-04-18 14:45:00,0.2691333333333333
2015-04-18 15:00:00,0.411
2015-04-18 15:15:00,0.559
2015-04-18 15:30:00,0.3114666666666666
2015-04-18 15:45:00,2.4884
2015-04-18 16:00:00,4.562666666666667
2015-04-18 16:15:00,0.2845333333333333
2015-04-18 16:30:00,0.2559333333333333
2015-04-18 16:45:00,0.1288
2015-04-18 17:00:00,0.1348
2015-04-18 17:15:00,0.1810666666666666
2015-04-18 17:30:00,0.1590666666666666
2015-04-18 17:45:00,0.2173333333333333
2015-04-18 18:00:00,0.2105999999999999
2015-04-18 18:15:00,0.1681333333333333
2015-04-18 18:30:00,0.1704666666666666
2015-04-18 18:45:00,0.2083333333333333
2015-04-18 19:00:00,0.2673999999999999
2015-04-18 19:15:00,0.3768666666666667
2015-04-18 19:30:00,0.5157999999999999
2015-04-18 19:45:00,0.7749333333333333
2015-04-18 20:00:00,0.6711333333333334
2015-04-18 20:15:00,0.6272666666666666
2015-04-18 20:30:00,0.6225333333333333
2015-04-18 20:45:00,0.6897333333333333
2015-04-18 21:00:00,0.6097333333333333
2015-04-18 21:15:00,0.6602
2015-04-18 21:30:00,0.4988
2015-04-18 21:45:00,0.5063333333333333
2015-04-18 22:00:00,0.4942666666666666
2015-04-18 22:15:00,0.4058
2015-04-18 22:30:00,0.5049333333333333
2015-04-18 22:45:00,0.6218666666666667
2015-04-18 23:00:00,0.5738666666666666
2015-04-18 23:15:00,0.4947333333333333
2015-04-18 23:30:00,0.5250666666666667
2015-04-18 23:45:00,0.4327333333333333
2015-04-19 00:00:00,0.5208666666666667
2015-04-19 00:15:00,0.4541333333333333
2015-04-19 00:30:00,0.4486666666666666
2015-04-19 00:45:00,0.4102666666666666
2015-04-19 01:00:00,0.662
2015-04-19 01:15:00,0.4097333333333333
2015-04-19 01:30:00,0.3084666666666666
2015-04-19 01:45:00,0.2975333333333333
2015-04-19 02:00:00,0.361
2015-04-19 02:15:00,0.2713333333333333
2015-04-19 02:30:00,0.2941333333333333
2015-04-19 02:45:00,0.2992666666666666
2015-04-19 03:00:00,0.2906
2015-04-19 03:15:00,0.328
2015-04-19 03:30:00,0.3935333333333333
2015-04-19 03:45:00,0.3743999999999999
2015-04-19 04:00:00,0.3232
2015-04-19 04:15:00,0.2324666666666666
2015-04-19 04:30:00,0.2650666666666667
2015-04-19 04:45:00,0.2154666666666666
2015-04-19 05:00:00,0.2374
2015-04-19 05:15:00,0.2324666666666666
2015-04-19 05:30:00,0.2197333333333333
2015-04-19 05:45:00,0.2685333333333333
2015-04-19 06:00:00,0.3235333333333333
2015-04-19 06:15:00,0.3212
2015-04-19 06:30:00,0.8737333333333334
2015-04-19 06:45:00,1.2515999999999998
2015-04-19 07:00:00,0.4761333333333333
2015-04-19 07:15:00,0.2372666666666666
2015-04-19 07:30:00,0.2110666666666666
2015-04-19 07:45:00,0.2812
2015-04-19 08:00:00,0.2612
2015-04-19 08:15:00,0.2882666666666666
2015-04-19 08:30:00,0.3169333333333333
2015-04-19 08:45:00,0.2730666666666667
2015-04-19 09:00:00,0.358
2015-04-19 09:15:00,0.1788666666666666
2015-04-19 09:30:00,0.1564666666666666
2015-04-19 09:45:00,0.219
2015-04-19 10:00:00,0.1769333333333333
2015-04-19 10:15:00,0.2516
2015-04-19 10:30:00,0.2227333333333333
2015-04-19 10:45:00,0.2975333333333333
2015-04-19 11:00:00,0.292
2015-04-19 11:15:00,0.2779333333333333
2015-04-19 11:30:00,0.7127333333333333
2015-04-19 11:45:00,0.3481333333333333
2015-04-19 12:00:00,0.2374
2015-04-19 12:15:00,0.2476
2015-04-19 12:30:00,0.2058
2015-04-19 12:45:00,0.4433333333333333
2015-04-19 13:00:00,0.7939333333333333
2015-04-19 13:15:00,0.4538666666666667
2015-04-19 13:30:00,0.3140666666666666
2015-04-19 13:45:00,0.2498
2015-04-19 14:00:00,0.229
2015-04-19 14:15:00,0.2462666666666667
2015-04-19 14:30:00,0.3054
2015-04-19 14:45:00,0.7782
2015-04-19 15:00:00,0.2696
2015-04-19 15:15:00,0.2019333333333333
2015-04-19 15:30:00,0.2709333333333333
2015-04-19 15:45:00,0.4426666666666667
2015-04-19 16:00:00,1.3504666666666667
2015-04-19 16:15:00,1.1085999999999998
2015-04-19 16:30:00,3.4576666666666664
2015-04-19 16:45:00,1.8454
2015-04-19 17:00:00,0.6872
2015-04-19 17:15:00,0.4352666666666666
2015-04-19 17:30:00,0.4744666666666666
2015-04-19 17:45:00,0.4375333333333334
2015-04-19 18:00:00,0.5294666666666668
2015-04-19 18:15:00,0.4834666666666666
2015-04-19 18:30:00,0.5999333333333333
2015-04-19 18:45:00,0.8731333333333333
2015-04-19 19:00:00,0.9724666666666668
2015-04-19 19:15:00,2.1808
2015-04-19 19:30:00,1.1738666666666666
2015-04-19 19:45:00,0.9252
2015-04-19 20:00:00,0.7241333333333333
2015-04-19 20:15:00,0.7141333333333333
2015-04-19 20:30:00,1.011
2015-04-19 20:45:00,1.6938
2015-04-19 21:00:00,0.8066
2015-04-19 21:15:00,0.7417333333333334
2015-04-19 21:30:00,0.7844
2015-04-19 21:45:00,0.7373999999999999
2015-04-19 22:00:00,0.7338
2015-04-19 22:15:00,0.6669333333333333
2015-04-19 22:30:00,0.6764
2015-04-19 22:45:00,0.6212000000000001
2015-04-19 23:00:00,0.4702666666666666
2015-04-19 23:15:00,0.3604666666666666
2015-04-19 23:30:00,0.1829333333333333
2015-04-19 23:45:00,0.2524666666666667
2015-04-20 00:00:00,0.2133333333333333
2015-04-20 00:15:00,0.1967333333333333
2015-04-20 00:30:00,0.2456666666666666
2015-04-20 00:45:00,0.2397333333333333
2015-04-20 01:00:00,0.1871999999999999
2015-04-20 01:15:00,0.3134666666666666
2015-04-20 01:30:00,0.2740666666666667
2015-04-20 01:45:00,0.2452666666666667
2015-04-20 02:00:00,0.2372666666666666
2015-04-20 02:15:00,0.2032666666666666
2015-04-20 02:30:00,0.1914
2015-04-20 02:45:00,0.2118666666666666
2015-04-20 03:00:00,0.1747333333333333
2015-04-20 03:15:00,0.2323333333333333
2015-04-20 03:30:00,0.253
2015-04-20 03:45:00,0.3078
2015-04-20 04:00:00,0.2637333333333334
2015-04-20 04:15:00,0.2618666666666667
2015-04-20 04:30:00,0.2278666666666666
2015-04-20 04:45:00,0.1782666666666666
2015-04-20 05:00:00,0.2240666666666666
2015-04-20 05:15:00,0.2404
2015-04-20 05:30:00,0.2389333333333333
2015-04-20 05:45:00,0.3143999999999999
2015-04-20 06:00:00,0.4253333333333333
2015-04-20 06:15:00,0.3888
2015-04-20 06:30:00,0.6424666666666667
2015-04-20 06:45:00,0.7094666666666667
2015-04-20 07:00:00,0.2912
2015-04-20 07:15:00,0.251
2015-04-20 07:30:00,0.4388
2015-04-20 07:45:00,0.4208666666666666
2015-04-20 08:00:00,0.262
2015-04-20 08:15:00,0.2432666666666667
2015-04-20 08:30:00,0.3933333333333333
2015-04-20 08:45:00,0.6743333333333333
2015-04-20 09:00:00,0.3704666666666666
2015-04-20 09:15:00,0.4112666666666666
2015-04-20 09:30:00,0.4767333333333333
2015-04-20 09:45:00,0.4643333333333333
2015-04-20 10:00:00,0.252
2015-04-20 10:15:00,0.2542666666666667
2015-04-20 10:30:00,0.3735333333333334
2015-04-20 10:45:00,0.3082
2015-04-20 11:00:00,0.3346666666666666
2015-04-20 11:15:00,0.4345333333333334
2015-04-20 11:30:00,0.3273999999999999
2015-04-20 11:45:00,0.3964666666666666
2015-04-20 12:00:00,0.3165333333333333
2015-04-20 12:15:00,0.3458
2015-04-20 12:30:00,0.482
2015-04-20 12:45:00,1.5763333333333334
2015-04-20 13:00:00,1.0826
2015-04-20 13:15:00,0.4645333333333333
2015-04-20 13:30:00,0.4441333333333333
2015-04-20 13:45:00,0.3584
2015-04-20 14:00:00,0.3502666666666666
2015-04-20 14:15:00,0.4043333333333333
2015-04-20 14:30:00,0.5546666666666666
2015-04-20 14:45:00,0.9119333333333332
2015-04-20 15:00:00,0.7108
2015-04-20 15:15:00,0.8816666666666666
2015-04-20 15:30:00,0.9870666666666668
2015-04-20 15:45:00,1.834733333333333
2015-04-20 16:00:00,2.2455333333333334
2015-04-20 16:15:00,1.4817333333333331
2015-04-20 16:30:00,1.2602
2015-04-20 16:45:00,1.3730666666666669
2015-04-20 17:00:00,0.8898666666666667
2015-04-20 17:15:00,0.3128666666666667
2015-04-20 17:30:00,0.4174666666666666
2015-04-20 17:45:00,0.5192
2015-04-20 18:00:00,0.6119333333333333
2015-04-20 18:15:00,0.6894
2015-04-20 18:30:00,0.6073999999999999
2015-04-20 18:45:00,0.5960666666666667
2015-04-20 19:00:00,0.6031333333333333
2015-04-20 19:15:00,0.604
2015-04-20 19:30:00,0.5321333333333333
2015-04-20 19:45:00,0.5568
2015-04-20 20:00:00,1.2614
2015-04-20 20:15:00,2.0840666666666667
2015-04-20 20:30:00,1.2167333333333334
2015-04-20 20:45:00,0.8209333333333333
2015-04-20 21:00:00,0.7781333333333333
2015-04-20 21:15:00,1.4818666666666669
2015-04-20 21:30:00,1.8312666666666664
2015-04-20 21:45:00,2.0224
2015-04-20 22:00:00,0.4583333333333333
2015-04-20 22:15:00,0.5972666666666666
2015-04-20 22:30:00,0.4053333333333333
2015-04-20 22:45:00,1.1952
2015-04-20 23:00:00,1.7892
2015-04-20 23:15:00,0.8154666666666667
2015-04-20 23:30:00,0.4206
2015-04-20 23:45:00,0.3111333333333333
2015-04-21 00:00:00,0.4152
2015-04-21 00:15:00,0.3548
2015-04-21 00:30:00,0.4062666666666666
2015-04-21 00:45:00,0.4613333333333333
2015-04-21 01:00:00,0.2728
2015-04-21 01:15:00,0.2640666666666666
2015-04-21 01:30:00,0.3228666666666667
2015-04-21 01:45:00,0.2102666666666666
2015-04-21 02:00:00,0.4352666666666666
2015-04-21 02:15:00,0.3243333333333333
2015-04-21 02:30:00,0.2637333333333334
2015-04-21 02:45:00,0.2560666666666666
2015-04-21 03:00:00,0.1406
2015-04-21 03:15:00,0.141
2015-04-21 03:30:00,0.1707333333333333
2015-04-21 03:45:00,0.1472666666666666
2015-04-21 04:00:00,0.2468666666666666
2015-04-21 04:15:00,0.2373333333333333
2015-04-21 04:30:00,0.1332666666666666
2015-04-21 04:45:00,0.1849333333333333
2015-04-21 05:00:00,0.1214666666666666
2015-04-21 05:15:00,0.1524666666666666
2015-04-21 05:30:00,0.1648
2015-04-21 05:45:00,0.1909333333333333
2015-04-21 06:00:00,0.2366666666666666
2015-04-21 06:15:00,0.2735333333333333
2015-04-21 06:30:00,0.7692666666666667
2015-04-21 06:45:00,1.0237333333333334
2015-04-21 07:00:00,0.7278
2015-04-21 07:15:00,0.4372
2015-04-21 07:30:00,0.3442
2015-04-21 07:45:00,0.6062000000000001
2015-04-21 08:00:00,0.3285333333333333
2015-04-21 08:15:00,0.1924666666666666
2015-04-21 08:30:00,0.2944
2015-04-21 08:45:00,0.322
2015-04-21 09:00:00,0.2753333333333333
2015-04-21 09:15:00,0.6599333333333333
2015-04-21 09:30:00,0.3736666666666667
2015-04-21 09:45:00,0.2796666666666667
2015-04-21 10:00:00,0.5303333333333333
2015-04-21 10:15:00,0.2786
2015-04-21 10:30:00,0.275
2015-04-21 10:45:00,0.2158
2015-04-21 11:00:00,0.2876666666666667
2015-04-21 11:15:00,0.3240666666666666
2015-04-21 11:30:00,0.2272666666666666
2015-04-21 11:45:00,0.2564666666666666
2015-04-21 12:00:00,0.2672
2015-04-21 12:15:00,0.2200666666666666
2015-04-21 12:30:00,0.2661333333333333
2015-04-21 12:45:00,0.2840666666666667
2015-04-21 13:00:00,0.2663999999999999
2015-04-21 13:15:00,0.296
2015-04-21 13:30:00,0.2964666666666666
2015-04-21 13:45:00,0.2258
2015-04-21 14:00:00,0.216
2015-04-21 14:15:00,0.193
2015-04-21 14:30:00,0.2318666666666666
2015-04-21 14:45:00,0.2600666666666666
2015-04-21 15:00:00,0.2726
2015-04-21 15:15:00,0.4686666666666667
2015-04-21 15:30:00,0.3777333333333333
2015-04-21 15:45:00,0.3348666666666667
2015-04-21 16:00:00,0.3439333333333333
2015-04-21 16:15:00,0.3432
2015-04-21 16:30:00,0.3575333333333333
2015-04-21 16:45:00,0.459
2015-04-21 17:00:00,0.5314666666666666
2015-04-21 17:15:00,0.3682666666666666
2015-04-21 17:30:00,0.3230666666666666
2015-04-21 17:45:00,0.4215333333333333
2015-04-21 18:00:00,0.4343333333333333
2015-04-21 18:15:00,0.7606666666666666
2015-04-21 18:30:00,0.5086666666666667
2015-04-21 18:45:00,0.32
2015-04-21 19:00:00,0.351
2015-04-21 19:15:00,0.3647333333333333
2015-04-21 19:30:00,0.3185333333333333
2015-04-21 19:45:00,0.3365333333333333
2015-04-21 20:00:00,0.3147333333333333
2015-04-21 20:15:00,0.9482
2015-04-21 20:30:00,1.1644666666666668
2015-04-21 20:45:00,0.4863333333333333
2015-04-21 21:00:00,0.314
2015-04-21 21:15:00,0.3349333333333333
2015-04-21 21:30:00,0.395
2015-04-21 21:45:00,0.3089333333333333
2015-04-21 22:00:00,0.5060666666666667
2015-04-21 22:15:00,0.3521333333333333
2015-04-21 22:30:00,0.3763333333333333
2015-04-21 22:45:00,0.4416
2015-04-21 23:00:00,0.5641333333333334
2015-04-21 23:15:00,0.7671333333333333
2015-04-21 23:30:00,0.6943333333333334
2015-04-21 23:45:00,0.5568666666666666
2015-04-22 00:00:00,3.8238
2015-04-22 00:15:00,0.1539333333333333
2015-04-22 00:30:00,0.2028666666666666
2015-04-22 00:45:00,0.1911333333333333
2015-04-22 01:00:00,0.2110666666666666
2015-04-22 01:15:00,0.3204666666666666
2015-04-22 01:30:00,0.246
2015-04-22 01:45:00,0.2160666666666666
2015-04-22 02:00:00,0.2084666666666666
2015-04-22 02:15:00,0.2471333333333333
2015-04-22 02:30:00,0.2442
2015-04-22 02:45:00,0.2532
2015-04-22 03:00:00,0.1891333333333333
2015-04-22 03:15:00,0.2201333333333333
2015-04-22 03:30:00,0.1761333333333333
2015-04-22 03:45:00,0.3964
2015-04-22 04:00:00,0.2806666666666667
2015-04-22 04:15:00,0.2093333333333333
2015-04-22 04:30:00,0.2551333333333333
2015-04-22 04:45:00,0.2369333333333333
2015-04-22 05:00:00,0.2532666666666667
2015-04-22 05:15:00,0.3223333333333333
2015-04-22 05:30:00,0.2675333333333333
2015-04-22 05:45:00,0.3078
2015-04-22 06:00:00,0.3007333333333333
2015-04-22 06:15:00,0.6994
2015-04-22 06:30:00,1.2755333333333334
2015-04-22 06:45:00,1.1180666666666663
2015-04-22 07:00:00,0.3189333333333333
2015-04-22 07:15:00,0.4772666666666667
2015-04-22 07:30:00,0.7377999999999999
2015-04-22 07:45:00,0.2322666666666666
2015-04-22 08:00:00,0.3578
2015-04-22 08:15:00,0.4174666666666666
2015-04-22 08:30:00,0.305
2015-04-22 08:45:00,0.3813333333333333
2015-04-22 09:00:00,0.2975333333333333
2015-04-22 09:15:00,0.3320666666666667
2015-04-22 09:30:00,0.386
2015-04-22 09:45:00,0.3909333333333333
2015-04-22 10:00:00,0.4462666666666666
2015-04-22 10:15:00,0.2720666666666667
2015-04-22 10:30:00,0.3642666666666666
2015-04-22 10:45:00,0.8258
2015-04-22 11:00:00,0.5645333333333333
2015-04-22 11:15:00,2.1990666666666665
2015-04-22 11:30:00,2.163266666666667
2015-04-22 11:45:00,0.653
2015-04-22 12:00:00,1.5318666666666665
2015-04-22 12:15:00,2.9237333333333333
2015-04-22 12:30:00,1.8740666666666663
2015-04-22 12:45:00,0.4544666666666666
2015-04-22 13:00:00,0.4973999999999999
2015-04-22 13:15:00,0.5266000000000001
2015-04-22 13:30:00,0.5886
2015-04-22 13:45:00,1.2426666666666668
2015-04-22 14:00:00,6.6428666666666665
2015-04-22 14:15:00,2.6056
2015-04-22 14:30:00,0.4286666666666667
2015-04-22 14:45:00,0.248
2015-04-22 15:00:00,0.2158
2015-04-22 15:15:00,0.2759333333333333
2015-04-22 15:30:00,0.2465999999999999
2015-04-22 15:45:00,0.4632
2015-04-22 16:00:00,1.1965333333333332
2015-04-22 16:15:00,1.1054000000000002
2015-04-22 16:30:00,0.3063333333333333
2015-04-22 16:45:00,0.1804
2015-04-22 17:00:00,0.154
2015-04-22 17:15:00,0.1868
2015-04-22 17:30:00,0.1422666666666666
2015-04-22 17:45:00,0.1238666666666666
2015-04-22 18:00:00,0.1271333333333333
2015-04-22 18:15:00,0.1558666666666666
2015-04-22 18:30:00,0.11
2015-04-22 18:45:00,0.2124666666666666
2015-04-22 19:00:00,0.2370666666666666
2015-04-22 19:15:00,0.3518
2015-04-22 19:30:00,1.1298666666666666
2015-04-22 19:45:00,2.094866666666667
2015-04-22 20:00:00,2.742866666666667
2015-04-22 20:15:00,1.9906666666666668
2015-04-22 20:30:00,1.044
2015-04-22 20:45:00,0.5838666666666666
2015-04-22 21:00:00,0.6498666666666667
2015-04-22 21:15:00,0.8220666666666667
2015-04-22 21:30:00,0.7094
2015-04-22 21:45:00,0.6804
2015-04-22 22:00:00,0.5726666666666667
2015-04-22 22:15:00,0.5452
2015-04-22 22:30:00,0.5236000000000001
2015-04-22 22:45:00,0.524
2015-04-22 23:00:00,0.3787333333333333
2015-04-22 23:15:00,0.3436666666666667
2015-04-22 23:30:00,0.3459333333333333
2015-04-22 23:45:00,0.9592666666666666
2015-04-23 00:00:00,0.4315333333333334
2015-04-23 00:15:00,0.376
2015-04-23 00:30:00,0.4372666666666666
2015-04-23 00:45:00,0.5582
2015-04-23 01:00:00,0.4422
2015-04-23 01:15:00,0.5004
2015-04-23 01:30:00,0.4452
2015-04-23 01:45:00,0.4623333333333333
2015-04-23 02:00:00,0.4175333333333333
2015-04-23 02:15:00,0.4341333333333333
2015-04-23 02:30:00,0.3331333333333333
2015-04-23 02:45:00,0.3010666666666666
2015-04-23 03:00:00,0.9266
2015-04-23 03:15:00,0.5107333333333334
2015-04-23 03:30:00,0.4692
2015-04-23 03:45:00,0.3120666666666666
2015-04-23 04:00:00,0.2878
2015-04-23 04:15:00,0.2846666666666667
2015-04-23 04:30:00,0.2515333333333333
2015-04-23 04:45:00,0.148
2015-04-23 05:00:00,0.1057999999999999
2015-04-23 05:15:00,0.1551999999999999
2015-04-23 05:30:00,0.1163333333333333
2015-04-23 05:45:00,0.2338
2015-04-23 06:00:00,0.2952666666666667
2015-04-23 06:15:00,0.2465333333333333
2015-04-23 06:30:00,0.2342
2015-04-23 06:45:00,1.2842
2015-04-23 07:00:00,0.4249333333333333
2015-04-23 07:15:00,0.2109333333333333
2015-04-23 07:30:00,0.2524666666666667
2015-04-23 07:45:00,0.6977333333333333
2015-04-23 08:00:00,0.4773333333333333
2015-04-23 08:15:00,0.2512
2015-04-23 08:30:00,0.2133333333333333
2015-04-23 08:45:00,0.1877333333333333
2015-04-23 09:00:00,0.1338
2015-04-23 09:15:00,0.2132
2015-04-23 09:30:00,0.2410666666666666
2015-04-23 09:45:00,0.1714666666666666
2015-04-23 10:00:00,0.6276666666666666
2015-04-23 10:15:00,0.5102
2015-04-23 10:30:00,0.4796
2015-04-23 10:45:00,0.5259333333333333
2015-04-23 11:00:00,0.6951333333333334
2015-04-23 11:15:00,0.6237999999999999
2015-04-23 11:30:00,0.3345333333333333
2015-04-23 11:45:00,0.1676666666666666
2015-04-23 12:00:00,0.1185333333333333
2015-04-23 12:15:00,0.1748
2015-04-23 12:30:00,0.1235333333333333
2015-04-23 12:45:00,0.2054666666666666
2015-04-23 13:00:00,0.2334
2015-04-23 13:15:00,0.2238666666666666
2015-04-23 13:30:00,0.1908
2015-04-23 13:45:00,0.3203333333333333
2015-04-23 14:00:00,0.4636666666666666
2015-04-23 14:15:00,1.2195333333333334
2015-04-23 14:30:00,0.9690666666666669
2015-04-23 14:45:00,2.418733333333333
2015-04-23 15:00:00,1.0548666666666666
2015-04-23 15:15:00,0.4606666666666666
2015-04-23 15:30:00,0.415
2015-04-23 15:45:00,0.4538
2015-04-23 16:00:00,0.3634666666666666
2015-04-23 16:15:00,0.3526
2015-04-23 16:30:00,0.3226666666666667
2015-04-23 16:45:00,0.2976
2015-04-23 17:00:00,0.4092666666666666
2015-04-23 17:15:00,0.3344666666666666
2015-04-23 17:30:00,0.5063333333333333
2015-04-23 17:45:00,0.6136666666666666
2015-04-23 18:00:00,0.3993333333333333
2015-04-23 18:15:00,0.5168666666666667
2015-04-23 18:30:00,0.3566666666666667
2015-04-23 18:45:00,0.3976
2015-04-23 19:00:00,0.3530666666666666
2015-04-23 19:15:00,0.4283333333333333
2015-04-23 19:30:00,0.3905333333333333
2015-04-23 19:45:00,0.3462666666666666
2015-04-23 20:00:00,0.5761333333333333
2015-04-23 20:15:00,0.6474666666666667
2015-04-23 20:30:00,0.4386666666666667
2015-04-23 20:45:00,0.2166666666666666
2015-04-23 21:00:00,0.2545333333333333
2015-04-23 21:15:00,0.1964666666666666
2015-04-23 21:30:00,0.1975333333333333
2015-04-23 21:45:00,0.2140666666666666
2015-04-23 22:00:00,0.1965333333333333
2015-04-23 22:15:00,0.4301999999999999
2015-04-23 22:30:00,0.4223333333333333
2015-04-23 22:45:00,0.4259333333333333
2015-04-23 23:00:00,0.3498666666666666
2015-04-23 23:15:00,0.5422
2015-04-23 23:30:00,0.4755333333333333
2015-04-23 23:45:00,0.3324
2015-04-24 00:00:00,0.3447333333333333
2015-04-24 00:15:00,0.4683333333333333
2015-04-24 00:30:00,0.4865333333333334
2015-04-24 00:45:00,0.3888666666666667
2015-04-24 01:00:00,0.3664
2015-04-24 01:15:00,0.4014666666666666
2015-04-24 01:30:00,0.2726666666666666
2015-04-24 01:45:00,0.3006
2015-04-24 02:00:00,0.3193999999999999
2015-04-24 02:15:00,0.2752
2015-04-24 02:30:00,0.3285333333333333
2015-04-24 02:45:00,0.3503333333333333
2015-04-24 03:00:00,0.3276666666666666
2015-04-24 03:15:00,0.2622666666666666
2015-04-24 03:30:00,0.2983333333333333
2015-04-24 03:45:00,0.3172
2015-04-24 04:00:00,0.2840666666666667
2015-04-24 04:15:00,0.2560666666666666
2015-04-24 04:30:00,0.3298666666666667
2015-04-24 04:45:00,0.3462666666666666
2015-04-24 05:00:00,0.3431333333333333
2015-04-24 05:15:00,0.4056
2015-04-24 05:30:00,0.3037333333333333
2015-04-24 05:45:00,0.3670666666666666
2015-04-24 06:00:00,0.2653999999999999
2015-04-24 06:15:00,0.2936
2015-04-24 06:30:00,0.3008
2015-04-24 06:45:00,0.5273333333333333
2015-04-24 07:00:00,0.6571333333333333
2015-04-24 07:15:00,0.4802
2015-04-24 07:30:00,0.3762666666666666
2015-04-24 07:45:00,0.2592666666666666
2015-04-24 08:00:00,0.2573333333333333
2015-04-24 08:15:00,0.2082666666666666
2015-04-24 08:30:00,0.2267333333333333
2015-04-24 08:45:00,0.2256666666666666
2015-04-24 09:00:00,0.2084
2015-04-24 09:15:00,0.2567333333333333
2015-04-24 09:30:00,0.2970666666666666
2015-04-24 09:45:00,0.339
2015-04-24 10:00:00,0.2472666666666667
2015-04-24 10:15:00,0.2496
2015-04-24 10:30:00,0.202
2015-04-24 10:45:00,0.2434
2015-04-24 11:00:00,0.197
2015-04-24 11:15:00,0.2816666666666667
2015-04-24 11:30:00,0.4224666666666666
2015-04-24 11:45:00,0.2382666666666666
2015-04-24 12:00:00,0.3645333333333334
2015-04-24 12:15:00,0.4187333333333333
2015-04-24 12:30:00,0.4842666666666667
2015-04-24 12:45:00,0.421
2015-04-24 13:00:00,0.8580666666666668
2015-04-24 13:15:00,1.1959333333333333
2015-04-24 13:30:00,0.8995333333333333
2015-04-24 13:45:00,0.9594
2015-04-24 14:00:00,0.9475333333333332
2015-04-24 14:15:00,0.7328666666666667
2015-04-24 14:30:00,2.406733333333333
2015-04-24 14:45:00,2.3391333333333333
2015-04-24 15:00:00,0.7240666666666667
2015-04-24 15:15:00,0.4281333333333333
2015-04-24 15:30:00,0.4296
2015-04-24 15:45:00,0.5036
2015-04-24 16:00:00,0.4941333333333333
2015-04-24 16:15:00,0.3972666666666666
2015-04-24 16:30:00,0.4916666666666667
2015-04-24 16:45:00,0.3999333333333333
2015-04-24 17:00:00,0.8422000000000001
2015-04-24 17:15:00,0.8560666666666668
2015-04-24 17:30:00,0.974
2015-04-24 17:45:00,1.1489333333333334
2015-04-24 18:00:00,0.4236666666666667
2015-04-24 18:15:00,0.2698
2015-04-24 18:30:00,0.1976
2015-04-24 18:45:00,0.2445999999999999
2015-04-24 19:00:00,0.2481999999999999
2015-04-24 19:15:00,0.2788666666666666
2015-04-24 19:30:00,0.4088
2015-04-24 19:45:00,0.7836000000000001
2015-04-24 20:00:00,0.8306
2015-04-24 20:15:00,0.8888666666666667
2015-04-24 20:30:00,0.6504666666666667
2015-04-24 20:45:00,0.7112666666666666
2015-04-24 21:00:00,0.4629333333333333
2015-04-24 21:15:00,0.4221999999999999
2015-04-24 21:30:00,0.482
2015-04-24 21:45:00,0.3774666666666666
2015-04-24 22:00:00,0.5704
2015-04-24 22:15:00,0.345
2015-04-24 22:30:00,0.4199333333333333
2015-04-24 22:45:00,0.3528666666666666
2015-04-24 23:00:00,0.2431333333333333
2015-04-24 23:15:00,0.2672666666666666
2015-04-24 23:30:00,0.2617333333333334
2015-04-24 23:45:00,0.2838666666666666
2015-04-25 00:00:00,0.6748
2015-04-25 00:15:00,0.2363333333333333
2015-04-25 00:30:00,0.2784
2015-04-25 00:45:00,0.2397333333333333
2015-04-25 01:00:00,0.3073999999999999
2015-04-25 01:15:00,0.38
2015-04-25 01:30:00,0.2558666666666667
2015-04-25 01:45:00,0.3188666666666667
2015-04-25 02:00:00,0.2626
2015-04-25 02:15:00,0.2886666666666667
2015-04-25 02:30:00,0.1904
2015-04-25 02:45:00,0.1639333333333333
2015-04-25 03:00:00,0.1266666666666666
2015-04-25 03:15:00,0.1185333333333333
2015-04-25 03:30:00,0.2072666666666666
2015-04-25 03:45:00,0.2315333333333333
2015-04-25 04:00:00,0.1936666666666666
2015-04-25 04:15:00,0.1169333333333333
2015-04-25 04:30:00,0.1646666666666666
2015-04-25 04:45:00,0.1132666666666666
2015-04-25 05:00:00,0.1492
2015-04-25 05:15:00,0.1205333333333333
2015-04-25 05:30:00,0.1370666666666666
2015-04-25 05:45:00,0.2852
2015-04-25 06:00:00,0.2941333333333333
2015-04-25 06:15:00,0.3577333333333333
2015-04-25 06:30:00,0.3388
2015-04-25 06:45:00,0.302
2015-04-25 07:00:00,0.2382666666666666
2015-04-25 07:15:00,0.2569333333333333
2015-04-25 07:30:00,0.2312
2015-04-25 07:45:00,0.2458
2015-04-25 08:00:00,0.2888666666666666
2015-04-25 08:15:00,0.2666
2015-04-25 08:30:00,0.8526666666666667
2015-04-25 08:45:00,0.3446666666666667
2015-04-25 09:00:00,2.014333333333333
2015-04-25 09:15:00,0.2854666666666666
2015-04-25 09:30:00,0.2568
2015-04-25 09:45:00,0.283
2015-04-25 10:00:00,0.3183333333333333
2015-04-25 10:15:00,0.3001333333333333
2015-04-25 10:30:00,0.3628666666666666
2015-04-25 10:45:00,0.5000666666666667
2015-04-25 11:00:00,0.393
2015-04-25 11:15:00,2.1613333333333333
2015-04-25 11:30:00,2.8916666666666666
2015-04-25 11:45:00,2.444266666666667
2015-04-25 12:00:00,1.5281333333333331
2015-04-25 12:15:00,0.6792
2015-04-25 12:30:00,0.278
2015-04-25 12:45:00,0.2098666666666666
2015-04-25 13:00:00,0.2201333333333333
2015-04-25 13:15:00,1.5226
2015-04-25 13:30:00,1.218
2015-04-25 13:45:00,0.2316
2015-04-25 14:00:00,0.1595333333333333
2015-04-25 14:15:00,0.2058
2015-04-25 14:30:00,0.2678666666666667
2015-04-25 14:45:00,0.2524
2015-04-25 15:00:00,0.2078
2015-04-25 15:15:00,0.3033333333333333
2015-04-25 15:30:00,0.2899333333333333
2015-04-25 15:45:00,0.2026
2015-04-25 16:00:00,0.1191333333333333
2015-04-25 16:15:00,0.1393333333333333
2015-04-25 16:30:00,0.129
2015-04-25 16:45:00,0.1530666666666666
2015-04-25 17:00:00,0.2481333333333333
2015-04-25 17:15:00,0.2048666666666666
2015-04-25 17:30:00,0.1957333333333333
2015-04-25 17:45:00,0.1196
2015-04-25 18:00:00,0.1358666666666666
2015-04-25 18:15:00,0.1296
2015-04-25 18:30:00,0.1928666666666667
2015-04-25 18:45:00,0.1521333333333333
2015-04-25 19:00:00,0.1093333333333333
2015-04-25 19:15:00,0.1567333333333333
2015-04-25 19:30:00,0.1258666666666666
2015-04-25 19:45:00,0.2077333333333333
2015-04-25 20:00:00,0.2208
2015-04-25 20:15:00,0.1579333333333333
2015-04-25 20:30:00,0.1674
2015-04-25 20:45:00,1.4554
2015-04-25 21:00:00,1.4806666666666668
2015-04-25 21:15:00,0.8747999999999999
2015-04-25 21:30:00,1.1647333333333334
2015-04-25 21:45:00,1.6517333333333333
2015-04-25 22:00:00,0.6970666666666667
2015-04-25 22:15:00,2.9332
2015-04-25 22:30:00,1.0416666666666667
2015-04-25 22:45:00,0.7900666666666667
2015-04-25 23:00:00,2.8626
2015-04-25 23:15:00,1.616
2015-04-25 23:30:00,1.4136
2015-04-25 23:45:00,1.8835333333333333
2015-04-26 00:00:00,1.1831333333333334
2015-04-26 00:15:00,1.9768
2015-04-26 00:30:00,1.0742
2015-04-26 00:45:00,0.5214
2015-04-26 01:00:00,0.5692
2015-04-26 01:15:00,0.5192
2015-04-26 01:30:00,0.5543333333333333
2015-04-26 01:45:00,0.4886
2015-04-26 02:00:00,0.3352
2015-04-26 02:15:00,0.5588
2015-04-26 02:30:00,0.4272666666666666
2015-04-26 02:45:00,0.4638666666666666
2015-04-26 03:00:00,0.4689333333333333
2015-04-26 03:15:00,0.3863333333333333
2015-04-26 03:30:00,0.428
2015-04-26 03:45:00,0.5464
2015-04-26 04:00:00,0.3767333333333333
2015-04-26 04:15:00,0.6177999999999999
2015-04-26 04:30:00,1.8308666666666664
2015-04-26 04:45:00,0.7044
2015-04-26 05:00:00,0.318
2015-04-26 05:15:00,0.2784
2015-04-26 05:30:00,0.1415333333333333
2015-04-26 05:45:00,0.1631333333333333
2015-04-26 06:00:00,0.201
2015-04-26 06:15:00,0.3096
2015-04-26 06:30:00,1.2178
2015-04-26 06:45:00,0.5893333333333334
2015-04-26 07:00:00,0.2607333333333334
2015-04-26 07:15:00,0.2894666666666666
2015-04-26 07:30:00,0.2944
2015-04-26 07:45:00,0.2372
2015-04-26 08:00:00,0.2529333333333333
2015-04-26 08:15:00,0.2526
2015-04-26 08:30:00,0.2053333333333333
2015-04-26 08:45:00,0.3071333333333333
2015-04-26 09:00:00,0.2776
2015-04-26 09:15:00,0.2607333333333334
2015-04-26 09:30:00,0.1647333333333333
2015-04-26 09:45:00,0.2036
2015-04-26 10:00:00,0.2142
2015-04-26 10:15:00,0.1805999999999999
2015-04-26 10:30:00,0.1600666666666666
2015-04-26 10:45:00,0.1192
2015-04-26 11:00:00,0.1692666666666666
2015-04-26 11:15:00,0.1570666666666666
2015-04-26 11:30:00,0.3014666666666666
2015-04-26 11:45:00,1.6813333333333331
2015-04-26 12:00:00,0.6316
2015-04-26 12:15:00,0.4833333333333333
2015-04-26 12:30:00,0.4467333333333333
2015-04-26 12:45:00,0.5355333333333333
2015-04-26 13:00:00,1.0607333333333333
2015-04-26 13:15:00,1.8268666666666664
2015-04-26 13:30:00,0.9903333333333334
2015-04-26 13:45:00,0.6449333333333332
2015-04-26 14:00:00,0.6562
2015-04-26 14:15:00,1.0429333333333335
2015-04-26 14:30:00,0.7690666666666667
2015-04-26 14:45:00,0.62
2015-04-26 15:00:00,0.6856666666666666
2015-04-26 15:15:00,0.6308666666666667
2015-04-26 15:30:00,5.191
2015-04-26 15:45:00,5.659466666666666
2015-04-26 16:00:00,1.7371333333333334
2015-04-26 16:15:00,0.7290666666666668
2015-04-26 16:30:00,0.2971999999999999
2015-04-26 16:45:00,0.3716666666666667
2015-04-26 17:00:00,0.4731333333333333
2015-04-26 17:15:00,0.5364666666666666
2015-04-26 17:30:00,1.4225333333333332
2015-04-26 17:45:00,1.0113333333333334
2015-04-26 18:00:00,0.4278
2015-04-26 18:15:00,0.4191333333333333
2015-04-26 18:30:00,0.6076
2015-04-26 18:45:00,0.6342666666666666
2015-04-26 19:00:00,0.6492
2015-04-26 19:15:00,0.7442000000000001
2015-04-26 19:30:00,0.5668
2015-04-26 19:45:00,0.5385333333333333
2015-04-26 20:00:00,0.4537333333333333
2015-04-26 20:15:00,0.8188
2015-04-26 20:30:00,0.8792000000000001
2015-04-26 20:45:00,0.6640666666666667
2015-04-26 21:00:00,0.6006666666666667
2015-04-26 21:15:00,0.6212666666666666
2015-04-26 21:30:00,0.7554666666666667
2015-04-26 21:45:00,0.6559333333333333
2015-04-26 22:00:00,0.7215333333333332
2015-04-26 22:15:00,0.6984
2015-04-26 22:30:00,0.6426666666666666
2015-04-26 22:45:00,0.4847333333333333
2015-04-26 23:00:00,0.4558
2015-04-26 23:15:00,0.5266000000000001
2015-04-26 23:30:00,0.4750666666666666
2015-04-26 23:45:00,0.5978
2015-04-27 00:00:00,0.5761333333333333
2015-04-27 00:15:00,0.5242
2015-04-27 00:30:00,0.4832666666666667
2015-04-27 00:45:00,0.4812666666666667
2015-04-27 01:00:00,0.3428
2015-04-27 01:15:00,0.249
2015-04-27 01:30:00,0.2848666666666666
2015-04-27 01:45:00,0.2536
2015-04-27 02:00:00,0.3858
2015-04-27 02:15:00,0.3236666666666666
2015-04-27 02:30:00,0.3112666666666666
2015-04-27 02:45:00,0.3177333333333333
2015-04-27 03:00:00,0.2673999999999999
2015-04-27 03:15:00,0.2644666666666666
2015-04-27 03:30:00,0.2807333333333333
2015-04-27 03:45:00,0.266
2015-04-27 04:00:00,0.1536666666666666
2015-04-27 04:15:00,0.2114
2015-04-27 04:30:00,0.2248666666666667
2015-04-27 04:45:00,0.1951999999999999
2015-04-27 05:00:00,0.2082
2015-04-27 05:15:00,0.1238
2015-04-27 05:30:00,0.1643333333333333
2015-04-27 05:45:00,0.128
2015-04-27 06:00:00,0.2692666666666666
2015-04-27 06:15:00,0.2359333333333333
2015-04-27 06:30:00,0.4262666666666666
2015-04-27 06:45:00,1.0648
2015-04-27 07:00:00,0.404
2015-04-27 07:15:00,0.3458666666666666
2015-04-27 07:30:00,0.3795333333333333
2015-04-27 07:45:00,0.4406666666666667
2015-04-27 08:00:00,0.4066
2015-04-27 08:15:00,0.4906666666666667
2015-04-27 08:30:00,0.3192
2015-04-27 08:45:00,0.8515333333333333
2015-04-27 09:00:00,1.2336666666666667
2015-04-27 09:15:00,0.3324
2015-04-27 09:30:00,0.5406
2015-04-27 09:45:00,0.3892666666666666
2015-04-27 10:00:00,0.3556
2015-04-27 10:15:00,0.2585333333333333
2015-04-27 10:30:00,0.2770666666666667
2015-04-27 10:45:00,0.3403333333333333
2015-04-27 11:00:00,0.4036666666666667
2015-04-27 11:15:00,0.7303333333333334
2015-04-27 11:30:00,0.6705333333333333
2015-04-27 11:45:00,0.6312000000000001
2015-04-27 12:00:00,0.7701333333333333
2015-04-27 12:15:00,0.4038666666666666
2015-04-27 12:30:00,0.361
2015-04-27 12:45:00,0.4226
2015-04-27 13:00:00,0.4664
2015-04-27 13:15:00,0.483
2015-04-27 13:30:00,0.5832
2015-04-27 13:45:00,0.8334666666666667
2015-04-27 14:00:00,1.5088
2015-04-27 14:15:00,2.813333333333333
2015-04-27 14:30:00,2.1794
2015-04-27 14:45:00,0.4906666666666667
2015-04-27 15:00:00,0.5014666666666666
2015-04-27 15:15:00,0.6567333333333334
2015-04-27 15:30:00,0.4424666666666666
2015-04-27 15:45:00,0.5983333333333334
2015-04-27 16:00:00,0.5067333333333334
2015-04-27 16:15:00,0.5658
2015-04-27 16:30:00,0.6776
2015-04-27 16:45:00,1.9872
2015-04-27 17:00:00,0.3734666666666666
2015-04-27 17:15:00,0.3123999999999999
2015-04-27 17:30:00,0.4589333333333333
2015-04-27 17:45:00,0.3171333333333333
2015-04-27 18:00:00,0.3650666666666666
2015-04-27 18:15:00,0.4011333333333333
2015-04-27 18:30:00,0.3590666666666666
2015-04-27 18:45:00,0.4377333333333333
2015-04-27 19:00:00,0.4526666666666666
2015-04-27 19:15:00,0.5082
2015-04-27 19:30:00,2.3722
2015-04-27 19:45:00,0.3965333333333333
2015-04-27 20:00:00,0.8566
2015-04-27 20:15:00,1.3310666666666666
2015-04-27 20:30:00,0.4497333333333334
2015-04-27 20:45:00,0.3928666666666667
2015-04-27 21:00:00,0.4584
2015-04-27 21:15:00,0.4718666666666666
2015-04-27 21:30:00,0.4634
2015-04-27 21:45:00,0.2990666666666666
2015-04-27 22:00:00,0.1940666666666666
2015-04-27 22:15:00,0.2596666666666667
2015-04-27 22:30:00,0.2327333333333333
2015-04-27 22:45:00,0.2987333333333333
2015-04-27 23:00:00,0.292
2015-04-27 23:15:00,0.3554666666666666
2015-04-27 23:30:00,0.2642666666666666
2015-04-27 23:45:00,0.3878
2015-04-28 00:00:00,0.3744666666666666
2015-04-28 00:15:00,0.3598
2015-04-28 00:30:00,0.2891333333333333
2015-04-28 00:45:00,0.2591333333333333
2015-04-28 01:00:00,0.1446
2015-04-28 01:15:00,0.1593333333333333
2015-04-28 01:30:00,0.236
2015-04-28 01:45:00,0.3370666666666667
2015-04-28 02:00:00,0.1663333333333333
2015-04-28 02:15:00,0.19
2015-04-28 02:30:00,0.2563999999999999
2015-04-28 02:45:00,0.2176666666666666
2015-04-28 03:00:00,0.2335333333333333
2015-04-28 03:15:00,0.1596
2015-04-28 03:30:00,0.1284666666666666
2015-04-28 03:45:00,0.162
2015-04-28 04:00:00,0.1344666666666666
2015-04-28 04:15:00,0.1824
2015-04-28 04:30:00,0.1088666666666666
2015-04-28 04:45:00,0.1581333333333333
2015-04-28 05:00:00,0.1854666666666666
2015-04-28 05:15:00,0.2039333333333333
2015-04-28 05:30:00,0.2573333333333333
2015-04-28 05:45:00,0.1621333333333333
2015-04-28 06:00:00,0.1404
2015-04-28 06:15:00,0.1666
2015-04-28 06:30:00,0.8761333333333333
2015-04-28 06:45:00,0.9998
2015-04-28 07:00:00,0.3251333333333333
2015-04-28 07:15:00,0.3364666666666666
2015-04-28 07:30:00,0.3634666666666666
2015-04-28 07:45:00,0.4898
2015-04-28 08:00:00,0.2432
2015-04-28 08:15:00,0.2479333333333333
2015-04-28 08:30:00,0.1988
2015-04-28 08:45:00,0.2651333333333333
2015-04-28 09:00:00,0.184
2015-04-28 09:15:00,0.2682
2015-04-28 09:30:00,0.466
2015-04-28 09:45:00,0.6449333333333332
2015-04-28 10:00:00,0.1641333333333333
2015-04-28 10:15:00,0.2474
2015-04-28 10:30:00,0.3041999999999999
2015-04-28 10:45:00,0.2611333333333333
2015-04-28 11:00:00,0.2557333333333333
2015-04-28 11:15:00,0.404
2015-04-28 11:30:00,0.4485333333333333
2015-04-28 11:45:00,0.2146666666666666
2015-04-28 12:00:00,0.5692666666666667
2015-04-28 12:15:00,0.9440666666666668
2015-04-28 12:30:00,0.577
2015-04-28 12:45:00,0.8853333333333334
2015-04-28 13:00:00,0.613
2015-04-28 13:15:00,0.4012
2015-04-28 13:30:00,0.4366666666666667
2015-04-28 13:45:00,0.5282
2015-04-28 14:00:00,0.454
2015-04-28 14:15:00,0.5164
2015-04-28 14:30:00,0.7010666666666667
2015-04-28 14:45:00,0.6947333333333333
2015-04-28 15:00:00,0.2310666666666666
2015-04-28 15:15:00,0.6355333333333333
2015-04-28 15:30:00,1.1039333333333334
2015-04-28 15:45:00,0.6375333333333333
2015-04-28 16:00:00,0.6904
2015-04-28 16:15:00,1.2539333333333331
2015-04-28 16:30:00,3.308
2015-04-28 16:45:00,2.8913333333333333
2015-04-28 17:00:00,1.6140666666666663
2015-04-28 17:15:00,1.6335333333333333
2015-04-28 17:30:00,0.7396
2015-04-28 17:45:00,1.3528
2015-04-28 18:00:00,1.3024
2015-04-28 18:15:00,0.6203333333333334
2015-04-28 18:30:00,0.2498666666666666
2015-04-28 18:45:00,0.1694666666666666
2015-04-28 19:00:00,0.3384666666666666
2015-04-28 19:15:00,0.5733333333333334
2015-04-28 19:30:00,0.4871999999999999
2015-04-28 19:45:00,0.6019333333333333
2015-04-28 20:00:00,0.3266666666666666
2015-04-28 20:15:00,0.2470666666666666
2015-04-28 20:30:00,0.2806666666666667
2015-04-28 20:45:00,0.2547333333333333
2015-04-28 21:00:00,0.2828666666666666
2015-04-28 21:15:00,0.2048
2015-04-28 21:30:00,0.1772
2015-04-28 21:45:00,0.3186
2015-04-28 22:00:00,0.4899333333333333
2015-04-28 22:15:00,0.7024
2015-04-28 22:30:00,0.8319333333333333
2015-04-28 22:45:00,0.6798666666666666
2015-04-28 23:00:00,0.6374
2015-04-28 23:15:00,0.6059333333333333
2015-04-28 23:30:00,0.4758
2015-04-28 23:45:00,0.4333999999999999
2015-04-29 00:00:00,0.4466666666666667
2015-04-29 00:15:00,0.4211999999999999
2015-04-29 00:30:00,0.4918666666666667
2015-04-29 00:45:00,0.4418666666666667
2015-04-29 01:00:00,0.4938666666666667
2015-04-29 01:15:00,0.3959333333333333
2015-04-29 01:30:00,0.4551333333333333
2015-04-29 01:45:00,0.3413333333333333
2015-04-29 02:00:00,0.4221333333333333
2015-04-29 02:15:00,0.3757333333333333
2015-04-29 02:30:00,0.3936
2015-04-29 02:45:00,0.3907333333333333
2015-04-29 03:00:00,0.3648
2015-04-29 03:15:00,0.4538
2015-04-29 03:30:00,0.4714666666666666
2015-04-29 03:45:00,0.4138
2015-04-29 04:00:00,0.4506666666666666
2015-04-29 04:15:00,0.3528
2015-04-29 04:30:00,0.4834
2015-04-29 04:45:00,0.2688
2015-04-29 05:00:00,0.171
2015-04-29 05:15:00,0.1999333333333333
2015-04-29 05:30:00,0.2425333333333333
2015-04-29 05:45:00,0.2572666666666666
2015-04-29 06:00:00,0.3382666666666666
2015-04-29 06:15:00,0.2722666666666666
2015-04-29 06:30:00,0.2713333333333333
2015-04-29 06:45:00,1.3016666666666667
2015-04-29 07:00:00,0.4656
2015-04-29 07:15:00,0.2926
2015-04-29 07:30:00,0.2113333333333333
2015-04-29 07:45:00,0.2535333333333333
2015-04-29 08:00:00,0.223
2015-04-29 08:15:00,0.1819333333333333
2015-04-29 08:30:00,0.2378666666666666
2015-04-29 08:45:00,0.2350666666666666
2015-04-29 09:00:00,0.1827333333333333
2015-04-29 09:15:00,0.1364666666666666
2015-04-29 09:30:00,0.1650666666666666
2015-04-29 09:45:00,0.1238
2015-04-29 10:00:00,0.5199333333333332
2015-04-29 10:15:00,0.6234
2015-04-29 10:30:00,0.2666
2015-04-29 10:45:00,0.2845333333333333
2015-04-29 11:00:00,0.3209333333333333
2015-04-29 11:15:00,2.4970666666666665
2015-04-29 11:30:00,4.470733333333333
2015-04-29 11:45:00,5.606066666666667
2015-04-29 12:00:00,2.1213333333333333
2015-04-29 12:15:00,1.6074000000000002
2015-04-29 12:30:00,1.445
2015-04-29 12:45:00,2.29
2015-04-29 13:00:00,1.5888666666666666
2015-04-29 13:15:00,1.4880666666666666
2015-04-29 13:30:00,1.735933333333333
2015-04-29 13:45:00,2.0579333333333336
2015-04-29 14:00:00,1.7268666666666663
2015-04-29 14:15:00,2.5568666666666666
2015-04-29 14:30:00,1.6162666666666667
2015-04-29 14:45:00,1.8758666666666663
2015-04-29 15:00:00,1.1615333333333333
2015-04-29 15:15:00,0.4542666666666666
2015-04-29 15:30:00,0.4402666666666666
2015-04-29 15:45:00,0.3312666666666666
2015-04-29 16:00:00,0.2796666666666667
2015-04-29 16:15:00,0.3075333333333334
2015-04-29 16:30:00,0.6317999999999999
2015-04-29 16:45:00,2.6793333333333336
2015-04-29 17:00:00,1.0397333333333334
2015-04-29 17:15:00,1.4512666666666667
2015-04-29 17:30:00,0.9029333333333333
2015-04-29 17:45:00,1.4068666666666665
2015-04-29 18:00:00,2.186266666666667
2015-04-29 18:15:00,2.679866666666667
2015-04-29 18:30:00,2.353733333333333
2015-04-29 18:45:00,1.1671333333333334
2015-04-29 19:00:00,0.7901333333333334
2015-04-29 19:15:00,0.8048
2015-04-29 19:30:00,1.0255999999999998
2015-04-29 19:45:00,3.218933333333333
2015-04-29 20:00:00,1.2413333333333332
2015-04-29 20:15:00,0.4406
2015-04-29 20:30:00,0.5116666666666667
2015-04-29 20:45:00,0.5096666666666667
2015-04-29 21:00:00,0.5098
2015-04-29 21:15:00,0.5561333333333334
2015-04-29 21:30:00,0.5686666666666667
2015-04-29 21:45:00,1.6867333333333334
2015-04-29 22:00:00,1.3716
2015-04-29 22:15:00,1.2162666666666666
2015-04-29 22:30:00,0.9186666666666666
2015-04-29 22:45:00,0.5778666666666666
2015-04-29 23:00:00,0.8001333333333334
2015-04-29 23:15:00,1.3940666666666666
2015-04-29 23:30:00,1.8218
2015-04-29 23:45:00,0.74
2015-04-30 00:00:00,0.7793333333333333
2015-04-30 00:15:00,1.704
2015-04-30 00:30:00,2.1796666666666664
2015-04-30 00:45:00,1.6494666666666666
2015-04-30 01:00:00,1.278333333333333
2015-04-30 01:15:00,1.4552
2015-04-30 01:30:00,0.4284666666666666
2015-04-30 01:45:00,0.2804
2015-04-30 02:00:00,0.3763999999999999
2015-04-30 02:15:00,0.355
2015-04-30 02:30:00,0.3376666666666666
2015-04-30 02:45:00,0.3188666666666667
2015-04-30 03:00:00,0.3312666666666666
2015-04-30 03:15:00,0.2654666666666666
2015-04-30 03:30:00,0.2505333333333333
2015-04-30 03:45:00,0.3238666666666667
2015-04-30 04:00:00,0.4248
2015-04-30 04:15:00,0.3813999999999999
2015-04-30 04:30:00,0.4871333333333333
2015-04-30 04:45:00,0.7936666666666666
2015-04-30 05:00:00,0.8129333333333333
2015-04-30 05:15:00,0.6679333333333333
2015-04-30 05:30:00,0.4043333333333333
2015-04-30 05:45:00,0.2556
2015-04-30 06:00:00,1.6150666666666669
2015-04-30 06:15:00,1.1386666666666667
2015-04-30 06:30:00,0.3344666666666666
2015-04-30 06:45:00,0.5479333333333333
2015-04-30 07:00:00,0.9857333333333334
2015-04-30 07:15:00,0.5087333333333334
2015-04-30 07:30:00,0.3773333333333333
2015-04-30 07:45:00,0.3958
2015-04-30 08:00:00,0.2628666666666667
2015-04-30 08:15:00,0.2752666666666666
2015-04-30 08:30:00,0.5303333333333333
2015-04-30 08:45:00,2.5602
2015-04-30 09:00:00,1.2902
2015-04-30 09:15:00,1.4132
2015-04-30 09:30:00,0.5156666666666666
2015-04-30 09:45:00,0.3666666666666667
2015-04-30 10:00:00,0.359
2015-04-30 10:15:00,0.4090666666666667
2015-04-30 10:30:00,0.8475333333333332
2015-04-30 10:45:00,3.4950666666666668
2015-04-30 11:00:00,1.989733333333333
2015-04-30 11:15:00,1.0274666666666668
2015-04-30 11:30:00,2.2655333333333334
2015-04-30 11:45:00,1.5717333333333334
2015-04-30 12:00:00,0.9792666666666666
2015-04-30 12:15:00,0.698
2015-04-30 12:30:00,0.5008666666666667
2015-04-30 12:45:00,1.7068666666666663
2015-04-30 13:00:00,1.7937333333333334
2015-04-30 13:15:00,0.1856666666666666
2015-04-30 13:30:00,0.2177333333333333
2015-04-30 13:45:00,0.1680666666666666
2015-04-30 14:00:00,0.1514
2015-04-30 14:15:00,0.1472666666666666
2015-04-30 14:30:00,0.2327333333333333
2015-04-30 14:45:00,0.2202666666666666
2015-04-30 15:00:00,0.2193333333333333
2015-04-30 15:15:00,0.138
2015-04-30 15:30:00,0.1514
2015-04-30 15:45:00,0.1206
2015-04-30 16:00:00,0.1364
2015-04-30 16:15:00,0.1588666666666666
2015-04-30 16:30:00,0.1842666666666667
2015-04-30 16:45:00,0.2396
2015-04-30 17:00:00,0.2112666666666666
2015-04-30 17:15:00,0.1414
2015-04-30 17:30:00,0.1436
2015-04-30 17:45:00,0.1646666666666666
2015-04-30 18:00:00,0.1774
2015-04-30 18:15:00,0.1647333333333333
2015-04-30 18:30:00,0.0938666666666666
2015-04-30 18:45:00,0.1588666666666666
2015-04-30 19:00:00,0.1898666666666666
2015-04-30 19:15:00,0.1958
2015-04-30 19:30:00,0.2402666666666666
2015-04-30 19:45:00,0.1690666666666666
2015-04-30 20:00:00,0.1233333333333333
2015-04-30 20:15:00,0.152
2015-04-30 20:30:00,0.1399333333333333
2015-04-30 20:45:00,0.1374666666666666
2015-04-30 21:00:00,0.1272666666666666
2015-04-30 21:15:00,0.1811333333333333
2015-04-30 21:30:00,0.2454666666666666
2015-04-30 21:45:00,0.212
2015-04-30 22:00:00,0.1892666666666666
2015-04-30 22:15:00,0.1459333333333333
2015-04-30 22:30:00,0.1114666666666666
2015-04-30 22:45:00,0.1549333333333333
2015-04-30 23:00:00,0.1247333333333333
2015-04-30 23:15:00,0.1299333333333333
2015-04-30 23:30:00,0.216
2015-04-30 23:45:00,0.2030666666666666
2015-05-01 00:00:00,0.2147333333333333
2015-05-01 00:15:00,0.2188
2015-05-01 00:30:00,0.2288
2015-05-01 00:45:00,0.1672
2015-05-01 01:00:00,0.1098
2015-05-01 01:15:00,0.1288666666666666
2015-05-01 01:30:00,0.1584
2015-05-01 01:45:00,0.0961333333333333
2015-05-01 02:00:00,0.1439333333333333
2015-05-01 02:15:00,0.1946666666666666
2015-05-01 02:30:00,0.2154
2015-05-01 02:45:00,0.189
2015-05-01 03:00:00,0.1962666666666666
2015-05-01 03:15:00,0.1125999999999999
2015-05-01 03:30:00,0.1426666666666666
2015-05-01 03:45:00,0.1263333333333333
2015-05-01 04:00:00,0.2218666666666666
2015-05-01 04:15:00,0.1516666666666666
2015-05-01 04:30:00,0.1198
2015-05-01 04:45:00,0.1288
2015-05-01 05:00:00,0.1962666666666666
2015-05-01 05:15:00,0.2110666666666666
2015-05-01 05:30:00,0.1963333333333333
2015-05-01 05:45:00,0.1763333333333333
2015-05-01 06:00:00,0.1544666666666666
2015-05-01 06:15:00,0.155
2015-05-01 06:30:00,0.1921999999999999
2015-05-01 06:45:00,0.1487333333333333
2015-05-01 07:00:00,0.1325333333333333
2015-05-01 07:15:00,0.156
2015-05-01 07:30:00,0.217
2015-05-01 07:45:00,0.232
2015-05-01 08:00:00,0.2012
2015-05-01 08:15:00,0.1660666666666666
2015-05-01 08:30:00,0.1877333333333333
2015-05-01 08:45:00,0.1590666666666666
2015-05-01 09:00:00,0.1375333333333333
2015-05-01 09:15:00,0.1605333333333333
2015-05-01 09:30:00,0.1397333333333333
2015-05-01 09:45:00,0.1925333333333333
2015-05-01 10:00:00,0.2054
2015-05-01 10:15:00,0.2477333333333333
2015-05-01 10:30:00,0.1769333333333333
2015-05-01 10:45:00,0.1298666666666666
2015-05-01 11:00:00,0.1698666666666666
2015-05-01 11:15:00,0.1367333333333333
2015-05-01 11:30:00,0.1749333333333333
2015-05-01 11:45:00,0.1967333333333333
2015-05-01 12:00:00,0.1151333333333333
2015-05-01 12:15:00,0.2001333333333333
2015-05-01 12:30:00,0.2207333333333333
2015-05-01 12:45:00,0.2291333333333333
2015-05-01 13:00:00,0.1941999999999999
2015-05-01 13:15:00,0.2236
2015-05-01 13:30:00,0.4502666666666666
2015-05-01 13:45:00,1.3796
2015-05-01 14:00:00,1.8288666666666664
2015-05-01 14:15:00,0.4738666666666666
2015-05-01 14:30:00,0.3680666666666666
2015-05-01 14:45:00,0.5154
2015-05-01 15:00:00,0.3938
2015-05-01 15:15:00,0.4179333333333333
2015-05-01 15:30:00,0.3316666666666666
2015-05-01 15:45:00,0.3637333333333333
2015-05-01 16:00:00,0.3648666666666667
2015-05-01 16:15:00,0.2815333333333333
2015-05-01 16:30:00,0.3274666666666666
2015-05-01 16:45:00,0.2959333333333333
2015-05-01 17:00:00,0.3930666666666667
2015-05-01 17:15:00,0.4515333333333333
2015-05-01 17:30:00,0.7396
2015-05-01 17:45:00,0.5654
2015-05-01 18:00:00,0.3674666666666666
2015-05-01 18:15:00,0.3562666666666667
2015-05-01 18:30:00,0.3433333333333333
2015-05-01 18:45:00,0.386
2015-05-01 19:00:00,0.3977333333333333
2015-05-01 19:15:00,0.3492666666666666
2015-05-01 19:30:00,0.3658666666666667
2015-05-01 19:45:00,0.4029333333333333
2015-05-01 20:00:00,0.4701333333333333
2015-05-01 20:15:00,0.3972
2015-05-01 20:30:00,0.3837333333333333
2015-05-01 20:45:00,0.4290666666666666
2015-05-01 21:00:00,1.0848666666666666
2015-05-01 21:15:00,3.683466666666667
2015-05-01 21:30:00,1.1431333333333331
2015-05-01 21:45:00,0.8567333333333333
2015-05-01 22:00:00,0.7514666666666667
2015-05-01 22:15:00,0.3862666666666666
2015-05-01 22:30:00,0.7524
2015-05-01 22:45:00,0.5859333333333333
2015-05-01 23:00:00,0.446
2015-05-01 23:15:00,0.3121333333333333
2015-05-01 23:30:00,0.1174
2015-05-01 23:45:00,0.1084666666666666
2015-05-02 00:00:00,0.1522666666666667
2015-05-02 00:15:00,0.169
2015-05-02 00:30:00,0.1309333333333333
2015-05-02 00:45:00,0.1732666666666666
2015-05-02 01:00:00,0.2314
2015-05-02 01:15:00,0.157
2015-05-02 01:30:00,0.1268666666666666
2015-05-02 01:45:00,0.1531999999999999
2015-05-02 02:00:00,0.1980666666666666
2015-05-02 02:15:00,0.1392
2015-05-02 02:30:00,0.1128
2015-05-02 02:45:00,0.2354666666666666
2015-05-02 03:00:00,0.2662666666666666
2015-05-02 03:15:00,0.3139333333333333
2015-05-02 03:30:00,0.3002666666666666
2015-05-02 03:45:00,0.2382666666666666
2015-05-02 04:00:00,0.2871333333333333
2015-05-02 04:15:00,0.1752666666666666
2015-05-02 04:30:00,0.1871999999999999
2015-05-02 04:45:00,0.1656
2015-05-02 05:00:00,0.1470666666666666
2015-05-02 05:15:00,0.1730666666666666
2015-05-02 05:30:00,0.1428
2015-05-02 05:45:00,0.241
2015-05-02 06:00:00,0.2570666666666666
2015-05-02 06:15:00,0.1427333333333333
2015-05-02 06:30:00,0.1771333333333333
2015-05-02 06:45:00,0.186
2015-05-02 07:00:00,0.1699333333333333
2015-05-02 07:15:00,0.1418
2015-05-02 07:30:00,0.1461333333333333
2015-05-02 07:45:00,0.1468
2015-05-02 08:00:00,0.2235333333333333
2015-05-02 08:15:00,0.2542
2015-05-02 08:30:00,0.1448666666666666
2015-05-02 08:45:00,0.2211999999999999
2015-05-02 09:00:00,0.141
2015-05-02 09:15:00,0.1475999999999999
2015-05-02 09:30:00,0.1466
2015-05-02 09:45:00,0.1416
2015-05-02 10:00:00,0.1785333333333333
2015-05-02 10:15:00,0.1383333333333333
2015-05-02 10:30:00,0.2512
2015-05-02 10:45:00,0.2339333333333333
2015-05-02 11:00:00,0.1189333333333333
2015-05-02 11:15:00,0.1735333333333333
2015-05-02 11:30:00,0.1226
2015-05-02 11:45:00,0.1959333333333333
2015-05-02 12:00:00,0.2887333333333333
2015-05-02 12:15:00,0.3428666666666666
2015-05-02 12:30:00,0.4634
2015-05-02 12:45:00,0.3658
2015-05-02 13:00:00,0.4734
2015-05-02 13:15:00,0.5782666666666667
2015-05-02 13:30:00,1.669
2015-05-02 13:45:00,0.9942666666666666
2015-05-02 14:00:00,0.4454666666666666
2015-05-02 14:15:00,0.6041333333333333
2015-05-02 14:30:00,0.3388666666666666
2015-05-02 14:45:00,0.3810666666666666
2015-05-02 15:00:00,0.4558
2015-05-02 15:15:00,0.3715333333333334
2015-05-02 15:30:00,0.3140666666666666
2015-05-02 15:45:00,0.2143333333333333
2015-05-02 16:00:00,0.2732666666666666
2015-05-02 16:15:00,0.3
2015-05-02 16:30:00,0.2214
2015-05-02 16:45:00,0.253
2015-05-02 17:00:00,0.2316
2015-05-02 17:15:00,0.2814
2015-05-02 17:30:00,0.3250666666666666
2015-05-02 17:45:00,0.2678
2015-05-02 18:00:00,0.2561333333333333
2015-05-02 18:15:00,0.2775333333333333
2015-05-02 18:30:00,0.3006
2015-05-02 18:45:00,0.1979333333333333
2015-05-02 19:00:00,0.2152666666666667
2015-05-02 19:15:00,0.2482666666666667
2015-05-02 19:30:00,0.2286666666666666
2015-05-02 19:45:00,0.3239333333333333
2015-05-02 20:00:00,0.3154666666666666
2015-05-02 20:15:00,0.2799333333333333
2015-05-02 20:30:00,0.2669333333333333
2015-05-02 20:45:00,0.2433333333333333
2015-05-02 21:00:00,0.2128666666666666
2015-05-02 21:15:00,0.2349333333333333
2015-05-02 21:30:00,0.3005333333333334
2015-05-02 21:45:00,0.4166666666666667
2015-05-02 22:00:00,0.4278
2015-05-02 22:15:00,0.5534
2015-05-02 22:30:00,0.4222666666666667
2015-05-02 22:45:00,0.4442
2015-05-02 23:00:00,0.4349333333333333
2015-05-02 23:15:00,0.4211999999999999
2015-05-02 23:30:00,0.4290666666666666
2015-05-02 23:45:00,0.359
2015-05-03 00:00:00,0.4869333333333333
2015-05-03 00:15:00,0.5335333333333333
2015-05-03 00:30:00,0.3818666666666667
2015-05-03 00:45:00,0.5477333333333333
2015-05-03 01:00:00,0.3781333333333333
2015-05-03 01:15:00,0.5036
2015-05-03 01:30:00,0.4218666666666666
2015-05-03 01:45:00,0.4479333333333333
2015-05-03 02:00:00,0.4112
2015-05-03 02:15:00,0.3051333333333333
2015-05-03 02:30:00,0.2484
2015-05-03 02:45:00,0.1894666666666666
2015-05-03 03:00:00,0.1650666666666666
2015-05-03 03:15:00,0.1578
2015-05-03 03:30:00,0.1686666666666666
2015-05-03 03:45:00,0.1972666666666666
2015-05-03 04:00:00,0.135
2015-05-03 04:15:00,0.1724
2015-05-03 04:30:00,0.1504666666666666
2015-05-03 04:45:00,0.2103333333333333
2015-05-03 05:00:00,0.2344666666666666
2015-05-03 05:15:00,0.1472
2015-05-03 05:30:00,0.1602666666666666
2015-05-03 05:45:00,0.1399333333333333
2015-05-03 06:00:00,0.1888
2015-05-03 06:15:00,0.1631333333333333
2015-05-03 06:30:00,0.1408666666666666
2015-05-03 06:45:00,0.1354666666666666
2015-05-03 07:00:00,0.1444
2015-05-03 07:15:00,0.2682666666666666
2015-05-03 07:30:00,0.1714
2015-05-03 07:45:00,0.1323333333333333
2015-05-03 08:00:00,0.2363333333333333
2015-05-03 08:15:00,0.1606666666666666
2015-05-03 08:30:00,0.1433333333333333
2015-05-03 08:45:00,0.1297333333333333
2015-05-03 09:00:00,0.1186
2015-05-03 09:15:00,0.1914666666666666
2015-05-03 09:30:00,0.1812666666666667
2015-05-03 09:45:00,0.2404
2015-05-03 10:00:00,0.1692666666666666
2015-05-03 10:15:00,0.2234666666666666
2015-05-03 10:30:00,0.1097333333333333
2015-05-03 10:45:00,0.1644666666666666
2015-05-03 11:00:00,0.1291999999999999
2015-05-03 11:15:00,0.157
2015-05-03 11:30:00,0.1430666666666666
2015-05-03 11:45:00,0.1719333333333333
2015-05-03 12:00:00,0.3476
2015-05-03 12:15:00,0.3862
2015-05-03 12:30:00,0.2621333333333333
2015-05-03 12:45:00,0.1507333333333333
2015-05-03 13:00:00,0.1482666666666666
2015-05-03 13:15:00,0.1420666666666666
2015-05-03 13:30:00,0.1278666666666666
2015-05-03 13:45:00,0.2135999999999999
2015-05-03 14:00:00,0.1478
2015-05-03 14:15:00,0.1671333333333333
2015-05-03 14:30:00,0.1528666666666666
2015-05-03 14:45:00,0.2282666666666666
2015-05-03 15:00:00,0.2219333333333333
2015-05-03 15:15:00,0.1222666666666666
2015-05-03 15:30:00,0.2278666666666666
2015-05-03 15:45:00,0.3478666666666666
2015-05-03 16:00:00,0.3961333333333333
2015-05-03 16:15:00,0.7327333333333333
2015-05-03 16:30:00,0.5822666666666666
2015-05-03 16:45:00,0.6557999999999999
2015-05-03 17:00:00,0.6556666666666666
2015-05-03 17:15:00,1.227666666666667
2015-05-03 17:30:00,1.3721333333333334
2015-05-03 17:45:00,0.9259333333333332
2015-05-03 18:00:00,0.5522
2015-05-03 18:15:00,0.4573333333333333
2015-05-03 18:30:00,0.5523333333333333
2015-05-03 18:45:00,0.6642
2015-05-03 19:00:00,0.5746666666666667
2015-05-03 19:15:00,0.5393333333333333
2015-05-03 19:30:00,0.5792666666666666
2015-05-03 19:45:00,0.4692
2015-05-03 20:00:00,0.5471333333333334
2015-05-03 20:15:00,0.4455333333333333
2015-05-03 20:30:00,0.4271999999999999
2015-05-03 20:45:00,0.4452
2015-05-03 21:00:00,0.4254666666666666
2015-05-03 21:15:00,0.4604
2015-05-03 21:30:00,0.4590666666666667
2015-05-03 21:45:00,0.6467999999999999
2015-05-03 22:00:00,0.5351333333333333
2015-05-03 22:15:00,0.4568
2015-05-03 22:30:00,0.4616666666666666
2015-05-03 22:45:00,0.3630666666666666
2015-05-03 23:00:00,0.4820666666666666
2015-05-03 23:15:00,0.4760666666666666
2015-05-03 23:30:00,0.4517333333333334
2015-05-03 23:45:00,0.3997333333333333
2015-05-04 00:00:00,0.2122
2015-05-04 00:15:00,0.3091333333333333
2015-05-04 00:30:00,0.2914
2015-05-04 00:45:00,0.2523333333333333
2015-05-04 01:00:00,0.2568666666666667
2015-05-04 01:15:00,0.2461333333333333
2015-05-04 01:30:00,0.2502666666666667
2015-05-04 01:45:00,0.2184666666666666
2015-05-04 02:00:00,0.2386666666666666
2015-05-04 02:15:00,0.2281333333333333
2015-05-04 02:30:00,0.2697333333333333
2015-05-04 02:45:00,0.3447333333333333
2015-05-04 03:00:00,0.3236
2015-05-04 03:15:00,0.3071333333333333
2015-05-04 03:30:00,0.2332
2015-05-04 03:45:00,0.2698
2015-05-04 04:00:00,0.2746
2015-05-04 04:15:00,0.2147333333333333
2015-05-04 04:30:00,0.2572666666666666
2015-05-04 04:45:00,0.2428
2015-05-04 05:00:00,0.3335333333333333
2015-05-04 05:15:00,0.3479333333333333
2015-05-04 05:30:00,0.2731333333333333
2015-05-04 05:45:00,0.2677333333333333
2015-05-04 06:00:00,0.2084666666666666
2015-05-04 06:15:00,0.2973333333333333
2015-05-04 06:30:00,0.24
2015-05-04 06:45:00,0.2554666666666667
2015-05-04 07:00:00,0.288
2015-05-04 07:15:00,0.2450666666666666
2015-05-04 07:30:00,0.2575333333333333
2015-05-04 07:45:00,1.2613333333333332
2015-05-04 08:00:00,1.7654666666666667
2015-05-04 08:15:00,2.0259333333333336
2015-05-04 08:30:00,1.6618666666666666
2015-05-04 08:45:00,0.3733999999999999
2015-05-04 09:00:00,0.2795333333333333
2015-05-04 09:15:00,0.9262666666666668
2015-05-04 09:30:00,1.7588666666666666
2015-05-04 09:45:00,0.7724
2015-05-04 10:00:00,0.5108
2015-05-04 10:15:00,0.3532666666666667
2015-05-04 10:30:00,0.5054
2015-05-04 10:45:00,1.0562
2015-05-04 11:00:00,1.6358
2015-05-04 11:15:00,2.6766666666666663
2015-05-04 11:30:00,2.702933333333333
2015-05-04 11:45:00,0.9018
2015-05-04 12:00:00,0.6886666666666666
2015-05-04 12:15:00,0.2643999999999999
2015-05-04 12:30:00,0.3611333333333333
2015-05-04 12:45:00,0.2833333333333333
2015-05-04 13:00:00,0.3136666666666667
2015-05-04 13:15:00,0.2299333333333333
2015-05-04 13:30:00,0.3133999999999999
2015-05-04 13:45:00,0.3656666666666667
2015-05-04 14:00:00,0.9392666666666668
2015-05-04 14:15:00,0.3301333333333333
2015-05-04 14:30:00,0.3867333333333334
2015-05-04 14:45:00,0.3592666666666667
2015-05-04 15:00:00,0.5114
2015-05-04 15:15:00,0.4040666666666667
2015-05-04 15:30:00,0.3761333333333333
2015-05-04 15:45:00,0.4192666666666667
2015-05-04 16:00:00,0.3515333333333333
2015-05-04 16:15:00,0.4154
2015-05-04 16:30:00,0.3733333333333333
2015-05-04 16:45:00,0.4022
2015-05-04 17:00:00,0.4933999999999999
2015-05-04 17:15:00,0.353
2015-05-04 17:30:00,0.4520666666666666
2015-05-04 17:45:00,0.4757333333333333
2015-05-04 18:00:00,0.3532666666666667
2015-05-04 18:15:00,0.3874666666666666
2015-05-04 18:30:00,0.5494
2015-05-04 18:45:00,0.4449333333333333
2015-05-04 19:00:00,0.3532666666666667
2015-05-04 19:15:00,0.3868666666666667
2015-05-04 19:30:00,0.379
2015-05-04 19:45:00,0.3133333333333333
2015-05-04 20:00:00,1.6796666666666666
2015-05-04 20:15:00,0.7772666666666667
2015-05-04 20:30:00,0.6798
2015-05-04 20:45:00,0.6196
2015-05-04 21:00:00,0.9639333333333332
2015-05-04 21:15:00,0.5022
2015-05-04 21:30:00,0.5001333333333333
2015-05-04 21:45:00,0.5315333333333333
2015-05-04 22:00:00,0.4872666666666666
2015-05-04 22:15:00,0.6132000000000001
2015-05-04 22:30:00,0.8149333333333333
2015-05-04 22:45:00,0.7585333333333333
2015-05-04 23:00:00,0.9284
2015-05-04 23:15:00,1.674
2015-05-04 23:30:00,0.4679333333333333
2015-05-04 23:45:00,0.2205333333333333
2015-05-05 00:00:00,0.1984666666666666
2015-05-05 00:15:00,0.2246666666666666
2015-05-05 00:30:00,0.2773333333333333
2015-05-05 00:45:00,0.2892666666666666
2015-05-05 01:00:00,0.2082
2015-05-05 01:15:00,0.1136666666666666
2015-05-05 01:30:00,0.1531333333333333
2015-05-05 01:45:00,0.1200666666666666
2015-05-05 02:00:00,0.1274
2015-05-05 02:15:00,0.175
2015-05-05 02:30:00,0.1592666666666666
2015-05-05 02:45:00,0.1687333333333333
2015-05-05 03:00:00,0.2119333333333333
2015-05-05 03:15:00,0.2263333333333333
2015-05-05 03:30:00,0.1492666666666667
2015-05-05 03:45:00,0.1091333333333333
2015-05-05 04:00:00,0.1668666666666666
2015-05-05 04:15:00,0.1446
2015-05-05 04:30:00,0.1805999999999999
2015-05-05 04:45:00,0.1243333333333333
2015-05-05 05:00:00,0.1238666666666666
2015-05-05 05:15:00,0.2188
2015-05-05 05:30:00,0.2144
2015-05-05 05:45:00,0.2102
2015-05-05 06:00:00,0.2839333333333333
2015-05-05 06:15:00,0.2796666666666667
2015-05-05 06:30:00,0.2492666666666667
2015-05-05 06:45:00,0.2082
2015-05-05 07:00:00,0.3709333333333333
2015-05-05 07:15:00,0.9602
2015-05-05 07:30:00,0.8090666666666667
2015-05-05 07:45:00,0.442
2015-05-05 08:00:00,0.2829333333333333
2015-05-05 08:15:00,0.3021999999999999
2015-05-05 08:30:00,0.1894666666666666
2015-05-05 08:45:00,0.2236
2015-05-05 09:00:00,0.368
2015-05-05 09:15:00,1.0306
2015-05-05 09:30:00,0.2576666666666667
2015-05-05 09:45:00,0.3716
2015-05-05 10:00:00,0.5195333333333333
2015-05-05 10:15:00,0.6519333333333333
2015-05-05 10:30:00,1.9189333333333327
2015-05-05 10:45:00,0.8622666666666666
2015-05-05 11:00:00,0.6532
2015-05-05 11:15:00,0.2268666666666666
2015-05-05 11:30:00,0.2324666666666666
2015-05-05 11:45:00,0.7356666666666666
2015-05-05 12:00:00,1.604666666666667
2015-05-05 12:15:00,0.6497999999999999
2015-05-05 12:30:00,0.3190666666666666
2015-05-05 12:45:00,0.2738
2015-05-05 13:00:00,0.238
2015-05-05 13:15:00,0.2554666666666667
2015-05-05 13:30:00,0.2618
2015-05-05 13:45:00,0.2785333333333333
2015-05-05 14:00:00,0.2834666666666666
2015-05-05 14:15:00,0.14
2015-05-05 14:30:00,0.2210666666666666
2015-05-05 14:45:00,0.1941999999999999
2015-05-05 15:00:00,0.2052
2015-05-05 15:15:00,0.3322666666666666
2015-05-05 15:30:00,0.3508666666666666
2015-05-05 15:45:00,0.3550666666666666
2015-05-05 16:00:00,0.2832
2015-05-05 16:15:00,0.3671333333333333
2015-05-05 16:30:00,0.3789333333333333
2015-05-05 16:45:00,0.3931333333333333
2015-05-05 17:00:00,0.6196666666666666
2015-05-05 17:15:00,0.5784666666666667
2015-05-05 17:30:00,0.5274666666666668
2015-05-05 17:45:00,0.4658
2015-05-05 18:00:00,0.4708666666666666
2015-05-05 18:15:00,0.4005333333333333
2015-05-05 18:30:00,0.2513333333333333
2015-05-05 18:45:00,0.2731333333333333
2015-05-05 19:00:00,0.2130666666666666
2015-05-05 19:15:00,0.2616
2015-05-05 19:30:00,2.098
2015-05-05 19:45:00,1.1454000000000002
2015-05-05 20:00:00,0.5662666666666667
2015-05-05 20:15:00,0.3014
2015-05-05 20:30:00,0.2538
2015-05-05 20:45:00,0.2655333333333333
2015-05-05 21:00:00,0.1972666666666666
2015-05-05 21:15:00,0.2580666666666666
2015-05-05 21:30:00,0.2600666666666666
2015-05-05 21:45:00,0.3146666666666667
2015-05-05 22:00:00,0.3176666666666667
2015-05-05 22:15:00,0.2550666666666666
2015-05-05 22:30:00,0.2401333333333333
2015-05-05 22:45:00,0.1989333333333333
2015-05-05 23:00:00,0.2396666666666666
2015-05-05 23:15:00,0.2116666666666666
2015-05-05 23:30:00,0.2201999999999999
2015-05-05 23:45:00,0.3156666666666667
2015-05-06 00:00:00,0.2069333333333333
2015-05-06 00:15:00,0.3044
2015-05-06 00:30:00,0.3725333333333334
2015-05-06 00:45:00,0.3230666666666666
2015-05-06 01:00:00,0.2603999999999999
2015-05-06 01:15:00,0.4402
2015-05-06 01:30:00,0.3279333333333333
2015-05-06 01:45:00,0.2805333333333333
2015-05-06 02:00:00,0.3061999999999999
2015-05-06 02:15:00,0.2861333333333333
2015-05-06 02:30:00,0.2396666666666666
2015-05-06 02:45:00,0.2762
2015-05-06 03:00:00,0.318
2015-05-06 03:15:00,0.3078
2015-05-06 03:30:00,0.2100666666666666
2015-05-06 03:45:00,0.1773333333333333
2015-05-06 04:00:00,0.1882666666666667
2015-05-06 04:15:00,0.1678666666666666
2015-05-06 04:30:00,0.181
2015-05-06 04:45:00,0.1359333333333333
2015-05-06 05:00:00,0.1637333333333333
2015-05-06 05:15:00,0.1459333333333333
2015-05-06 05:30:00,0.3320666666666667
2015-05-06 05:45:00,0.2836
2015-05-06 06:00:00,0.2458666666666666
2015-05-06 06:15:00,0.2985333333333334
2015-05-06 06:30:00,0.2239333333333333
2015-05-06 06:45:00,1.4408
2015-05-06 07:00:00,0.4642
2015-05-06 07:15:00,0.2346
2015-05-06 07:30:00,0.2612
2015-05-06 07:45:00,0.2352666666666666
2015-05-06 08:00:00,0.3366666666666666
2015-05-06 08:15:00,0.3223333333333333
2015-05-06 08:30:00,0.2298
2015-05-06 08:45:00,0.7822
2015-05-06 09:00:00,6.204333333333333
2015-05-06 09:15:00,0.9796666666666666
2015-05-06 09:30:00,0.5662666666666667
2015-05-06 09:45:00,1.2277333333333331
2015-05-06 10:00:00,0.4825333333333333
2015-05-06 10:15:00,0.1696666666666666
2015-05-06 10:30:00,0.2434666666666666
2015-05-06 10:45:00,0.251
2015-05-06 11:00:00,0.1301333333333333
2015-05-06 11:15:00,0.2531333333333333
2015-05-06 11:30:00,0.1368666666666666
2015-05-06 11:45:00,0.1654666666666666
2015-05-06 12:00:00,0.2435333333333333
2015-05-06 12:15:00,0.2388
2015-05-06 12:30:00,0.3128
2015-05-06 12:45:00,0.2734666666666666
2015-05-06 13:00:00,0.3804666666666666
2015-05-06 13:15:00,0.3229333333333333
2015-05-06 13:30:00,0.2916
2015-05-06 13:45:00,0.3407333333333333
2015-05-06 14:00:00,0.2914666666666666
2015-05-06 14:15:00,0.6554666666666666
2015-05-06 14:30:00,0.6805333333333333
2015-05-06 14:45:00,3.3844666666666665
2015-05-06 15:00:00,0.9426
2015-05-06 15:15:00,0.4452666666666666
2015-05-06 15:30:00,0.4462666666666666
2015-05-06 15:45:00,0.423
2015-05-06 16:00:00,0.4395333333333334
2015-05-06 16:15:00,0.33
2015-05-06 16:30:00,0.2505333333333333
2015-05-06 16:45:00,0.3692666666666666
2015-05-06 17:00:00,0.7268
2015-05-06 17:15:00,0.3372
2015-05-06 17:30:00,0.4377333333333333
2015-05-06 17:45:00,0.3997333333333333
2015-05-06 18:00:00,0.4722666666666666
2015-05-06 18:15:00,0.5204
2015-05-06 18:30:00,0.4343333333333333
2015-05-06 18:45:00,0.4330666666666666
2015-05-06 19:00:00,0.4265333333333334
2015-05-06 19:15:00,0.3863333333333333
2015-05-06 19:30:00,0.2496666666666666
2015-05-06 19:45:00,0.2238666666666666
2015-05-06 20:00:00,0.3424
2015-05-06 20:15:00,0.3034666666666666
2015-05-06 20:30:00,0.4964666666666666
2015-05-06 20:45:00,1.8400666666666663
2015-05-06 21:00:00,1.2352666666666667
2015-05-06 21:15:00,0.7737999999999999
2015-05-06 21:30:00,0.7479333333333332
2015-05-06 21:45:00,0.7541333333333333
2015-05-06 22:00:00,0.7697999999999999
2015-05-06 22:15:00,0.775
2015-05-06 22:30:00,0.7212666666666666
2015-05-06 22:45:00,1.2575999999999998
2015-05-06 23:00:00,0.5503333333333333
2015-05-06 23:15:00,0.4266
2015-05-06 23:30:00,0.2145333333333333
2015-05-06 23:45:00,0.4944666666666666
2015-05-07 00:00:00,0.3046666666666667
2015-05-07 00:15:00,0.3424
2015-05-07 00:30:00,0.4304666666666666
2015-05-07 00:45:00,0.3860666666666666
2015-05-07 01:00:00,0.3194666666666666
2015-05-07 01:15:00,0.2352
2015-05-07 01:30:00,0.1514666666666666
2015-05-07 01:45:00,0.1933333333333333
2015-05-07 02:00:00,0.1309333333333333
2015-05-07 02:15:00,0.1769333333333333
2015-05-07 02:30:00,0.1475999999999999
2015-05-07 02:45:00,0.2042666666666666
2015-05-07 03:00:00,0.2390666666666666
2015-05-07 03:15:00,0.2192666666666667
2015-05-07 03:30:00,0.1553333333333333
2015-05-07 03:45:00,0.1406666666666666
2015-05-07 04:00:00,0.1301999999999999
2015-05-07 04:15:00,0.1785999999999999
2015-05-07 04:30:00,0.1393333333333333
2015-05-07 04:45:00,0.1322666666666666
2015-05-07 05:00:00,0.2055333333333333
2015-05-07 05:15:00,0.2703333333333333
2015-05-07 05:30:00,0.1783333333333333
2015-05-07 05:45:00,0.1965333333333333
2015-05-07 06:00:00,0.1846
2015-05-07 06:15:00,0.3980666666666667
2015-05-07 06:30:00,0.5794666666666667
2015-05-07 06:45:00,1.0128
2015-05-07 07:00:00,0.5822666666666666
2015-05-07 07:15:00,0.2481999999999999
2015-05-07 07:30:00,0.2782
2015-05-07 07:45:00,0.3189333333333333
2015-05-07 08:00:00,0.3006
2015-05-07 08:15:00,0.2034666666666666
2015-05-07 08:30:00,0.154
2015-05-07 08:45:00,0.1490666666666666
2015-05-07 09:00:00,0.3417333333333333
2015-05-07 09:15:00,0.3766
2015-05-07 09:30:00,0.2194
2015-05-07 09:45:00,0.253
2015-05-07 10:00:00,0.2866666666666667
2015-05-07 10:15:00,0.3198
2015-05-07 10:30:00,0.2558
2015-05-07 10:45:00,0.4221333333333333
2015-05-07 11:00:00,0.5722666666666667
2015-05-07 11:15:00,0.4066666666666667
2015-05-07 11:30:00,0.6669333333333333
2015-05-07 11:45:00,0.438
2015-05-07 12:00:00,0.5402666666666667
2015-05-07 12:15:00,0.5743333333333334
2015-05-07 12:30:00,0.6127333333333334
2015-05-07 12:45:00,1.4356
2015-05-07 13:00:00,0.9784666666666668
2015-05-07 13:15:00,0.5822
2015-05-07 13:30:00,1.0294
2015-05-07 13:45:00,2.0382
2015-05-07 14:00:00,1.648
2015-05-07 14:15:00,0.4900666666666666
2015-05-07 14:30:00,0.5542
2015-05-07 14:45:00,0.6826666666666666
2015-05-07 15:00:00,0.6184666666666667
2015-05-07 15:15:00,0.5629333333333333
2015-05-07 15:30:00,0.6724
2015-05-07 15:45:00,1.0062666666666666
2015-05-07 16:00:00,0.8812666666666666
2015-05-07 16:15:00,0.7582666666666666
2015-05-07 16:30:00,0.7480666666666668
2015-05-07 16:45:00,1.0122666666666666
2015-05-07 17:00:00,0.5782666666666667
2015-05-07 17:15:00,0.7678666666666667
2015-05-07 17:30:00,0.675
2015-05-07 17:45:00,0.7348666666666667
2015-05-07 18:00:00,0.6106666666666666
2015-05-07 18:15:00,0.5387333333333334
2015-05-07 18:30:00,0.5720666666666667
2015-05-07 18:45:00,0.3554
2015-05-07 19:00:00,0.877
2015-05-07 19:15:00,0.7684
2015-05-07 19:30:00,0.6436666666666666
2015-05-07 19:45:00,0.6821333333333334
2015-05-07 20:00:00,0.5292666666666667
2015-05-07 20:15:00,1.0818666666666663
2015-05-07 20:30:00,1.110933333333333
2015-05-07 20:45:00,0.8558666666666667
2015-05-07 21:00:00,0.7737333333333334
2015-05-07 21:15:00,0.7773333333333333
2015-05-07 21:30:00,0.4972666666666666
2015-05-07 21:45:00,0.6987333333333333
2015-05-07 22:00:00,0.7846666666666666
2015-05-07 22:15:00,0.7470666666666668
2015-05-07 22:30:00,0.5091333333333333
2015-05-07 22:45:00,0.5390666666666667
2015-05-07 23:00:00,0.3561999999999999
2015-05-07 23:15:00,0.3234666666666666
2015-05-07 23:30:00,0.3867333333333334
2015-05-07 23:45:00,0.3098
2015-05-08 00:00:00,0.4139333333333333
2015-05-08 00:15:00,0.3774666666666666
2015-05-08 00:30:00,0.4429333333333333
2015-05-08 00:45:00,0.4189333333333333
2015-05-08 01:00:00,0.3902
2015-05-08 01:15:00,0.4124
2015-05-08 01:30:00,0.3904666666666666
2015-05-08 01:45:00,0.4584
2015-05-08 02:00:00,0.5651333333333334
2015-05-08 02:15:00,0.6062000000000001
2015-05-08 02:30:00,0.7066
2015-05-08 02:45:00,0.6127333333333334
2015-05-08 03:00:00,0.6064666666666667
2015-05-08 03:15:00,0.5781333333333333
2015-05-08 03:30:00,0.5384
2015-05-08 03:45:00,0.6861333333333334
2015-05-08 04:00:00,0.3847333333333333
2015-05-08 04:15:00,0.2986666666666667
2015-05-08 04:30:00,0.3026666666666667
2015-05-08 04:45:00,0.3086666666666667
2015-05-08 05:00:00,0.3670666666666666
2015-05-08 05:15:00,0.2382666666666666
2015-05-08 05:30:00,0.1844666666666666
2015-05-08 05:45:00,0.15
2015-05-08 06:00:00,0.1812
2015-05-08 06:15:00,0.2094
2015-05-08 06:30:00,0.1270666666666666
2015-05-08 06:45:00,0.159
2015-05-08 07:00:00,0.1659333333333333
2015-05-08 07:15:00,0.1368
2015-05-08 07:30:00,0.2628666666666667
2015-05-08 07:45:00,0.2109333333333333
2015-05-08 08:00:00,0.2125333333333333
2015-05-08 08:15:00,0.1385333333333333
2015-05-08 08:30:00,0.2298666666666666
2015-05-08 08:45:00,0.1782666666666666
2015-05-08 09:00:00,0.1359333333333333
2015-05-08 09:15:00,0.1612666666666666
2015-05-08 09:30:00,0.1616666666666666
2015-05-08 09:45:00,0.1957333333333333
2015-05-08 10:00:00,0.2376
2015-05-08 10:15:00,0.5079333333333333
2015-05-08 10:30:00,0.7404666666666667
2015-05-08 10:45:00,1.6162666666666667
2015-05-08 11:00:00,0.5231333333333333
2015-05-08 11:15:00,0.5153333333333334
2015-05-08 11:30:00,0.6479333333333333
2015-05-08 11:45:00,0.4512
2015-05-08 12:00:00,0.4838
2015-05-08 12:15:00,1.1438
2015-05-08 12:30:00,0.5766
2015-05-08 12:45:00,0.4756
2015-05-08 13:00:00,0.4625333333333333
2015-05-08 13:15:00,0.498
2015-05-08 13:30:00,0.4674666666666666
2015-05-08 13:45:00,1.8508666666666669
2015-05-08 14:00:00,1.6113333333333333
2015-05-08 14:15:00,1.0823333333333331
2015-05-08 14:30:00,0.4768
2015-05-08 14:45:00,0.4690666666666667
2015-05-08 15:00:00,0.4142
2015-05-08 15:15:00,0.3103999999999999
2015-05-08 15:30:00,0.3594
2015-05-08 15:45:00,0.3258666666666667
2015-05-08 16:00:00,1.9005333333333327
2015-05-08 16:15:00,0.3948666666666667
2015-05-08 16:30:00,0.3256666666666666
2015-05-08 16:45:00,0.3186
2015-05-08 17:00:00,0.418
2015-05-08 17:15:00,0.4391333333333333
2015-05-08 17:30:00,0.3743999999999999
2015-05-08 17:45:00,0.3648666666666667
2015-05-08 18:00:00,0.33
2015-05-08 18:15:00,0.4156666666666667
2015-05-08 18:30:00,0.4180666666666666
2015-05-08 18:45:00,0.7075333333333333
2015-05-08 19:00:00,0.3436666666666667
2015-05-08 19:15:00,0.3670666666666666
2015-05-08 19:30:00,0.9323333333333332
2015-05-08 19:45:00,0.4072666666666666
2015-05-08 20:00:00,0.4174
2015-05-08 20:15:00,0.3474
2015-05-08 20:30:00,0.4906
2015-05-08 20:45:00,0.4466666666666667
2015-05-08 21:00:00,0.5626666666666666
2015-05-08 21:15:00,0.5432
2015-05-08 21:30:00,0.4118
2015-05-08 21:45:00,0.4875333333333334
2015-05-08 22:00:00,0.4983999999999999
2015-05-08 22:15:00,0.569
2015-05-08 22:30:00,0.6638666666666667
2015-05-08 22:45:00,0.5527333333333333
2015-05-08 23:00:00,0.5833333333333334
2015-05-08 23:15:00,0.5006
2015-05-08 23:30:00,0.3357333333333333
2015-05-08 23:45:00,0.3238666666666667
2015-05-09 00:00:00,0.2232666666666666
2015-05-09 00:15:00,0.3129333333333333
2015-05-09 00:30:00,0.2722666666666666
2015-05-09 00:45:00,0.2917333333333333
2015-05-09 01:00:00,0.3631999999999999
2015-05-09 01:15:00,0.3722
2015-05-09 01:30:00,0.4036666666666667
2015-05-09 01:45:00,0.3708
2015-05-09 02:00:00,0.3669333333333333
2015-05-09 02:15:00,0.3011333333333333
2015-05-09 02:30:00,0.2398666666666666
2015-05-09 02:45:00,0.4258
2015-05-09 03:00:00,0.3664
2015-05-09 03:15:00,0.3266666666666666
2015-05-09 03:30:00,0.2874666666666666
2015-05-09 03:45:00,0.2133333333333333
2015-05-09 04:00:00,0.2674666666666666
2015-05-09 04:15:00,0.2524
2015-05-09 04:30:00,0.5200666666666667
2015-05-09 04:45:00,0.4772
2015-05-09 05:00:00,0.2165333333333333
2015-05-09 05:15:00,0.254
2015-05-09 05:30:00,0.1356
2015-05-09 05:45:00,0.1546
2015-05-09 06:00:00,0.1311999999999999
2015-05-09 06:15:00,0.1398666666666666
2015-05-09 06:30:00,0.1380666666666666
2015-05-09 06:45:00,0.117
2015-05-09 07:00:00,0.2707333333333333
2015-05-09 07:15:00,0.2275333333333333
2015-05-09 07:30:00,0.2565333333333333
2015-05-09 07:45:00,0.31
2015-05-09 08:00:00,0.2526
2015-05-09 08:15:00,0.2534
2015-05-09 08:30:00,0.2125333333333333
2015-05-09 08:45:00,0.1979333333333333
2015-05-09 09:00:00,0.2090666666666666
2015-05-09 09:15:00,1.3779333333333337
2015-05-09 09:30:00,1.1278
2015-05-09 09:45:00,0.4998666666666667
2015-05-09 10:00:00,0.3626666666666667
2015-05-09 10:15:00,0.6974666666666667
2015-05-09 10:30:00,0.4721333333333333
2015-05-09 10:45:00,0.3158666666666667
2015-05-09 11:00:00,0.3399333333333333
2015-05-09 11:15:00,0.3970666666666667
2015-05-09 11:30:00,0.3508666666666666
2015-05-09 11:45:00,0.3778666666666667
2015-05-09 12:00:00,0.2404
2015-05-09 12:15:00,0.2927333333333333
2015-05-09 12:30:00,0.9218666666666668
2015-05-09 12:45:00,2.4588
2015-05-09 13:00:00,3.0086
2015-05-09 13:15:00,1.6771333333333334
2015-05-09 13:30:00,3.1536666666666666
2015-05-09 13:45:00,0.6204666666666667
2015-05-09 14:00:00,0.4624
2015-05-09 14:15:00,0.9373333333333334
2015-05-09 14:30:00,0.9813333333333334
2015-05-09 14:45:00,0.6533333333333333
2015-05-09 15:00:00,0.4844
2015-05-09 15:15:00,0.6474666666666667
2015-05-09 15:30:00,0.5836666666666667
2015-05-09 15:45:00,0.4115333333333333
2015-05-09 16:00:00,0.2028
2015-05-09 16:15:00,0.1752666666666666
2015-05-09 16:30:00,0.1717333333333333
2015-05-09 16:45:00,0.2102666666666666
2015-05-09 17:00:00,0.2212666666666666
2015-05-09 17:15:00,0.2054
2015-05-09 17:30:00,0.1758
2015-05-09 17:45:00,0.1285333333333333
2015-05-09 18:00:00,0.1362
2015-05-09 18:15:00,0.2138666666666666
2015-05-09 18:30:00,0.3506666666666667
2015-05-09 18:45:00,0.7835333333333333
2015-05-09 19:00:00,0.7245333333333333
2015-05-09 19:15:00,0.7484
2015-05-09 19:30:00,1.1943333333333332
2015-05-09 19:45:00,1.0626
2015-05-09 20:00:00,1.0499333333333334
2015-05-09 20:15:00,1.1524
2015-05-09 20:30:00,0.6207999999999999
2015-05-09 20:45:00,0.7087333333333333
2015-05-09 21:00:00,1.0992666666666666
2015-05-09 21:15:00,1.0426
2015-05-09 21:30:00,0.7805333333333333
2015-05-09 21:45:00,0.6654666666666667
2015-05-09 22:00:00,0.4685333333333333
2015-05-09 22:15:00,0.8377333333333333
2015-05-09 22:30:00,0.6068
2015-05-09 22:45:00,0.6480666666666667
2015-05-09 23:00:00,0.589
2015-05-09 23:15:00,0.7094666666666667
2015-05-09 23:30:00,0.553
2015-05-09 23:45:00,0.2647333333333334
2015-05-10 00:00:00,0.2323333333333333
2015-05-10 00:15:00,0.2549333333333333
2015-05-10 00:30:00,0.2296666666666666
2015-05-10 00:45:00,0.1876
2015-05-10 01:00:00,0.2053333333333333
2015-05-10 01:15:00,0.1728666666666666
2015-05-10 01:30:00,0.2248
2015-05-10 01:45:00,0.2582666666666666
2015-05-10 02:00:00,0.192
2015-05-10 02:15:00,0.3570666666666666
2015-05-10 02:30:00,0.1375333333333333
2015-05-10 02:45:00,0.1618
2015-05-10 03:00:00,0.137
2015-05-10 03:15:00,0.194
2015-05-10 03:30:00,0.1862666666666667
2015-05-10 03:45:00,0.1678666666666666
2015-05-10 04:00:00,0.2471333333333333
2015-05-10 04:15:00,0.2158666666666666
2015-05-10 04:30:00,0.1661333333333333
2015-05-10 04:45:00,0.1423333333333333
2015-05-10 05:00:00,0.1263333333333333
2015-05-10 05:15:00,0.1502
2015-05-10 05:30:00,0.1384
2015-05-10 05:45:00,0.1864666666666666
2015-05-10 06:00:00,0.2214666666666666
2015-05-10 06:15:00,0.2704
2015-05-10 06:30:00,0.3428666666666666
2015-05-10 06:45:00,0.9458
2015-05-10 07:00:00,0.5651333333333334
2015-05-10 07:15:00,0.3532
2015-05-10 07:30:00,0.8894666666666667
2015-05-10 07:45:00,1.454
2015-05-10 08:00:00,1.7982
2015-05-10 08:15:00,0.4693333333333333
2015-05-10 08:30:00,0.3256
2015-05-10 08:45:00,0.7474666666666667
2015-05-10 09:00:00,0.6788
2015-05-10 09:15:00,1.8824666666666667
2015-05-10 09:30:00,0.9981333333333332
2015-05-10 09:45:00,0.3528666666666666
2015-05-10 10:00:00,0.3137333333333333
2015-05-10 10:15:00,0.5609333333333333
2015-05-10 10:30:00,0.4255333333333334
2015-05-10 10:45:00,0.3697333333333333
2015-05-10 11:00:00,0.2684666666666666
2015-05-10 11:15:00,0.2579333333333333
2015-05-10 11:30:00,0.3104666666666666
2015-05-10 11:45:00,0.3330666666666667
2015-05-10 12:00:00,0.3682666666666666
2015-05-10 12:15:00,0.364
2015-05-10 12:30:00,0.7974666666666667
2015-05-10 12:45:00,0.8435333333333334
2015-05-10 13:00:00,0.5067333333333334
2015-05-10 13:15:00,0.258
2015-05-10 13:30:00,0.2169333333333333
2015-05-10 13:45:00,0.2115999999999999
2015-05-10 14:00:00,0.3058
2015-05-10 14:15:00,0.4788
2015-05-10 14:30:00,0.4652
2015-05-10 14:45:00,0.4482666666666666
2015-05-10 15:00:00,0.4619333333333333
2015-05-10 15:15:00,0.4683333333333333
2015-05-10 15:30:00,0.4536666666666666
2015-05-10 15:45:00,0.5799333333333333
2015-05-10 16:00:00,0.4856666666666667
2015-05-10 16:15:00,0.4621333333333333
2015-05-10 16:30:00,0.4228
2015-05-10 16:45:00,0.5608666666666666
2015-05-10 17:00:00,1.3745999999999998
2015-05-10 17:15:00,0.6122000000000001
2015-05-10 17:30:00,0.4701333333333333
2015-05-10 17:45:00,0.514
2015-05-10 18:00:00,0.5274
2015-05-10 18:15:00,0.5198666666666667
2015-05-10 18:30:00,0.4046
2015-05-10 18:45:00,0.3761333333333333
2015-05-10 19:00:00,0.3485333333333333
2015-05-10 19:15:00,0.3325333333333333
2015-05-10 19:30:00,1.4602666666666666
2015-05-10 19:45:00,1.7148
2015-05-10 20:00:00,1.0378666666666665
2015-05-10 20:15:00,0.6199333333333332
2015-05-10 20:30:00,0.5644666666666667
2015-05-10 20:45:00,0.6632
2015-05-10 21:00:00,0.6579333333333333
2015-05-10 21:15:00,0.7565333333333333
2015-05-10 21:30:00,0.8985333333333333
2015-05-10 21:45:00,0.7489333333333332
2015-05-10 22:00:00,0.7938
2015-05-10 22:15:00,0.8111333333333334
2015-05-10 22:30:00,0.8647333333333334
2015-05-10 22:45:00,0.6300666666666668
2015-05-10 23:00:00,0.5220666666666667
2015-05-10 23:15:00,0.6004666666666667
2015-05-10 23:30:00,0.5617333333333333
2015-05-10 23:45:00,0.4936666666666667
2015-05-11 00:00:00,0.3765333333333334
2015-05-11 00:15:00,0.5115333333333334
2015-05-11 00:30:00,0.3899333333333333
2015-05-11 00:45:00,0.351
2015-05-11 01:00:00,0.5956666666666667
2015-05-11 01:15:00,0.4604666666666666
2015-05-11 01:30:00,0.3075333333333334
2015-05-11 01:45:00,0.2885333333333333
2015-05-11 02:00:00,0.2286666666666666
2015-05-11 02:15:00,0.254
2015-05-11 02:30:00,0.2450666666666666
2015-05-11 02:45:00,0.2545333333333333
2015-05-11 03:00:00,0.3124666666666666
2015-05-11 03:15:00,0.3196666666666667
2015-05-11 03:30:00,0.3318
2015-05-11 03:45:00,0.2594666666666666
2015-05-11 04:00:00,0.2440666666666666
2015-05-11 04:15:00,0.2744666666666666
2015-05-11 04:30:00,0.2429333333333333
2015-05-11 04:45:00,0.2248666666666667
2015-05-11 05:00:00,0.2828
2015-05-11 05:15:00,0.2524666666666667
2015-05-11 05:30:00,0.3112666666666666
2015-05-11 05:45:00,0.3528666666666666
2015-05-11 06:00:00,0.2378
2015-05-11 06:15:00,0.6336666666666666
2015-05-11 06:30:00,1.1274666666666666
2015-05-11 06:45:00,0.9074666666666666
2015-05-11 07:00:00,0.5234666666666667
2015-05-11 07:15:00,0.3074666666666666
2015-05-11 07:30:00,0.5148666666666667
2015-05-11 07:45:00,0.5460666666666667
2015-05-11 08:00:00,0.4685333333333333
2015-05-11 08:15:00,0.3702
2015-05-11 08:30:00,0.4452
2015-05-11 08:45:00,0.3766666666666667
2015-05-11 09:00:00,0.4049333333333333
2015-05-11 09:15:00,0.6354
2015-05-11 09:30:00,0.6150666666666668
2015-05-11 09:45:00,0.2941333333333333
2015-05-11 10:00:00,0.3468666666666666
2015-05-11 10:15:00,0.4064
2015-05-11 10:30:00,0.328
2015-05-11 10:45:00,0.3654666666666666
2015-05-11 11:00:00,0.4802666666666667
2015-05-11 11:15:00,0.4013333333333333
2015-05-11 11:30:00,0.4782
2015-05-11 11:45:00,0.4682666666666666
2015-05-11 12:00:00,0.439
2015-05-11 12:15:00,0.3569333333333333
2015-05-11 12:30:00,0.6988
2015-05-11 12:45:00,0.7336
2015-05-11 13:00:00,0.3932666666666666
2015-05-11 13:15:00,0.6157999999999999
2015-05-11 13:30:00,0.5942000000000001
2015-05-11 13:45:00,0.5862666666666666
2015-05-11 14:00:00,0.6843333333333333
2015-05-11 14:15:00,0.6696666666666666
2015-05-11 14:30:00,0.9180666666666668
2015-05-11 14:45:00,0.4921999999999999
2015-05-11 15:00:00,2.397866666666667
2015-05-11 15:15:00,3.260733333333333
2015-05-11 15:30:00,0.905
2015-05-11 15:45:00,0.5966
2015-05-11 16:00:00,0.7794
2015-05-11 16:15:00,0.5097333333333334
2015-05-11 16:30:00,0.6848
2015-05-11 16:45:00,0.618
2015-05-11 17:00:00,0.6498666666666667
2015-05-11 17:15:00,0.3812
2015-05-11 17:30:00,0.518
2015-05-11 17:45:00,0.5910666666666667
2015-05-11 18:00:00,0.5319333333333333
2015-05-11 18:15:00,0.5357333333333334
2015-05-11 18:30:00,0.3876666666666666
2015-05-11 18:45:00,0.7805333333333333
2015-05-11 19:00:00,0.9476
2015-05-11 19:15:00,0.4340666666666666
2015-05-11 19:30:00,0.4618
2015-05-11 19:45:00,0.3900666666666667
2015-05-11 20:00:00,0.5406666666666666
2015-05-11 20:15:00,0.5818666666666666
2015-05-11 20:30:00,0.3988666666666666
2015-05-11 20:45:00,0.6614
2015-05-11 21:00:00,0.4796666666666667
2015-05-11 21:15:00,0.5373333333333333
2015-05-11 21:30:00,0.4798
2015-05-11 21:45:00,0.6120666666666668
2015-05-11 22:00:00,0.5692666666666667
2015-05-11 22:15:00,0.2729333333333333
2015-05-11 22:30:00,0.4111333333333333
2015-05-11 22:45:00,0.3826
2015-05-11 23:00:00,0.2354666666666666
2015-05-11 23:15:00,0.2380666666666666
2015-05-11 23:30:00,0.3124666666666666
2015-05-11 23:45:00,0.3655333333333334
2015-05-12 00:00:00,0.4398
2015-05-12 00:15:00,0.3051333333333333
2015-05-12 00:30:00,0.2633333333333333
2015-05-12 00:45:00,0.2867333333333333
2015-05-12 01:00:00,0.2608666666666667
2015-05-12 01:15:00,0.3634666666666666
2015-05-12 01:30:00,0.2768666666666666
2015-05-12 01:45:00,0.2872
2015-05-12 02:00:00,0.3086666666666667
2015-05-12 02:15:00,0.2899333333333333
2015-05-12 02:30:00,0.2390666666666666
2015-05-12 02:45:00,0.2955333333333333
2015-05-12 03:00:00,0.2535333333333333
2015-05-12 03:15:00,0.2836
2015-05-12 03:30:00,0.2834
2015-05-12 03:45:00,0.3132
2015-05-12 04:00:00,0.3281333333333333
2015-05-12 04:15:00,0.364
2015-05-12 04:30:00,0.3076666666666667
2015-05-12 04:45:00,0.2355333333333333
2015-05-12 05:00:00,0.2892666666666666
2015-05-12 05:15:00,0.2463333333333333
2015-05-12 05:30:00,0.2365333333333333
2015-05-12 05:45:00,0.2946666666666667
2015-05-12 06:00:00,0.2676
2015-05-12 06:15:00,0.3589333333333333
2015-05-12 06:30:00,0.2631333333333333
2015-05-12 06:45:00,3.293066666666667
2015-05-12 07:00:00,1.1255333333333333
2015-05-12 07:15:00,0.2224
2015-05-12 07:30:00,0.2387333333333333
2015-05-12 07:45:00,0.1641999999999999
2015-05-12 08:00:00,0.2825333333333333
2015-05-12 08:15:00,0.2809333333333333
2015-05-12 08:30:00,0.293
2015-05-12 08:45:00,0.1994
2015-05-12 09:00:00,0.2164666666666666
2015-05-12 09:15:00,0.2382
2015-05-12 09:30:00,0.2540666666666666
2015-05-12 09:45:00,0.2639333333333333
2015-05-12 10:00:00,0.2534666666666667
2015-05-12 10:15:00,0.1983333333333333
2015-05-12 10:30:00,0.1961999999999999
2015-05-12 10:45:00,0.2838666666666666
2015-05-12 11:00:00,0.277
2015-05-12 11:15:00,0.3061999999999999
2015-05-12 11:30:00,0.2958
2015-05-12 11:45:00,0.2024
2015-05-12 12:00:00,0.2529333333333333
2015-05-12 12:15:00,0.2364666666666666
2015-05-12 12:30:00,0.2957333333333333
2015-05-12 12:45:00,0.3146
2015-05-12 13:00:00,0.4162666666666667
2015-05-12 13:15:00,0.2546666666666666
2015-05-12 13:30:00,0.5653333333333334
2015-05-12 13:45:00,0.4144666666666666
2015-05-12 14:00:00,0.3666
2015-05-12 14:15:00,0.3552
2015-05-12 14:30:00,0.4201333333333333
2015-05-12 14:45:00,1.0644
2015-05-12 15:00:00,0.6350666666666667
2015-05-12 15:15:00,0.2855333333333333
2015-05-12 15:30:00,0.2076666666666666
2015-05-12 15:45:00,0.3703333333333333
2015-05-12 16:00:00,0.6767333333333333
2015-05-12 16:15:00,0.7756000000000001
2015-05-12 16:30:00,0.3490666666666666
2015-05-12 16:45:00,0.498
2015-05-12 17:00:00,0.3122
2015-05-12 17:15:00,0.3015333333333334
2015-05-12 17:30:00,0.309
2015-05-12 17:45:00,0.3193333333333333
2015-05-12 18:00:00,0.2858666666666666
2015-05-12 18:15:00,0.4536666666666666
2015-05-12 18:30:00,0.4896
2015-05-12 18:45:00,0.5026666666666667
2015-05-12 19:00:00,0.4222666666666667
2015-05-12 19:15:00,0.5685333333333333
2015-05-12 19:30:00,0.8842000000000001
2015-05-12 19:45:00,0.326
2015-05-12 20:00:00,0.3638
2015-05-12 20:15:00,0.4057333333333333
2015-05-12 20:30:00,0.6768
2015-05-12 20:45:00,0.849
2015-05-12 21:00:00,1.0022
2015-05-12 21:15:00,0.9720666666666667
2015-05-12 21:30:00,0.7358666666666667
2015-05-12 21:45:00,0.7056666666666667
2015-05-12 22:00:00,0.5718
2015-05-12 22:15:00,0.6792666666666667
2015-05-12 22:30:00,0.3977333333333333
2015-05-12 22:45:00,0.5044
2015-05-12 23:00:00,0.4555333333333333
2015-05-12 23:15:00,0.6300666666666668
2015-05-12 23:30:00,0.7190666666666667
2015-05-12 23:45:00,0.6996666666666667
2015-05-13 00:00:00,0.6016666666666667
2015-05-13 00:15:00,0.576
2015-05-13 00:30:00,0.7733333333333333
2015-05-13 00:45:00,0.6078
2015-05-13 01:00:00,0.6424
2015-05-13 01:15:00,0.6186
2015-05-13 01:30:00,0.6258666666666667
2015-05-13 01:45:00,0.3792
2015-05-13 02:00:00,0.4175333333333333
2015-05-13 02:15:00,0.4478
2015-05-13 02:30:00,0.3747333333333333
2015-05-13 02:45:00,0.2764
2015-05-13 03:00:00,0.6812
2015-05-13 03:15:00,1.3169333333333333
2015-05-13 03:30:00,1.209666666666667
2015-05-13 03:45:00,0.3275333333333333
2015-05-13 04:00:00,0.3526666666666667
2015-05-13 04:15:00,0.4056666666666667
2015-05-13 04:30:00,0.3834666666666666
2015-05-13 04:45:00,0.3098
2015-05-13 05:00:00,0.2278666666666666
2015-05-13 05:15:00,0.2325333333333333
2015-05-13 05:30:00,0.2279333333333333
2015-05-13 05:45:00,0.3006666666666667
2015-05-13 06:00:00,0.2544666666666667
2015-05-13 06:15:00,0.2562
2015-05-13 06:30:00,0.2540666666666666
2015-05-13 06:45:00,0.258
2015-05-13 07:00:00,0.3655333333333334
2015-05-13 07:15:00,0.5132666666666666
2015-05-13 07:30:00,0.5616
2015-05-13 07:45:00,0.5469333333333333
2015-05-13 08:00:00,0.6562666666666667
2015-05-13 08:15:00,0.3766
2015-05-13 08:30:00,1.1273333333333333
2015-05-13 08:45:00,0.4339333333333333
2015-05-13 09:00:00,3.4902
2015-05-13 09:15:00,0.9736
2015-05-13 09:30:00,0.3972666666666666
2015-05-13 09:45:00,0.3908
2015-05-13 10:00:00,0.2229333333333333
2015-05-13 10:15:00,0.2265333333333333
2015-05-13 10:30:00,0.58
2015-05-13 10:45:00,1.4418
2015-05-13 11:00:00,0.6116
2015-05-13 11:15:00,1.6529333333333334
2015-05-13 11:30:00,2.6932666666666667
2015-05-13 11:45:00,2.1269333333333336
2015-05-13 12:00:00,1.2794
2015-05-13 12:15:00,0.3881333333333333
2015-05-13 12:30:00,0.3374666666666666
2015-05-13 12:45:00,0.2591333333333333
2015-05-13 13:00:00,0.2285333333333333
2015-05-13 13:15:00,0.2892666666666666
2015-05-13 13:30:00,1.0526666666666666
2015-05-13 13:45:00,1.0506
2015-05-13 14:00:00,0.5754
2015-05-13 14:15:00,0.1511333333333333
2015-05-13 14:30:00,0.1574666666666666
2015-05-13 14:45:00,0.2024666666666666
2015-05-13 15:00:00,0.2271999999999999
2015-05-13 15:15:00,0.1925333333333333
2015-05-13 15:30:00,0.1830666666666666
2015-05-13 15:45:00,0.1742
2015-05-13 16:00:00,1.147
2015-05-13 16:15:00,2.28
2015-05-13 16:30:00,0.8121333333333334
2015-05-13 16:45:00,0.275
2015-05-13 17:00:00,0.2477333333333333
2015-05-13 17:15:00,0.2011333333333333
2015-05-13 17:30:00,0.2415999999999999
2015-05-13 17:45:00,0.1481333333333333
2015-05-13 18:00:00,0.1519333333333333
2015-05-13 18:15:00,1.2018666666666666
2015-05-13 18:30:00,1.7128
2015-05-13 18:45:00,1.0641333333333334
2015-05-13 19:00:00,0.6272000000000001
2015-05-13 19:15:00,0.3520666666666666
2015-05-13 19:30:00,0.4946666666666667
2015-05-13 19:45:00,0.412
2015-05-13 20:00:00,1.292266666666667
2015-05-13 20:15:00,1.6083333333333332
2015-05-13 20:30:00,0.943
2015-05-13 20:45:00,0.8864
2015-05-13 21:00:00,0.6626000000000001
2015-05-13 21:15:00,0.6507999999999999
2015-05-13 21:30:00,6.466066666666666
2015-05-13 21:45:00,1.7022
2015-05-13 22:00:00,0.7537333333333334
2015-05-13 22:15:00,0.9028
2015-05-13 22:30:00,0.4416
2015-05-13 22:45:00,0.4431333333333333
2015-05-13 23:00:00,0.3456666666666667
2015-05-13 23:15:00,0.43
2015-05-13 23:30:00,0.3086
2015-05-13 23:45:00,0.3803333333333333
2015-05-14 00:00:00,0.372
2015-05-14 00:15:00,0.3001999999999999
2015-05-14 00:30:00,0.2819333333333333
2015-05-14 00:45:00,0.4347333333333333
2015-05-14 01:00:00,0.409
2015-05-14 01:15:00,0.4453999999999999
2015-05-14 01:30:00,0.3324
2015-05-14 01:45:00,0.3615333333333334
2015-05-14 02:00:00,0.3377333333333333
2015-05-14 02:15:00,0.5334666666666666
2015-05-14 02:30:00,0.5351333333333333
2015-05-14 02:45:00,0.4576666666666666
2015-05-14 03:00:00,0.3696666666666667
2015-05-14 03:15:00,0.2617333333333334
2015-05-14 03:30:00,0.2487333333333333
2015-05-14 03:45:00,0.3299333333333333
2015-05-14 04:00:00,0.2451333333333333
2015-05-14 04:15:00,0.244
2015-05-14 04:30:00,0.299
2015-05-14 04:45:00,0.1926
2015-05-14 05:00:00,0.2582
2015-05-14 05:15:00,0.2148666666666666
2015-05-14 05:30:00,0.2202666666666666
2015-05-14 05:45:00,0.2593333333333333
2015-05-14 06:00:00,0.2863333333333333
2015-05-14 06:15:00,0.3406
2015-05-14 06:30:00,0.2157333333333333
2015-05-14 06:45:00,0.2199333333333333
2015-05-14 07:00:00,0.2469333333333333
2015-05-14 07:15:00,0.2036
2015-05-14 07:30:00,0.2489333333333333
2015-05-14 07:45:00,0.2412666666666666
2015-05-14 08:00:00,0.3290666666666667
2015-05-14 08:15:00,0.3315333333333333
2015-05-14 08:30:00,0.9778666666666668
2015-05-14 08:45:00,0.3591999999999999
2015-05-14 09:00:00,0.5153333333333334
2015-05-14 09:15:00,0.7306666666666666
2015-05-14 09:30:00,0.5266000000000001
2015-05-14 09:45:00,0.721
2015-05-14 10:00:00,0.3253999999999999
2015-05-14 10:15:00,0.4417333333333333
2015-05-14 10:30:00,0.3181333333333333
2015-05-14 10:45:00,0.8593333333333334
2015-05-14 11:00:00,0.3103999999999999
2015-05-14 11:15:00,0.295
2015-05-14 11:30:00,0.1558
2015-05-14 11:45:00,0.2236666666666666
2015-05-14 12:00:00,0.1611999999999999
2015-05-14 12:15:00,0.1233333333333333
2015-05-14 12:30:00,0.1472666666666666
2015-05-14 12:45:00,0.1447333333333333
2015-05-14 13:00:00,0.586
2015-05-14 13:15:00,1.9798666666666669
2015-05-14 13:30:00,3.2720666666666665
2015-05-14 13:45:00,1.9868
2015-05-14 14:00:00,0.5089333333333333
2015-05-14 14:15:00,1.0536
2015-05-14 14:30:00,2.101733333333333
2015-05-14 14:45:00,0.744
2015-05-14 15:00:00,0.6664666666666667
2015-05-14 15:15:00,0.5958666666666667
2015-05-14 15:30:00,0.9686
2015-05-14 15:45:00,1.8295333333333328
2015-05-14 16:00:00,1.5593333333333332
2015-05-14 16:15:00,0.7431333333333333
2015-05-14 16:30:00,0.6453333333333334
2015-05-14 16:45:00,0.5734666666666667
2015-05-14 17:00:00,0.8700666666666668
2015-05-14 17:15:00,0.4493999999999999
2015-05-14 17:30:00,0.4726666666666667
2015-05-14 17:45:00,0.4308
2015-05-14 18:00:00,0.5099333333333333
2015-05-14 18:15:00,0.562
2015-05-14 18:30:00,0.5024666666666666
2015-05-14 18:45:00,0.4771333333333333
2015-05-14 19:00:00,0.4186
2015-05-14 19:15:00,0.4530666666666667
2015-05-14 19:30:00,0.4672
2015-05-14 19:45:00,0.4405333333333333
2015-05-14 20:00:00,0.5333333333333333
2015-05-14 20:15:00,0.4333333333333333
2015-05-14 20:30:00,0.4311999999999999
2015-05-14 20:45:00,0.5966
2015-05-14 21:00:00,0.8947999999999999
2015-05-14 21:15:00,0.7034666666666667
2015-05-14 21:30:00,0.6455333333333333
2015-05-14 21:45:00,0.6533333333333333
2015-05-14 22:00:00,0.5610666666666667
2015-05-14 22:15:00,0.5932666666666666
2015-05-14 22:30:00,0.6751333333333334
2015-05-14 22:45:00,0.6218666666666667
2015-05-14 23:00:00,0.5576
2015-05-14 23:15:00,0.7269333333333333
2015-05-14 23:30:00,0.6342666666666666
2015-05-14 23:45:00,0.7122666666666666
2015-05-15 00:00:00,0.6292000000000001
2015-05-15 00:15:00,0.568
2015-05-15 00:30:00,0.483
2015-05-15 00:45:00,0.4010666666666667
2015-05-15 01:00:00,0.5333333333333333
2015-05-15 01:15:00,0.3209333333333333
2015-05-15 01:30:00,0.3428666666666666
2015-05-15 01:45:00,0.3631333333333333
2015-05-15 02:00:00,0.3877333333333334
2015-05-15 02:15:00,0.4601333333333333
2015-05-15 02:30:00,0.5
2015-05-15 02:45:00,0.3606666666666667
2015-05-15 03:00:00,0.4191999999999999
2015-05-15 03:15:00,0.3477333333333333
2015-05-15 03:30:00,0.3242
2015-05-15 03:45:00,0.3879333333333333
2015-05-15 04:00:00,0.3892
2015-05-15 04:15:00,0.3502666666666666
2015-05-15 04:30:00,0.3849333333333333
2015-05-15 04:45:00,0.4921333333333333
2015-05-15 05:00:00,0.3739333333333333
2015-05-15 05:15:00,0.3802666666666666
2015-05-15 05:30:00,0.4796666666666667
2015-05-15 05:45:00,0.6744666666666667
2015-05-15 06:00:00,0.293
2015-05-15 06:15:00,0.2571333333333333
2015-05-15 06:30:00,0.2822666666666666
2015-05-15 06:45:00,0.3376666666666666
2015-05-15 07:00:00,0.3311333333333333
2015-05-15 07:15:00,0.3771333333333333
2015-05-15 07:30:00,0.7513333333333334
2015-05-15 07:45:00,1.1351333333333335
2015-05-15 08:00:00,0.3903999999999999
2015-05-15 08:15:00,0.3692
2015-05-15 08:30:00,0.3417333333333333
2015-05-15 08:45:00,0.3938666666666667
2015-05-15 09:00:00,0.3335333333333333
2015-05-15 09:15:00,0.3288
2015-05-15 09:30:00,0.2884666666666666
2015-05-15 09:45:00,0.7672666666666667
2015-05-15 10:00:00,0.7497333333333334
2015-05-15 10:15:00,0.7677999999999999
2015-05-15 10:30:00,0.4443999999999999
2015-05-15 10:45:00,0.5049333333333333
2015-05-15 11:00:00,1.1121333333333334
2015-05-15 11:15:00,0.5237333333333334
2015-05-15 11:30:00,1.9021333333333328
2015-05-15 11:45:00,1.8150666666666664
2015-05-15 12:00:00,1.3638
2015-05-15 12:15:00,0.4305333333333334
2015-05-15 12:30:00,0.4487333333333334
2015-05-15 12:45:00,0.327
2015-05-15 13:00:00,0.3774666666666666
2015-05-15 13:15:00,0.6271333333333333
2015-05-15 13:30:00,0.3052666666666666
2015-05-15 13:45:00,0.4066
2015-05-15 14:00:00,0.2823333333333333
2015-05-15 14:15:00,0.2296
2015-05-15 14:30:00,0.2677333333333333
2015-05-15 14:45:00,0.2739333333333333
2015-05-15 15:00:00,0.3246
2015-05-15 15:15:00,0.2664666666666666
2015-05-15 15:30:00,0.4050666666666667
2015-05-15 15:45:00,0.8677999999999999
2015-05-15 16:00:00,0.2389333333333333
2015-05-15 16:15:00,0.3320666666666667
2015-05-15 16:30:00,0.8518666666666667
2015-05-15 16:45:00,0.1876
2015-05-15 17:00:00,0.2692666666666666
2015-05-15 17:15:00,0.1797333333333333
2015-05-15 17:30:00,0.2599333333333333
2015-05-15 17:45:00,0.211
2015-05-15 18:00:00,0.1423333333333333
2015-05-15 18:15:00,0.1814666666666666
2015-05-15 18:30:00,0.1992
2015-05-15 18:45:00,0.2213333333333333
2015-05-15 19:00:00,0.3720666666666666
2015-05-15 19:15:00,0.8155333333333333
2015-05-15 19:30:00,0.6011333333333333
2015-05-15 19:45:00,0.3781333333333333
2015-05-15 20:00:00,0.4969333333333333
2015-05-15 20:15:00,0.5548
2015-05-15 20:30:00,0.4476666666666667
2015-05-15 20:45:00,0.4482666666666666
2015-05-15 21:00:00,0.3839333333333333
2015-05-15 21:15:00,0.5576
2015-05-15 21:30:00,0.548
2015-05-15 21:45:00,0.4483999999999999
2015-05-15 22:00:00,0.4569333333333333
2015-05-15 22:15:00,0.3927333333333333
2015-05-15 22:30:00,0.3921333333333333
2015-05-15 22:45:00,0.4558
2015-05-15 23:00:00,0.5445333333333333
2015-05-15 23:15:00,0.4282666666666666
2015-05-15 23:30:00,0.415
2015-05-15 23:45:00,0.4176
2015-05-16 00:00:00,0.4806
2015-05-16 00:15:00,0.453
2015-05-16 00:30:00,0.4290666666666666
2015-05-16 00:45:00,0.3937333333333333
2015-05-16 01:00:00,0.3659333333333333
2015-05-16 01:15:00,0.449
2015-05-16 01:30:00,0.4394666666666666
2015-05-16 01:45:00,0.4830666666666666
2015-05-16 02:00:00,0.3956666666666666
2015-05-16 02:15:00,0.4336666666666667
2015-05-16 02:30:00,0.1889333333333333
2015-05-16 02:45:00,0.1752666666666666
2015-05-16 03:00:00,0.1513333333333333
2015-05-16 03:15:00,0.1542666666666667
2015-05-16 03:30:00,0.1158
2015-05-16 03:45:00,0.184
2015-05-16 04:00:00,0.2284666666666666
2015-05-16 04:15:00,0.2296666666666666
2015-05-16 04:30:00,0.2063333333333333
2015-05-16 04:45:00,0.2442666666666667
2015-05-16 05:00:00,0.2385333333333333
2015-05-16 05:15:00,0.1876666666666666
2015-05-16 05:30:00,0.2219333333333333
2015-05-16 05:45:00,0.2306
2015-05-16 06:00:00,0.2530666666666666
2015-05-16 06:15:00,0.2936
2015-05-16 06:30:00,0.3566
2015-05-16 06:45:00,0.3397333333333333
2015-05-16 07:00:00,0.295
2015-05-16 07:15:00,0.2709333333333333
2015-05-16 07:30:00,0.3696666666666667
2015-05-16 07:45:00,0.2404666666666666
2015-05-16 08:00:00,0.2978
2015-05-16 08:15:00,0.2840666666666667
2015-05-16 08:30:00,0.3679333333333333
2015-05-16 08:45:00,1.3964
2015-05-16 09:00:00,0.5498666666666667
2015-05-16 09:15:00,0.3354
2015-05-16 09:30:00,0.4029333333333333
2015-05-16 09:45:00,0.6252000000000001
2015-05-16 10:00:00,0.5411333333333334
2015-05-16 10:15:00,0.3701333333333333
2015-05-16 10:30:00,0.3534
2015-05-16 10:45:00,0.3354666666666666
2015-05-16 11:00:00,0.469
2015-05-16 11:15:00,0.7015333333333333
2015-05-16 11:30:00,1.4209333333333334
2015-05-16 11:45:00,0.9754
2015-05-16 12:00:00,1.6121333333333334
2015-05-16 12:15:00,2.307266666666667
2015-05-16 12:30:00,1.9689333333333328
2015-05-16 12:45:00,1.0852666666666666
2015-05-16 13:00:00,1.8632666666666664
2015-05-16 13:15:00,0.6916666666666667
2015-05-16 13:30:00,0.3666
2015-05-16 13:45:00,0.5917333333333333
2015-05-16 14:00:00,0.5654
2015-05-16 14:15:00,0.6156
2015-05-16 14:30:00,0.5234
2015-05-16 14:45:00,0.4888666666666666
2015-05-16 15:00:00,0.6349333333333332
2015-05-16 15:15:00,1.1117333333333332
2015-05-16 15:30:00,0.455
2015-05-16 15:45:00,0.4573333333333333
2015-05-16 16:00:00,0.7764
2015-05-16 16:15:00,0.7267333333333333
2015-05-16 16:30:00,0.5630666666666667
2015-05-16 16:45:00,0.4311333333333333
2015-05-16 17:00:00,0.4234666666666666
2015-05-16 17:15:00,0.3257333333333334
2015-05-16 17:30:00,0.4626666666666666
2015-05-16 17:45:00,0.5697333333333333
2015-05-16 18:00:00,0.2458
2015-05-16 18:15:00,0.3964
2015-05-16 18:30:00,0.3977333333333333
2015-05-16 18:45:00,0.3827333333333333
2015-05-16 19:00:00,0.4938666666666667
2015-05-16 19:15:00,0.4582666666666666
2015-05-16 19:30:00,0.4282666666666666
2015-05-16 19:45:00,0.4104666666666666
2015-05-16 20:00:00,0.3576
2015-05-16 20:15:00,0.4042
2015-05-16 20:30:00,0.5963999999999999
2015-05-16 20:45:00,0.2388666666666666
2015-05-16 21:00:00,0.5311333333333333
2015-05-16 21:15:00,0.66
2015-05-16 21:30:00,0.6950666666666667
2015-05-16 21:45:00,0.7897333333333334
2015-05-16 22:00:00,0.6126
2015-05-16 22:15:00,0.7360666666666668
2015-05-16 22:30:00,0.7472000000000001
2015-05-16 22:45:00,0.6239333333333332
2015-05-16 23:00:00,0.5953333333333334
2015-05-16 23:15:00,0.5216666666666666
2015-05-16 23:30:00,0.63
2015-05-16 23:45:00,0.4907333333333333
2015-05-17 00:00:00,0.7373999999999999
2015-05-17 00:15:00,0.5568666666666666
2015-05-17 00:30:00,0.5919333333333333
2015-05-17 00:45:00,0.5068
2015-05-17 01:00:00,0.2814666666666666
2015-05-17 01:15:00,0.4152666666666667
2015-05-17 01:30:00,0.5189333333333332
2015-05-17 01:45:00,0.5722
2015-05-17 02:00:00,0.5433333333333333
2015-05-17 02:15:00,0.343
2015-05-17 02:30:00,0.4972666666666666
2015-05-17 02:45:00,0.3528666666666666
2015-05-17 03:00:00,0.2078666666666666
2015-05-17 03:15:00,0.3090666666666666
2015-05-17 03:30:00,0.1495333333333333
2015-05-17 03:45:00,0.1323333333333333
2015-05-17 04:00:00,0.1531333333333333
2015-05-17 04:15:00,0.1952666666666666
2015-05-17 04:30:00,0.2231333333333333
2015-05-17 04:45:00,0.221
2015-05-17 05:00:00,0.2002666666666666
2015-05-17 05:15:00,0.1507333333333333
2015-05-17 05:30:00,0.1546666666666666
2015-05-17 05:45:00,0.1965333333333333
2015-05-17 06:00:00,0.2086666666666666
2015-05-17 06:15:00,0.2421333333333333
2015-05-17 06:30:00,2.5170666666666666
2015-05-17 06:45:00,2.5441333333333334
2015-05-17 07:00:00,0.3624
2015-05-17 07:15:00,0.2160666666666666
2015-05-17 07:30:00,0.1414
2015-05-17 07:45:00,0.156
2015-05-17 08:00:00,0.1346666666666666
2015-05-17 08:15:00,0.1473333333333333
2015-05-17 08:30:00,0.1747333333333333
2015-05-17 08:45:00,1.2321333333333335
2015-05-17 09:00:00,0.5548
2015-05-17 09:15:00,0.1924666666666666
2015-05-17 09:30:00,0.4409333333333333
2015-05-17 09:45:00,0.5566
2015-05-17 10:00:00,0.2946666666666667
2015-05-17 10:15:00,0.1827333333333333
2015-05-17 10:30:00,0.2656666666666666
2015-05-17 10:45:00,0.4135333333333333
2015-05-17 11:00:00,0.2764666666666666
2015-05-17 11:15:00,1.0638
2015-05-17 11:30:00,1.145
2015-05-17 11:45:00,2.9173333333333336
2015-05-17 12:00:00,2.660333333333333
2015-05-17 12:15:00,1.6354666666666666
2015-05-17 12:30:00,0.5902666666666666
2015-05-17 12:45:00,0.4536666666666666
2015-05-17 13:00:00,0.3745333333333334
2015-05-17 13:15:00,0.2573999999999999
2015-05-17 13:30:00,0.2954
2015-05-17 13:45:00,0.3712666666666666
2015-05-17 14:00:00,0.3132
2015-05-17 14:15:00,0.3330666666666667
2015-05-17 14:30:00,0.3230666666666666
2015-05-17 14:45:00,0.3092
2015-05-17 15:00:00,0.3736
2015-05-17 15:15:00,0.4854
2015-05-17 15:30:00,1.2615333333333334
2015-05-17 15:45:00,0.9802
2015-05-17 16:00:00,1.7645333333333333
2015-05-17 16:15:00,2.119866666666667
2015-05-17 16:30:00,1.582733333333333
2015-05-17 16:45:00,0.7615333333333333
2015-05-17 17:00:00,0.7393333333333334
2015-05-17 17:15:00,0.5064
2015-05-17 17:30:00,2.2466666666666666
2015-05-17 17:45:00,1.1922
2015-05-17 18:00:00,0.4236
2015-05-17 18:15:00,0.4251999999999999
2015-05-17 18:30:00,0.3034
2015-05-17 18:45:00,0.3526666666666667
2015-05-17 19:00:00,0.3421333333333333
2015-05-17 19:15:00,0.3846
2015-05-17 19:30:00,0.3056
2015-05-17 19:45:00,0.3566
2015-05-17 20:00:00,2.1793333333333336
2015-05-17 20:15:00,0.9735333333333333
2015-05-17 20:30:00,1.049
2015-05-17 20:45:00,0.6396000000000001
2015-05-17 21:00:00,0.6657333333333334
2015-05-17 21:15:00,0.7771333333333333
2015-05-17 21:30:00,0.5588
2015-05-17 21:45:00,0.5100666666666667
2015-05-17 22:00:00,0.5930666666666667
2015-05-17 22:15:00,0.3743333333333333
2015-05-17 22:30:00,0.574
2015-05-17 22:45:00,0.4892666666666666
2015-05-17 23:00:00,0.2902
2015-05-17 23:15:00,0.2683333333333333
2015-05-17 23:30:00,0.3380666666666667
2015-05-17 23:45:00,0.3520666666666666
2015-05-18 00:00:00,0.208
2015-05-18 00:15:00,0.3018666666666666
2015-05-18 00:30:00,0.178
2015-05-18 00:45:00,0.215
2015-05-18 01:00:00,0.2025333333333333
2015-05-18 01:15:00,0.1742666666666666
2015-05-18 01:30:00,0.2401333333333333
2015-05-18 01:45:00,0.1845333333333333
2015-05-18 02:00:00,0.2457333333333333
2015-05-18 02:15:00,0.3159333333333333
2015-05-18 02:30:00,0.2609333333333333
2015-05-18 02:45:00,0.3449333333333333
2015-05-18 03:00:00,0.8018666666666667
2015-05-18 03:15:00,0.1538666666666666
2015-05-18 03:30:00,0.1637333333333333
2015-05-18 03:45:00,0.1528666666666666
2015-05-18 04:00:00,0.2412
2015-05-18 04:15:00,0.1674
2015-05-18 04:30:00,0.2296666666666666
2015-05-18 04:45:00,0.2696
2015-05-18 05:00:00,0.3015333333333334
2015-05-18 05:15:00,0.345
2015-05-18 05:30:00,0.2394666666666666
2015-05-18 05:45:00,0.2657333333333333
2015-05-18 06:00:00,0.297
2015-05-18 06:15:00,0.2122666666666667
2015-05-18 06:30:00,0.2622666666666666
2015-05-18 06:45:00,0.2612
2015-05-18 07:00:00,0.7942666666666667
2015-05-18 07:15:00,0.4843333333333333
2015-05-18 07:30:00,0.3496666666666667
2015-05-18 07:45:00,0.3551333333333333
2015-05-18 08:00:00,0.3243333333333333
2015-05-18 08:15:00,0.2762666666666666
2015-05-18 08:30:00,0.2437333333333333
2015-05-18 08:45:00,0.2205333333333333
2015-05-18 09:00:00,0.2499333333333333
2015-05-18 09:15:00,0.2148
2015-05-18 09:30:00,0.1757333333333333
2015-05-18 09:45:00,0.2618666666666667
2015-05-18 10:00:00,0.6115333333333333
2015-05-18 10:15:00,0.542
2015-05-18 10:30:00,0.3964
2015-05-18 10:45:00,0.2741333333333333
2015-05-18 11:00:00,0.2504
2015-05-18 11:15:00,0.2462666666666667
2015-05-18 11:30:00,0.4352
2015-05-18 11:45:00,0.2626666666666666
2015-05-18 12:00:00,0.2378
2015-05-18 12:15:00,0.7043333333333334
2015-05-18 12:30:00,9.6524
2015-05-18 12:45:00,0.6036666666666666
2015-05-18 13:00:00,2.0996666666666663
2015-05-18 13:15:00,2.4160666666666666
2015-05-18 13:30:00,1.1131333333333335
2015-05-18 13:45:00,0.2315333333333333
2015-05-18 14:00:00,0.2569333333333333
2015-05-18 14:15:00,0.2748666666666666
2015-05-18 14:30:00,0.2527333333333333
2015-05-18 14:45:00,0.4888666666666666
2015-05-18 15:00:00,0.4727333333333333
2015-05-18 15:15:00,0.4597333333333333
2015-05-18 15:30:00,0.4849333333333333
2015-05-18 15:45:00,0.4576
2015-05-18 16:00:00,2.073733333333333
2015-05-18 16:15:00,0.5873333333333334
2015-05-18 16:30:00,0.5085333333333334
2015-05-18 16:45:00,1.2603333333333333
2015-05-18 17:00:00,0.6295333333333333
2015-05-18 17:15:00,0.564
2015-05-18 17:30:00,0.466
2015-05-18 17:45:00,0.5029333333333333
2015-05-18 18:00:00,0.4963333333333333
2015-05-18 18:15:00,0.9442666666666668
2015-05-18 18:30:00,0.5155333333333333
2015-05-18 18:45:00,0.4051333333333333
2015-05-18 19:00:00,0.5148666666666667
2015-05-18 19:15:00,0.5418
2015-05-18 19:30:00,0.5157999999999999
2015-05-18 19:45:00,0.4802
2015-05-18 20:00:00,0.4370666666666666
2015-05-18 20:15:00,1.8034
2015-05-18 20:30:00,0.6350666666666667
2015-05-18 20:45:00,1.056266666666667
2015-05-18 21:00:00,0.6030666666666668
2015-05-18 21:15:00,0.9524666666666668
2015-05-18 21:30:00,0.7787999999999999
2015-05-18 21:45:00,0.7239333333333333
2015-05-18 22:00:00,0.6946666666666667
2015-05-18 22:15:00,0.7068
2015-05-18 22:30:00,0.6559333333333333
2015-05-18 22:45:00,0.6780666666666667
2015-05-18 23:00:00,0.6477999999999999
2015-05-18 23:15:00,0.7078666666666666
2015-05-18 23:30:00,0.6870666666666667
2015-05-18 23:45:00,0.6297999999999999
2015-05-19 00:00:00,0.5597333333333333
2015-05-19 00:15:00,0.4978
2015-05-19 00:30:00,0.4652666666666666
2015-05-19 00:45:00,0.5652666666666667
2015-05-19 01:00:00,0.5204
2015-05-19 01:15:00,0.2896666666666667
2015-05-19 01:30:00,0.4570666666666667
2015-05-19 01:45:00,0.3212
2015-05-19 02:00:00,0.2886666666666667
2015-05-19 02:15:00,0.2781333333333333
2015-05-19 02:30:00,0.3318666666666667
2015-05-19 02:45:00,0.2982666666666666
2015-05-19 03:00:00,0.3038666666666667
2015-05-19 03:15:00,0.2495333333333333
2015-05-19 03:30:00,0.3741333333333333
2015-05-19 03:45:00,0.3798
2015-05-19 04:00:00,0.2835333333333333
2015-05-19 04:15:00,0.3012666666666666
2015-05-19 04:30:00,0.2418
2015-05-19 04:45:00,0.3024666666666666
2015-05-19 05:00:00,0.3376666666666666
2015-05-19 05:15:00,0.6826666666666666
2015-05-19 05:30:00,0.4815333333333333
2015-05-19 05:45:00,0.2734
2015-05-19 06:00:00,0.2492666666666667
2015-05-19 06:15:00,0.5127999999999999
2015-05-19 06:30:00,0.9106
2015-05-19 06:45:00,0.4758
2015-05-19 07:00:00,0.3338
2015-05-19 07:15:00,0.2888666666666666
2015-05-19 07:30:00,0.2938666666666666
2015-05-19 07:45:00,0.2618
2015-05-19 08:00:00,0.2862666666666666
2015-05-19 08:15:00,0.243
2015-05-19 08:30:00,0.2978
2015-05-19 08:45:00,0.2400666666666666
2015-05-19 09:00:00,0.32
2015-05-19 09:15:00,0.3568
2015-05-19 09:30:00,0.32
2015-05-19 09:45:00,0.2562
2015-05-19 10:00:00,0.2689333333333333
2015-05-19 10:15:00,0.2628666666666667
2015-05-19 10:30:00,0.2486
2015-05-19 10:45:00,0.2508666666666667
2015-05-19 11:00:00,0.3093999999999999
2015-05-19 11:15:00,0.3087333333333333
2015-05-19 11:30:00,0.2899333333333333
2015-05-19 11:45:00,0.2532
2015-05-19 12:00:00,0.4727333333333333
2015-05-19 12:15:00,2.670533333333333
2015-05-19 12:30:00,1.4708666666666663
2015-05-19 12:45:00,2.3123333333333336
2015-05-19 13:00:00,1.0068666666666666
2015-05-19 13:15:00,0.7087333333333333
2015-05-19 13:30:00,0.5488
2015-05-19 13:45:00,0.5274666666666668
2015-05-19 14:00:00,1.7896666666666667
2015-05-19 14:15:00,2.9804
2015-05-19 14:30:00,0.9522666666666668
2015-05-19 14:45:00,0.6972
2015-05-19 15:00:00,0.8369333333333333
2015-05-19 15:15:00,0.6935333333333333
2015-05-19 15:30:00,0.7116
2015-05-19 15:45:00,0.452
2015-05-19 16:00:00,0.3226
2015-05-19 16:15:00,0.3002666666666666
2015-05-19 16:30:00,0.2666
2015-05-19 16:45:00,0.3064666666666666
2015-05-19 17:00:00,0.3878
2015-05-19 17:15:00,0.5288666666666667
2015-05-19 17:30:00,0.5024666666666666
2015-05-19 17:45:00,0.4756
2015-05-19 18:00:00,0.6228666666666667
2015-05-19 18:15:00,0.7241333333333333
2015-05-19 18:30:00,0.8874
2015-05-19 18:45:00,0.7024666666666667
2015-05-19 19:00:00,0.9872
2015-05-19 19:15:00,0.7213999999999999
2015-05-19 19:30:00,0.5331333333333333
2015-05-19 19:45:00,0.5259333333333333
2015-05-19 20:00:00,1.0340666666666667
2015-05-19 20:15:00,0.8619333333333333
2015-05-19 20:30:00,0.8746
2015-05-19 20:45:00,0.7954
2015-05-19 21:00:00,1.056533333333333
2015-05-19 21:15:00,0.9321333333333334
2015-05-19 21:30:00,0.9136666666666666
2015-05-19 21:45:00,0.9450666666666668
2015-05-19 22:00:00,0.774
2015-05-19 22:15:00,0.7228666666666667
2015-05-19 22:30:00,0.7542666666666666
2015-05-19 22:45:00,0.6414666666666667
2015-05-19 23:00:00,0.6526666666666666
2015-05-19 23:15:00,0.5754
2015-05-19 23:30:00,0.4940666666666666
2015-05-19 23:45:00,0.3244666666666666
2015-05-20 00:00:00,0.3581333333333333
2015-05-20 00:15:00,0.2980666666666666
2015-05-20 00:30:00,0.3566
2015-05-20 00:45:00,0.2990666666666666
2015-05-20 01:00:00,0.3386
2015-05-20 01:15:00,0.4390666666666666
2015-05-20 01:30:00,0.3876666666666666
2015-05-20 01:45:00,0.4089333333333333
2015-05-20 02:00:00,0.3330666666666667
2015-05-20 02:15:00,0.3049333333333333
2015-05-20 02:30:00,0.3633333333333333
2015-05-20 02:45:00,0.3672666666666666
2015-05-20 03:00:00,0.4178
2015-05-20 03:15:00,0.3448
2015-05-20 03:30:00,0.3342666666666666
2015-05-20 03:45:00,0.3512
2015-05-20 04:00:00,0.3889333333333333
2015-05-20 04:15:00,0.4294666666666666
2015-05-20 04:30:00,0.4756
2015-05-20 04:45:00,0.2673999999999999
2015-05-20 05:00:00,0.2246
2015-05-20 05:15:00,0.1829333333333333
2015-05-20 05:30:00,0.1937333333333333
2015-05-20 05:45:00,0.2270666666666666
2015-05-20 06:00:00,0.2468666666666666
2015-05-20 06:15:00,0.3185333333333333
2015-05-20 06:30:00,0.3496
2015-05-20 06:45:00,0.8653333333333334
2015-05-20 07:00:00,0.7385333333333333
2015-05-20 07:15:00,0.4793333333333333
2015-05-20 07:30:00,0.3461333333333333
2015-05-20 07:45:00,0.3054
2015-05-20 08:00:00,0.2808666666666666
2015-05-20 08:15:00,0.2937333333333333
2015-05-20 08:30:00,0.3062666666666666
2015-05-20 08:45:00,0.3414
2015-05-20 09:00:00,0.3853999999999999
2015-05-20 09:15:00,0.3243999999999999
2015-05-20 09:30:00,0.2944666666666666
2015-05-20 09:45:00,0.8583999999999999
2015-05-20 10:00:00,0.454
2015-05-20 10:15:00,0.4936666666666667
2015-05-20 10:30:00,0.6597333333333334
2015-05-20 10:45:00,0.4802666666666667
2015-05-20 11:00:00,0.4127333333333333
2015-05-20 11:15:00,0.4326666666666667
2015-05-20 11:30:00,0.5078
2015-05-20 11:45:00,0.5197999999999999
2015-05-20 12:00:00,0.5942666666666666
2015-05-20 12:15:00,0.5094
2015-05-20 12:30:00,0.6032666666666666
2015-05-20 12:45:00,0.5214
2015-05-20 13:00:00,1.0190666666666668
2015-05-20 13:15:00,0.4402
2015-05-20 13:30:00,0.2607333333333334
2015-05-20 13:45:00,0.3097333333333333
2015-05-20 14:00:00,0.3253333333333333
2015-05-20 14:15:00,0.3522666666666667
2015-05-20 14:30:00,0.5514666666666667
2015-05-20 14:45:00,0.3968666666666667
2015-05-20 15:00:00,0.4802
2015-05-20 15:15:00,0.5654
2015-05-20 15:30:00,0.5036666666666667
2015-05-20 15:45:00,0.5188666666666667
2015-05-20 16:00:00,1.0131333333333332
2015-05-20 16:15:00,0.7188
2015-05-20 16:30:00,0.5127333333333334
2015-05-20 16:45:00,0.7992
2015-05-20 17:00:00,0.7741333333333333
2015-05-20 17:15:00,0.6074666666666667
2015-05-20 17:30:00,0.5376000000000001
2015-05-20 17:45:00,0.5913333333333334
2015-05-20 18:00:00,0.5853333333333334
2015-05-20 18:15:00,0.5733333333333334
2015-05-20 18:30:00,0.5526
2015-05-20 18:45:00,0.6507999999999999
2015-05-20 19:00:00,1.1100666666666663
2015-05-20 19:15:00,0.6070666666666668
2015-05-20 19:30:00,0.6712
2015-05-20 19:45:00,0.5912000000000001
2015-05-20 20:00:00,0.5590666666666667
2015-05-20 20:15:00,0.6273333333333334
2015-05-20 20:30:00,0.6493333333333333
2015-05-20 20:45:00,0.6134666666666667
2015-05-20 21:00:00,0.4694666666666666
2015-05-20 21:15:00,0.5189333333333332
2015-05-20 21:30:00,0.6247999999999999
2015-05-20 21:45:00,0.5266666666666666
2015-05-20 22:00:00,0.6367999999999999
2015-05-20 22:15:00,0.5782666666666667
2015-05-20 22:30:00,0.5456
2015-05-20 22:45:00,0.5982000000000001
2015-05-20 23:00:00,0.5129333333333332
2015-05-20 23:15:00,0.6943333333333334
2015-05-20 23:30:00,0.8760666666666668
2015-05-20 23:45:00,0.5400666666666667
2015-05-21 00:00:00,0.5751333333333333
2015-05-21 00:15:00,0.4343333333333333
2015-05-21 00:30:00,0.4324666666666666
2015-05-21 00:45:00,0.3699333333333333
2015-05-21 01:00:00,0.3315333333333333
2015-05-21 01:15:00,0.4022666666666666
2015-05-21 01:30:00,0.3372666666666666
2015-05-21 01:45:00,0.3966
2015-05-21 02:00:00,0.3288
2015-05-21 02:15:00,0.3150666666666666
2015-05-21 02:30:00,1.199466666666667
2015-05-21 02:45:00,1.2884
2015-05-21 03:00:00,0.2455999999999999
2015-05-21 03:15:00,0.2355333333333333
2015-05-21 03:30:00,0.172
2015-05-21 03:45:00,0.2040666666666666
2015-05-21 04:00:00,0.1443333333333333
2015-05-21 04:15:00,0.1176
2015-05-21 04:30:00,0.1871999999999999
2015-05-21 04:45:00,0.1931999999999999
2015-05-21 05:00:00,0.2402
2015-05-21 05:15:00,0.1707333333333333
2015-05-21 05:30:00,0.2053333333333333
2015-05-21 05:45:00,0.1675333333333333
2015-05-21 06:00:00,0.1957333333333333
2015-05-21 06:15:00,0.8336666666666667
2015-05-21 06:30:00,1.0328
2015-05-21 06:45:00,0.4278
2015-05-21 07:00:00,0.4573333333333333
2015-05-21 07:15:00,0.4034
2015-05-21 07:30:00,0.388
2015-05-21 07:45:00,0.4863333333333333
2015-05-21 08:00:00,0.2296
2015-05-21 08:15:00,0.3974666666666666
2015-05-21 08:30:00,0.3054666666666666
2015-05-21 08:45:00,0.3427333333333333
2015-05-21 09:00:00,0.2780666666666667
2015-05-21 09:15:00,0.2745333333333333
2015-05-21 09:30:00,0.3256
2015-05-21 09:45:00,0.3223999999999999
2015-05-21 10:00:00,0.1674
2015-05-21 10:15:00,0.1678666666666666
2015-05-21 10:30:00,0.2458666666666666
2015-05-21 10:45:00,0.3966
2015-05-21 11:00:00,0.4433333333333333
2015-05-21 11:15:00,0.8900666666666667
2015-05-21 11:30:00,0.3735333333333334
2015-05-21 11:45:00,0.4068666666666666
2015-05-21 12:00:00,0.3061333333333333
2015-05-21 12:15:00,0.491
2015-05-21 12:30:00,1.4473333333333334
2015-05-21 12:45:00,0.4672
2015-05-21 13:00:00,0.4306
2015-05-21 13:15:00,1.2409333333333334
2015-05-21 13:30:00,2.805
2015-05-21 13:45:00,3.449266666666667
2015-05-21 14:00:00,5.284666666666667
2015-05-21 14:15:00,0.5434666666666667
2015-05-21 14:30:00,0.6407333333333334
2015-05-21 14:45:00,0.6056666666666666
2015-05-21 15:00:00,0.8588666666666667
2015-05-21 15:15:00,0.8466
2015-05-21 15:30:00,0.3958
2015-05-21 15:45:00,0.3653333333333333
2015-05-21 16:00:00,0.3736
2015-05-21 16:15:00,0.3138
2015-05-21 16:30:00,0.3464666666666666
2015-05-21 16:45:00,0.4836666666666667
2015-05-21 17:00:00,0.4751333333333333
2015-05-21 17:15:00,0.3723999999999999
2015-05-21 17:30:00,0.3608
2015-05-21 17:45:00,0.3778666666666667
2015-05-21 18:00:00,0.403
2015-05-21 18:15:00,0.6883333333333334
2015-05-21 18:30:00,0.7522000000000001
2015-05-21 18:45:00,2.879
2015-05-21 19:00:00,0.2366666666666666
2015-05-21 19:15:00,0.5858
2015-05-21 19:30:00,0.3699333333333333
2015-05-21 19:45:00,0.1167333333333333
2015-05-21 20:00:00,0.1604
2015-05-21 20:15:00,0.1512666666666667
2015-05-21 20:30:00,0.4695333333333333
2015-05-21 20:45:00,0.3202666666666666
2015-05-21 21:00:00,0.2622
2015-05-21 21:15:00,0.6780666666666667
2015-05-21 21:30:00,0.6442
2015-05-21 21:45:00,0.6746666666666666
2015-05-21 22:00:00,0.442
2015-05-21 22:15:00,0.4255333333333334
2015-05-21 22:30:00,0.3478666666666666
2015-05-21 22:45:00,0.3456
2015-05-21 23:00:00,0.3364666666666666
2015-05-21 23:15:00,0.3394
2015-05-21 23:30:00,0.3686
2015-05-21 23:45:00,0.4096
2015-05-22 00:00:00,0.4994666666666666
2015-05-22 00:15:00,0.3885333333333333
2015-05-22 00:30:00,0.5414666666666667
2015-05-22 00:45:00,0.4783333333333333
2015-05-22 01:00:00,0.4535333333333333
2015-05-22 01:15:00,0.5044
2015-05-22 01:30:00,0.4023333333333333
2015-05-22 01:45:00,0.3666
2015-05-22 02:00:00,0.3452666666666666
2015-05-22 02:15:00,0.3475333333333333
2015-05-22 02:30:00,0.4152
2015-05-22 02:45:00,0.3028
2015-05-22 03:00:00,0.3636666666666667
2015-05-22 03:15:00,0.2952666666666667
2015-05-22 03:30:00,0.3745333333333334
2015-05-22 03:45:00,0.3007333333333333
2015-05-22 04:00:00,0.3186666666666667
2015-05-22 04:15:00,0.3246
2015-05-22 04:30:00,0.2424666666666666
2015-05-22 04:45:00,0.4241999999999999
2015-05-22 05:00:00,0.3748
2015-05-22 05:15:00,0.2507333333333333
2015-05-22 05:30:00,0.1947333333333333
2015-05-22 05:45:00,0.2062666666666666
2015-05-22 06:00:00,0.1995333333333333
2015-05-22 06:15:00,0.1283333333333333
2015-05-22 06:30:00,0.162
2015-05-22 06:45:00,0.1677333333333333
2015-05-22 07:00:00,0.1878
2015-05-22 07:15:00,0.2368666666666666
2015-05-22 07:30:00,0.1602666666666666
2015-05-22 07:45:00,0.2390666666666666
2015-05-22 08:00:00,0.2113333333333333
2015-05-22 08:15:00,0.1200666666666666
2015-05-22 08:30:00,0.1688666666666666
2015-05-22 08:45:00,0.1735333333333333
2015-05-22 09:00:00,0.1762666666666666
2015-05-22 09:15:00,0.1338666666666666
2015-05-22 09:30:00,0.2136666666666666
2015-05-22 09:45:00,0.2336
2015-05-22 10:00:00,0.2046
2015-05-22 10:15:00,0.2032
2015-05-22 10:30:00,0.2168666666666666
2015-05-22 10:45:00,0.6574
2015-05-22 11:00:00,0.4024666666666666
2015-05-22 11:15:00,0.202
2015-05-22 11:30:00,0.2394
2015-05-22 11:45:00,0.4527333333333333
2015-05-22 12:00:00,0.6413333333333334
2015-05-22 12:15:00,0.5404666666666667
2015-05-22 12:30:00,0.5414666666666667
2015-05-22 12:45:00,0.6341333333333333
2015-05-22 13:00:00,0.8073333333333333
2015-05-22 13:15:00,0.8332666666666666
2015-05-22 13:30:00,0.7310666666666668
2015-05-22 13:45:00,2.3330666666666664
2015-05-22 14:00:00,0.7484666666666667
2015-05-22 14:15:00,0.9807333333333332
2015-05-22 14:30:00,1.4134
2015-05-22 14:45:00,0.8468
2015-05-22 15:00:00,0.4390666666666666
2015-05-22 15:15:00,0.9447333333333332
2015-05-22 15:30:00,0.6472666666666667
2015-05-22 15:45:00,0.4656
2015-05-22 16:00:00,0.5413333333333333
2015-05-22 16:15:00,0.4970666666666666
2015-05-22 16:30:00,0.6264666666666667
2015-05-22 16:45:00,0.6337333333333334
2015-05-22 17:00:00,0.5424
2015-05-22 17:15:00,0.5952666666666666
2015-05-22 17:30:00,0.4563333333333333
2015-05-22 17:45:00,0.8375333333333334
2015-05-22 18:00:00,0.8266
2015-05-22 18:15:00,0.7027333333333333
2015-05-22 18:30:00,1.1732
2015-05-22 18:45:00,1.9964666666666664
2015-05-22 19:00:00,4.2684
2015-05-22 19:15:00,1.7748
2015-05-22 19:30:00,0.6922
2015-05-22 19:45:00,0.5538666666666667
2015-05-22 20:00:00,0.4583333333333333
2015-05-22 20:15:00,1.598
2015-05-22 20:30:00,0.5439333333333333
2015-05-22 20:45:00,0.3902
2015-05-22 21:00:00,0.322
2015-05-22 21:15:00,0.3648
2015-05-22 21:30:00,0.3611333333333333
2015-05-22 21:45:00,0.3482
2015-05-22 22:00:00,0.3684666666666666
2015-05-22 22:15:00,0.4019333333333333
2015-05-22 22:30:00,0.3534
2015-05-22 22:45:00,0.3286666666666666
2015-05-22 23:00:00,0.3019333333333333
2015-05-22 23:15:00,0.3501333333333333
2015-05-22 23:30:00,0.5012666666666666
2015-05-22 23:45:00,0.3448
2015-05-23 00:00:00,0.3781333333333333
2015-05-23 00:15:00,0.3431333333333333
2015-05-23 00:30:00,0.3428
2015-05-23 00:45:00,0.3251333333333333
2015-05-23 01:00:00,0.3498666666666666
2015-05-23 01:15:00,0.3286
2015-05-23 01:30:00,0.3155333333333333
2015-05-23 01:45:00,0.4460666666666666
2015-05-23 02:00:00,0.4268
2015-05-23 02:15:00,0.6307333333333334
2015-05-23 02:30:00,0.5382666666666667
2015-05-23 02:45:00,0.507
2015-05-23 03:00:00,0.471
2015-05-23 03:15:00,0.9705333333333332
2015-05-23 03:30:00,1.2352666666666667
2015-05-23 03:45:00,0.3873333333333333
2015-05-23 04:00:00,0.4064666666666666
2015-05-23 04:15:00,0.4586
2015-05-23 04:30:00,0.4843333333333333
2015-05-23 04:45:00,0.6692666666666667
2015-05-23 05:00:00,1.9494
2015-05-23 05:15:00,0.7782666666666667
2015-05-23 05:30:00,1.0723333333333334
2015-05-23 05:45:00,2.0448
2015-05-23 06:00:00,3.308866666666667
2015-05-23 06:15:00,2.684
2015-05-23 06:30:00,3.4590666666666667
2015-05-23 06:45:00,1.1228
2015-05-23 07:00:00,1.1334000000000002
2015-05-23 07:15:00,1.2841333333333331
2015-05-23 07:30:00,1.1624666666666668
2015-05-23 07:45:00,0.9299333333333332
2015-05-23 08:00:00,0.9130666666666668
2015-05-23 08:15:00,1.034
2015-05-23 08:30:00,0.9281333333333334
2015-05-23 08:45:00,1.0085333333333333
2015-05-23 09:00:00,1.7836
2015-05-23 09:15:00,1.0598666666666663
2015-05-23 09:30:00,0.5158666666666667
2015-05-23 09:45:00,2.025733333333333
2015-05-23 10:00:00,2.8428
2015-05-23 10:15:00,0.9566
2015-05-23 10:30:00,0.6502666666666667
2015-05-23 10:45:00,0.6455333333333333
2015-05-23 11:00:00,0.4561333333333333
2015-05-23 11:15:00,1.1521333333333337
2015-05-23 11:30:00,1.3825333333333334
2015-05-23 11:45:00,0.8504666666666667
2015-05-23 12:00:00,0.6924666666666667
2015-05-23 12:15:00,0.6304
2015-05-23 12:30:00,1.1939333333333333
2015-05-23 12:45:00,1.3459333333333334
2015-05-23 13:00:00,0.7650666666666667
2015-05-23 13:15:00,0.5833333333333334
2015-05-23 13:30:00,0.4166
2015-05-23 13:45:00,0.6531333333333333
2015-05-23 14:00:00,1.5897333333333334
2015-05-23 14:15:00,0.5823333333333334
2015-05-23 14:30:00,0.5404666666666667
2015-05-23 14:45:00,0.4662
2015-05-23 15:00:00,0.4757333333333333
2015-05-23 15:15:00,0.4311333333333333
2015-05-23 15:30:00,0.4678
2015-05-23 15:45:00,0.6914666666666667
2015-05-23 16:00:00,0.6297999999999999
2015-05-23 16:15:00,0.4841999999999999
2015-05-23 16:30:00,0.3551333333333333
2015-05-23 16:45:00,0.3576
2015-05-23 17:00:00,0.3639333333333333
2015-05-23 17:15:00,0.3492666666666666
2015-05-23 17:30:00,0.4717333333333333
2015-05-23 17:45:00,0.4761333333333333
2015-05-23 18:00:00,0.4754666666666666
2015-05-23 18:15:00,0.3414666666666666
2015-05-23 18:30:00,0.3681333333333333
2015-05-23 18:45:00,0.396
2015-05-23 19:00:00,0.3476666666666667
2015-05-23 19:15:00,0.4704
2015-05-23 19:30:00,0.4368666666666667
2015-05-23 19:45:00,0.314
2015-05-23 20:00:00,0.4159333333333333
2015-05-23 20:15:00,1.8941333333333328
2015-05-23 20:30:00,1.2534
2015-05-23 20:45:00,1.2164
2015-05-23 21:00:00,1.2514
2015-05-23 21:15:00,0.6643333333333333
2015-05-23 21:30:00,0.6269333333333332
2015-05-23 21:45:00,0.8137333333333333
2015-05-23 22:00:00,0.6474
2015-05-23 22:15:00,0.6132000000000001
2015-05-23 22:30:00,0.6156
2015-05-23 22:45:00,0.5859333333333333
2015-05-23 23:00:00,0.5472
2015-05-23 23:15:00,0.4671333333333333
2015-05-23 23:30:00,0.5074666666666666
2015-05-23 23:45:00,0.5206000000000001
2015-05-24 00:00:00,0.7044666666666667
2015-05-24 00:15:00,0.5648666666666666
2015-05-24 00:30:00,0.3608666666666666
2015-05-24 00:45:00,0.3108
2015-05-24 01:00:00,0.285
2015-05-24 01:15:00,0.3086
2015-05-24 01:30:00,0.425
2015-05-24 01:45:00,0.2941999999999999
2015-05-24 02:00:00,0.3723333333333333
2015-05-24 02:15:00,0.4068666666666666
2015-05-24 02:30:00,0.2649333333333333
2015-05-24 02:45:00,0.2786666666666667
2015-05-24 03:00:00,0.3118666666666667
2015-05-24 03:15:00,0.2882
2015-05-24 03:30:00,0.3359333333333333
2015-05-24 03:45:00,0.3534
2015-05-24 04:00:00,0.3757333333333333
2015-05-24 04:15:00,0.2866666666666667
2015-05-24 04:30:00,0.3945333333333333
2015-05-24 04:45:00,0.2748666666666666
2015-05-24 05:00:00,0.2696
2015-05-24 05:15:00,0.2944
2015-05-24 05:30:00,0.252
2015-05-24 05:45:00,0.4109333333333333
2015-05-24 06:00:00,0.4547333333333333
2015-05-24 06:15:00,0.3823999999999999
2015-05-24 06:30:00,0.2427333333333333
2015-05-24 06:45:00,0.2850666666666667
2015-05-24 07:00:00,0.2522666666666667
2015-05-24 07:15:00,0.2231333333333333
2015-05-24 07:30:00,2.437
2015-05-24 07:45:00,1.9718
2015-05-24 08:00:00,1.0848666666666666
2015-05-24 08:15:00,0.4564666666666666
2015-05-24 08:30:00,0.4436
2015-05-24 08:45:00,0.5101333333333333
2015-05-24 09:00:00,0.4784
2015-05-24 09:15:00,0.3148
2015-05-24 09:30:00,0.2464
2015-05-24 09:45:00,0.3091333333333333
2015-05-24 10:00:00,0.6464
2015-05-24 10:15:00,0.8453333333333334
2015-05-24 10:30:00,0.5616
2015-05-24 10:45:00,0.2026666666666666
2015-05-24 11:00:00,0.2002
2015-05-24 11:15:00,0.6511333333333333
2015-05-24 11:30:00,2.6694
2015-05-24 11:45:00,4.486666666666667
2015-05-24 12:00:00,3.0170666666666666
2015-05-24 12:15:00,3.414333333333333
2015-05-24 12:30:00,1.3636666666666668
2015-05-24 12:45:00,1.3412666666666666
2015-05-24 13:00:00,2.877133333333333
2015-05-24 13:15:00,2.1662
2015-05-24 13:30:00,0.6784
2015-05-24 13:45:00,0.8867999999999999
2015-05-24 14:00:00,0.6146
2015-05-24 14:15:00,0.3692
2015-05-24 14:30:00,1.219
2015-05-24 14:45:00,1.1554
2015-05-24 15:00:00,0.9845333333333331
2015-05-24 15:15:00,0.8408
2015-05-24 15:30:00,0.2571333333333333
2015-05-24 15:45:00,0.3182666666666666
2015-05-24 16:00:00,0.9726666666666668
2015-05-24 16:15:00,1.7230666666666663
2015-05-24 16:30:00,0.7118
2015-05-24 16:45:00,0.3286
2015-05-24 17:00:00,0.5099333333333333
2015-05-24 17:15:00,0.6644666666666666
2015-05-24 17:30:00,0.2836666666666667
2015-05-24 17:45:00,0.4543333333333333
2015-05-24 18:00:00,0.554
2015-05-24 18:15:00,0.4403999999999999
2015-05-24 18:30:00,0.4357333333333333
2015-05-24 18:45:00,0.3327333333333333
2015-05-24 19:00:00,0.4156666666666667
2015-05-24 19:15:00,0.3911333333333333
2015-05-24 19:30:00,0.4236
2015-05-24 19:45:00,0.3599333333333333
2015-05-24 20:00:00,0.8990666666666667
2015-05-24 20:15:00,0.5964666666666667
2015-05-24 20:30:00,0.4891333333333333
2015-05-24 20:45:00,0.6117333333333334
2015-05-24 21:00:00,0.6995333333333333
2015-05-24 21:15:00,1.1698666666666666
2015-05-24 21:30:00,1.159
2015-05-24 21:45:00,0.6517333333333334
2015-05-24 22:00:00,0.7060666666666667
2015-05-24 22:15:00,0.7123333333333334
2015-05-24 22:30:00,0.7497999999999999
2015-05-24 22:45:00,0.8172
2015-05-24 23:00:00,0.6393333333333334
2015-05-24 23:15:00,0.6174666666666667
2015-05-24 23:30:00,0.6994666666666667
2015-05-24 23:45:00,0.8241333333333333
2015-05-25 00:00:00,0.7462000000000001
2015-05-25 00:15:00,0.7215333333333332
2015-05-25 00:30:00,0.5467333333333333
2015-05-25 00:45:00,0.5581333333333334
2015-05-25 01:00:00,0.6983333333333334
2015-05-25 01:15:00,0.3506
2015-05-25 01:30:00,0.6668666666666667
2015-05-25 01:45:00,0.6151333333333333
2015-05-25 02:00:00,0.5555333333333333
2015-05-25 02:15:00,0.5164
2015-05-25 02:30:00,0.4504666666666666
2015-05-25 02:45:00,0.3374
2015-05-25 03:00:00,0.3758
2015-05-25 03:15:00,0.3686666666666667
2015-05-25 03:30:00,0.4403999999999999
2015-05-25 03:45:00,0.4503333333333333
2015-05-25 04:00:00,0.2834666666666666
2015-05-25 04:15:00,0.3778666666666667
2015-05-25 04:30:00,0.3095333333333334
2015-05-25 04:45:00,0.4078666666666666
2015-05-25 05:00:00,0.4864666666666666
2015-05-25 05:15:00,0.3888666666666667
2015-05-25 05:30:00,0.2926666666666667
2015-05-25 05:45:00,0.2251999999999999
2015-05-25 06:00:00,0.1411333333333333
2015-05-25 06:15:00,0.1426666666666666
2015-05-25 06:30:00,1.061
2015-05-25 06:45:00,0.7432000000000001
2015-05-25 07:00:00,0.3372666666666666
2015-05-25 07:15:00,0.429
2015-05-25 07:30:00,0.3526
2015-05-25 07:45:00,0.3173333333333333
2015-05-25 08:00:00,0.2176666666666666
2015-05-25 08:15:00,0.3054
2015-05-25 08:30:00,0.2627333333333334
2015-05-25 08:45:00,0.1948
2015-05-25 09:00:00,0.4383333333333333
2015-05-25 09:15:00,0.4399333333333333
2015-05-25 09:30:00,0.1970666666666666
2015-05-25 09:45:00,0.2377333333333333
2015-05-25 10:00:00,0.2480666666666666
2015-05-25 10:15:00,0.4363999999999999
2015-05-25 10:30:00,0.2754666666666666
2015-05-25 10:45:00,0.2756666666666666
2015-05-25 11:00:00,0.3414
2015-05-25 11:15:00,0.4175333333333333
2015-05-25 11:30:00,1.2638666666666665
2015-05-25 11:45:00,1.6209333333333331
2015-05-25 12:00:00,1.0933333333333333
2015-05-25 12:15:00,0.5392
2015-05-25 12:30:00,0.5682
2015-05-25 12:45:00,0.6291333333333333
2015-05-25 13:00:00,0.4346
2015-05-25 13:15:00,0.4451333333333333
2015-05-25 13:30:00,0.4281333333333333
2015-05-25 13:45:00,1.7454
2015-05-25 14:00:00,1.422
2015-05-25 14:15:00,0.3848
2015-05-25 14:30:00,0.2675333333333333
2015-05-25 14:45:00,0.2475333333333333
2015-05-25 15:00:00,0.2328666666666666
2015-05-25 15:15:00,0.1662
2015-05-25 15:30:00,0.3265333333333333
2015-05-25 15:45:00,0.5016
2015-05-25 16:00:00,1.8548
2015-05-25 16:15:00,1.836666666666667
2015-05-25 16:30:00,1.0166666666666666
2015-05-25 16:45:00,0.3781333333333333
2015-05-25 17:00:00,0.818
2015-05-25 17:15:00,1.9100666666666664
2015-05-25 17:30:00,0.3915333333333333
2015-05-25 17:45:00,0.4610666666666667
2015-05-25 18:00:00,0.4931999999999999
2015-05-25 18:15:00,0.57
2015-05-25 18:30:00,1.592933333333333
2015-05-25 18:45:00,0.6719333333333333
2015-05-25 19:00:00,0.4134666666666666
2015-05-25 19:15:00,0.4998666666666667
2015-05-25 19:30:00,0.5012666666666666
2015-05-25 19:45:00,0.4748
2015-05-25 20:00:00,0.3661999999999999
2015-05-25 20:15:00,0.4079333333333333
2015-05-25 20:30:00,0.7605333333333333
2015-05-25 20:45:00,0.6800666666666667
2015-05-25 21:00:00,0.7022
2015-05-25 21:15:00,0.5859333333333333
2015-05-25 21:30:00,0.6166
2015-05-25 21:45:00,0.6922
2015-05-25 22:00:00,0.6147333333333334
2015-05-25 22:15:00,0.5747333333333333
2015-05-25 22:30:00,0.6861333333333334
2015-05-25 22:45:00,0.6150666666666668
2015-05-25 23:00:00,0.4072
2015-05-25 23:15:00,1.3464
2015-05-25 23:30:00,2.0011333333333337
2015-05-25 23:45:00,0.9687333333333332
2015-05-26 00:00:00,1.2736666666666667
2015-05-26 00:15:00,0.3268666666666667
2015-05-26 00:30:00,0.2700666666666667
2015-05-26 00:45:00,0.3186666666666667
2015-05-26 01:00:00,0.2696
2015-05-26 01:15:00,0.288
2015-05-26 01:30:00,0.3015333333333334
2015-05-26 01:45:00,0.1822666666666667
2015-05-26 02:00:00,0.2080666666666666
2015-05-26 02:15:00,0.2351333333333333
2015-05-26 02:30:00,0.1850666666666666
2015-05-26 02:45:00,0.2321333333333333
2015-05-26 03:00:00,0.2158666666666666
2015-05-26 03:15:00,0.2853333333333333
2015-05-26 03:30:00,0.3032666666666666
2015-05-26 03:45:00,0.2354666666666666
2015-05-26 04:00:00,0.3452666666666666
2015-05-26 04:15:00,0.2045333333333333
2015-05-26 04:30:00,0.2227333333333333
2015-05-26 04:45:00,0.219
2015-05-26 05:00:00,0.1946
2015-05-26 05:15:00,0.231
2015-05-26 05:30:00,0.1913333333333333
2015-05-26 05:45:00,0.2764666666666666
2015-05-26 06:00:00,0.3593333333333333
2015-05-26 06:15:00,0.3077333333333333
2015-05-26 06:30:00,0.411
2015-05-26 06:45:00,1.5856
2015-05-26 07:00:00,1.8226666666666669
2015-05-26 07:15:00,1.1557333333333333
2015-05-26 07:30:00,0.6654
2015-05-26 07:45:00,0.368
2015-05-26 08:00:00,0.2481999999999999
2015-05-26 08:15:00,0.3030666666666666
2015-05-26 08:30:00,0.3776
2015-05-26 08:45:00,0.3738666666666667
2015-05-26 09:00:00,0.3698
2015-05-26 09:15:00,0.7653333333333334
2015-05-26 09:30:00,0.6526000000000001
2015-05-26 09:45:00,0.4012
2015-05-26 10:00:00,0.5803333333333334
2015-05-26 10:15:00,0.6291333333333333
2015-05-26 10:30:00,0.4398
2015-05-26 10:45:00,0.5524
2015-05-26 11:00:00,0.5138666666666667
2015-05-26 11:15:00,0.4548
2015-05-26 11:30:00,0.8835333333333333
2015-05-26 11:45:00,3.1456
2015-05-26 12:00:00,1.836
2015-05-26 12:15:00,0.5528666666666667
2015-05-26 12:30:00,0.3535333333333333
2015-05-26 12:45:00,0.2687333333333333
2015-05-26 13:00:00,0.3634
2015-05-26 13:15:00,0.3056666666666667
2015-05-26 13:30:00,0.3537333333333333
2015-05-26 13:45:00,1.0104666666666666
2015-05-26 14:00:00,0.9418666666666666
2015-05-26 14:15:00,0.5782
2015-05-26 14:30:00,0.5562666666666667
2015-05-26 14:45:00,0.903
2015-05-26 15:00:00,0.4358
2015-05-26 15:15:00,0.3917333333333333
2015-05-26 15:30:00,0.4133333333333333
2015-05-26 15:45:00,0.4168
2015-05-26 16:00:00,0.6284
2015-05-26 16:15:00,1.5391333333333337
2015-05-26 16:30:00,2.1304000000000003
2015-05-26 16:45:00,0.7074666666666667
2015-05-26 17:00:00,0.5729333333333333
2015-05-26 17:15:00,0.4782
2015-05-26 17:30:00,0.4871333333333333
2015-05-26 17:45:00,0.405
2015-05-26 18:00:00,0.4756666666666667
2015-05-26 18:15:00,1.227933333333333
2015-05-26 18:30:00,3.062933333333333
2015-05-26 18:45:00,0.61
2015-05-26 19:00:00,0.9764666666666668
2015-05-26 19:15:00,0.8728666666666667
2015-05-26 19:30:00,0.4318666666666667
2015-05-26 19:45:00,0.2729333333333333
2015-05-26 20:00:00,0.3172
2015-05-26 20:15:00,0.2986
2015-05-26 20:30:00,0.3773333333333333
2015-05-26 20:45:00,0.9606
2015-05-26 21:00:00,0.4218666666666666
2015-05-26 21:15:00,0.4805333333333333
2015-05-26 21:30:00,0.4274
2015-05-26 21:45:00,0.4673333333333333
2015-05-26 22:00:00,0.5185333333333333
2015-05-26 22:15:00,0.3374
2015-05-26 22:30:00,0.3410666666666667
2015-05-26 22:45:00,0.5126000000000001
2015-05-26 23:00:00,0.6266666666666666
2015-05-26 23:15:00,0.7432000000000001
2015-05-26 23:30:00,0.6197999999999999
2015-05-26 23:45:00,0.7274666666666667
2015-05-27 00:00:00,0.6013999999999999
2015-05-27 00:15:00,0.4739333333333333
2015-05-27 00:30:00,0.4224
2015-05-27 00:45:00,0.3454666666666666
2015-05-27 01:00:00,0.3254666666666666
2015-05-27 01:15:00,0.3893999999999999
2015-05-27 01:30:00,0.3145333333333334
2015-05-27 01:45:00,0.434
2015-05-27 02:00:00,0.2733333333333333
2015-05-27 02:15:00,0.6964666666666667
2015-05-27 02:30:00,0.6232000000000001
2015-05-27 02:45:00,0.4159333333333333
2015-05-27 03:00:00,0.3102
2015-05-27 03:15:00,0.1805999999999999
2015-05-27 03:30:00,0.2156666666666666
2015-05-27 03:45:00,0.2010666666666666
2015-05-27 04:00:00,0.2453333333333333
2015-05-27 04:15:00,0.3232
2015-05-27 04:30:00,0.264
2015-05-27 04:45:00,0.2617333333333334
2015-05-27 05:00:00,0.2483333333333333
2015-05-27 05:15:00,0.2741333333333333
2015-05-27 05:30:00,0.2976
2015-05-27 05:45:00,0.1801333333333333
2015-05-27 06:00:00,0.2689333333333333
2015-05-27 06:15:00,0.2185333333333333
2015-05-27 06:30:00,0.8644666666666667
2015-05-27 06:45:00,0.8844666666666667
2015-05-27 07:00:00,0.8709333333333332
2015-05-27 07:15:00,0.4879333333333333
2015-05-27 07:30:00,0.2457333333333333
2015-05-27 07:45:00,0.2226
2015-05-27 08:00:00,0.1804666666666666
2015-05-27 08:15:00,0.1387333333333333
2015-05-27 08:30:00,0.1714
2015-05-27 08:45:00,0.6135333333333333
2015-05-27 09:00:00,0.4675333333333333
2015-05-27 09:15:00,0.4743333333333333
2015-05-27 09:30:00,0.3898666666666667
2015-05-27 09:45:00,0.3302666666666666
2015-05-27 10:00:00,0.2726
2015-05-27 10:15:00,0.3624666666666666
2015-05-27 10:30:00,0.2692666666666666
2015-05-27 10:45:00,0.2442666666666667
2015-05-27 11:00:00,1.9130666666666667
2015-05-27 11:15:00,0.7311333333333333
2015-05-27 11:30:00,0.5415333333333333
2015-05-27 11:45:00,0.4501333333333333
2015-05-27 12:00:00,0.5360666666666667
2015-05-27 12:15:00,0.4758
2015-05-27 12:30:00,0.5419333333333333
2015-05-27 12:45:00,0.7177333333333333
2015-05-27 13:00:00,0.5516666666666666
2015-05-27 13:15:00,0.4878666666666666
2015-05-27 13:30:00,0.4268666666666666
2015-05-27 13:45:00,0.4782666666666667
2015-05-27 14:00:00,1.7438
2015-05-27 14:15:00,2.093733333333333
2015-05-27 14:30:00,2.7526666666666664
2015-05-27 14:45:00,1.0255999999999998
2015-05-27 15:00:00,0.6909333333333333
2015-05-27 15:15:00,0.6080666666666668
2015-05-27 15:30:00,0.3968
2015-05-27 15:45:00,0.4432666666666666
2015-05-27 16:00:00,0.4178666666666666
2015-05-27 16:15:00,0.4112666666666666
2015-05-27 16:30:00,0.5411333333333334
2015-05-27 16:45:00,0.5018666666666667
2015-05-27 17:00:00,0.5078666666666667
2015-05-27 17:15:00,0.4591333333333333
2015-05-27 17:30:00,0.4190666666666666
2015-05-27 17:45:00,0.3978666666666667
2015-05-27 18:00:00,0.4166666666666667
2015-05-27 18:15:00,0.4054666666666666
2015-05-27 18:30:00,0.4260666666666666
2015-05-27 18:45:00,0.7480666666666668
2015-05-27 19:00:00,0.5030666666666667
2015-05-27 19:15:00,0.334
2015-05-27 19:30:00,0.3916
2015-05-27 19:45:00,1.0956666666666668
2015-05-27 20:00:00,8.400333333333334
2015-05-27 20:15:00,1.949466666666667
2015-05-27 20:30:00,1.7185333333333332
2015-05-27 20:45:00,1.3242
2015-05-27 21:00:00,0.8323333333333334
2015-05-27 21:15:00,0.8997999999999999
2015-05-27 21:30:00,0.2943333333333333
2015-05-27 21:45:00,0.6526000000000001
2015-05-27 22:00:00,1.5864666666666667
2015-05-27 22:15:00,1.1214000000000002
2015-05-27 22:30:00,0.427
2015-05-27 22:45:00,0.3420666666666667
2015-05-27 23:00:00,0.2944666666666666
2015-05-27 23:15:00,0.2894666666666666
2015-05-27 23:30:00,0.2502
2015-05-27 23:45:00,0.2302
2015-05-28 00:00:00,0.3233999999999999
2015-05-28 00:15:00,0.329
2015-05-28 00:30:00,0.2885333333333333
2015-05-28 00:45:00,0.2019333333333333
2015-05-28 01:00:00,0.238
2015-05-28 01:15:00,0.5167333333333334
2015-05-28 01:30:00,0.3672666666666666
2015-05-28 01:45:00,0.3080666666666666
2015-05-28 02:00:00,0.2115999999999999
2015-05-28 02:15:00,0.2709333333333333
2015-05-28 02:30:00,0.313
2015-05-28 02:45:00,0.2473333333333333
2015-05-28 03:00:00,0.2580666666666666
2015-05-28 03:15:00,0.2451333333333333
2015-05-28 03:30:00,0.2036666666666666
2015-05-28 03:45:00,0.1641999999999999
2015-05-28 04:00:00,0.2158666666666666
2015-05-28 04:15:00,0.2545333333333333
2015-05-28 04:30:00,0.2201333333333333
2015-05-28 04:45:00,0.2282666666666666
2015-05-28 05:00:00,0.2316666666666666
2015-05-28 05:15:00,0.2425333333333333
2015-05-28 05:30:00,0.2479333333333333
2015-05-28 05:45:00,0.2413333333333333
2015-05-28 06:00:00,0.2888
2015-05-28 06:15:00,0.2398666666666666
2015-05-28 06:30:00,0.3367333333333333
2015-05-28 06:45:00,0.3026666666666667
2015-05-28 07:00:00,0.51
2015-05-28 07:15:00,0.7771333333333333
2015-05-28 07:30:00,1.1264
2015-05-28 07:45:00,0.6894666666666667
2015-05-28 08:00:00,0.3939333333333333
2015-05-28 08:15:00,0.4753333333333333
2015-05-28 08:30:00,0.5326000000000001
2015-05-28 08:45:00,0.2503333333333333
2015-05-28 09:00:00,0.2022
2015-05-28 09:15:00,0.1700666666666666
2015-05-28 09:30:00,0.3118
2015-05-28 09:45:00,0.2422
2015-05-28 10:00:00,0.2201999999999999
2015-05-28 10:15:00,0.2891333333333333
2015-05-28 10:30:00,0.1547333333333333
2015-05-28 10:45:00,0.2054666666666666
2015-05-28 11:00:00,0.1851333333333333
2015-05-28 11:15:00,0.1883333333333333
2015-05-28 11:30:00,0.2417333333333333
2015-05-28 11:45:00,0.2774
2015-05-28 12:00:00,0.3237333333333334
2015-05-28 12:15:00,0.3438666666666666
2015-05-28 12:30:00,0.2866
2015-05-28 12:45:00,0.9532666666666668
2015-05-28 13:00:00,0.6168666666666667
2015-05-28 13:15:00,0.408
2015-05-28 13:30:00,1.9604
2015-05-28 13:45:00,1.0118666666666667
2015-05-28 14:00:00,0.4618
2015-05-28 14:15:00,0.5062666666666666
2015-05-28 14:30:00,0.5047333333333334
2015-05-28 14:45:00,0.4291999999999999
2015-05-28 15:00:00,0.4472
2015-05-28 15:15:00,0.48
2015-05-28 15:30:00,0.4962
2015-05-28 15:45:00,0.4131333333333333
2015-05-28 16:00:00,0.5316666666666666
2015-05-28 16:15:00,0.6067333333333333
2015-05-28 16:30:00,0.5519333333333333
2015-05-28 16:45:00,0.4378
2015-05-28 17:00:00,0.4168666666666666
2015-05-28 17:15:00,0.5076666666666667
2015-05-28 17:30:00,0.4432666666666666
2015-05-28 17:45:00,0.339
2015-05-28 18:00:00,0.3101333333333333
2015-05-28 18:15:00,1.0273333333333332
2015-05-28 18:30:00,0.2178
2015-05-28 18:45:00,0.2
2015-05-28 19:00:00,0.2132666666666667
2015-05-28 19:15:00,0.2083333333333333
2015-05-28 19:30:00,0.2278
2015-05-28 19:45:00,0.2887333333333333
2015-05-28 20:00:00,0.3099333333333333
2015-05-28 20:15:00,0.426
2015-05-28 20:30:00,0.3244666666666666
2015-05-28 20:45:00,0.2662
2015-05-28 21:00:00,0.4339333333333333
2015-05-28 21:15:00,0.4998
2015-05-28 21:30:00,0.4068666666666666
2015-05-28 21:45:00,0.42
2015-05-28 22:00:00,0.4388666666666667
2015-05-28 22:15:00,0.5038666666666667
2015-05-28 22:30:00,0.9876666666666666
2015-05-28 22:45:00,0.6732666666666667
2015-05-28 23:00:00,0.7360666666666668
2015-05-28 23:15:00,0.5153333333333334
2015-05-28 23:30:00,0.4359333333333333
2015-05-28 23:45:00,0.3901333333333333
2015-05-29 00:00:00,0.4658
2015-05-29 00:15:00,0.5130666666666667
2015-05-29 00:30:00,0.5354
2015-05-29 00:45:00,0.5043333333333333
2015-05-29 01:00:00,0.3697333333333333
2015-05-29 01:15:00,0.6241333333333333
2015-05-29 01:30:00,0.5092666666666666
2015-05-29 01:45:00,0.4068666666666666
2015-05-29 02:00:00,0.2926666666666667
2015-05-29 02:15:00,0.2460666666666666
2015-05-29 02:30:00,0.2915333333333333
2015-05-29 02:45:00,0.2551333333333333
2015-05-29 03:00:00,0.3782666666666666
2015-05-29 03:15:00,0.3188
2015-05-29 03:30:00,0.2758666666666666
2015-05-29 03:45:00,0.3539333333333333
2015-05-29 04:00:00,0.2842666666666666
2015-05-29 04:15:00,0.3143999999999999
2015-05-29 04:30:00,0.2561333333333333
2015-05-29 04:45:00,0.2976
2015-05-29 05:00:00,0.3068666666666667
2015-05-29 05:15:00,0.2345333333333333
2015-05-29 05:30:00,0.2910666666666666
2015-05-29 05:45:00,0.2782666666666666
2015-05-29 06:00:00,0.2713333333333333
2015-05-29 06:15:00,0.1822666666666667
2015-05-29 06:30:00,0.293
2015-05-29 06:45:00,0.2201999999999999
2015-05-29 07:00:00,0.1944
2015-05-29 07:15:00,0.2150666666666666
2015-05-29 07:30:00,0.1832
2015-05-29 07:45:00,0.2360666666666666
2015-05-29 08:00:00,0.1817333333333333
2015-05-29 08:15:00,0.2774
2015-05-29 08:30:00,0.3014
2015-05-29 08:45:00,0.2051333333333333
2015-05-29 09:00:00,0.4624666666666666
2015-05-29 09:15:00,0.2583999999999999
2015-05-29 09:30:00,0.2584666666666666
2015-05-29 09:45:00,0.2261333333333333
2015-05-29 10:00:00,0.2311333333333333
2015-05-29 10:15:00,0.24
2015-05-29 10:30:00,0.2630666666666666
2015-05-29 10:45:00,2.065
2015-05-29 11:00:00,0.9218
2015-05-29 11:15:00,0.4398666666666667
2015-05-29 11:30:00,0.3480666666666666
2015-05-29 11:45:00,0.9266
2015-05-29 12:00:00,0.9054666666666666
2015-05-29 12:15:00,2.160333333333333
2015-05-29 12:30:00,1.0644
2015-05-29 12:45:00,0.6542
2015-05-29 13:00:00,0.6755333333333333
2015-05-29 13:15:00,0.7667999999999999
2015-05-29 13:30:00,0.4934666666666666
2015-05-29 13:45:00,0.5970666666666667
2015-05-29 14:00:00,0.5612666666666667
2015-05-29 14:15:00,0.5838666666666666
2015-05-29 14:30:00,0.5394666666666666
2015-05-29 14:45:00,0.5814
2015-05-29 15:00:00,0.5372666666666667
2015-05-29 15:15:00,0.8428666666666667
2015-05-29 15:30:00,0.313
2015-05-29 15:45:00,0.2440666666666666
2015-05-29 16:00:00,0.1525999999999999
2015-05-29 16:15:00,0.1761333333333333
2015-05-29 16:30:00,0.2075333333333333
2015-05-29 16:45:00,0.2028
2015-05-29 17:00:00,0.144
2015-05-29 17:15:00,0.1408
2015-05-29 17:30:00,0.1754666666666666
2015-05-29 17:45:00,0.1268666666666666
2015-05-29 18:00:00,0.215
2015-05-29 18:15:00,0.3155333333333333
2015-05-29 18:30:00,0.2970666666666666
2015-05-29 18:45:00,0.3538
2015-05-29 19:00:00,0.2368
2015-05-29 19:15:00,0.2336
2015-05-29 19:30:00,0.3744666666666666
2015-05-29 19:45:00,0.2122
2015-05-29 20:00:00,0.3258666666666667
2015-05-29 20:15:00,0.5172
2015-05-29 20:30:00,0.391
2015-05-29 20:45:00,0.3282
2015-05-29 21:00:00,0.3650666666666666
2015-05-29 21:15:00,0.4261333333333333
2015-05-29 21:30:00,0.3350666666666667
2015-05-29 21:45:00,0.3633333333333333
2015-05-29 22:00:00,0.4204666666666666
2015-05-29 22:15:00,0.6976
2015-05-29 22:30:00,0.5222666666666667
2015-05-29 22:45:00,0.4243333333333333
2015-05-29 23:00:00,0.4712
2015-05-29 23:15:00,0.5144
2015-05-29 23:30:00,0.4152
2015-05-29 23:45:00,0.4278666666666667
2015-05-30 00:00:00,0.4386666666666667
2015-05-30 00:15:00,0.4190666666666666
2015-05-30 00:30:00,0.4980666666666666
2015-05-30 00:45:00,0.4992666666666666
2015-05-30 01:00:00,0.5173333333333334
2015-05-30 01:15:00,0.5319333333333333
2015-05-30 01:30:00,0.6312666666666666
2015-05-30 01:45:00,0.5445333333333333
2015-05-30 02:00:00,0.6612666666666667
2015-05-30 02:15:00,0.7041333333333333
2015-05-30 02:30:00,0.5288666666666667
2015-05-30 02:45:00,0.6928
2015-05-30 03:00:00,0.735
2015-05-30 03:15:00,0.5833333333333334
2015-05-30 03:30:00,0.3578
2015-05-30 03:45:00,0.2523333333333333
2015-05-30 04:00:00,0.2371333333333333
2015-05-30 04:15:00,0.2228666666666666
2015-05-30 04:30:00,0.1992
2015-05-30 04:45:00,0.2076
2015-05-30 05:00:00,0.1877333333333333
2015-05-30 05:15:00,0.2583999999999999
2015-05-30 05:30:00,0.2596
2015-05-30 05:45:00,0.2024
2015-05-30 06:00:00,0.2086666666666666
2015-05-30 06:15:00,0.2404666666666666
2015-05-30 06:30:00,0.3599333333333333
2015-05-30 06:45:00,0.2667333333333333
2015-05-30 07:00:00,0.2734
2015-05-30 07:15:00,0.2805333333333333
2015-05-30 07:30:00,0.2911333333333333
2015-05-30 07:45:00,0.3124666666666666
2015-05-30 08:00:00,0.2592
2015-05-30 08:15:00,0.2640666666666666
2015-05-30 08:30:00,0.2501333333333333
2015-05-30 08:45:00,0.2394666666666666
2015-05-30 09:00:00,0.2786666666666667
2015-05-30 09:15:00,0.3387333333333333
2015-05-30 09:30:00,0.3210666666666666
2015-05-30 09:45:00,0.3054666666666666
2015-05-30 10:00:00,0.3194666666666666
2015-05-30 10:15:00,0.3041333333333333
2015-05-30 10:30:00,0.2415999999999999
2015-05-30 10:45:00,0.2579333333333333
2015-05-30 11:00:00,0.2534666666666667
2015-05-30 11:15:00,0.3154666666666666
2015-05-30 11:30:00,0.322
2015-05-30 11:45:00,0.2906666666666667
2015-05-30 12:00:00,0.3803999999999999
2015-05-30 12:15:00,0.4709333333333333
2015-05-30 12:30:00,0.3057333333333333
2015-05-30 12:45:00,0.3535333333333333
2015-05-30 13:00:00,0.2791333333333333
2015-05-30 13:15:00,1.6518
2015-05-30 13:30:00,0.6186
2015-05-30 13:45:00,0.9221333333333334
2015-05-30 14:00:00,0.4838
2015-05-30 14:15:00,0.4105333333333333
2015-05-30 14:30:00,2.9576
2015-05-30 14:45:00,2.3434
2015-05-30 15:00:00,2.1516666666666664
2015-05-30 15:15:00,1.9751333333333327
2015-05-30 15:30:00,1.1135333333333333
2015-05-30 15:45:00,0.5594
2015-05-30 16:00:00,0.5716
2015-05-30 16:15:00,0.5269333333333333
2015-05-30 16:30:00,0.449
2015-05-30 16:45:00,0.4070666666666667
2015-05-30 17:00:00,0.9070666666666668
2015-05-30 17:15:00,1.026
2015-05-30 17:30:00,0.4473333333333333
2015-05-30 17:45:00,0.7969333333333333
2015-05-30 18:00:00,1.0264666666666666
2015-05-30 18:15:00,0.7154666666666667
2015-05-30 18:30:00,0.4529333333333333
2015-05-30 18:45:00,0.4096666666666667
2015-05-30 19:00:00,0.3591333333333333
2015-05-30 19:15:00,0.3842666666666666
2015-05-30 19:30:00,0.3768
2015-05-30 19:45:00,0.5804666666666667
2015-05-30 20:00:00,1.0514666666666668
2015-05-30 20:15:00,0.9287333333333332
2015-05-30 20:30:00,0.5667333333333333
2015-05-30 20:45:00,0.2128666666666666
2015-05-30 21:00:00,0.9352666666666668
2015-05-30 21:15:00,0.4784666666666666
2015-05-30 21:30:00,0.5569333333333333
2015-05-30 21:45:00,0.5275333333333333
2015-05-30 22:00:00,0.5406666666666666
2015-05-30 22:15:00,0.4642
2015-05-30 22:30:00,0.4826
2015-05-30 22:45:00,0.5187333333333334
2015-05-30 23:00:00,0.4281333333333333
2015-05-30 23:15:00,0.6237999999999999
2015-05-30 23:30:00,0.5698666666666666
2015-05-30 23:45:00,0.5517333333333333
2015-05-31 00:00:00,0.6514
2015-05-31 00:15:00,0.6414666666666667
2015-05-31 00:30:00,0.7677999999999999
2015-05-31 00:45:00,0.8102666666666667
2015-05-31 01:00:00,0.7028666666666666
2015-05-31 01:15:00,0.5806
2015-05-31 01:30:00,0.6127333333333334
2015-05-31 01:45:00,0.4756666666666667
2015-05-31 02:00:00,0.3263333333333333
2015-05-31 02:15:00,0.2500666666666666
2015-05-31 02:30:00,0.2465333333333333
2015-05-31 02:45:00,0.2471999999999999
2015-05-31 03:00:00,0.2466666666666666
2015-05-31 03:15:00,0.3166
2015-05-31 03:30:00,0.3024
2015-05-31 03:45:00,0.2554
2015-05-31 04:00:00,0.2498
2015-05-31 04:15:00,0.2698666666666667
2015-05-31 04:30:00,0.2727333333333333
2015-05-31 04:45:00,0.3382666666666666
2015-05-31 05:00:00,0.2774666666666666
2015-05-31 05:15:00,0.2715333333333333
2015-05-31 05:30:00,0.2158
2015-05-31 05:45:00,0.3469333333333333
2015-05-31 06:00:00,0.2708666666666667
2015-05-31 06:15:00,0.2458666666666666
2015-05-31 06:30:00,1.126
2015-05-31 06:45:00,0.7626000000000001
2015-05-31 07:00:00,0.6184
2015-05-31 07:15:00,0.4221333333333333
2015-05-31 07:30:00,0.3228
2015-05-31 07:45:00,0.2818
2015-05-31 08:00:00,0.3101333333333333
2015-05-31 08:15:00,0.2341333333333333
2015-05-31 08:30:00,0.2488666666666666
2015-05-31 08:45:00,0.3223999999999999
2015-05-31 09:00:00,0.2455333333333333
2015-05-31 09:15:00,0.215
2015-05-31 09:30:00,0.2209333333333333
2015-05-31 09:45:00,1.1738
2015-05-31 10:00:00,2.0860666666666665
2015-05-31 10:15:00,1.2564000000000002
2015-05-31 10:30:00,0.5343333333333333
2015-05-31 10:45:00,0.3657333333333333
2015-05-31 11:00:00,0.8865333333333333
2015-05-31 11:15:00,0.7726000000000001
2015-05-31 11:30:00,0.3936666666666666
2015-05-31 11:45:00,0.3300666666666667
2015-05-31 12:00:00,0.3280666666666667
2015-05-31 12:15:00,0.3395333333333333
2015-05-31 12:30:00,0.456
2015-05-31 12:45:00,0.4261999999999999
2015-05-31 13:00:00,0.3045333333333334
2015-05-31 13:15:00,0.3628666666666666
2015-05-31 13:30:00,0.3348666666666667
2015-05-31 13:45:00,0.3148666666666667
2015-05-31 14:00:00,0.3218666666666667
2015-05-31 14:15:00,0.379
2015-05-31 14:30:00,0.6366666666666666
2015-05-31 14:45:00,0.4148
2015-05-31 15:00:00,0.3298
2015-05-31 15:15:00,0.4654666666666666
2015-05-31 15:30:00,0.4221999999999999
2015-05-31 15:45:00,0.4767333333333333
2015-05-31 16:00:00,0.5869333333333333
2015-05-31 16:15:00,0.5305333333333333
2015-05-31 16:30:00,0.4458666666666667
2015-05-31 16:45:00,0.5703333333333334
2015-05-31 17:00:00,0.2727333333333333
2015-05-31 17:15:00,0.3681333333333333
2015-05-31 17:30:00,2.1294
2015-05-31 17:45:00,2.185666666666666
2015-05-31 18:00:00,2.393733333333333
2015-05-31 18:15:00,3.4264
2015-05-31 18:30:00,2.865133333333333
2015-05-31 18:45:00,1.4581333333333335
2015-05-31 19:00:00,0.72
2015-05-31 19:15:00,0.6113999999999999
2015-05-31 19:30:00,0.533
2015-05-31 19:45:00,1.9776
2015-05-31 20:00:00,0.9644
2015-05-31 20:15:00,0.4448
2015-05-31 20:30:00,0.4189333333333333
2015-05-31 20:45:00,0.4219333333333333
2015-05-31 21:00:00,0.496
2015-05-31 21:15:00,0.548
2015-05-31 21:30:00,0.6272666666666666
2015-05-31 21:45:00,0.634
2015-05-31 22:00:00,0.4856666666666667
2015-05-31 22:15:00,0.9602
2015-05-31 22:30:00,0.5763333333333334
2015-05-31 22:45:00,0.5166000000000001
2015-05-31 23:00:00,0.5596
2015-05-31 23:15:00,0.4707333333333333
2015-05-31 23:30:00,0.5613333333333334
2015-05-31 23:45:00,0.7926666666666666
